[2026-09-23T15:59:53.128+0000] {processor.py:161} INFO - Started process (PID=175) to work on /opt/airflow/dags/main.py
[2026-09-23T15:59:53.131+0000] {processor.py:830} INFO - Processing file /opt/airflow/dags/main.py for tasks to queue
[2026-09-23T15:59:53.135+0000] {logging_mixin.py:188} INFO - [2026-09-23T15:59:53.134+0000] {dagbag.py:545} INFO - Filling up the DagBag from /opt/airflow/dags/main.py
[2026-09-23T15:59:53.393+0000] {logging_mixin.py:188} INFO - [2026-09-23T15:59:53.369+0000] {dagbag.py:355} ERROR - Failed to import: /opt/airflow/dags/main.py
Traceback (most recent call last):
  File "/home/airflow/.local/lib/python3.10/site-packages/airflow/models/dagbag.py", line 351, in parse
    loader.exec_module(new_module)
  File "<frozen importlib._bootstrap_external>", line 883, in exec_module
  File "<frozen importlib._bootstrap>", line 241, in _call_with_frames_removed
  File "/opt/airflow/dags/main.py", line 4, in <module>
    from api.video_stats import get_playlist_id, get_video_ids, extract_video_data, save_to_json
  File "/opt/airflow/dags/api/video_stats.py", line 11, in <module>
    CHANNEL = Variable.get('MrBeast')
  File "/home/airflow/.local/lib/python3.10/site-packages/airflow/models/variable.py", line 143, in get
    raise KeyError(f"Variable {key} does not exist")
KeyError: 'Variable MrBeast does not exist'
[2026-09-23T15:59:53.400+0000] {processor.py:842} WARNING - No viable dags retrieved from /opt/airflow/dags/main.py
[2026-09-23T15:59:53.417+0000] {processor.py:183} INFO - Processing /opt/airflow/dags/main.py took 0.298 seconds
[2026-09-23T16:00:23.765+0000] {processor.py:161} INFO - Started process (PID=182) to work on /opt/airflow/dags/main.py
[2026-09-23T16:00:23.769+0000] {processor.py:830} INFO - Processing file /opt/airflow/dags/main.py for tasks to queue
[2026-09-23T16:00:23.775+0000] {logging_mixin.py:188} INFO - [2026-09-23T16:00:23.775+0000] {dagbag.py:545} INFO - Filling up the DagBag from /opt/airflow/dags/main.py
[2026-09-23T16:00:23.959+0000] {logging_mixin.py:188} INFO - [2026-09-23T16:00:23.935+0000] {dagbag.py:355} ERROR - Failed to import: /opt/airflow/dags/main.py
Traceback (most recent call last):
  File "/home/airflow/.local/lib/python3.10/site-packages/airflow/models/dagbag.py", line 351, in parse
    loader.exec_module(new_module)
  File "<frozen importlib._bootstrap_external>", line 883, in exec_module
  File "<frozen importlib._bootstrap>", line 241, in _call_with_frames_removed
  File "/opt/airflow/dags/main.py", line 4, in <module>
    from api.video_stats import get_playlist_id, get_video_ids, extract_video_data, save_to_json
  File "/opt/airflow/dags/api/video_stats.py", line 11, in <module>
    CHANNEL = Variable.get('MrBeast')
  File "/home/airflow/.local/lib/python3.10/site-packages/airflow/models/variable.py", line 143, in get
    raise KeyError(f"Variable {key} does not exist")
KeyError: 'Variable MrBeast does not exist'
[2026-09-23T16:00:23.966+0000] {processor.py:842} WARNING - No viable dags retrieved from /opt/airflow/dags/main.py
[2026-09-23T16:00:23.988+0000] {processor.py:183} INFO - Processing /opt/airflow/dags/main.py took 0.232 seconds
[2026-09-23T16:00:54.347+0000] {processor.py:161} INFO - Started process (PID=189) to work on /opt/airflow/dags/main.py
[2026-09-23T16:00:54.351+0000] {processor.py:830} INFO - Processing file /opt/airflow/dags/main.py for tasks to queue
[2026-09-23T16:00:54.357+0000] {logging_mixin.py:188} INFO - [2026-09-23T16:00:54.357+0000] {dagbag.py:545} INFO - Filling up the DagBag from /opt/airflow/dags/main.py
[2026-09-23T16:00:54.532+0000] {logging_mixin.py:188} INFO - [2026-09-23T16:00:54.506+0000] {dagbag.py:355} ERROR - Failed to import: /opt/airflow/dags/main.py
Traceback (most recent call last):
  File "/home/airflow/.local/lib/python3.10/site-packages/airflow/models/dagbag.py", line 351, in parse
    loader.exec_module(new_module)
  File "<frozen importlib._bootstrap_external>", line 883, in exec_module
  File "<frozen importlib._bootstrap>", line 241, in _call_with_frames_removed
  File "/opt/airflow/dags/main.py", line 4, in <module>
    from api.video_stats import get_playlist_id, get_video_ids, extract_video_data, save_to_json
  File "/opt/airflow/dags/api/video_stats.py", line 11, in <module>
    CHANNEL = Variable.get('MrBeast')
  File "/home/airflow/.local/lib/python3.10/site-packages/airflow/models/variable.py", line 143, in get
    raise KeyError(f"Variable {key} does not exist")
KeyError: 'Variable MrBeast does not exist'
[2026-09-23T16:00:54.539+0000] {processor.py:842} WARNING - No viable dags retrieved from /opt/airflow/dags/main.py
[2026-09-23T16:00:54.556+0000] {processor.py:183} INFO - Processing /opt/airflow/dags/main.py took 0.220 seconds
[2026-09-23T16:01:24.659+0000] {processor.py:161} INFO - Started process (PID=196) to work on /opt/airflow/dags/main.py
[2026-09-23T16:01:24.662+0000] {processor.py:830} INFO - Processing file /opt/airflow/dags/main.py for tasks to queue
[2026-09-23T16:01:24.666+0000] {logging_mixin.py:188} INFO - [2026-09-23T16:01:24.666+0000] {dagbag.py:545} INFO - Filling up the DagBag from /opt/airflow/dags/main.py
[2026-09-23T16:01:24.843+0000] {logging_mixin.py:188} INFO - [2026-09-23T16:01:24.820+0000] {dagbag.py:355} ERROR - Failed to import: /opt/airflow/dags/main.py
Traceback (most recent call last):
  File "/home/airflow/.local/lib/python3.10/site-packages/airflow/models/dagbag.py", line 351, in parse
    loader.exec_module(new_module)
  File "<frozen importlib._bootstrap_external>", line 883, in exec_module
  File "<frozen importlib._bootstrap>", line 241, in _call_with_frames_removed
  File "/opt/airflow/dags/main.py", line 4, in <module>
    from api.video_stats import get_playlist_id, get_video_ids, extract_video_data, save_to_json
  File "/opt/airflow/dags/api/video_stats.py", line 11, in <module>
    CHANNEL = Variable.get('MrBeast')
  File "/home/airflow/.local/lib/python3.10/site-packages/airflow/models/variable.py", line 143, in get
    raise KeyError(f"Variable {key} does not exist")
KeyError: 'Variable MrBeast does not exist'
[2026-09-23T16:01:24.849+0000] {processor.py:842} WARNING - No viable dags retrieved from /opt/airflow/dags/main.py
[2026-09-23T16:01:24.861+0000] {processor.py:183} INFO - Processing /opt/airflow/dags/main.py took 0.208 seconds
[2026-09-23T16:01:54.963+0000] {processor.py:161} INFO - Started process (PID=203) to work on /opt/airflow/dags/main.py
[2026-09-23T16:01:54.966+0000] {processor.py:830} INFO - Processing file /opt/airflow/dags/main.py for tasks to queue
[2026-09-23T16:01:54.969+0000] {logging_mixin.py:188} INFO - [2026-09-23T16:01:54.968+0000] {dagbag.py:545} INFO - Filling up the DagBag from /opt/airflow/dags/main.py
[2026-09-23T16:01:55.117+0000] {logging_mixin.py:188} INFO - [2026-09-23T16:01:55.087+0000] {dagbag.py:355} ERROR - Failed to import: /opt/airflow/dags/main.py
Traceback (most recent call last):
  File "/home/airflow/.local/lib/python3.10/site-packages/airflow/models/dagbag.py", line 351, in parse
    loader.exec_module(new_module)
  File "<frozen importlib._bootstrap_external>", line 883, in exec_module
  File "<frozen importlib._bootstrap>", line 241, in _call_with_frames_removed
  File "/opt/airflow/dags/main.py", line 4, in <module>
    from api.video_stats import get_playlist_id, get_video_ids, extract_video_data, save_to_json
  File "/opt/airflow/dags/api/video_stats.py", line 11, in <module>
    CHANNEL = Variable.get('MrBeast')
  File "/home/airflow/.local/lib/python3.10/site-packages/airflow/models/variable.py", line 143, in get
    raise KeyError(f"Variable {key} does not exist")
KeyError: 'Variable MrBeast does not exist'
[2026-09-23T16:01:55.124+0000] {processor.py:842} WARNING - No viable dags retrieved from /opt/airflow/dags/main.py
[2026-09-23T16:01:55.134+0000] {processor.py:183} INFO - Processing /opt/airflow/dags/main.py took 0.177 seconds
[2026-09-23T16:02:25.318+0000] {processor.py:161} INFO - Started process (PID=210) to work on /opt/airflow/dags/main.py
[2026-09-23T16:02:25.321+0000] {processor.py:830} INFO - Processing file /opt/airflow/dags/main.py for tasks to queue
[2026-09-23T16:02:25.325+0000] {logging_mixin.py:188} INFO - [2026-09-23T16:02:25.324+0000] {dagbag.py:545} INFO - Filling up the DagBag from /opt/airflow/dags/main.py
[2026-09-23T16:02:25.465+0000] {logging_mixin.py:188} INFO - [2026-09-23T16:02:25.435+0000] {dagbag.py:355} ERROR - Failed to import: /opt/airflow/dags/main.py
Traceback (most recent call last):
  File "/home/airflow/.local/lib/python3.10/site-packages/airflow/models/dagbag.py", line 351, in parse
    loader.exec_module(new_module)
  File "<frozen importlib._bootstrap_external>", line 883, in exec_module
  File "<frozen importlib._bootstrap>", line 241, in _call_with_frames_removed
  File "/opt/airflow/dags/main.py", line 4, in <module>
    from api.video_stats import get_playlist_id, get_video_ids, extract_video_data, save_to_json
  File "/opt/airflow/dags/api/video_stats.py", line 11, in <module>
    CHANNEL = Variable.get('MrBeast')
  File "/home/airflow/.local/lib/python3.10/site-packages/airflow/models/variable.py", line 143, in get
    raise KeyError(f"Variable {key} does not exist")
KeyError: 'Variable MrBeast does not exist'
[2026-09-23T16:02:25.471+0000] {processor.py:842} WARNING - No viable dags retrieved from /opt/airflow/dags/main.py
[2026-09-23T16:02:25.480+0000] {processor.py:183} INFO - Processing /opt/airflow/dags/main.py took 0.169 seconds
[2026-09-23T16:02:55.801+0000] {processor.py:161} INFO - Started process (PID=217) to work on /opt/airflow/dags/main.py
[2026-09-23T16:02:55.804+0000] {processor.py:830} INFO - Processing file /opt/airflow/dags/main.py for tasks to queue
[2026-09-23T16:02:55.808+0000] {logging_mixin.py:188} INFO - [2026-09-23T16:02:55.808+0000] {dagbag.py:545} INFO - Filling up the DagBag from /opt/airflow/dags/main.py
[2026-09-23T16:02:55.956+0000] {logging_mixin.py:188} INFO - [2026-09-23T16:02:55.926+0000] {dagbag.py:355} ERROR - Failed to import: /opt/airflow/dags/main.py
Traceback (most recent call last):
  File "/home/airflow/.local/lib/python3.10/site-packages/airflow/models/dagbag.py", line 351, in parse
    loader.exec_module(new_module)
  File "<frozen importlib._bootstrap_external>", line 883, in exec_module
  File "<frozen importlib._bootstrap>", line 241, in _call_with_frames_removed
  File "/opt/airflow/dags/main.py", line 4, in <module>
    from api.video_stats import get_playlist_id, get_video_ids, extract_video_data, save_to_json
  File "/opt/airflow/dags/api/video_stats.py", line 11, in <module>
    CHANNEL = Variable.get('MrBeast')
  File "/home/airflow/.local/lib/python3.10/site-packages/airflow/models/variable.py", line 143, in get
    raise KeyError(f"Variable {key} does not exist")
KeyError: 'Variable MrBeast does not exist'
[2026-09-23T16:02:55.963+0000] {processor.py:842} WARNING - No viable dags retrieved from /opt/airflow/dags/main.py
[2026-09-23T16:02:55.977+0000] {processor.py:183} INFO - Processing /opt/airflow/dags/main.py took 0.182 seconds
[2026-09-23T16:03:26.179+0000] {processor.py:161} INFO - Started process (PID=224) to work on /opt/airflow/dags/main.py
[2026-09-23T16:03:26.182+0000] {processor.py:830} INFO - Processing file /opt/airflow/dags/main.py for tasks to queue
[2026-09-23T16:03:26.185+0000] {logging_mixin.py:188} INFO - [2026-09-23T16:03:26.185+0000] {dagbag.py:545} INFO - Filling up the DagBag from /opt/airflow/dags/main.py
[2026-09-23T16:03:26.325+0000] {logging_mixin.py:188} INFO - [2026-09-23T16:03:26.300+0000] {dagbag.py:355} ERROR - Failed to import: /opt/airflow/dags/main.py
Traceback (most recent call last):
  File "/home/airflow/.local/lib/python3.10/site-packages/airflow/models/dagbag.py", line 351, in parse
    loader.exec_module(new_module)
  File "<frozen importlib._bootstrap_external>", line 883, in exec_module
  File "<frozen importlib._bootstrap>", line 241, in _call_with_frames_removed
  File "/opt/airflow/dags/main.py", line 4, in <module>
    from api.video_stats import get_playlist_id, get_video_ids, extract_video_data, save_to_json
  File "/opt/airflow/dags/api/video_stats.py", line 11, in <module>
    CHANNEL = Variable.get('MrBeast')
  File "/home/airflow/.local/lib/python3.10/site-packages/airflow/models/variable.py", line 143, in get
    raise KeyError(f"Variable {key} does not exist")
KeyError: 'Variable MrBeast does not exist'
[2026-09-23T16:03:26.331+0000] {processor.py:842} WARNING - No viable dags retrieved from /opt/airflow/dags/main.py
[2026-09-23T16:03:26.340+0000] {processor.py:183} INFO - Processing /opt/airflow/dags/main.py took 0.167 seconds
[2026-09-23T16:03:56.708+0000] {processor.py:161} INFO - Started process (PID=231) to work on /opt/airflow/dags/main.py
[2026-09-23T16:03:56.710+0000] {processor.py:830} INFO - Processing file /opt/airflow/dags/main.py for tasks to queue
[2026-09-23T16:03:56.713+0000] {logging_mixin.py:188} INFO - [2026-09-23T16:03:56.713+0000] {dagbag.py:545} INFO - Filling up the DagBag from /opt/airflow/dags/main.py
[2026-09-23T16:03:56.860+0000] {logging_mixin.py:188} INFO - [2026-09-23T16:03:56.827+0000] {dagbag.py:355} ERROR - Failed to import: /opt/airflow/dags/main.py
Traceback (most recent call last):
  File "/home/airflow/.local/lib/python3.10/site-packages/airflow/models/dagbag.py", line 351, in parse
    loader.exec_module(new_module)
  File "<frozen importlib._bootstrap_external>", line 883, in exec_module
  File "<frozen importlib._bootstrap>", line 241, in _call_with_frames_removed
  File "/opt/airflow/dags/main.py", line 4, in <module>
    from api.video_stats import get_playlist_id, get_video_ids, extract_video_data, save_to_json
  File "/opt/airflow/dags/api/video_stats.py", line 11, in <module>
    CHANNEL = Variable.get('MrBeast')
  File "/home/airflow/.local/lib/python3.10/site-packages/airflow/models/variable.py", line 143, in get
    raise KeyError(f"Variable {key} does not exist")
KeyError: 'Variable MrBeast does not exist'
[2026-09-23T16:03:56.866+0000] {processor.py:842} WARNING - No viable dags retrieved from /opt/airflow/dags/main.py
[2026-09-23T16:03:56.877+0000] {processor.py:183} INFO - Processing /opt/airflow/dags/main.py took 0.173 seconds
[2026-09-23T16:04:27.053+0000] {processor.py:161} INFO - Started process (PID=238) to work on /opt/airflow/dags/main.py
[2026-09-23T16:04:27.056+0000] {processor.py:830} INFO - Processing file /opt/airflow/dags/main.py for tasks to queue
[2026-09-23T16:04:27.059+0000] {logging_mixin.py:188} INFO - [2026-09-23T16:04:27.058+0000] {dagbag.py:545} INFO - Filling up the DagBag from /opt/airflow/dags/main.py
[2026-09-23T16:04:27.206+0000] {logging_mixin.py:188} INFO - [2026-09-23T16:04:27.183+0000] {dagbag.py:355} ERROR - Failed to import: /opt/airflow/dags/main.py
Traceback (most recent call last):
  File "/home/airflow/.local/lib/python3.10/site-packages/airflow/models/dagbag.py", line 351, in parse
    loader.exec_module(new_module)
  File "<frozen importlib._bootstrap_external>", line 883, in exec_module
  File "<frozen importlib._bootstrap>", line 241, in _call_with_frames_removed
  File "/opt/airflow/dags/main.py", line 4, in <module>
    from api.video_stats import get_playlist_id, get_video_ids, extract_video_data, save_to_json
  File "/opt/airflow/dags/api/video_stats.py", line 11, in <module>
    CHANNEL = Variable.get('MrBeast')
  File "/home/airflow/.local/lib/python3.10/site-packages/airflow/models/variable.py", line 143, in get
    raise KeyError(f"Variable {key} does not exist")
KeyError: 'Variable MrBeast does not exist'
[2026-09-23T16:04:27.212+0000] {processor.py:842} WARNING - No viable dags retrieved from /opt/airflow/dags/main.py
[2026-09-23T16:04:27.221+0000] {processor.py:183} INFO - Processing /opt/airflow/dags/main.py took 0.174 seconds
[2026-09-23T16:04:57.716+0000] {processor.py:161} INFO - Started process (PID=245) to work on /opt/airflow/dags/main.py
[2026-09-23T16:04:57.719+0000] {processor.py:830} INFO - Processing file /opt/airflow/dags/main.py for tasks to queue
[2026-09-23T16:04:57.723+0000] {logging_mixin.py:188} INFO - [2026-09-23T16:04:57.723+0000] {dagbag.py:545} INFO - Filling up the DagBag from /opt/airflow/dags/main.py
[2026-09-23T16:04:57.862+0000] {logging_mixin.py:188} INFO - [2026-09-23T16:04:57.837+0000] {dagbag.py:355} ERROR - Failed to import: /opt/airflow/dags/main.py
Traceback (most recent call last):
  File "/home/airflow/.local/lib/python3.10/site-packages/airflow/models/dagbag.py", line 351, in parse
    loader.exec_module(new_module)
  File "<frozen importlib._bootstrap_external>", line 883, in exec_module
  File "<frozen importlib._bootstrap>", line 241, in _call_with_frames_removed
  File "/opt/airflow/dags/main.py", line 4, in <module>
    from api.video_stats import get_playlist_id, get_video_ids, extract_video_data, save_to_json
  File "/opt/airflow/dags/api/video_stats.py", line 11, in <module>
    CHANNEL = Variable.get('MrBeast')
  File "/home/airflow/.local/lib/python3.10/site-packages/airflow/models/variable.py", line 143, in get
    raise KeyError(f"Variable {key} does not exist")
KeyError: 'Variable MrBeast does not exist'
[2026-09-23T16:04:57.868+0000] {processor.py:842} WARNING - No viable dags retrieved from /opt/airflow/dags/main.py
[2026-09-23T16:04:57.878+0000] {processor.py:183} INFO - Processing /opt/airflow/dags/main.py took 0.168 seconds
[2026-09-23T16:05:28.040+0000] {processor.py:161} INFO - Started process (PID=252) to work on /opt/airflow/dags/main.py
[2026-09-23T16:05:28.043+0000] {processor.py:830} INFO - Processing file /opt/airflow/dags/main.py for tasks to queue
[2026-09-23T16:05:28.046+0000] {logging_mixin.py:188} INFO - [2026-09-23T16:05:28.045+0000] {dagbag.py:545} INFO - Filling up the DagBag from /opt/airflow/dags/main.py
[2026-09-23T16:05:28.175+0000] {logging_mixin.py:188} INFO - [2026-09-23T16:05:28.154+0000] {dagbag.py:355} ERROR - Failed to import: /opt/airflow/dags/main.py
Traceback (most recent call last):
  File "/home/airflow/.local/lib/python3.10/site-packages/airflow/models/dagbag.py", line 351, in parse
    loader.exec_module(new_module)
  File "<frozen importlib._bootstrap_external>", line 883, in exec_module
  File "<frozen importlib._bootstrap>", line 241, in _call_with_frames_removed
  File "/opt/airflow/dags/main.py", line 4, in <module>
    from api.video_stats import get_playlist_id, get_video_ids, extract_video_data, save_to_json
  File "/opt/airflow/dags/api/video_stats.py", line 11, in <module>
    CHANNEL = Variable.get('MrBeast')
  File "/home/airflow/.local/lib/python3.10/site-packages/airflow/models/variable.py", line 143, in get
    raise KeyError(f"Variable {key} does not exist")
KeyError: 'Variable MrBeast does not exist'
[2026-09-23T16:05:28.180+0000] {processor.py:842} WARNING - No viable dags retrieved from /opt/airflow/dags/main.py
[2026-09-23T16:05:28.190+0000] {processor.py:183} INFO - Processing /opt/airflow/dags/main.py took 0.156 seconds
[2026-09-23T16:05:58.531+0000] {processor.py:161} INFO - Started process (PID=265) to work on /opt/airflow/dags/main.py
[2026-09-23T16:05:58.534+0000] {processor.py:830} INFO - Processing file /opt/airflow/dags/main.py for tasks to queue
[2026-09-23T16:05:58.538+0000] {logging_mixin.py:188} INFO - [2026-09-23T16:05:58.538+0000] {dagbag.py:545} INFO - Filling up the DagBag from /opt/airflow/dags/main.py
[2026-09-23T16:05:58.674+0000] {logging_mixin.py:188} INFO - [2026-09-23T16:05:58.650+0000] {dagbag.py:355} ERROR - Failed to import: /opt/airflow/dags/main.py
Traceback (most recent call last):
  File "/home/airflow/.local/lib/python3.10/site-packages/airflow/models/dagbag.py", line 351, in parse
    loader.exec_module(new_module)
  File "<frozen importlib._bootstrap_external>", line 883, in exec_module
  File "<frozen importlib._bootstrap>", line 241, in _call_with_frames_removed
  File "/opt/airflow/dags/main.py", line 4, in <module>
    from api.video_stats import get_playlist_id, get_video_ids, extract_video_data, save_to_json
  File "/opt/airflow/dags/api/video_stats.py", line 11, in <module>
    CHANNEL = Variable.get('MrBeast')
  File "/home/airflow/.local/lib/python3.10/site-packages/airflow/models/variable.py", line 143, in get
    raise KeyError(f"Variable {key} does not exist")
KeyError: 'Variable MrBeast does not exist'
[2026-09-23T16:05:58.680+0000] {processor.py:842} WARNING - No viable dags retrieved from /opt/airflow/dags/main.py
[2026-09-23T16:05:58.689+0000] {processor.py:183} INFO - Processing /opt/airflow/dags/main.py took 0.166 seconds
[2026-09-23T16:06:28.876+0000] {processor.py:161} INFO - Started process (PID=273) to work on /opt/airflow/dags/main.py
[2026-09-23T16:06:28.879+0000] {processor.py:830} INFO - Processing file /opt/airflow/dags/main.py for tasks to queue
[2026-09-23T16:06:28.882+0000] {logging_mixin.py:188} INFO - [2026-09-23T16:06:28.882+0000] {dagbag.py:545} INFO - Filling up the DagBag from /opt/airflow/dags/main.py
[2026-09-23T16:06:29.043+0000] {logging_mixin.py:188} INFO - [2026-09-23T16:06:29.008+0000] {dagbag.py:355} ERROR - Failed to import: /opt/airflow/dags/main.py
Traceback (most recent call last):
  File "/home/airflow/.local/lib/python3.10/site-packages/airflow/models/dagbag.py", line 351, in parse
    loader.exec_module(new_module)
  File "<frozen importlib._bootstrap_external>", line 883, in exec_module
  File "<frozen importlib._bootstrap>", line 241, in _call_with_frames_removed
  File "/opt/airflow/dags/main.py", line 4, in <module>
    from api.video_stats import get_playlist_id, get_video_ids, extract_video_data, save_to_json
  File "/opt/airflow/dags/api/video_stats.py", line 11, in <module>
    CHANNEL = Variable.get('MrBeast')
  File "/home/airflow/.local/lib/python3.10/site-packages/airflow/models/variable.py", line 143, in get
    raise KeyError(f"Variable {key} does not exist")
KeyError: 'Variable MrBeast does not exist'
[2026-09-23T16:06:29.052+0000] {processor.py:842} WARNING - No viable dags retrieved from /opt/airflow/dags/main.py
[2026-09-23T16:06:29.083+0000] {processor.py:183} INFO - Processing /opt/airflow/dags/main.py took 0.213 seconds
[2026-09-23T16:06:59.332+0000] {processor.py:161} INFO - Started process (PID=280) to work on /opt/airflow/dags/main.py
[2026-09-23T16:06:59.335+0000] {processor.py:830} INFO - Processing file /opt/airflow/dags/main.py for tasks to queue
[2026-09-23T16:06:59.340+0000] {logging_mixin.py:188} INFO - [2026-09-23T16:06:59.339+0000] {dagbag.py:545} INFO - Filling up the DagBag from /opt/airflow/dags/main.py
[2026-09-23T16:06:59.475+0000] {logging_mixin.py:188} INFO - [2026-09-23T16:06:59.452+0000] {dagbag.py:355} ERROR - Failed to import: /opt/airflow/dags/main.py
Traceback (most recent call last):
  File "/home/airflow/.local/lib/python3.10/site-packages/airflow/models/dagbag.py", line 351, in parse
    loader.exec_module(new_module)
  File "<frozen importlib._bootstrap_external>", line 883, in exec_module
  File "<frozen importlib._bootstrap>", line 241, in _call_with_frames_removed
  File "/opt/airflow/dags/main.py", line 4, in <module>
    from api.video_stats import get_playlist_id, get_video_ids, extract_video_data, save_to_json
  File "/opt/airflow/dags/api/video_stats.py", line 11, in <module>
    CHANNEL = Variable.get('MrBeast')
  File "/home/airflow/.local/lib/python3.10/site-packages/airflow/models/variable.py", line 143, in get
    raise KeyError(f"Variable {key} does not exist")
KeyError: 'Variable MrBeast does not exist'
[2026-09-23T16:06:59.481+0000] {processor.py:842} WARNING - No viable dags retrieved from /opt/airflow/dags/main.py
[2026-09-23T16:06:59.492+0000] {processor.py:183} INFO - Processing /opt/airflow/dags/main.py took 0.166 seconds
[2026-09-23T16:07:29.741+0000] {processor.py:161} INFO - Started process (PID=287) to work on /opt/airflow/dags/main.py
[2026-09-23T16:07:29.744+0000] {processor.py:830} INFO - Processing file /opt/airflow/dags/main.py for tasks to queue
[2026-09-23T16:07:29.749+0000] {logging_mixin.py:188} INFO - [2026-09-23T16:07:29.749+0000] {dagbag.py:545} INFO - Filling up the DagBag from /opt/airflow/dags/main.py
[2026-09-23T16:07:29.892+0000] {logging_mixin.py:188} INFO - [2026-09-23T16:07:29.873+0000] {dagbag.py:355} ERROR - Failed to import: /opt/airflow/dags/main.py
Traceback (most recent call last):
  File "/home/airflow/.local/lib/python3.10/site-packages/airflow/models/dagbag.py", line 351, in parse
    loader.exec_module(new_module)
  File "<frozen importlib._bootstrap_external>", line 883, in exec_module
  File "<frozen importlib._bootstrap>", line 241, in _call_with_frames_removed
  File "/opt/airflow/dags/main.py", line 4, in <module>
    from api.video_stats import get_playlist_id, get_video_ids, extract_video_data, save_to_json
  File "/opt/airflow/dags/api/video_stats.py", line 11, in <module>
    CHANNEL = Variable.get('MrBeast')
  File "/home/airflow/.local/lib/python3.10/site-packages/airflow/models/variable.py", line 143, in get
    raise KeyError(f"Variable {key} does not exist")
KeyError: 'Variable MrBeast does not exist'
[2026-09-23T16:07:29.896+0000] {processor.py:842} WARNING - No viable dags retrieved from /opt/airflow/dags/main.py
[2026-09-23T16:07:29.917+0000] {processor.py:183} INFO - Processing /opt/airflow/dags/main.py took 0.185 seconds
[2026-09-23T16:08:00.150+0000] {processor.py:161} INFO - Started process (PID=294) to work on /opt/airflow/dags/main.py
[2026-09-23T16:08:00.153+0000] {processor.py:830} INFO - Processing file /opt/airflow/dags/main.py for tasks to queue
[2026-09-23T16:08:00.157+0000] {logging_mixin.py:188} INFO - [2026-09-23T16:08:00.157+0000] {dagbag.py:545} INFO - Filling up the DagBag from /opt/airflow/dags/main.py
[2026-09-23T16:08:00.314+0000] {logging_mixin.py:188} INFO - [2026-09-23T16:08:00.283+0000] {dagbag.py:355} ERROR - Failed to import: /opt/airflow/dags/main.py
Traceback (most recent call last):
  File "/home/airflow/.local/lib/python3.10/site-packages/airflow/models/dagbag.py", line 351, in parse
    loader.exec_module(new_module)
  File "<frozen importlib._bootstrap_external>", line 883, in exec_module
  File "<frozen importlib._bootstrap>", line 241, in _call_with_frames_removed
  File "/opt/airflow/dags/main.py", line 4, in <module>
    from api.video_stats import get_playlist_id, get_video_ids, extract_video_data, save_to_json
  File "/opt/airflow/dags/api/video_stats.py", line 11, in <module>
    CHANNEL = Variable.get('MrBeast')
  File "/home/airflow/.local/lib/python3.10/site-packages/airflow/models/variable.py", line 143, in get
    raise KeyError(f"Variable {key} does not exist")
KeyError: 'Variable MrBeast does not exist'
[2026-09-23T16:08:00.323+0000] {processor.py:842} WARNING - No viable dags retrieved from /opt/airflow/dags/main.py
[2026-09-23T16:08:00.341+0000] {processor.py:183} INFO - Processing /opt/airflow/dags/main.py took 0.202 seconds
[2026-09-23T16:08:30.636+0000] {processor.py:161} INFO - Started process (PID=301) to work on /opt/airflow/dags/main.py
[2026-09-23T16:08:30.639+0000] {processor.py:830} INFO - Processing file /opt/airflow/dags/main.py for tasks to queue
[2026-09-23T16:08:30.642+0000] {logging_mixin.py:188} INFO - [2026-09-23T16:08:30.642+0000] {dagbag.py:545} INFO - Filling up the DagBag from /opt/airflow/dags/main.py
[2026-09-23T16:08:30.783+0000] {logging_mixin.py:188} INFO - [2026-09-23T16:08:30.759+0000] {dagbag.py:355} ERROR - Failed to import: /opt/airflow/dags/main.py
Traceback (most recent call last):
  File "/home/airflow/.local/lib/python3.10/site-packages/airflow/models/dagbag.py", line 351, in parse
    loader.exec_module(new_module)
  File "<frozen importlib._bootstrap_external>", line 883, in exec_module
  File "<frozen importlib._bootstrap>", line 241, in _call_with_frames_removed
  File "/opt/airflow/dags/main.py", line 4, in <module>
    from api.video_stats import get_playlist_id, get_video_ids, extract_video_data, save_to_json
  File "/opt/airflow/dags/api/video_stats.py", line 11, in <module>
    CHANNEL = Variable.get('MrBeast')
  File "/home/airflow/.local/lib/python3.10/site-packages/airflow/models/variable.py", line 143, in get
    raise KeyError(f"Variable {key} does not exist")
KeyError: 'Variable MrBeast does not exist'
[2026-09-23T16:08:30.789+0000] {processor.py:842} WARNING - No viable dags retrieved from /opt/airflow/dags/main.py
[2026-09-23T16:08:30.799+0000] {processor.py:183} INFO - Processing /opt/airflow/dags/main.py took 0.170 seconds
[2026-09-23T16:09:01.026+0000] {processor.py:161} INFO - Started process (PID=308) to work on /opt/airflow/dags/main.py
[2026-09-23T16:09:01.028+0000] {processor.py:830} INFO - Processing file /opt/airflow/dags/main.py for tasks to queue
[2026-09-23T16:09:01.032+0000] {logging_mixin.py:188} INFO - [2026-09-23T16:09:01.031+0000] {dagbag.py:545} INFO - Filling up the DagBag from /opt/airflow/dags/main.py
[2026-09-23T16:09:01.169+0000] {logging_mixin.py:188} INFO - [2026-09-23T16:09:01.139+0000] {dagbag.py:355} ERROR - Failed to import: /opt/airflow/dags/main.py
Traceback (most recent call last):
  File "/home/airflow/.local/lib/python3.10/site-packages/airflow/models/dagbag.py", line 351, in parse
    loader.exec_module(new_module)
  File "<frozen importlib._bootstrap_external>", line 883, in exec_module
  File "<frozen importlib._bootstrap>", line 241, in _call_with_frames_removed
  File "/opt/airflow/dags/main.py", line 4, in <module>
    from api.video_stats import get_playlist_id, get_video_ids, extract_video_data, save_to_json
  File "/opt/airflow/dags/api/video_stats.py", line 11, in <module>
    CHANNEL = Variable.get('MrBeast')
  File "/home/airflow/.local/lib/python3.10/site-packages/airflow/models/variable.py", line 143, in get
    raise KeyError(f"Variable {key} does not exist")
KeyError: 'Variable MrBeast does not exist'
[2026-09-23T16:09:01.176+0000] {processor.py:842} WARNING - No viable dags retrieved from /opt/airflow/dags/main.py
[2026-09-23T16:09:01.187+0000] {processor.py:183} INFO - Processing /opt/airflow/dags/main.py took 0.170 seconds
[2026-09-23T16:09:31.495+0000] {processor.py:161} INFO - Started process (PID=315) to work on /opt/airflow/dags/main.py
[2026-09-23T16:09:31.498+0000] {processor.py:830} INFO - Processing file /opt/airflow/dags/main.py for tasks to queue
[2026-09-23T16:09:31.502+0000] {logging_mixin.py:188} INFO - [2026-09-23T16:09:31.502+0000] {dagbag.py:545} INFO - Filling up the DagBag from /opt/airflow/dags/main.py
[2026-09-23T16:09:31.657+0000] {logging_mixin.py:188} INFO - [2026-09-23T16:09:31.627+0000] {dagbag.py:355} ERROR - Failed to import: /opt/airflow/dags/main.py
Traceback (most recent call last):
  File "/home/airflow/.local/lib/python3.10/site-packages/airflow/models/dagbag.py", line 351, in parse
    loader.exec_module(new_module)
  File "<frozen importlib._bootstrap_external>", line 883, in exec_module
  File "<frozen importlib._bootstrap>", line 241, in _call_with_frames_removed
  File "/opt/airflow/dags/main.py", line 4, in <module>
    from api.video_stats import get_playlist_id, get_video_ids, extract_video_data, save_to_json
  File "/opt/airflow/dags/api/video_stats.py", line 11, in <module>
    CHANNEL = Variable.get('MrBeast')
  File "/home/airflow/.local/lib/python3.10/site-packages/airflow/models/variable.py", line 143, in get
    raise KeyError(f"Variable {key} does not exist")
KeyError: 'Variable MrBeast does not exist'
[2026-09-23T16:09:31.664+0000] {processor.py:842} WARNING - No viable dags retrieved from /opt/airflow/dags/main.py
[2026-09-23T16:09:31.676+0000] {processor.py:183} INFO - Processing /opt/airflow/dags/main.py took 0.188 seconds
[2026-09-23T16:10:02.046+0000] {processor.py:161} INFO - Started process (PID=322) to work on /opt/airflow/dags/main.py
[2026-09-23T16:10:02.049+0000] {processor.py:830} INFO - Processing file /opt/airflow/dags/main.py for tasks to queue
[2026-09-23T16:10:02.053+0000] {logging_mixin.py:188} INFO - [2026-09-23T16:10:02.052+0000] {dagbag.py:545} INFO - Filling up the DagBag from /opt/airflow/dags/main.py
[2026-09-23T16:10:02.226+0000] {logging_mixin.py:188} INFO - [2026-09-23T16:10:02.200+0000] {dagbag.py:355} ERROR - Failed to import: /opt/airflow/dags/main.py
Traceback (most recent call last):
  File "/home/airflow/.local/lib/python3.10/site-packages/airflow/models/dagbag.py", line 351, in parse
    loader.exec_module(new_module)
  File "<frozen importlib._bootstrap_external>", line 883, in exec_module
  File "<frozen importlib._bootstrap>", line 241, in _call_with_frames_removed
  File "/opt/airflow/dags/main.py", line 4, in <module>
    from api.video_stats import get_playlist_id, get_video_ids, extract_video_data, save_to_json
  File "/opt/airflow/dags/api/video_stats.py", line 11, in <module>
    CHANNEL = Variable.get('MrBeast')
  File "/home/airflow/.local/lib/python3.10/site-packages/airflow/models/variable.py", line 143, in get
    raise KeyError(f"Variable {key} does not exist")
KeyError: 'Variable MrBeast does not exist'
[2026-09-23T16:10:02.233+0000] {processor.py:842} WARNING - No viable dags retrieved from /opt/airflow/dags/main.py
[2026-09-23T16:10:02.245+0000] {processor.py:183} INFO - Processing /opt/airflow/dags/main.py took 0.206 seconds
[2026-09-23T16:10:32.392+0000] {processor.py:161} INFO - Started process (PID=329) to work on /opt/airflow/dags/main.py
[2026-09-23T16:10:32.395+0000] {processor.py:830} INFO - Processing file /opt/airflow/dags/main.py for tasks to queue
[2026-09-23T16:10:32.401+0000] {logging_mixin.py:188} INFO - [2026-09-23T16:10:32.400+0000] {dagbag.py:545} INFO - Filling up the DagBag from /opt/airflow/dags/main.py
[2026-09-23T16:10:32.552+0000] {logging_mixin.py:188} INFO - [2026-09-23T16:10:32.524+0000] {dagbag.py:355} ERROR - Failed to import: /opt/airflow/dags/main.py
Traceback (most recent call last):
  File "/home/airflow/.local/lib/python3.10/site-packages/airflow/models/dagbag.py", line 351, in parse
    loader.exec_module(new_module)
  File "<frozen importlib._bootstrap_external>", line 883, in exec_module
  File "<frozen importlib._bootstrap>", line 241, in _call_with_frames_removed
  File "/opt/airflow/dags/main.py", line 4, in <module>
    from api.video_stats import get_playlist_id, get_video_ids, extract_video_data, save_to_json
  File "/opt/airflow/dags/api/video_stats.py", line 11, in <module>
    CHANNEL = Variable.get('MrBeast')
  File "/home/airflow/.local/lib/python3.10/site-packages/airflow/models/variable.py", line 143, in get
    raise KeyError(f"Variable {key} does not exist")
KeyError: 'Variable MrBeast does not exist'
[2026-09-23T16:10:32.560+0000] {processor.py:842} WARNING - No viable dags retrieved from /opt/airflow/dags/main.py
[2026-09-23T16:10:32.580+0000] {processor.py:183} INFO - Processing /opt/airflow/dags/main.py took 0.195 seconds
[2026-09-23T16:11:02.920+0000] {processor.py:161} INFO - Started process (PID=336) to work on /opt/airflow/dags/main.py
[2026-09-23T16:11:02.923+0000] {processor.py:830} INFO - Processing file /opt/airflow/dags/main.py for tasks to queue
[2026-09-23T16:11:02.926+0000] {logging_mixin.py:188} INFO - [2026-09-23T16:11:02.926+0000] {dagbag.py:545} INFO - Filling up the DagBag from /opt/airflow/dags/main.py
[2026-09-23T16:11:03.082+0000] {logging_mixin.py:188} INFO - [2026-09-23T16:11:03.062+0000] {dagbag.py:355} ERROR - Failed to import: /opt/airflow/dags/main.py
Traceback (most recent call last):
  File "/home/airflow/.local/lib/python3.10/site-packages/airflow/models/dagbag.py", line 351, in parse
    loader.exec_module(new_module)
  File "<frozen importlib._bootstrap_external>", line 883, in exec_module
  File "<frozen importlib._bootstrap>", line 241, in _call_with_frames_removed
  File "/opt/airflow/dags/main.py", line 4, in <module>
    from api.video_stats import get_playlist_id, get_video_ids, extract_video_data, save_to_json
  File "/opt/airflow/dags/api/video_stats.py", line 11, in <module>
    CHANNEL = Variable.get('MrBeast')
  File "/home/airflow/.local/lib/python3.10/site-packages/airflow/models/variable.py", line 143, in get
    raise KeyError(f"Variable {key} does not exist")
KeyError: 'Variable MrBeast does not exist'
[2026-09-23T16:11:03.087+0000] {processor.py:842} WARNING - No viable dags retrieved from /opt/airflow/dags/main.py
[2026-09-23T16:11:03.097+0000] {processor.py:183} INFO - Processing /opt/airflow/dags/main.py took 0.182 seconds
[2026-09-23T16:11:33.239+0000] {processor.py:161} INFO - Started process (PID=343) to work on /opt/airflow/dags/main.py
[2026-09-23T16:11:33.242+0000] {processor.py:830} INFO - Processing file /opt/airflow/dags/main.py for tasks to queue
[2026-09-23T16:11:33.246+0000] {logging_mixin.py:188} INFO - [2026-09-23T16:11:33.246+0000] {dagbag.py:545} INFO - Filling up the DagBag from /opt/airflow/dags/main.py
[2026-09-23T16:11:33.416+0000] {logging_mixin.py:188} INFO - [2026-09-23T16:11:33.379+0000] {dagbag.py:355} ERROR - Failed to import: /opt/airflow/dags/main.py
Traceback (most recent call last):
  File "/home/airflow/.local/lib/python3.10/site-packages/airflow/models/dagbag.py", line 351, in parse
    loader.exec_module(new_module)
  File "<frozen importlib._bootstrap_external>", line 883, in exec_module
  File "<frozen importlib._bootstrap>", line 241, in _call_with_frames_removed
  File "/opt/airflow/dags/main.py", line 4, in <module>
    from api.video_stats import get_playlist_id, get_video_ids, extract_video_data, save_to_json
  File "/opt/airflow/dags/api/video_stats.py", line 11, in <module>
    CHANNEL = Variable.get('MrBeast')
  File "/home/airflow/.local/lib/python3.10/site-packages/airflow/models/variable.py", line 143, in get
    raise KeyError(f"Variable {key} does not exist")
KeyError: 'Variable MrBeast does not exist'
[2026-09-23T16:11:33.426+0000] {processor.py:842} WARNING - No viable dags retrieved from /opt/airflow/dags/main.py
[2026-09-23T16:11:33.438+0000] {processor.py:183} INFO - Processing /opt/airflow/dags/main.py took 0.205 seconds
[2026-09-23T16:11:45.564+0000] {processor.py:161} INFO - Started process (PID=344) to work on /opt/airflow/dags/main.py
[2026-09-23T16:11:45.567+0000] {processor.py:830} INFO - Processing file /opt/airflow/dags/main.py for tasks to queue
[2026-09-23T16:11:45.572+0000] {logging_mixin.py:188} INFO - [2026-09-23T16:11:45.572+0000] {dagbag.py:545} INFO - Filling up the DagBag from /opt/airflow/dags/main.py
[2026-09-23T16:11:45.764+0000] {logging_mixin.py:188} INFO - [2026-09-23T16:11:45.741+0000] {dagbag.py:355} ERROR - Failed to import: /opt/airflow/dags/main.py
Traceback (most recent call last):
  File "/home/airflow/.local/lib/python3.10/site-packages/airflow/models/dagbag.py", line 351, in parse
    loader.exec_module(new_module)
  File "<frozen importlib._bootstrap_external>", line 883, in exec_module
  File "<frozen importlib._bootstrap>", line 241, in _call_with_frames_removed
  File "/opt/airflow/dags/main.py", line 4, in <module>
    from api.video_stats import get_playlist_id, get_video_ids, extract_video_data, save_to_json
  File "/opt/airflow/dags/api/video_stats.py", line 11, in <module>
    CHANNEL = Variable.get('MrBeast')
  File "/home/airflow/.local/lib/python3.10/site-packages/airflow/models/variable.py", line 143, in get
    raise KeyError(f"Variable {key} does not exist")
KeyError: 'Variable MrBeast does not exist'
[2026-09-23T16:11:45.771+0000] {processor.py:842} WARNING - No viable dags retrieved from /opt/airflow/dags/main.py
[2026-09-23T16:11:45.786+0000] {processor.py:183} INFO - Processing /opt/airflow/dags/main.py took 0.233 seconds
[2026-09-23T16:12:15.919+0000] {processor.py:161} INFO - Started process (PID=351) to work on /opt/airflow/dags/main.py
[2026-09-23T16:12:15.926+0000] {processor.py:830} INFO - Processing file /opt/airflow/dags/main.py for tasks to queue
[2026-09-23T16:12:15.931+0000] {logging_mixin.py:188} INFO - [2026-09-23T16:12:15.931+0000] {dagbag.py:545} INFO - Filling up the DagBag from /opt/airflow/dags/main.py
[2026-09-23T16:12:16.080+0000] {logging_mixin.py:188} INFO - [2026-09-23T16:12:16.057+0000] {dagbag.py:355} ERROR - Failed to import: /opt/airflow/dags/main.py
Traceback (most recent call last):
  File "/home/airflow/.local/lib/python3.10/site-packages/airflow/models/dagbag.py", line 351, in parse
    loader.exec_module(new_module)
  File "<frozen importlib._bootstrap_external>", line 883, in exec_module
  File "<frozen importlib._bootstrap>", line 241, in _call_with_frames_removed
  File "/opt/airflow/dags/main.py", line 4, in <module>
    from api.video_stats import get_playlist_id, get_video_ids, extract_video_data, save_to_json
  File "/opt/airflow/dags/api/video_stats.py", line 11, in <module>
    CHANNEL = Variable.get('MrBeast')
  File "/home/airflow/.local/lib/python3.10/site-packages/airflow/models/variable.py", line 143, in get
    raise KeyError(f"Variable {key} does not exist")
KeyError: 'Variable MrBeast does not exist'
[2026-09-23T16:12:16.086+0000] {processor.py:842} WARNING - No viable dags retrieved from /opt/airflow/dags/main.py
[2026-09-23T16:12:16.098+0000] {processor.py:183} INFO - Processing /opt/airflow/dags/main.py took 0.190 seconds
[2026-09-23T16:12:18.183+0000] {processor.py:161} INFO - Started process (PID=352) to work on /opt/airflow/dags/main.py
[2026-09-23T16:12:18.185+0000] {processor.py:830} INFO - Processing file /opt/airflow/dags/main.py for tasks to queue
[2026-09-23T16:12:18.189+0000] {logging_mixin.py:188} INFO - [2026-09-23T16:12:18.189+0000] {dagbag.py:545} INFO - Filling up the DagBag from /opt/airflow/dags/main.py
[2026-09-23T16:12:18.337+0000] {logging_mixin.py:188} INFO - [2026-09-23T16:12:18.318+0000] {dagbag.py:355} ERROR - Failed to import: /opt/airflow/dags/main.py
Traceback (most recent call last):
  File "/home/airflow/.local/lib/python3.10/site-packages/airflow/models/dagbag.py", line 351, in parse
    loader.exec_module(new_module)
  File "<frozen importlib._bootstrap_external>", line 883, in exec_module
  File "<frozen importlib._bootstrap>", line 241, in _call_with_frames_removed
  File "/opt/airflow/dags/main.py", line 4, in <module>
    from api.video_stats import get_playlist_id, get_video_ids, extract_video_data, save_to_json
  File "/opt/airflow/dags/api/video_stats.py", line 11, in <module>
    CHANNEL = Variable.get('MrBeast')
  File "/home/airflow/.local/lib/python3.10/site-packages/airflow/models/variable.py", line 143, in get
    raise KeyError(f"Variable {key} does not exist")
KeyError: 'Variable MrBeast does not exist'
[2026-09-23T16:12:18.343+0000] {processor.py:842} WARNING - No viable dags retrieved from /opt/airflow/dags/main.py
[2026-09-23T16:12:18.358+0000] {processor.py:183} INFO - Processing /opt/airflow/dags/main.py took 0.182 seconds
[2026-09-23T16:12:22.374+0000] {processor.py:161} INFO - Started process (PID=353) to work on /opt/airflow/dags/main.py
[2026-09-23T16:12:22.382+0000] {processor.py:830} INFO - Processing file /opt/airflow/dags/main.py for tasks to queue
[2026-09-23T16:12:22.394+0000] {logging_mixin.py:188} INFO - [2026-09-23T16:12:22.393+0000] {dagbag.py:545} INFO - Filling up the DagBag from /opt/airflow/dags/main.py
[2026-09-23T16:12:22.457+0000] {logging_mixin.py:188} INFO - [2026-09-23T16:12:22.455+0000] {dagbag.py:355} ERROR - Failed to import: /opt/airflow/dags/main.py
Traceback (most recent call last):
  File "/home/airflow/.local/lib/python3.10/site-packages/airflow/models/dagbag.py", line 351, in parse
    loader.exec_module(new_module)
  File "<frozen importlib._bootstrap_external>", line 879, in exec_module
  File "<frozen importlib._bootstrap_external>", line 1017, in get_code
  File "<frozen importlib._bootstrap_external>", line 947, in source_to_code
  File "<frozen importlib._bootstrap>", line 241, in _call_with_frames_removed
  File "/opt/airflow/dags/main.py", line 18
    with 
         ^
SyntaxError: invalid syntax
[2026-09-23T16:12:22.459+0000] {processor.py:842} WARNING - No viable dags retrieved from /opt/airflow/dags/main.py
[2026-09-23T16:12:22.505+0000] {processor.py:183} INFO - Processing /opt/airflow/dags/main.py took 0.182 seconds
[2026-09-23T16:12:23.516+0000] {processor.py:161} INFO - Started process (PID=354) to work on /opt/airflow/dags/main.py
[2026-09-23T16:12:23.520+0000] {processor.py:830} INFO - Processing file /opt/airflow/dags/main.py for tasks to queue
[2026-09-23T16:12:23.526+0000] {logging_mixin.py:188} INFO - [2026-09-23T16:12:23.526+0000] {dagbag.py:545} INFO - Filling up the DagBag from /opt/airflow/dags/main.py
[2026-09-23T16:12:23.575+0000] {logging_mixin.py:188} INFO - [2026-09-23T16:12:23.573+0000] {dagbag.py:355} ERROR - Failed to import: /opt/airflow/dags/main.py
Traceback (most recent call last):
  File "/home/airflow/.local/lib/python3.10/site-packages/airflow/models/dagbag.py", line 351, in parse
    loader.exec_module(new_module)
  File "<frozen importlib._bootstrap_external>", line 879, in exec_module
  File "<frozen importlib._bootstrap_external>", line 1017, in get_code
  File "<frozen importlib._bootstrap_external>", line 947, in source_to_code
  File "<frozen importlib._bootstrap>", line 241, in _call_with_frames_removed
  File "/opt/airflow/dags/main.py", line 18
    with DAG
            ^
SyntaxError: expected ':'
[2026-09-23T16:12:23.578+0000] {processor.py:842} WARNING - No viable dags retrieved from /opt/airflow/dags/main.py
[2026-09-23T16:12:23.610+0000] {processor.py:183} INFO - Processing /opt/airflow/dags/main.py took 0.104 seconds
[2026-09-23T16:12:25.632+0000] {processor.py:161} INFO - Started process (PID=355) to work on /opt/airflow/dags/main.py
[2026-09-23T16:12:25.637+0000] {processor.py:830} INFO - Processing file /opt/airflow/dags/main.py for tasks to queue
[2026-09-23T16:12:25.643+0000] {logging_mixin.py:188} INFO - [2026-09-23T16:12:25.642+0000] {dagbag.py:545} INFO - Filling up the DagBag from /opt/airflow/dags/main.py
[2026-09-23T16:12:25.712+0000] {logging_mixin.py:188} INFO - [2026-09-23T16:12:25.711+0000] {dagbag.py:355} ERROR - Failed to import: /opt/airflow/dags/main.py
Traceback (most recent call last):
  File "/home/airflow/.local/lib/python3.10/site-packages/airflow/models/dagbag.py", line 351, in parse
    loader.exec_module(new_module)
  File "<frozen importlib._bootstrap_external>", line 879, in exec_module
  File "<frozen importlib._bootstrap_external>", line 1017, in get_code
  File "<frozen importlib._bootstrap_external>", line 947, in source_to_code
  File "<frozen importlib._bootstrap>", line 241, in _call_with_frames_removed
  File "/opt/airflow/dags/main.py", line 18
    with DAG()
              ^
SyntaxError: expected ':'
[2026-09-23T16:12:25.715+0000] {processor.py:842} WARNING - No viable dags retrieved from /opt/airflow/dags/main.py
[2026-09-23T16:12:25.745+0000] {processor.py:183} INFO - Processing /opt/airflow/dags/main.py took 0.122 seconds
[2026-09-23T16:12:27.750+0000] {processor.py:161} INFO - Started process (PID=356) to work on /opt/airflow/dags/main.py
[2026-09-23T16:12:27.753+0000] {processor.py:830} INFO - Processing file /opt/airflow/dags/main.py for tasks to queue
[2026-09-23T16:12:27.757+0000] {logging_mixin.py:188} INFO - [2026-09-23T16:12:27.757+0000] {dagbag.py:545} INFO - Filling up the DagBag from /opt/airflow/dags/main.py
[2026-09-23T16:12:27.800+0000] {logging_mixin.py:188} INFO - [2026-09-23T16:12:27.799+0000] {dagbag.py:355} ERROR - Failed to import: /opt/airflow/dags/main.py
Traceback (most recent call last):
  File "/home/airflow/.local/lib/python3.10/site-packages/airflow/models/dagbag.py", line 351, in parse
    loader.exec_module(new_module)
  File "<frozen importlib._bootstrap_external>", line 879, in exec_module
  File "<frozen importlib._bootstrap_external>", line 1017, in get_code
  File "<frozen importlib._bootstrap_external>", line 947, in source_to_code
  File "<frozen importlib._bootstrap>", line 241, in _call_with_frames_removed
  File "/opt/airflow/dags/main.py", line 20
    )
     ^
SyntaxError: expected ':'
[2026-09-23T16:12:27.802+0000] {processor.py:842} WARNING - No viable dags retrieved from /opt/airflow/dags/main.py
[2026-09-23T16:12:27.825+0000] {processor.py:183} INFO - Processing /opt/airflow/dags/main.py took 0.086 seconds
[2026-09-23T16:12:30.890+0000] {processor.py:161} INFO - Started process (PID=363) to work on /opt/airflow/dags/main.py
[2026-09-23T16:12:30.893+0000] {processor.py:830} INFO - Processing file /opt/airflow/dags/main.py for tasks to queue
[2026-09-23T16:12:30.899+0000] {logging_mixin.py:188} INFO - [2026-09-23T16:12:30.898+0000] {dagbag.py:545} INFO - Filling up the DagBag from /opt/airflow/dags/main.py
[2026-09-23T16:12:30.955+0000] {logging_mixin.py:188} INFO - [2026-09-23T16:12:30.953+0000] {dagbag.py:355} ERROR - Failed to import: /opt/airflow/dags/main.py
Traceback (most recent call last):
  File "/home/airflow/.local/lib/python3.10/site-packages/airflow/models/dagbag.py", line 351, in parse
    loader.exec_module(new_module)
  File "<frozen importlib._bootstrap_external>", line 879, in exec_module
  File "<frozen importlib._bootstrap_external>", line 1017, in get_code
  File "<frozen importlib._bootstrap_external>", line 947, in source_to_code
  File "<frozen importlib._bootstrap>", line 241, in _call_with_frames_removed
  File "/opt/airflow/dags/main.py", line 20
    )
     ^
SyntaxError: expected ':'
[2026-09-23T16:12:30.956+0000] {processor.py:842} WARNING - No viable dags retrieved from /opt/airflow/dags/main.py
[2026-09-23T16:12:30.993+0000] {processor.py:183} INFO - Processing /opt/airflow/dags/main.py took 0.119 seconds
[2026-09-23T16:12:34.040+0000] {processor.py:161} INFO - Started process (PID=364) to work on /opt/airflow/dags/main.py
[2026-09-23T16:12:34.046+0000] {processor.py:830} INFO - Processing file /opt/airflow/dags/main.py for tasks to queue
[2026-09-23T16:12:34.052+0000] {logging_mixin.py:188} INFO - [2026-09-23T16:12:34.051+0000] {dagbag.py:545} INFO - Filling up the DagBag from /opt/airflow/dags/main.py
[2026-09-23T16:12:34.115+0000] {logging_mixin.py:188} INFO - [2026-09-23T16:12:34.113+0000] {dagbag.py:355} ERROR - Failed to import: /opt/airflow/dags/main.py
Traceback (most recent call last):
  File "/home/airflow/.local/lib/python3.10/site-packages/airflow/models/dagbag.py", line 351, in parse
    loader.exec_module(new_module)
  File "<frozen importlib._bootstrap_external>", line 879, in exec_module
  File "<frozen importlib._bootstrap_external>", line 1017, in get_code
  File "<frozen importlib._bootstrap_external>", line 947, in source_to_code
  File "<frozen importlib._bootstrap>", line 241, in _call_with_frames_removed
  File "/opt/airflow/dags/main.py", line 20
    )
     ^
SyntaxError: expected ':'
[2026-09-23T16:12:34.117+0000] {processor.py:842} WARNING - No viable dags retrieved from /opt/airflow/dags/main.py
[2026-09-23T16:12:34.154+0000] {processor.py:183} INFO - Processing /opt/airflow/dags/main.py took 0.126 seconds
[2026-09-23T16:12:36.136+0000] {processor.py:161} INFO - Started process (PID=365) to work on /opt/airflow/dags/main.py
[2026-09-23T16:12:36.139+0000] {processor.py:830} INFO - Processing file /opt/airflow/dags/main.py for tasks to queue
[2026-09-23T16:12:36.146+0000] {logging_mixin.py:188} INFO - [2026-09-23T16:12:36.145+0000] {dagbag.py:545} INFO - Filling up the DagBag from /opt/airflow/dags/main.py
[2026-09-23T16:12:36.210+0000] {logging_mixin.py:188} INFO - [2026-09-23T16:12:36.208+0000] {dagbag.py:355} ERROR - Failed to import: /opt/airflow/dags/main.py
Traceback (most recent call last):
  File "/home/airflow/.local/lib/python3.10/site-packages/airflow/models/dagbag.py", line 351, in parse
    loader.exec_module(new_module)
  File "<frozen importlib._bootstrap_external>", line 879, in exec_module
  File "<frozen importlib._bootstrap_external>", line 1017, in get_code
  File "<frozen importlib._bootstrap_external>", line 947, in source_to_code
  File "<frozen importlib._bootstrap>", line 241, in _call_with_frames_removed
  File "/opt/airflow/dags/main.py", line 20
    )
     ^
SyntaxError: expected ':'
[2026-09-23T16:12:36.213+0000] {processor.py:842} WARNING - No viable dags retrieved from /opt/airflow/dags/main.py
[2026-09-23T16:12:36.239+0000] {processor.py:183} INFO - Processing /opt/airflow/dags/main.py took 0.112 seconds
[2026-09-23T16:12:38.298+0000] {processor.py:161} INFO - Started process (PID=366) to work on /opt/airflow/dags/main.py
[2026-09-23T16:12:38.301+0000] {processor.py:830} INFO - Processing file /opt/airflow/dags/main.py for tasks to queue
[2026-09-23T16:12:38.306+0000] {logging_mixin.py:188} INFO - [2026-09-23T16:12:38.305+0000] {dagbag.py:545} INFO - Filling up the DagBag from /opt/airflow/dags/main.py
[2026-09-23T16:12:38.369+0000] {logging_mixin.py:188} INFO - [2026-09-23T16:12:38.367+0000] {dagbag.py:355} ERROR - Failed to import: /opt/airflow/dags/main.py
Traceback (most recent call last):
  File "/home/airflow/.local/lib/python3.10/site-packages/airflow/models/dagbag.py", line 351, in parse
    loader.exec_module(new_module)
  File "<frozen importlib._bootstrap_external>", line 879, in exec_module
  File "<frozen importlib._bootstrap_external>", line 1017, in get_code
  File "<frozen importlib._bootstrap_external>", line 947, in source_to_code
  File "<frozen importlib._bootstrap>", line 241, in _call_with_frames_removed
  File "/opt/airflow/dags/main.py", line 20
    )
     ^
SyntaxError: expected ':'
[2026-09-23T16:12:38.372+0000] {processor.py:842} WARNING - No viable dags retrieved from /opt/airflow/dags/main.py
[2026-09-23T16:12:38.395+0000] {processor.py:183} INFO - Processing /opt/airflow/dags/main.py took 0.107 seconds
[2026-09-23T16:12:40.358+0000] {processor.py:161} INFO - Started process (PID=367) to work on /opt/airflow/dags/main.py
[2026-09-23T16:12:40.362+0000] {processor.py:830} INFO - Processing file /opt/airflow/dags/main.py for tasks to queue
[2026-09-23T16:12:40.368+0000] {logging_mixin.py:188} INFO - [2026-09-23T16:12:40.367+0000] {dagbag.py:545} INFO - Filling up the DagBag from /opt/airflow/dags/main.py
[2026-09-23T16:12:40.417+0000] {logging_mixin.py:188} INFO - [2026-09-23T16:12:40.416+0000] {dagbag.py:355} ERROR - Failed to import: /opt/airflow/dags/main.py
Traceback (most recent call last):
  File "/home/airflow/.local/lib/python3.10/site-packages/airflow/models/dagbag.py", line 351, in parse
    loader.exec_module(new_module)
  File "<frozen importlib._bootstrap_external>", line 879, in exec_module
  File "<frozen importlib._bootstrap_external>", line 1017, in get_code
  File "<frozen importlib._bootstrap_external>", line 947, in source_to_code
  File "<frozen importlib._bootstrap>", line 241, in _call_with_frames_removed
  File "/opt/airflow/dags/main.py", line 20
    )
     ^
SyntaxError: expected ':'
[2026-09-23T16:12:40.418+0000] {processor.py:842} WARNING - No viable dags retrieved from /opt/airflow/dags/main.py
[2026-09-23T16:12:40.444+0000] {processor.py:183} INFO - Processing /opt/airflow/dags/main.py took 0.092 seconds
[2026-09-23T16:12:41.512+0000] {processor.py:161} INFO - Started process (PID=368) to work on /opt/airflow/dags/main.py
[2026-09-23T16:12:41.516+0000] {processor.py:830} INFO - Processing file /opt/airflow/dags/main.py for tasks to queue
[2026-09-23T16:12:41.525+0000] {logging_mixin.py:188} INFO - [2026-09-23T16:12:41.525+0000] {dagbag.py:545} INFO - Filling up the DagBag from /opt/airflow/dags/main.py
[2026-09-23T16:12:41.574+0000] {logging_mixin.py:188} INFO - [2026-09-23T16:12:41.573+0000] {dagbag.py:355} ERROR - Failed to import: /opt/airflow/dags/main.py
Traceback (most recent call last):
  File "/home/airflow/.local/lib/python3.10/site-packages/airflow/models/dagbag.py", line 351, in parse
    loader.exec_module(new_module)
  File "<frozen importlib._bootstrap_external>", line 879, in exec_module
  File "<frozen importlib._bootstrap_external>", line 1017, in get_code
  File "<frozen importlib._bootstrap_external>", line 947, in source_to_code
  File "<frozen importlib._bootstrap>", line 241, in _call_with_frames_removed
  File "/opt/airflow/dags/main.py", line 20
    )
     ^
SyntaxError: expected ':'
[2026-09-23T16:12:41.576+0000] {processor.py:842} WARNING - No viable dags retrieved from /opt/airflow/dags/main.py
[2026-09-23T16:12:41.597+0000] {processor.py:183} INFO - Processing /opt/airflow/dags/main.py took 0.106 seconds
[2026-09-23T16:12:44.560+0000] {processor.py:161} INFO - Started process (PID=369) to work on /opt/airflow/dags/main.py
[2026-09-23T16:12:44.563+0000] {processor.py:830} INFO - Processing file /opt/airflow/dags/main.py for tasks to queue
[2026-09-23T16:12:44.568+0000] {logging_mixin.py:188} INFO - [2026-09-23T16:12:44.568+0000] {dagbag.py:545} INFO - Filling up the DagBag from /opt/airflow/dags/main.py
[2026-09-23T16:12:44.619+0000] {logging_mixin.py:188} INFO - [2026-09-23T16:12:44.618+0000] {dagbag.py:355} ERROR - Failed to import: /opt/airflow/dags/main.py
Traceback (most recent call last):
  File "/home/airflow/.local/lib/python3.10/site-packages/airflow/models/dagbag.py", line 351, in parse
    loader.exec_module(new_module)
  File "<frozen importlib._bootstrap_external>", line 879, in exec_module
  File "<frozen importlib._bootstrap_external>", line 1017, in get_code
  File "<frozen importlib._bootstrap_external>", line 947, in source_to_code
  File "<frozen importlib._bootstrap>", line 241, in _call_with_frames_removed
  File "/opt/airflow/dags/main.py", line 21
    )
    ^
SyntaxError: positional argument follows keyword argument
[2026-09-23T16:12:44.621+0000] {processor.py:842} WARNING - No viable dags retrieved from /opt/airflow/dags/main.py
[2026-09-23T16:12:44.649+0000] {processor.py:183} INFO - Processing /opt/airflow/dags/main.py took 0.096 seconds
[2026-09-23T16:12:48.755+0000] {processor.py:161} INFO - Started process (PID=370) to work on /opt/airflow/dags/main.py
[2026-09-23T16:12:48.758+0000] {processor.py:830} INFO - Processing file /opt/airflow/dags/main.py for tasks to queue
[2026-09-23T16:12:48.763+0000] {logging_mixin.py:188} INFO - [2026-09-23T16:12:48.763+0000] {dagbag.py:545} INFO - Filling up the DagBag from /opt/airflow/dags/main.py
[2026-09-23T16:12:48.826+0000] {logging_mixin.py:188} INFO - [2026-09-23T16:12:48.824+0000] {dagbag.py:355} ERROR - Failed to import: /opt/airflow/dags/main.py
Traceback (most recent call last):
  File "/home/airflow/.local/lib/python3.10/site-packages/airflow/models/dagbag.py", line 351, in parse
    loader.exec_module(new_module)
  File "<frozen importlib._bootstrap_external>", line 879, in exec_module
  File "<frozen importlib._bootstrap_external>", line 1017, in get_code
  File "<frozen importlib._bootstrap_external>", line 947, in source_to_code
  File "<frozen importlib._bootstrap>", line 241, in _call_with_frames_removed
  File "/opt/airflow/dags/main.py", line 21
    )
     ^
SyntaxError: expected ':'
[2026-09-23T16:12:48.828+0000] {processor.py:842} WARNING - No viable dags retrieved from /opt/airflow/dags/main.py
[2026-09-23T16:12:48.852+0000] {processor.py:183} INFO - Processing /opt/airflow/dags/main.py took 0.103 seconds
[2026-09-23T16:12:51.847+0000] {processor.py:161} INFO - Started process (PID=371) to work on /opt/airflow/dags/main.py
[2026-09-23T16:12:51.850+0000] {processor.py:830} INFO - Processing file /opt/airflow/dags/main.py for tasks to queue
[2026-09-23T16:12:51.852+0000] {logging_mixin.py:188} INFO - [2026-09-23T16:12:51.852+0000] {dagbag.py:545} INFO - Filling up the DagBag from /opt/airflow/dags/main.py
[2026-09-23T16:12:51.898+0000] {logging_mixin.py:188} INFO - [2026-09-23T16:12:51.897+0000] {dagbag.py:355} ERROR - Failed to import: /opt/airflow/dags/main.py
Traceback (most recent call last):
  File "/home/airflow/.local/lib/python3.10/site-packages/airflow/models/dagbag.py", line 351, in parse
    loader.exec_module(new_module)
  File "<frozen importlib._bootstrap_external>", line 879, in exec_module
  File "<frozen importlib._bootstrap_external>", line 1017, in get_code
  File "<frozen importlib._bootstrap_external>", line 947, in source_to_code
  File "<frozen importlib._bootstrap>", line 241, in _call_with_frames_removed
  File "/opt/airflow/dags/main.py", line 22
    )
    ^
SyntaxError: positional argument follows keyword argument
[2026-09-23T16:12:51.900+0000] {processor.py:842} WARNING - No viable dags retrieved from /opt/airflow/dags/main.py
[2026-09-23T16:12:51.921+0000] {processor.py:183} INFO - Processing /opt/airflow/dags/main.py took 0.082 seconds
[2026-09-23T16:12:55.008+0000] {processor.py:161} INFO - Started process (PID=372) to work on /opt/airflow/dags/main.py
[2026-09-23T16:12:55.011+0000] {processor.py:830} INFO - Processing file /opt/airflow/dags/main.py for tasks to queue
[2026-09-23T16:12:55.015+0000] {logging_mixin.py:188} INFO - [2026-09-23T16:12:55.014+0000] {dagbag.py:545} INFO - Filling up the DagBag from /opt/airflow/dags/main.py
[2026-09-23T16:12:55.067+0000] {logging_mixin.py:188} INFO - [2026-09-23T16:12:55.066+0000] {dagbag.py:355} ERROR - Failed to import: /opt/airflow/dags/main.py
Traceback (most recent call last):
  File "/home/airflow/.local/lib/python3.10/site-packages/airflow/models/dagbag.py", line 351, in parse
    loader.exec_module(new_module)
  File "<frozen importlib._bootstrap_external>", line 879, in exec_module
  File "<frozen importlib._bootstrap_external>", line 1017, in get_code
  File "<frozen importlib._bootstrap_external>", line 947, in source_to_code
  File "<frozen importlib._bootstrap>", line 241, in _call_with_frames_removed
  File "/opt/airflow/dags/main.py", line 22
    )
    ^
SyntaxError: positional argument follows keyword argument
[2026-09-23T16:12:55.070+0000] {processor.py:842} WARNING - No viable dags retrieved from /opt/airflow/dags/main.py
[2026-09-23T16:12:55.108+0000] {processor.py:183} INFO - Processing /opt/airflow/dags/main.py took 0.110 seconds
[2026-09-23T16:12:58.222+0000] {processor.py:161} INFO - Started process (PID=373) to work on /opt/airflow/dags/main.py
[2026-09-23T16:12:58.226+0000] {processor.py:830} INFO - Processing file /opt/airflow/dags/main.py for tasks to queue
[2026-09-23T16:12:58.232+0000] {logging_mixin.py:188} INFO - [2026-09-23T16:12:58.231+0000] {dagbag.py:545} INFO - Filling up the DagBag from /opt/airflow/dags/main.py
[2026-09-23T16:12:58.285+0000] {logging_mixin.py:188} INFO - [2026-09-23T16:12:58.285+0000] {dagbag.py:355} ERROR - Failed to import: /opt/airflow/dags/main.py
Traceback (most recent call last):
  File "/home/airflow/.local/lib/python3.10/site-packages/airflow/models/dagbag.py", line 351, in parse
    loader.exec_module(new_module)
  File "<frozen importlib._bootstrap_external>", line 879, in exec_module
  File "<frozen importlib._bootstrap_external>", line 1017, in get_code
  File "<frozen importlib._bootstrap_external>", line 947, in source_to_code
  File "<frozen importlib._bootstrap>", line 241, in _call_with_frames_removed
  File "/opt/airflow/dags/main.py", line 22
    )
     ^
SyntaxError: expected ':'
[2026-09-23T16:12:58.287+0000] {processor.py:842} WARNING - No viable dags retrieved from /opt/airflow/dags/main.py
[2026-09-23T16:12:58.314+0000] {processor.py:183} INFO - Processing /opt/airflow/dags/main.py took 0.099 seconds
[2026-09-23T16:13:00.409+0000] {processor.py:161} INFO - Started process (PID=380) to work on /opt/airflow/dags/main.py
[2026-09-23T16:13:00.412+0000] {processor.py:830} INFO - Processing file /opt/airflow/dags/main.py for tasks to queue
[2026-09-23T16:13:00.418+0000] {logging_mixin.py:188} INFO - [2026-09-23T16:13:00.417+0000] {dagbag.py:545} INFO - Filling up the DagBag from /opt/airflow/dags/main.py
[2026-09-23T16:13:00.466+0000] {logging_mixin.py:188} INFO - [2026-09-23T16:13:00.465+0000] {dagbag.py:355} ERROR - Failed to import: /opt/airflow/dags/main.py
Traceback (most recent call last):
  File "/home/airflow/.local/lib/python3.10/site-packages/airflow/models/dagbag.py", line 351, in parse
    loader.exec_module(new_module)
  File "<frozen importlib._bootstrap_external>", line 879, in exec_module
  File "<frozen importlib._bootstrap_external>", line 1017, in get_code
  File "<frozen importlib._bootstrap_external>", line 947, in source_to_code
  File "<frozen importlib._bootstrap>", line 241, in _call_with_frames_removed
  File "/opt/airflow/dags/main.py", line 22
    )
     ^
SyntaxError: expected ':'
[2026-09-23T16:13:00.468+0000] {processor.py:842} WARNING - No viable dags retrieved from /opt/airflow/dags/main.py
[2026-09-23T16:13:00.491+0000] {processor.py:183} INFO - Processing /opt/airflow/dags/main.py took 0.091 seconds
[2026-09-23T16:13:04.490+0000] {processor.py:161} INFO - Started process (PID=381) to work on /opt/airflow/dags/main.py
[2026-09-23T16:13:04.494+0000] {processor.py:830} INFO - Processing file /opt/airflow/dags/main.py for tasks to queue
[2026-09-23T16:13:04.497+0000] {logging_mixin.py:188} INFO - [2026-09-23T16:13:04.497+0000] {dagbag.py:545} INFO - Filling up the DagBag from /opt/airflow/dags/main.py
[2026-09-23T16:13:04.548+0000] {logging_mixin.py:188} INFO - [2026-09-23T16:13:04.547+0000] {dagbag.py:355} ERROR - Failed to import: /opt/airflow/dags/main.py
Traceback (most recent call last):
  File "/home/airflow/.local/lib/python3.10/site-packages/airflow/models/dagbag.py", line 351, in parse
    loader.exec_module(new_module)
  File "<frozen importlib._bootstrap_external>", line 879, in exec_module
  File "<frozen importlib._bootstrap_external>", line 1017, in get_code
  File "<frozen importlib._bootstrap_external>", line 947, in source_to_code
  File "<frozen importlib._bootstrap>", line 241, in _call_with_frames_removed
  File "/opt/airflow/dags/main.py", line 22
    )
     ^
SyntaxError: expected ':'
[2026-09-23T16:13:04.550+0000] {processor.py:842} WARNING - No viable dags retrieved from /opt/airflow/dags/main.py
[2026-09-23T16:13:04.596+0000] {processor.py:183} INFO - Processing /opt/airflow/dags/main.py took 0.116 seconds
[2026-09-23T16:13:24.824+0000] {processor.py:161} INFO - Started process (PID=382) to work on /opt/airflow/dags/main.py
[2026-09-23T16:13:24.827+0000] {processor.py:830} INFO - Processing file /opt/airflow/dags/main.py for tasks to queue
[2026-09-23T16:13:24.831+0000] {logging_mixin.py:188} INFO - [2026-09-23T16:13:24.830+0000] {dagbag.py:545} INFO - Filling up the DagBag from /opt/airflow/dags/main.py
[2026-09-23T16:13:24.873+0000] {logging_mixin.py:188} INFO - [2026-09-23T16:13:24.871+0000] {dagbag.py:355} ERROR - Failed to import: /opt/airflow/dags/main.py
Traceback (most recent call last):
  File "/home/airflow/.local/lib/python3.10/site-packages/airflow/models/dagbag.py", line 351, in parse
    loader.exec_module(new_module)
  File "<frozen importlib._bootstrap_external>", line 879, in exec_module
  File "<frozen importlib._bootstrap_external>", line 1017, in get_code
  File "<frozen importlib._bootstrap_external>", line 947, in source_to_code
  File "<frozen importlib._bootstrap>", line 241, in _call_with_frames_removed
  File "/opt/airflow/dags/main.py", line 23
    )
    ^
SyntaxError: positional argument follows keyword argument
[2026-09-23T16:13:24.875+0000] {processor.py:842} WARNING - No viable dags retrieved from /opt/airflow/dags/main.py
[2026-09-23T16:13:24.910+0000] {processor.py:183} INFO - Processing /opt/airflow/dags/main.py took 0.095 seconds
[2026-09-23T16:13:26.878+0000] {processor.py:161} INFO - Started process (PID=383) to work on /opt/airflow/dags/main.py
[2026-09-23T16:13:26.882+0000] {processor.py:830} INFO - Processing file /opt/airflow/dags/main.py for tasks to queue
[2026-09-23T16:13:26.885+0000] {logging_mixin.py:188} INFO - [2026-09-23T16:13:26.885+0000] {dagbag.py:545} INFO - Filling up the DagBag from /opt/airflow/dags/main.py
[2026-09-23T16:13:26.927+0000] {logging_mixin.py:188} INFO - [2026-09-23T16:13:26.925+0000] {dagbag.py:355} ERROR - Failed to import: /opt/airflow/dags/main.py
Traceback (most recent call last):
  File "/home/airflow/.local/lib/python3.10/site-packages/airflow/models/dagbag.py", line 351, in parse
    loader.exec_module(new_module)
  File "<frozen importlib._bootstrap_external>", line 879, in exec_module
  File "<frozen importlib._bootstrap_external>", line 1017, in get_code
  File "<frozen importlib._bootstrap_external>", line 947, in source_to_code
  File "<frozen importlib._bootstrap>", line 241, in _call_with_frames_removed
  File "/opt/airflow/dags/main.py", line 23
    )
    ^
SyntaxError: positional argument follows keyword argument
[2026-09-23T16:13:26.928+0000] {processor.py:842} WARNING - No viable dags retrieved from /opt/airflow/dags/main.py
[2026-09-23T16:13:26.953+0000] {processor.py:183} INFO - Processing /opt/airflow/dags/main.py took 0.082 seconds
[2026-09-23T16:13:29.038+0000] {processor.py:161} INFO - Started process (PID=384) to work on /opt/airflow/dags/main.py
[2026-09-23T16:13:29.042+0000] {processor.py:830} INFO - Processing file /opt/airflow/dags/main.py for tasks to queue
[2026-09-23T16:13:29.045+0000] {logging_mixin.py:188} INFO - [2026-09-23T16:13:29.045+0000] {dagbag.py:545} INFO - Filling up the DagBag from /opt/airflow/dags/main.py
[2026-09-23T16:13:29.093+0000] {logging_mixin.py:188} INFO - [2026-09-23T16:13:29.092+0000] {dagbag.py:355} ERROR - Failed to import: /opt/airflow/dags/main.py
Traceback (most recent call last):
  File "/home/airflow/.local/lib/python3.10/site-packages/airflow/models/dagbag.py", line 351, in parse
    loader.exec_module(new_module)
  File "<frozen importlib._bootstrap_external>", line 879, in exec_module
  File "<frozen importlib._bootstrap_external>", line 1017, in get_code
  File "<frozen importlib._bootstrap_external>", line 947, in source_to_code
  File "<frozen importlib._bootstrap>", line 241, in _call_with_frames_removed
  File "/opt/airflow/dags/main.py", line 23
    )
    ^
SyntaxError: invalid syntax
[2026-09-23T16:13:29.095+0000] {processor.py:842} WARNING - No viable dags retrieved from /opt/airflow/dags/main.py
[2026-09-23T16:13:29.120+0000] {processor.py:183} INFO - Processing /opt/airflow/dags/main.py took 0.088 seconds
[2026-09-23T16:13:30.089+0000] {processor.py:161} INFO - Started process (PID=391) to work on /opt/airflow/dags/main.py
[2026-09-23T16:13:30.092+0000] {processor.py:830} INFO - Processing file /opt/airflow/dags/main.py for tasks to queue
[2026-09-23T16:13:30.099+0000] {logging_mixin.py:188} INFO - [2026-09-23T16:13:30.099+0000] {dagbag.py:545} INFO - Filling up the DagBag from /opt/airflow/dags/main.py
[2026-09-23T16:13:30.148+0000] {logging_mixin.py:188} INFO - [2026-09-23T16:13:30.146+0000] {dagbag.py:355} ERROR - Failed to import: /opt/airflow/dags/main.py
Traceback (most recent call last):
  File "/home/airflow/.local/lib/python3.10/site-packages/airflow/models/dagbag.py", line 351, in parse
    loader.exec_module(new_module)
  File "<frozen importlib._bootstrap_external>", line 879, in exec_module
  File "<frozen importlib._bootstrap_external>", line 1017, in get_code
  File "<frozen importlib._bootstrap_external>", line 947, in source_to_code
  File "<frozen importlib._bootstrap>", line 241, in _call_with_frames_removed
  File "/opt/airflow/dags/main.py", line 23
    )
     ^
SyntaxError: expected ':'
[2026-09-23T16:13:30.151+0000] {processor.py:842} WARNING - No viable dags retrieved from /opt/airflow/dags/main.py
[2026-09-23T16:13:30.191+0000] {processor.py:183} INFO - Processing /opt/airflow/dags/main.py took 0.115 seconds
[2026-09-23T16:13:32.245+0000] {processor.py:161} INFO - Started process (PID=392) to work on /opt/airflow/dags/main.py
[2026-09-23T16:13:32.248+0000] {processor.py:830} INFO - Processing file /opt/airflow/dags/main.py for tasks to queue
[2026-09-23T16:13:32.251+0000] {logging_mixin.py:188} INFO - [2026-09-23T16:13:32.251+0000] {dagbag.py:545} INFO - Filling up the DagBag from /opt/airflow/dags/main.py
[2026-09-23T16:13:32.295+0000] {logging_mixin.py:188} INFO - [2026-09-23T16:13:32.294+0000] {dagbag.py:355} ERROR - Failed to import: /opt/airflow/dags/main.py
Traceback (most recent call last):
  File "/home/airflow/.local/lib/python3.10/site-packages/airflow/models/dagbag.py", line 351, in parse
    loader.exec_module(new_module)
  File "<frozen importlib._bootstrap_external>", line 879, in exec_module
  File "<frozen importlib._bootstrap_external>", line 1017, in get_code
  File "<frozen importlib._bootstrap_external>", line 947, in source_to_code
  File "<frozen importlib._bootstrap>", line 241, in _call_with_frames_removed
  File "/opt/airflow/dags/main.py", line 23
    )
     ^
SyntaxError: expected ':'
[2026-09-23T16:13:32.297+0000] {processor.py:842} WARNING - No viable dags retrieved from /opt/airflow/dags/main.py
[2026-09-23T16:13:32.320+0000] {processor.py:183} INFO - Processing /opt/airflow/dags/main.py took 0.081 seconds
[2026-09-23T16:13:33.322+0000] {processor.py:161} INFO - Started process (PID=393) to work on /opt/airflow/dags/main.py
[2026-09-23T16:13:33.326+0000] {processor.py:830} INFO - Processing file /opt/airflow/dags/main.py for tasks to queue
[2026-09-23T16:13:33.335+0000] {logging_mixin.py:188} INFO - [2026-09-23T16:13:33.333+0000] {dagbag.py:545} INFO - Filling up the DagBag from /opt/airflow/dags/main.py
[2026-09-23T16:13:33.409+0000] {logging_mixin.py:188} INFO - [2026-09-23T16:13:33.407+0000] {dagbag.py:355} ERROR - Failed to import: /opt/airflow/dags/main.py
Traceback (most recent call last):
  File "/home/airflow/.local/lib/python3.10/site-packages/airflow/models/dagbag.py", line 351, in parse
    loader.exec_module(new_module)
  File "<frozen importlib._bootstrap_external>", line 879, in exec_module
  File "<frozen importlib._bootstrap_external>", line 1017, in get_code
  File "<frozen importlib._bootstrap_external>", line 947, in source_to_code
  File "<frozen importlib._bootstrap>", line 241, in _call_with_frames_removed
  File "/opt/airflow/dags/main.py", line 23
    )
     ^
SyntaxError: expected ':'
[2026-09-23T16:13:33.413+0000] {processor.py:842} WARNING - No viable dags retrieved from /opt/airflow/dags/main.py
[2026-09-23T16:13:33.453+0000] {processor.py:183} INFO - Processing /opt/airflow/dags/main.py took 0.144 seconds
[2026-09-23T16:13:36.474+0000] {processor.py:161} INFO - Started process (PID=394) to work on /opt/airflow/dags/main.py
[2026-09-23T16:13:36.477+0000] {processor.py:830} INFO - Processing file /opt/airflow/dags/main.py for tasks to queue
[2026-09-23T16:13:36.481+0000] {logging_mixin.py:188} INFO - [2026-09-23T16:13:36.481+0000] {dagbag.py:545} INFO - Filling up the DagBag from /opt/airflow/dags/main.py
[2026-09-23T16:13:36.546+0000] {logging_mixin.py:188} INFO - [2026-09-23T16:13:36.544+0000] {dagbag.py:355} ERROR - Failed to import: /opt/airflow/dags/main.py
Traceback (most recent call last):
  File "/home/airflow/.local/lib/python3.10/site-packages/airflow/models/dagbag.py", line 351, in parse
    loader.exec_module(new_module)
  File "<frozen importlib._bootstrap_external>", line 879, in exec_module
  File "<frozen importlib._bootstrap_external>", line 1017, in get_code
  File "<frozen importlib._bootstrap_external>", line 947, in source_to_code
  File "<frozen importlib._bootstrap>", line 241, in _call_with_frames_removed
  File "/opt/airflow/dags/main.py", line 23
    )
     ^
SyntaxError: expected ':'
[2026-09-23T16:13:36.550+0000] {processor.py:842} WARNING - No viable dags retrieved from /opt/airflow/dags/main.py
[2026-09-23T16:13:36.631+0000] {processor.py:183} INFO - Processing /opt/airflow/dags/main.py took 0.164 seconds
[2026-09-23T16:14:00.849+0000] {processor.py:161} INFO - Started process (PID=401) to work on /opt/airflow/dags/main.py
[2026-09-23T16:14:00.853+0000] {processor.py:830} INFO - Processing file /opt/airflow/dags/main.py for tasks to queue
[2026-09-23T16:14:00.861+0000] {logging_mixin.py:188} INFO - [2026-09-23T16:14:00.860+0000] {dagbag.py:545} INFO - Filling up the DagBag from /opt/airflow/dags/main.py
[2026-09-23T16:14:00.922+0000] {logging_mixin.py:188} INFO - [2026-09-23T16:14:00.919+0000] {dagbag.py:355} ERROR - Failed to import: /opt/airflow/dags/main.py
Traceback (most recent call last):
  File "/home/airflow/.local/lib/python3.10/site-packages/airflow/models/dagbag.py", line 351, in parse
    loader.exec_module(new_module)
  File "<frozen importlib._bootstrap_external>", line 879, in exec_module
  File "<frozen importlib._bootstrap_external>", line 1017, in get_code
  File "<frozen importlib._bootstrap_external>", line 947, in source_to_code
  File "<frozen importlib._bootstrap>", line 241, in _call_with_frames_removed
  File "/opt/airflow/dags/main.py", line 24
    )
    ^
SyntaxError: positional argument follows keyword argument
[2026-09-23T16:14:00.928+0000] {processor.py:842} WARNING - No viable dags retrieved from /opt/airflow/dags/main.py
[2026-09-23T16:14:01.031+0000] {processor.py:183} INFO - Processing /opt/airflow/dags/main.py took 0.213 seconds
[2026-09-23T16:14:02.037+0000] {processor.py:161} INFO - Started process (PID=402) to work on /opt/airflow/dags/main.py
[2026-09-23T16:14:02.041+0000] {processor.py:830} INFO - Processing file /opt/airflow/dags/main.py for tasks to queue
[2026-09-23T16:14:02.045+0000] {logging_mixin.py:188} INFO - [2026-09-23T16:14:02.044+0000] {dagbag.py:545} INFO - Filling up the DagBag from /opt/airflow/dags/main.py
[2026-09-23T16:14:02.085+0000] {logging_mixin.py:188} INFO - [2026-09-23T16:14:02.083+0000] {dagbag.py:355} ERROR - Failed to import: /opt/airflow/dags/main.py
Traceback (most recent call last):
  File "/home/airflow/.local/lib/python3.10/site-packages/airflow/models/dagbag.py", line 351, in parse
    loader.exec_module(new_module)
  File "<frozen importlib._bootstrap_external>", line 879, in exec_module
  File "<frozen importlib._bootstrap_external>", line 1017, in get_code
  File "<frozen importlib._bootstrap_external>", line 947, in source_to_code
  File "<frozen importlib._bootstrap>", line 241, in _call_with_frames_removed
  File "/opt/airflow/dags/main.py", line 24
    )
    ^
SyntaxError: positional argument follows keyword argument
[2026-09-23T16:14:02.087+0000] {processor.py:842} WARNING - No viable dags retrieved from /opt/airflow/dags/main.py
[2026-09-23T16:14:02.118+0000] {processor.py:183} INFO - Processing /opt/airflow/dags/main.py took 0.089 seconds
[2026-09-23T16:14:05.162+0000] {processor.py:161} INFO - Started process (PID=403) to work on /opt/airflow/dags/main.py
[2026-09-23T16:14:05.166+0000] {processor.py:830} INFO - Processing file /opt/airflow/dags/main.py for tasks to queue
[2026-09-23T16:14:05.170+0000] {logging_mixin.py:188} INFO - [2026-09-23T16:14:05.170+0000] {dagbag.py:545} INFO - Filling up the DagBag from /opt/airflow/dags/main.py
[2026-09-23T16:14:05.211+0000] {logging_mixin.py:188} INFO - [2026-09-23T16:14:05.210+0000] {dagbag.py:355} ERROR - Failed to import: /opt/airflow/dags/main.py
Traceback (most recent call last):
  File "/home/airflow/.local/lib/python3.10/site-packages/airflow/models/dagbag.py", line 351, in parse
    loader.exec_module(new_module)
  File "<frozen importlib._bootstrap_external>", line 879, in exec_module
  File "<frozen importlib._bootstrap_external>", line 1017, in get_code
  File "<frozen importlib._bootstrap_external>", line 947, in source_to_code
  File "<frozen importlib._bootstrap>", line 241, in _call_with_frames_removed
  File "/opt/airflow/dags/main.py", line 24
    )
     ^
SyntaxError: expected ':'
[2026-09-23T16:14:05.213+0000] {processor.py:842} WARNING - No viable dags retrieved from /opt/airflow/dags/main.py
[2026-09-23T16:14:05.246+0000] {processor.py:183} INFO - Processing /opt/airflow/dags/main.py took 0.091 seconds
[2026-09-23T16:14:06.270+0000] {processor.py:161} INFO - Started process (PID=404) to work on /opt/airflow/dags/main.py
[2026-09-23T16:14:06.273+0000] {processor.py:830} INFO - Processing file /opt/airflow/dags/main.py for tasks to queue
[2026-09-23T16:14:06.276+0000] {logging_mixin.py:188} INFO - [2026-09-23T16:14:06.276+0000] {dagbag.py:545} INFO - Filling up the DagBag from /opt/airflow/dags/main.py
[2026-09-23T16:14:06.325+0000] {logging_mixin.py:188} INFO - [2026-09-23T16:14:06.324+0000] {dagbag.py:355} ERROR - Failed to import: /opt/airflow/dags/main.py
Traceback (most recent call last):
  File "/home/airflow/.local/lib/python3.10/site-packages/airflow/models/dagbag.py", line 351, in parse
    loader.exec_module(new_module)
  File "<frozen importlib._bootstrap_external>", line 879, in exec_module
  File "<frozen importlib._bootstrap_external>", line 1017, in get_code
  File "<frozen importlib._bootstrap_external>", line 947, in source_to_code
  File "<frozen importlib._bootstrap>", line 241, in _call_with_frames_removed
  File "/opt/airflow/dags/main.py", line 24
    )
     ^
SyntaxError: expected ':'
[2026-09-23T16:14:06.328+0000] {processor.py:842} WARNING - No viable dags retrieved from /opt/airflow/dags/main.py
[2026-09-23T16:14:06.348+0000] {processor.py:183} INFO - Processing /opt/airflow/dags/main.py took 0.087 seconds
[2026-09-23T16:14:07.350+0000] {processor.py:161} INFO - Started process (PID=405) to work on /opt/airflow/dags/main.py
[2026-09-23T16:14:07.353+0000] {processor.py:830} INFO - Processing file /opt/airflow/dags/main.py for tasks to queue
[2026-09-23T16:14:07.359+0000] {logging_mixin.py:188} INFO - [2026-09-23T16:14:07.358+0000] {dagbag.py:545} INFO - Filling up the DagBag from /opt/airflow/dags/main.py
[2026-09-23T16:14:07.409+0000] {logging_mixin.py:188} INFO - [2026-09-23T16:14:07.409+0000] {dagbag.py:355} ERROR - Failed to import: /opt/airflow/dags/main.py
Traceback (most recent call last):
  File "/home/airflow/.local/lib/python3.10/site-packages/airflow/models/dagbag.py", line 351, in parse
    loader.exec_module(new_module)
  File "<frozen importlib._bootstrap_external>", line 879, in exec_module
  File "<frozen importlib._bootstrap_external>", line 1017, in get_code
  File "<frozen importlib._bootstrap_external>", line 947, in source_to_code
  File "<frozen importlib._bootstrap>", line 241, in _call_with_frames_removed
  File "/opt/airflow/dags/main.py", line 24
    )
     ^
SyntaxError: expected ':'
[2026-09-23T16:14:07.411+0000] {processor.py:842} WARNING - No viable dags retrieved from /opt/airflow/dags/main.py
[2026-09-23T16:14:07.438+0000] {processor.py:183} INFO - Processing /opt/airflow/dags/main.py took 0.095 seconds
[2026-09-23T16:14:09.547+0000] {processor.py:161} INFO - Started process (PID=406) to work on /opt/airflow/dags/main.py
[2026-09-23T16:14:09.551+0000] {processor.py:830} INFO - Processing file /opt/airflow/dags/main.py for tasks to queue
[2026-09-23T16:14:09.556+0000] {logging_mixin.py:188} INFO - [2026-09-23T16:14:09.556+0000] {dagbag.py:545} INFO - Filling up the DagBag from /opt/airflow/dags/main.py
[2026-09-23T16:14:09.618+0000] {logging_mixin.py:188} INFO - [2026-09-23T16:14:09.617+0000] {dagbag.py:355} ERROR - Failed to import: /opt/airflow/dags/main.py
Traceback (most recent call last):
  File "/home/airflow/.local/lib/python3.10/site-packages/airflow/models/dagbag.py", line 351, in parse
    loader.exec_module(new_module)
  File "<frozen importlib._bootstrap_external>", line 879, in exec_module
  File "<frozen importlib._bootstrap_external>", line 1017, in get_code
  File "<frozen importlib._bootstrap_external>", line 947, in source_to_code
  File "<frozen importlib._bootstrap>", line 241, in _call_with_frames_removed
  File "/opt/airflow/dags/main.py", line 24
    ) as dag
            ^
SyntaxError: expected ':'
[2026-09-23T16:14:09.621+0000] {processor.py:842} WARNING - No viable dags retrieved from /opt/airflow/dags/main.py
[2026-09-23T16:14:09.644+0000] {processor.py:183} INFO - Processing /opt/airflow/dags/main.py took 0.104 seconds
[2026-09-23T16:14:11.600+0000] {processor.py:161} INFO - Started process (PID=407) to work on /opt/airflow/dags/main.py
[2026-09-23T16:14:11.603+0000] {processor.py:830} INFO - Processing file /opt/airflow/dags/main.py for tasks to queue
[2026-09-23T16:14:11.607+0000] {logging_mixin.py:188} INFO - [2026-09-23T16:14:11.607+0000] {dagbag.py:545} INFO - Filling up the DagBag from /opt/airflow/dags/main.py
[2026-09-23T16:14:11.652+0000] {logging_mixin.py:188} INFO - [2026-09-23T16:14:11.651+0000] {dagbag.py:355} ERROR - Failed to import: /opt/airflow/dags/main.py
Traceback (most recent call last):
  File "/home/airflow/.local/lib/python3.10/site-packages/airflow/models/dagbag.py", line 351, in parse
    loader.exec_module(new_module)
  File "<frozen importlib._bootstrap_external>", line 879, in exec_module
  File "<frozen importlib._bootstrap_external>", line 1017, in get_code
  File "<frozen importlib._bootstrap_external>", line 947, in source_to_code
  File "<frozen importlib._bootstrap>", line 241, in _call_with_frames_removed
  File "/opt/airflow/dags/main.py", line 25
    
    ^
IndentationError: expected an indented block after 'with' statement on line 18
[2026-09-23T16:14:11.654+0000] {processor.py:842} WARNING - No viable dags retrieved from /opt/airflow/dags/main.py
[2026-09-23T16:14:11.680+0000] {processor.py:183} INFO - Processing /opt/airflow/dags/main.py took 0.097 seconds
[2026-09-23T16:14:15.784+0000] {processor.py:161} INFO - Started process (PID=408) to work on /opt/airflow/dags/main.py
[2026-09-23T16:14:15.788+0000] {processor.py:830} INFO - Processing file /opt/airflow/dags/main.py for tasks to queue
[2026-09-23T16:14:15.793+0000] {logging_mixin.py:188} INFO - [2026-09-23T16:14:15.793+0000] {dagbag.py:545} INFO - Filling up the DagBag from /opt/airflow/dags/main.py
[2026-09-23T16:14:15.986+0000] {logging_mixin.py:188} INFO - [2026-09-23T16:14:15.969+0000] {dagbag.py:355} ERROR - Failed to import: /opt/airflow/dags/main.py
Traceback (most recent call last):
  File "/home/airflow/.local/lib/python3.10/site-packages/airflow/models/dagbag.py", line 351, in parse
    loader.exec_module(new_module)
  File "<frozen importlib._bootstrap_external>", line 883, in exec_module
  File "<frozen importlib._bootstrap>", line 241, in _call_with_frames_removed
  File "/opt/airflow/dags/main.py", line 4, in <module>
    from api.video_stats import get_playlist_id, get_video_ids, extract_video_data, save_to_json
  File "/opt/airflow/dags/api/video_stats.py", line 11, in <module>
    CHANNEL = Variable.get('MrBeast')
  File "/home/airflow/.local/lib/python3.10/site-packages/airflow/models/variable.py", line 143, in get
    raise KeyError(f"Variable {key} does not exist")
KeyError: 'Variable MrBeast does not exist'
[2026-09-23T16:14:15.992+0000] {processor.py:842} WARNING - No viable dags retrieved from /opt/airflow/dags/main.py
[2026-09-23T16:14:16.005+0000] {processor.py:183} INFO - Processing /opt/airflow/dags/main.py took 0.228 seconds
[2026-09-23T16:14:17.843+0000] {processor.py:161} INFO - Started process (PID=409) to work on /opt/airflow/dags/main.py
[2026-09-23T16:14:17.846+0000] {processor.py:830} INFO - Processing file /opt/airflow/dags/main.py for tasks to queue
[2026-09-23T16:14:17.851+0000] {logging_mixin.py:188} INFO - [2026-09-23T16:14:17.850+0000] {dagbag.py:545} INFO - Filling up the DagBag from /opt/airflow/dags/main.py
[2026-09-23T16:14:17.908+0000] {logging_mixin.py:188} INFO - [2026-09-23T16:14:17.906+0000] {dagbag.py:355} ERROR - Failed to import: /opt/airflow/dags/main.py
Traceback (most recent call last):
  File "/home/airflow/.local/lib/python3.10/site-packages/airflow/models/dagbag.py", line 351, in parse
    loader.exec_module(new_module)
  File "<frozen importlib._bootstrap_external>", line 879, in exec_module
  File "<frozen importlib._bootstrap_external>", line 1017, in get_code
  File "<frozen importlib._bootstrap_external>", line 947, in source_to_code
  File "<frozen importlib._bootstrap>", line 241, in _call_with_frames_removed
  File "/opt/airflow/dags/main.py", line 25
    get_playlist_id = 
                      ^
SyntaxError: invalid syntax
[2026-09-23T16:14:17.910+0000] {processor.py:842} WARNING - No viable dags retrieved from /opt/airflow/dags/main.py
[2026-09-23T16:14:17.940+0000] {processor.py:183} INFO - Processing /opt/airflow/dags/main.py took 0.103 seconds
[2026-09-23T16:14:24.936+0000] {processor.py:161} INFO - Started process (PID=410) to work on /opt/airflow/dags/main.py
[2026-09-23T16:14:24.939+0000] {processor.py:830} INFO - Processing file /opt/airflow/dags/main.py for tasks to queue
[2026-09-23T16:14:24.945+0000] {logging_mixin.py:188} INFO - [2026-09-23T16:14:24.944+0000] {dagbag.py:545} INFO - Filling up the DagBag from /opt/airflow/dags/main.py
[2026-09-23T16:14:25.152+0000] {logging_mixin.py:188} INFO - [2026-09-23T16:14:25.128+0000] {dagbag.py:355} ERROR - Failed to import: /opt/airflow/dags/main.py
Traceback (most recent call last):
  File "/home/airflow/.local/lib/python3.10/site-packages/airflow/models/dagbag.py", line 351, in parse
    loader.exec_module(new_module)
  File "<frozen importlib._bootstrap_external>", line 883, in exec_module
  File "<frozen importlib._bootstrap>", line 241, in _call_with_frames_removed
  File "/opt/airflow/dags/main.py", line 4, in <module>
    from api.video_stats import get_playlist_id, get_video_ids, extract_video_data, save_to_json
  File "/opt/airflow/dags/api/video_stats.py", line 11, in <module>
    CHANNEL = Variable.get('MrBeast')
  File "/home/airflow/.local/lib/python3.10/site-packages/airflow/models/variable.py", line 143, in get
    raise KeyError(f"Variable {key} does not exist")
KeyError: 'Variable MrBeast does not exist'
[2026-09-23T16:14:25.160+0000] {processor.py:842} WARNING - No viable dags retrieved from /opt/airflow/dags/main.py
[2026-09-23T16:14:25.183+0000] {processor.py:183} INFO - Processing /opt/airflow/dags/main.py took 0.254 seconds
[2026-09-23T16:14:30.209+0000] {processor.py:161} INFO - Started process (PID=417) to work on /opt/airflow/dags/main.py
[2026-09-23T16:14:30.215+0000] {processor.py:830} INFO - Processing file /opt/airflow/dags/main.py for tasks to queue
[2026-09-23T16:14:30.222+0000] {logging_mixin.py:188} INFO - [2026-09-23T16:14:30.222+0000] {dagbag.py:545} INFO - Filling up the DagBag from /opt/airflow/dags/main.py
[2026-09-23T16:14:30.418+0000] {logging_mixin.py:188} INFO - [2026-09-23T16:14:30.403+0000] {dagbag.py:355} ERROR - Failed to import: /opt/airflow/dags/main.py
Traceback (most recent call last):
  File "/home/airflow/.local/lib/python3.10/site-packages/airflow/models/dagbag.py", line 351, in parse
    loader.exec_module(new_module)
  File "<frozen importlib._bootstrap_external>", line 883, in exec_module
  File "<frozen importlib._bootstrap>", line 241, in _call_with_frames_removed
  File "/opt/airflow/dags/main.py", line 4, in <module>
    from api.video_stats import get_playlist_id, get_video_ids, extract_video_data, save_to_json
  File "/opt/airflow/dags/api/video_stats.py", line 11, in <module>
    CHANNEL = Variable.get('MrBeast')
  File "/home/airflow/.local/lib/python3.10/site-packages/airflow/models/variable.py", line 143, in get
    raise KeyError(f"Variable {key} does not exist")
KeyError: 'Variable MrBeast does not exist'
[2026-09-23T16:14:30.424+0000] {processor.py:842} WARNING - No viable dags retrieved from /opt/airflow/dags/main.py
[2026-09-23T16:14:30.437+0000] {processor.py:183} INFO - Processing /opt/airflow/dags/main.py took 0.253 seconds
[2026-09-23T16:14:31.367+0000] {processor.py:161} INFO - Started process (PID=418) to work on /opt/airflow/dags/main.py
[2026-09-23T16:14:31.372+0000] {processor.py:830} INFO - Processing file /opt/airflow/dags/main.py for tasks to queue
[2026-09-23T16:14:31.382+0000] {logging_mixin.py:188} INFO - [2026-09-23T16:14:31.381+0000] {dagbag.py:545} INFO - Filling up the DagBag from /opt/airflow/dags/main.py
[2026-09-23T16:14:31.559+0000] {logging_mixin.py:188} INFO - [2026-09-23T16:14:31.530+0000] {dagbag.py:355} ERROR - Failed to import: /opt/airflow/dags/main.py
Traceback (most recent call last):
  File "/home/airflow/.local/lib/python3.10/site-packages/airflow/models/dagbag.py", line 351, in parse
    loader.exec_module(new_module)
  File "<frozen importlib._bootstrap_external>", line 883, in exec_module
  File "<frozen importlib._bootstrap>", line 241, in _call_with_frames_removed
  File "/opt/airflow/dags/main.py", line 4, in <module>
    from api.video_stats import get_playlist_id, get_video_ids, extract_video_data, save_to_json
  File "/opt/airflow/dags/api/video_stats.py", line 11, in <module>
    CHANNEL = Variable.get('MrBeast')
  File "/home/airflow/.local/lib/python3.10/site-packages/airflow/models/variable.py", line 143, in get
    raise KeyError(f"Variable {key} does not exist")
KeyError: 'Variable MrBeast does not exist'
[2026-09-23T16:14:31.565+0000] {processor.py:842} WARNING - No viable dags retrieved from /opt/airflow/dags/main.py
[2026-09-23T16:14:31.578+0000] {processor.py:183} INFO - Processing /opt/airflow/dags/main.py took 0.237 seconds
[2026-09-23T16:14:33.549+0000] {processor.py:161} INFO - Started process (PID=419) to work on /opt/airflow/dags/main.py
[2026-09-23T16:14:33.551+0000] {processor.py:830} INFO - Processing file /opt/airflow/dags/main.py for tasks to queue
[2026-09-23T16:14:33.556+0000] {logging_mixin.py:188} INFO - [2026-09-23T16:14:33.555+0000] {dagbag.py:545} INFO - Filling up the DagBag from /opt/airflow/dags/main.py
[2026-09-23T16:14:33.727+0000] {logging_mixin.py:188} INFO - [2026-09-23T16:14:33.703+0000] {dagbag.py:355} ERROR - Failed to import: /opt/airflow/dags/main.py
Traceback (most recent call last):
  File "/home/airflow/.local/lib/python3.10/site-packages/airflow/models/dagbag.py", line 351, in parse
    loader.exec_module(new_module)
  File "<frozen importlib._bootstrap_external>", line 883, in exec_module
  File "<frozen importlib._bootstrap>", line 241, in _call_with_frames_removed
  File "/opt/airflow/dags/main.py", line 4, in <module>
    from api.video_stats import get_playlist_id, get_video_ids, extract_video_data, save_to_json
  File "/opt/airflow/dags/api/video_stats.py", line 11, in <module>
    CHANNEL = Variable.get('MrBeast')
  File "/home/airflow/.local/lib/python3.10/site-packages/airflow/models/variable.py", line 143, in get
    raise KeyError(f"Variable {key} does not exist")
KeyError: 'Variable MrBeast does not exist'
[2026-09-23T16:14:33.734+0000] {processor.py:842} WARNING - No viable dags retrieved from /opt/airflow/dags/main.py
[2026-09-23T16:14:33.803+0000] {processor.py:183} INFO - Processing /opt/airflow/dags/main.py took 0.267 seconds
[2026-09-23T16:14:35.731+0000] {processor.py:161} INFO - Started process (PID=420) to work on /opt/airflow/dags/main.py
[2026-09-23T16:14:35.735+0000] {processor.py:830} INFO - Processing file /opt/airflow/dags/main.py for tasks to queue
[2026-09-23T16:14:35.749+0000] {logging_mixin.py:188} INFO - [2026-09-23T16:14:35.748+0000] {dagbag.py:545} INFO - Filling up the DagBag from /opt/airflow/dags/main.py
[2026-09-23T16:14:35.990+0000] {logging_mixin.py:188} INFO - [2026-09-23T16:14:35.968+0000] {dagbag.py:355} ERROR - Failed to import: /opt/airflow/dags/main.py
Traceback (most recent call last):
  File "/home/airflow/.local/lib/python3.10/site-packages/airflow/models/dagbag.py", line 351, in parse
    loader.exec_module(new_module)
  File "<frozen importlib._bootstrap_external>", line 883, in exec_module
  File "<frozen importlib._bootstrap>", line 241, in _call_with_frames_removed
  File "/opt/airflow/dags/main.py", line 4, in <module>
    from api.video_stats import get_playlist_id, get_video_ids, extract_video_data, save_to_json
  File "/opt/airflow/dags/api/video_stats.py", line 11, in <module>
    CHANNEL = Variable.get('MrBeast')
  File "/home/airflow/.local/lib/python3.10/site-packages/airflow/models/variable.py", line 143, in get
    raise KeyError(f"Variable {key} does not exist")
KeyError: 'Variable MrBeast does not exist'
[2026-09-23T16:14:35.995+0000] {processor.py:842} WARNING - No viable dags retrieved from /opt/airflow/dags/main.py
[2026-09-23T16:14:36.009+0000] {processor.py:183} INFO - Processing /opt/airflow/dags/main.py took 0.285 seconds
[2026-09-23T16:14:40.018+0000] {processor.py:161} INFO - Started process (PID=421) to work on /opt/airflow/dags/main.py
[2026-09-23T16:14:40.024+0000] {processor.py:830} INFO - Processing file /opt/airflow/dags/main.py for tasks to queue
[2026-09-23T16:14:40.030+0000] {logging_mixin.py:188} INFO - [2026-09-23T16:14:40.029+0000] {dagbag.py:545} INFO - Filling up the DagBag from /opt/airflow/dags/main.py
[2026-09-23T16:14:40.349+0000] {logging_mixin.py:188} INFO - [2026-09-23T16:14:40.327+0000] {dagbag.py:355} ERROR - Failed to import: /opt/airflow/dags/main.py
Traceback (most recent call last):
  File "/home/airflow/.local/lib/python3.10/site-packages/airflow/models/dagbag.py", line 351, in parse
    loader.exec_module(new_module)
  File "<frozen importlib._bootstrap_external>", line 883, in exec_module
  File "<frozen importlib._bootstrap>", line 241, in _call_with_frames_removed
  File "/opt/airflow/dags/main.py", line 4, in <module>
    from api.video_stats import get_playlist_id, get_video_ids, extract_video_data, save_to_json
  File "/opt/airflow/dags/api/video_stats.py", line 11, in <module>
    CHANNEL = Variable.get('MrBeast')
  File "/home/airflow/.local/lib/python3.10/site-packages/airflow/models/variable.py", line 143, in get
    raise KeyError(f"Variable {key} does not exist")
KeyError: 'Variable MrBeast does not exist'
[2026-09-23T16:14:40.364+0000] {processor.py:842} WARNING - No viable dags retrieved from /opt/airflow/dags/main.py
[2026-09-23T16:14:40.393+0000] {processor.py:183} INFO - Processing /opt/airflow/dags/main.py took 0.398 seconds
[2026-09-23T16:14:41.195+0000] {processor.py:161} INFO - Started process (PID=422) to work on /opt/airflow/dags/main.py
[2026-09-23T16:14:41.201+0000] {processor.py:830} INFO - Processing file /opt/airflow/dags/main.py for tasks to queue
[2026-09-23T16:14:41.207+0000] {logging_mixin.py:188} INFO - [2026-09-23T16:14:41.206+0000] {dagbag.py:545} INFO - Filling up the DagBag from /opt/airflow/dags/main.py
[2026-09-23T16:14:41.413+0000] {logging_mixin.py:188} INFO - [2026-09-23T16:14:41.394+0000] {dagbag.py:355} ERROR - Failed to import: /opt/airflow/dags/main.py
Traceback (most recent call last):
  File "/home/airflow/.local/lib/python3.10/site-packages/airflow/models/dagbag.py", line 351, in parse
    loader.exec_module(new_module)
  File "<frozen importlib._bootstrap_external>", line 883, in exec_module
  File "<frozen importlib._bootstrap>", line 241, in _call_with_frames_removed
  File "/opt/airflow/dags/main.py", line 4, in <module>
    from api.video_stats import get_playlist_id, get_video_ids, extract_video_data, save_to_json
  File "/opt/airflow/dags/api/video_stats.py", line 11, in <module>
    CHANNEL = Variable.get('MrBeast')
  File "/home/airflow/.local/lib/python3.10/site-packages/airflow/models/variable.py", line 143, in get
    raise KeyError(f"Variable {key} does not exist")
KeyError: 'Variable MrBeast does not exist'
[2026-09-23T16:14:41.419+0000] {processor.py:842} WARNING - No viable dags retrieved from /opt/airflow/dags/main.py
[2026-09-23T16:14:41.434+0000] {processor.py:183} INFO - Processing /opt/airflow/dags/main.py took 0.255 seconds
[2026-09-23T16:14:42.482+0000] {processor.py:161} INFO - Started process (PID=423) to work on /opt/airflow/dags/main.py
[2026-09-23T16:14:42.485+0000] {processor.py:830} INFO - Processing file /opt/airflow/dags/main.py for tasks to queue
[2026-09-23T16:14:42.488+0000] {logging_mixin.py:188} INFO - [2026-09-23T16:14:42.488+0000] {dagbag.py:545} INFO - Filling up the DagBag from /opt/airflow/dags/main.py
[2026-09-23T16:14:42.652+0000] {logging_mixin.py:188} INFO - [2026-09-23T16:14:42.631+0000] {dagbag.py:355} ERROR - Failed to import: /opt/airflow/dags/main.py
Traceback (most recent call last):
  File "/home/airflow/.local/lib/python3.10/site-packages/airflow/models/dagbag.py", line 351, in parse
    loader.exec_module(new_module)
  File "<frozen importlib._bootstrap_external>", line 883, in exec_module
  File "<frozen importlib._bootstrap>", line 241, in _call_with_frames_removed
  File "/opt/airflow/dags/main.py", line 4, in <module>
    from api.video_stats import get_playlist_id, get_video_ids, extract_video_data, save_to_json
  File "/opt/airflow/dags/api/video_stats.py", line 11, in <module>
    CHANNEL = Variable.get('MrBeast')
  File "/home/airflow/.local/lib/python3.10/site-packages/airflow/models/variable.py", line 143, in get
    raise KeyError(f"Variable {key} does not exist")
KeyError: 'Variable MrBeast does not exist'
[2026-09-23T16:14:42.659+0000] {processor.py:842} WARNING - No viable dags retrieved from /opt/airflow/dags/main.py
[2026-09-23T16:14:42.673+0000] {processor.py:183} INFO - Processing /opt/airflow/dags/main.py took 0.198 seconds
[2026-09-23T16:14:44.767+0000] {processor.py:161} INFO - Started process (PID=424) to work on /opt/airflow/dags/main.py
[2026-09-23T16:14:44.770+0000] {processor.py:830} INFO - Processing file /opt/airflow/dags/main.py for tasks to queue
[2026-09-23T16:14:44.775+0000] {logging_mixin.py:188} INFO - [2026-09-23T16:14:44.775+0000] {dagbag.py:545} INFO - Filling up the DagBag from /opt/airflow/dags/main.py
[2026-09-23T16:14:44.953+0000] {logging_mixin.py:188} INFO - [2026-09-23T16:14:44.930+0000] {dagbag.py:355} ERROR - Failed to import: /opt/airflow/dags/main.py
Traceback (most recent call last):
  File "/home/airflow/.local/lib/python3.10/site-packages/airflow/models/dagbag.py", line 351, in parse
    loader.exec_module(new_module)
  File "<frozen importlib._bootstrap_external>", line 883, in exec_module
  File "<frozen importlib._bootstrap>", line 241, in _call_with_frames_removed
  File "/opt/airflow/dags/main.py", line 4, in <module>
    from api.video_stats import get_playlist_id, get_video_ids, extract_video_data, save_to_json
  File "/opt/airflow/dags/api/video_stats.py", line 11, in <module>
    CHANNEL = Variable.get('MrBeast')
  File "/home/airflow/.local/lib/python3.10/site-packages/airflow/models/variable.py", line 143, in get
    raise KeyError(f"Variable {key} does not exist")
KeyError: 'Variable MrBeast does not exist'
[2026-09-23T16:14:44.958+0000] {processor.py:842} WARNING - No viable dags retrieved from /opt/airflow/dags/main.py
[2026-09-23T16:14:44.980+0000] {processor.py:183} INFO - Processing /opt/airflow/dags/main.py took 0.218 seconds
[2026-09-23T16:14:46.834+0000] {processor.py:161} INFO - Started process (PID=425) to work on /opt/airflow/dags/main.py
[2026-09-23T16:14:46.839+0000] {processor.py:830} INFO - Processing file /opt/airflow/dags/main.py for tasks to queue
[2026-09-23T16:14:46.851+0000] {logging_mixin.py:188} INFO - [2026-09-23T16:14:46.850+0000] {dagbag.py:545} INFO - Filling up the DagBag from /opt/airflow/dags/main.py
[2026-09-23T16:14:47.083+0000] {logging_mixin.py:188} INFO - [2026-09-23T16:14:47.050+0000] {dagbag.py:355} ERROR - Failed to import: /opt/airflow/dags/main.py
Traceback (most recent call last):
  File "/home/airflow/.local/lib/python3.10/site-packages/airflow/models/dagbag.py", line 351, in parse
    loader.exec_module(new_module)
  File "<frozen importlib._bootstrap_external>", line 883, in exec_module
  File "<frozen importlib._bootstrap>", line 241, in _call_with_frames_removed
  File "/opt/airflow/dags/main.py", line 4, in <module>
    from api.video_stats import get_playlist_id, get_video_ids, extract_video_data, save_to_json
  File "/opt/airflow/dags/api/video_stats.py", line 11, in <module>
    CHANNEL = Variable.get('MrBeast')
  File "/home/airflow/.local/lib/python3.10/site-packages/airflow/models/variable.py", line 143, in get
    raise KeyError(f"Variable {key} does not exist")
KeyError: 'Variable MrBeast does not exist'
[2026-09-23T16:14:47.091+0000] {processor.py:842} WARNING - No viable dags retrieved from /opt/airflow/dags/main.py
[2026-09-23T16:14:47.113+0000] {processor.py:183} INFO - Processing /opt/airflow/dags/main.py took 0.290 seconds
[2026-09-23T16:14:52.159+0000] {processor.py:161} INFO - Started process (PID=426) to work on /opt/airflow/dags/main.py
[2026-09-23T16:14:52.162+0000] {processor.py:830} INFO - Processing file /opt/airflow/dags/main.py for tasks to queue
[2026-09-23T16:14:52.166+0000] {logging_mixin.py:188} INFO - [2026-09-23T16:14:52.166+0000] {dagbag.py:545} INFO - Filling up the DagBag from /opt/airflow/dags/main.py
[2026-09-23T16:14:52.396+0000] {logging_mixin.py:188} INFO - [2026-09-23T16:14:52.378+0000] {dagbag.py:355} ERROR - Failed to import: /opt/airflow/dags/main.py
Traceback (most recent call last):
  File "/home/airflow/.local/lib/python3.10/site-packages/airflow/models/dagbag.py", line 351, in parse
    loader.exec_module(new_module)
  File "<frozen importlib._bootstrap_external>", line 883, in exec_module
  File "<frozen importlib._bootstrap>", line 241, in _call_with_frames_removed
  File "/opt/airflow/dags/main.py", line 4, in <module>
    from api.video_stats import get_playlist_id, get_video_ids, extract_video_data, save_to_json
  File "/opt/airflow/dags/api/video_stats.py", line 11, in <module>
    CHANNEL = Variable.get('MrBeast')
  File "/home/airflow/.local/lib/python3.10/site-packages/airflow/models/variable.py", line 143, in get
    raise KeyError(f"Variable {key} does not exist")
KeyError: 'Variable MrBeast does not exist'
[2026-09-23T16:14:52.403+0000] {processor.py:842} WARNING - No viable dags retrieved from /opt/airflow/dags/main.py
[2026-09-23T16:14:52.418+0000] {processor.py:183} INFO - Processing /opt/airflow/dags/main.py took 0.265 seconds
[2026-09-23T16:14:57.498+0000] {processor.py:161} INFO - Started process (PID=427) to work on /opt/airflow/dags/main.py
[2026-09-23T16:14:57.500+0000] {processor.py:830} INFO - Processing file /opt/airflow/dags/main.py for tasks to queue
[2026-09-23T16:14:57.506+0000] {logging_mixin.py:188} INFO - [2026-09-23T16:14:57.506+0000] {dagbag.py:545} INFO - Filling up the DagBag from /opt/airflow/dags/main.py
[2026-09-23T16:14:57.711+0000] {logging_mixin.py:188} INFO - [2026-09-23T16:14:57.688+0000] {dagbag.py:355} ERROR - Failed to import: /opt/airflow/dags/main.py
Traceback (most recent call last):
  File "/home/airflow/.local/lib/python3.10/site-packages/airflow/models/dagbag.py", line 351, in parse
    loader.exec_module(new_module)
  File "<frozen importlib._bootstrap_external>", line 883, in exec_module
  File "<frozen importlib._bootstrap>", line 241, in _call_with_frames_removed
  File "/opt/airflow/dags/main.py", line 4, in <module>
    from api.video_stats import get_playlist_id, get_video_ids, extract_video_data, save_to_json
  File "/opt/airflow/dags/api/video_stats.py", line 11, in <module>
    CHANNEL = Variable.get('MrBeast')
  File "/home/airflow/.local/lib/python3.10/site-packages/airflow/models/variable.py", line 143, in get
    raise KeyError(f"Variable {key} does not exist")
KeyError: 'Variable MrBeast does not exist'
[2026-09-23T16:14:57.718+0000] {processor.py:842} WARNING - No viable dags retrieved from /opt/airflow/dags/main.py
[2026-09-23T16:14:57.733+0000] {processor.py:183} INFO - Processing /opt/airflow/dags/main.py took 0.240 seconds
[2026-09-23T16:15:01.671+0000] {processor.py:161} INFO - Started process (PID=434) to work on /opt/airflow/dags/main.py
[2026-09-23T16:15:01.680+0000] {processor.py:830} INFO - Processing file /opt/airflow/dags/main.py for tasks to queue
[2026-09-23T16:15:01.690+0000] {logging_mixin.py:188} INFO - [2026-09-23T16:15:01.689+0000] {dagbag.py:545} INFO - Filling up the DagBag from /opt/airflow/dags/main.py
[2026-09-23T16:15:02.119+0000] {logging_mixin.py:188} INFO - [2026-09-23T16:15:02.088+0000] {dagbag.py:355} ERROR - Failed to import: /opt/airflow/dags/main.py
Traceback (most recent call last):
  File "/home/airflow/.local/lib/python3.10/site-packages/airflow/models/dagbag.py", line 351, in parse
    loader.exec_module(new_module)
  File "<frozen importlib._bootstrap_external>", line 883, in exec_module
  File "<frozen importlib._bootstrap>", line 241, in _call_with_frames_removed
  File "/opt/airflow/dags/main.py", line 4, in <module>
    from api.video_stats import get_playlist_id, get_video_ids, extract_video_data, save_to_json
  File "/opt/airflow/dags/api/video_stats.py", line 11, in <module>
    CHANNEL = Variable.get('MrBeast')
  File "/home/airflow/.local/lib/python3.10/site-packages/airflow/models/variable.py", line 143, in get
    raise KeyError(f"Variable {key} does not exist")
KeyError: 'Variable MrBeast does not exist'
[2026-09-23T16:15:02.124+0000] {processor.py:842} WARNING - No viable dags retrieved from /opt/airflow/dags/main.py
[2026-09-23T16:15:02.144+0000] {processor.py:183} INFO - Processing /opt/airflow/dags/main.py took 0.524 seconds
[2026-09-23T16:15:02.922+0000] {processor.py:161} INFO - Started process (PID=435) to work on /opt/airflow/dags/main.py
[2026-09-23T16:15:02.925+0000] {processor.py:830} INFO - Processing file /opt/airflow/dags/main.py for tasks to queue
[2026-09-23T16:15:02.929+0000] {logging_mixin.py:188} INFO - [2026-09-23T16:15:02.928+0000] {dagbag.py:545} INFO - Filling up the DagBag from /opt/airflow/dags/main.py
[2026-09-23T16:15:03.102+0000] {logging_mixin.py:188} INFO - [2026-09-23T16:15:03.077+0000] {dagbag.py:355} ERROR - Failed to import: /opt/airflow/dags/main.py
Traceback (most recent call last):
  File "/home/airflow/.local/lib/python3.10/site-packages/airflow/models/dagbag.py", line 351, in parse
    loader.exec_module(new_module)
  File "<frozen importlib._bootstrap_external>", line 883, in exec_module
  File "<frozen importlib._bootstrap>", line 241, in _call_with_frames_removed
  File "/opt/airflow/dags/main.py", line 4, in <module>
    from api.video_stats import get_playlist_id, get_video_ids, extract_video_data, save_to_json
  File "/opt/airflow/dags/api/video_stats.py", line 11, in <module>
    CHANNEL = Variable.get('MrBeast')
  File "/home/airflow/.local/lib/python3.10/site-packages/airflow/models/variable.py", line 143, in get
    raise KeyError(f"Variable {key} does not exist")
KeyError: 'Variable MrBeast does not exist'
[2026-09-23T16:15:03.109+0000] {processor.py:842} WARNING - No viable dags retrieved from /opt/airflow/dags/main.py
[2026-09-23T16:15:03.152+0000] {processor.py:183} INFO - Processing /opt/airflow/dags/main.py took 0.238 seconds
[2026-09-23T16:15:05.966+0000] {processor.py:161} INFO - Started process (PID=436) to work on /opt/airflow/dags/main.py
[2026-09-23T16:15:05.970+0000] {processor.py:830} INFO - Processing file /opt/airflow/dags/main.py for tasks to queue
[2026-09-23T16:15:05.976+0000] {logging_mixin.py:188} INFO - [2026-09-23T16:15:05.975+0000] {dagbag.py:545} INFO - Filling up the DagBag from /opt/airflow/dags/main.py
[2026-09-23T16:15:06.159+0000] {logging_mixin.py:188} INFO - [2026-09-23T16:15:06.141+0000] {dagbag.py:355} ERROR - Failed to import: /opt/airflow/dags/main.py
Traceback (most recent call last):
  File "/home/airflow/.local/lib/python3.10/site-packages/airflow/models/dagbag.py", line 351, in parse
    loader.exec_module(new_module)
  File "<frozen importlib._bootstrap_external>", line 883, in exec_module
  File "<frozen importlib._bootstrap>", line 241, in _call_with_frames_removed
  File "/opt/airflow/dags/main.py", line 4, in <module>
    from api.video_stats import get_playlist_id, get_video_ids, extract_video_data, save_to_json
  File "/opt/airflow/dags/api/video_stats.py", line 11, in <module>
    CHANNEL = Variable.get('MrBeast')
  File "/home/airflow/.local/lib/python3.10/site-packages/airflow/models/variable.py", line 143, in get
    raise KeyError(f"Variable {key} does not exist")
KeyError: 'Variable MrBeast does not exist'
[2026-09-23T16:15:06.165+0000] {processor.py:842} WARNING - No viable dags retrieved from /opt/airflow/dags/main.py
[2026-09-23T16:15:06.179+0000] {processor.py:183} INFO - Processing /opt/airflow/dags/main.py took 0.222 seconds
[2026-09-23T16:15:08.008+0000] {processor.py:161} INFO - Started process (PID=437) to work on /opt/airflow/dags/main.py
[2026-09-23T16:15:08.011+0000] {processor.py:830} INFO - Processing file /opt/airflow/dags/main.py for tasks to queue
[2026-09-23T16:15:08.015+0000] {logging_mixin.py:188} INFO - [2026-09-23T16:15:08.015+0000] {dagbag.py:545} INFO - Filling up the DagBag from /opt/airflow/dags/main.py
[2026-09-23T16:15:08.204+0000] {logging_mixin.py:188} INFO - [2026-09-23T16:15:08.185+0000] {dagbag.py:355} ERROR - Failed to import: /opt/airflow/dags/main.py
Traceback (most recent call last):
  File "/home/airflow/.local/lib/python3.10/site-packages/airflow/models/dagbag.py", line 351, in parse
    loader.exec_module(new_module)
  File "<frozen importlib._bootstrap_external>", line 883, in exec_module
  File "<frozen importlib._bootstrap>", line 241, in _call_with_frames_removed
  File "/opt/airflow/dags/main.py", line 4, in <module>
    from api.video_stats import get_playlist_id, get_video_ids, extract_video_data, save_to_json
  File "/opt/airflow/dags/api/video_stats.py", line 11, in <module>
    CHANNEL = Variable.get('MrBeast')
  File "/home/airflow/.local/lib/python3.10/site-packages/airflow/models/variable.py", line 143, in get
    raise KeyError(f"Variable {key} does not exist")
KeyError: 'Variable MrBeast does not exist'
[2026-09-23T16:15:08.211+0000] {processor.py:842} WARNING - No viable dags retrieved from /opt/airflow/dags/main.py
[2026-09-23T16:15:08.237+0000] {processor.py:183} INFO - Processing /opt/airflow/dags/main.py took 0.236 seconds
[2026-09-23T16:15:12.322+0000] {processor.py:161} INFO - Started process (PID=438) to work on /opt/airflow/dags/main.py
[2026-09-23T16:15:12.326+0000] {processor.py:830} INFO - Processing file /opt/airflow/dags/main.py for tasks to queue
[2026-09-23T16:15:12.342+0000] {logging_mixin.py:188} INFO - [2026-09-23T16:15:12.341+0000] {dagbag.py:545} INFO - Filling up the DagBag from /opt/airflow/dags/main.py
[2026-09-23T16:15:12.519+0000] {logging_mixin.py:188} INFO - [2026-09-23T16:15:12.495+0000] {dagbag.py:355} ERROR - Failed to import: /opt/airflow/dags/main.py
Traceback (most recent call last):
  File "/home/airflow/.local/lib/python3.10/site-packages/airflow/models/dagbag.py", line 351, in parse
    loader.exec_module(new_module)
  File "<frozen importlib._bootstrap_external>", line 883, in exec_module
  File "<frozen importlib._bootstrap>", line 241, in _call_with_frames_removed
  File "/opt/airflow/dags/main.py", line 4, in <module>
    from api.video_stats import get_playlist_id, get_video_ids, extract_video_data, save_to_json
  File "/opt/airflow/dags/api/video_stats.py", line 11, in <module>
    CHANNEL = Variable.get('MrBeast')
  File "/home/airflow/.local/lib/python3.10/site-packages/airflow/models/variable.py", line 143, in get
    raise KeyError(f"Variable {key} does not exist")
KeyError: 'Variable MrBeast does not exist'
[2026-09-23T16:15:12.525+0000] {processor.py:842} WARNING - No viable dags retrieved from /opt/airflow/dags/main.py
[2026-09-23T16:15:12.545+0000] {processor.py:183} INFO - Processing /opt/airflow/dags/main.py took 0.234 seconds
[2026-09-23T16:15:13.387+0000] {processor.py:161} INFO - Started process (PID=439) to work on /opt/airflow/dags/main.py
[2026-09-23T16:15:13.391+0000] {processor.py:830} INFO - Processing file /opt/airflow/dags/main.py for tasks to queue
[2026-09-23T16:15:13.395+0000] {logging_mixin.py:188} INFO - [2026-09-23T16:15:13.395+0000] {dagbag.py:545} INFO - Filling up the DagBag from /opt/airflow/dags/main.py
[2026-09-23T16:15:13.676+0000] {logging_mixin.py:188} INFO - [2026-09-23T16:15:13.657+0000] {dagbag.py:355} ERROR - Failed to import: /opt/airflow/dags/main.py
Traceback (most recent call last):
  File "/home/airflow/.local/lib/python3.10/site-packages/airflow/models/dagbag.py", line 351, in parse
    loader.exec_module(new_module)
  File "<frozen importlib._bootstrap_external>", line 883, in exec_module
  File "<frozen importlib._bootstrap>", line 241, in _call_with_frames_removed
  File "/opt/airflow/dags/main.py", line 4, in <module>
    from api.video_stats import get_playlist_id, get_video_ids, extract_video_data, save_to_json
  File "/opt/airflow/dags/api/video_stats.py", line 11, in <module>
    CHANNEL = Variable.get('MrBeast')
  File "/home/airflow/.local/lib/python3.10/site-packages/airflow/models/variable.py", line 143, in get
    raise KeyError(f"Variable {key} does not exist")
KeyError: 'Variable MrBeast does not exist'
[2026-09-23T16:15:13.685+0000] {processor.py:842} WARNING - No viable dags retrieved from /opt/airflow/dags/main.py
[2026-09-23T16:15:13.723+0000] {processor.py:183} INFO - Processing /opt/airflow/dags/main.py took 0.345 seconds
[2026-09-23T16:15:14.827+0000] {processor.py:161} INFO - Started process (PID=440) to work on /opt/airflow/dags/main.py
[2026-09-23T16:15:14.830+0000] {processor.py:830} INFO - Processing file /opt/airflow/dags/main.py for tasks to queue
[2026-09-23T16:15:14.835+0000] {logging_mixin.py:188} INFO - [2026-09-23T16:15:14.835+0000] {dagbag.py:545} INFO - Filling up the DagBag from /opt/airflow/dags/main.py
[2026-09-23T16:15:15.007+0000] {logging_mixin.py:188} INFO - [2026-09-23T16:15:14.987+0000] {dagbag.py:355} ERROR - Failed to import: /opt/airflow/dags/main.py
Traceback (most recent call last):
  File "/home/airflow/.local/lib/python3.10/site-packages/airflow/models/dagbag.py", line 351, in parse
    loader.exec_module(new_module)
  File "<frozen importlib._bootstrap_external>", line 883, in exec_module
  File "<frozen importlib._bootstrap>", line 241, in _call_with_frames_removed
  File "/opt/airflow/dags/main.py", line 4, in <module>
    from api.video_stats import get_playlist_id, get_video_ids, extract_video_data, save_to_json
  File "/opt/airflow/dags/api/video_stats.py", line 11, in <module>
    CHANNEL = Variable.get('MrBeast')
  File "/home/airflow/.local/lib/python3.10/site-packages/airflow/models/variable.py", line 143, in get
    raise KeyError(f"Variable {key} does not exist")
KeyError: 'Variable MrBeast does not exist'
[2026-09-23T16:15:15.013+0000] {processor.py:842} WARNING - No viable dags retrieved from /opt/airflow/dags/main.py
[2026-09-23T16:15:15.026+0000] {processor.py:183} INFO - Processing /opt/airflow/dags/main.py took 0.205 seconds
[2026-09-23T16:15:17.116+0000] {processor.py:161} INFO - Started process (PID=441) to work on /opt/airflow/dags/main.py
[2026-09-23T16:15:17.119+0000] {processor.py:830} INFO - Processing file /opt/airflow/dags/main.py for tasks to queue
[2026-09-23T16:15:17.123+0000] {logging_mixin.py:188} INFO - [2026-09-23T16:15:17.122+0000] {dagbag.py:545} INFO - Filling up the DagBag from /opt/airflow/dags/main.py
[2026-09-23T16:15:17.323+0000] {logging_mixin.py:188} INFO - [2026-09-23T16:15:17.293+0000] {dagbag.py:355} ERROR - Failed to import: /opt/airflow/dags/main.py
Traceback (most recent call last):
  File "/home/airflow/.local/lib/python3.10/site-packages/airflow/models/dagbag.py", line 351, in parse
    loader.exec_module(new_module)
  File "<frozen importlib._bootstrap_external>", line 883, in exec_module
  File "<frozen importlib._bootstrap>", line 241, in _call_with_frames_removed
  File "/opt/airflow/dags/main.py", line 4, in <module>
    from api.video_stats import get_playlist_id, get_video_ids, extract_video_data, save_to_json
  File "/opt/airflow/dags/api/video_stats.py", line 11, in <module>
    CHANNEL = Variable.get('MrBeast')
  File "/home/airflow/.local/lib/python3.10/site-packages/airflow/models/variable.py", line 143, in get
    raise KeyError(f"Variable {key} does not exist")
KeyError: 'Variable MrBeast does not exist'
[2026-09-23T16:15:17.329+0000] {processor.py:842} WARNING - No viable dags retrieved from /opt/airflow/dags/main.py
[2026-09-23T16:15:17.344+0000] {processor.py:183} INFO - Processing /opt/airflow/dags/main.py took 0.235 seconds
[2026-09-23T16:15:22.287+0000] {processor.py:161} INFO - Started process (PID=442) to work on /opt/airflow/dags/main.py
[2026-09-23T16:15:22.292+0000] {processor.py:830} INFO - Processing file /opt/airflow/dags/main.py for tasks to queue
[2026-09-23T16:15:22.302+0000] {logging_mixin.py:188} INFO - [2026-09-23T16:15:22.301+0000] {dagbag.py:545} INFO - Filling up the DagBag from /opt/airflow/dags/main.py
[2026-09-23T16:15:22.649+0000] {logging_mixin.py:188} INFO - [2026-09-23T16:15:22.617+0000] {dagbag.py:355} ERROR - Failed to import: /opt/airflow/dags/main.py
Traceback (most recent call last):
  File "/home/airflow/.local/lib/python3.10/site-packages/airflow/models/dagbag.py", line 351, in parse
    loader.exec_module(new_module)
  File "<frozen importlib._bootstrap_external>", line 883, in exec_module
  File "<frozen importlib._bootstrap>", line 241, in _call_with_frames_removed
  File "/opt/airflow/dags/main.py", line 4, in <module>
    from api.video_stats import get_playlist_id, get_video_ids, extract_video_data, save_to_json
  File "/opt/airflow/dags/api/video_stats.py", line 11, in <module>
    CHANNEL = Variable.get('MrBeast')
  File "/home/airflow/.local/lib/python3.10/site-packages/airflow/models/variable.py", line 143, in get
    raise KeyError(f"Variable {key} does not exist")
KeyError: 'Variable MrBeast does not exist'
[2026-09-23T16:15:22.657+0000] {processor.py:842} WARNING - No viable dags retrieved from /opt/airflow/dags/main.py
[2026-09-23T16:15:22.697+0000] {processor.py:183} INFO - Processing /opt/airflow/dags/main.py took 0.428 seconds
[2026-09-23T16:15:24.515+0000] {processor.py:161} INFO - Started process (PID=443) to work on /opt/airflow/dags/main.py
[2026-09-23T16:15:24.518+0000] {processor.py:830} INFO - Processing file /opt/airflow/dags/main.py for tasks to queue
[2026-09-23T16:15:24.521+0000] {logging_mixin.py:188} INFO - [2026-09-23T16:15:24.521+0000] {dagbag.py:545} INFO - Filling up the DagBag from /opt/airflow/dags/main.py
[2026-09-23T16:15:24.576+0000] {logging_mixin.py:188} INFO - [2026-09-23T16:15:24.575+0000] {dagbag.py:355} ERROR - Failed to import: /opt/airflow/dags/main.py
Traceback (most recent call last):
  File "/home/airflow/.local/lib/python3.10/site-packages/airflow/models/dagbag.py", line 351, in parse
    loader.exec_module(new_module)
  File "<frozen importlib._bootstrap_external>", line 879, in exec_module
  File "<frozen importlib._bootstrap_external>", line 1017, in get_code
  File "<frozen importlib._bootstrap_external>", line 947, in source_to_code
  File "<frozen importlib._bootstrap>", line 241, in _call_with_frames_removed
  File "/opt/airflow/dags/main.py", line 28
    save_to_json_task = save_to_json(extracted_data=)
                                                    ^
SyntaxError: invalid syntax
[2026-09-23T16:15:24.579+0000] {processor.py:842} WARNING - No viable dags retrieved from /opt/airflow/dags/main.py
[2026-09-23T16:15:24.606+0000] {processor.py:183} INFO - Processing /opt/airflow/dags/main.py took 0.097 seconds
[2026-09-23T16:15:25.574+0000] {processor.py:161} INFO - Started process (PID=444) to work on /opt/airflow/dags/main.py
[2026-09-23T16:15:25.577+0000] {processor.py:830} INFO - Processing file /opt/airflow/dags/main.py for tasks to queue
[2026-09-23T16:15:25.583+0000] {logging_mixin.py:188} INFO - [2026-09-23T16:15:25.583+0000] {dagbag.py:545} INFO - Filling up the DagBag from /opt/airflow/dags/main.py
[2026-09-23T16:15:25.765+0000] {logging_mixin.py:188} INFO - [2026-09-23T16:15:25.743+0000] {dagbag.py:355} ERROR - Failed to import: /opt/airflow/dags/main.py
Traceback (most recent call last):
  File "/home/airflow/.local/lib/python3.10/site-packages/airflow/models/dagbag.py", line 351, in parse
    loader.exec_module(new_module)
  File "<frozen importlib._bootstrap_external>", line 883, in exec_module
  File "<frozen importlib._bootstrap>", line 241, in _call_with_frames_removed
  File "/opt/airflow/dags/main.py", line 4, in <module>
    from api.video_stats import get_playlist_id, get_video_ids, extract_video_data, save_to_json
  File "/opt/airflow/dags/api/video_stats.py", line 11, in <module>
    CHANNEL = Variable.get('MrBeast')
  File "/home/airflow/.local/lib/python3.10/site-packages/airflow/models/variable.py", line 143, in get
    raise KeyError(f"Variable {key} does not exist")
KeyError: 'Variable MrBeast does not exist'
[2026-09-23T16:15:25.771+0000] {processor.py:842} WARNING - No viable dags retrieved from /opt/airflow/dags/main.py
[2026-09-23T16:15:25.785+0000] {processor.py:183} INFO - Processing /opt/airflow/dags/main.py took 0.220 seconds
[2026-09-23T16:15:27.874+0000] {processor.py:161} INFO - Started process (PID=445) to work on /opt/airflow/dags/main.py
[2026-09-23T16:15:27.877+0000] {processor.py:830} INFO - Processing file /opt/airflow/dags/main.py for tasks to queue
[2026-09-23T16:15:27.880+0000] {logging_mixin.py:188} INFO - [2026-09-23T16:15:27.880+0000] {dagbag.py:545} INFO - Filling up the DagBag from /opt/airflow/dags/main.py
[2026-09-23T16:15:28.069+0000] {logging_mixin.py:188} INFO - [2026-09-23T16:15:28.046+0000] {dagbag.py:355} ERROR - Failed to import: /opt/airflow/dags/main.py
Traceback (most recent call last):
  File "/home/airflow/.local/lib/python3.10/site-packages/airflow/models/dagbag.py", line 351, in parse
    loader.exec_module(new_module)
  File "<frozen importlib._bootstrap_external>", line 883, in exec_module
  File "<frozen importlib._bootstrap>", line 241, in _call_with_frames_removed
  File "/opt/airflow/dags/main.py", line 4, in <module>
    from api.video_stats import get_playlist_id, get_video_ids, extract_video_data, save_to_json
  File "/opt/airflow/dags/api/video_stats.py", line 11, in <module>
    CHANNEL = Variable.get('MrBeast')
  File "/home/airflow/.local/lib/python3.10/site-packages/airflow/models/variable.py", line 143, in get
    raise KeyError(f"Variable {key} does not exist")
KeyError: 'Variable MrBeast does not exist'
[2026-09-23T16:15:28.077+0000] {processor.py:842} WARNING - No viable dags retrieved from /opt/airflow/dags/main.py
[2026-09-23T16:15:28.089+0000] {processor.py:183} INFO - Processing /opt/airflow/dags/main.py took 0.225 seconds
[2026-09-23T16:15:29.918+0000] {processor.py:161} INFO - Started process (PID=446) to work on /opt/airflow/dags/main.py
[2026-09-23T16:15:29.921+0000] {processor.py:830} INFO - Processing file /opt/airflow/dags/main.py for tasks to queue
[2026-09-23T16:15:29.924+0000] {logging_mixin.py:188} INFO - [2026-09-23T16:15:29.924+0000] {dagbag.py:545} INFO - Filling up the DagBag from /opt/airflow/dags/main.py
[2026-09-23T16:15:30.197+0000] {logging_mixin.py:188} INFO - [2026-09-23T16:15:30.119+0000] {dagbag.py:355} ERROR - Failed to import: /opt/airflow/dags/main.py
Traceback (most recent call last):
  File "/home/airflow/.local/lib/python3.10/site-packages/airflow/models/dagbag.py", line 351, in parse
    loader.exec_module(new_module)
  File "<frozen importlib._bootstrap_external>", line 883, in exec_module
  File "<frozen importlib._bootstrap>", line 241, in _call_with_frames_removed
  File "/opt/airflow/dags/main.py", line 4, in <module>
    from api.video_stats import get_playlist_id, get_video_ids, extract_video_data, save_to_json
  File "/opt/airflow/dags/api/video_stats.py", line 11, in <module>
    CHANNEL = Variable.get('MrBeast')
  File "/home/airflow/.local/lib/python3.10/site-packages/airflow/models/variable.py", line 143, in get
    raise KeyError(f"Variable {key} does not exist")
KeyError: 'Variable MrBeast does not exist'
[2026-09-23T16:15:30.213+0000] {processor.py:842} WARNING - No viable dags retrieved from /opt/airflow/dags/main.py
[2026-09-23T16:15:30.251+0000] {processor.py:183} INFO - Processing /opt/airflow/dags/main.py took 0.339 seconds
[2026-09-23T16:15:32.257+0000] {processor.py:161} INFO - Started process (PID=453) to work on /opt/airflow/dags/main.py
[2026-09-23T16:15:32.261+0000] {processor.py:830} INFO - Processing file /opt/airflow/dags/main.py for tasks to queue
[2026-09-23T16:15:32.270+0000] {logging_mixin.py:188} INFO - [2026-09-23T16:15:32.269+0000] {dagbag.py:545} INFO - Filling up the DagBag from /opt/airflow/dags/main.py
[2026-09-23T16:15:32.471+0000] {logging_mixin.py:188} INFO - [2026-09-23T16:15:32.446+0000] {dagbag.py:355} ERROR - Failed to import: /opt/airflow/dags/main.py
Traceback (most recent call last):
  File "/home/airflow/.local/lib/python3.10/site-packages/airflow/models/dagbag.py", line 351, in parse
    loader.exec_module(new_module)
  File "<frozen importlib._bootstrap_external>", line 883, in exec_module
  File "<frozen importlib._bootstrap>", line 241, in _call_with_frames_removed
  File "/opt/airflow/dags/main.py", line 4, in <module>
    from api.video_stats import get_playlist_id, get_video_ids, extract_video_data, save_to_json
  File "/opt/airflow/dags/api/video_stats.py", line 11, in <module>
    CHANNEL = Variable.get('MrBeast')
  File "/home/airflow/.local/lib/python3.10/site-packages/airflow/models/variable.py", line 143, in get
    raise KeyError(f"Variable {key} does not exist")
KeyError: 'Variable MrBeast does not exist'
[2026-09-23T16:15:32.484+0000] {processor.py:842} WARNING - No viable dags retrieved from /opt/airflow/dags/main.py
[2026-09-23T16:15:32.518+0000] {processor.py:183} INFO - Processing /opt/airflow/dags/main.py took 0.269 seconds
[2026-09-23T16:15:34.390+0000] {processor.py:161} INFO - Started process (PID=454) to work on /opt/airflow/dags/main.py
[2026-09-23T16:15:34.394+0000] {processor.py:830} INFO - Processing file /opt/airflow/dags/main.py for tasks to queue
[2026-09-23T16:15:34.399+0000] {logging_mixin.py:188} INFO - [2026-09-23T16:15:34.398+0000] {dagbag.py:545} INFO - Filling up the DagBag from /opt/airflow/dags/main.py
[2026-09-23T16:15:34.553+0000] {logging_mixin.py:188} INFO - [2026-09-23T16:15:34.538+0000] {dagbag.py:355} ERROR - Failed to import: /opt/airflow/dags/main.py
Traceback (most recent call last):
  File "/home/airflow/.local/lib/python3.10/site-packages/airflow/models/dagbag.py", line 351, in parse
    loader.exec_module(new_module)
  File "<frozen importlib._bootstrap_external>", line 883, in exec_module
  File "<frozen importlib._bootstrap>", line 241, in _call_with_frames_removed
  File "/opt/airflow/dags/main.py", line 4, in <module>
    from api.video_stats import get_playlist_id, get_video_ids, extract_video_data, save_to_json
  File "/opt/airflow/dags/api/video_stats.py", line 11, in <module>
    CHANNEL = Variable.get('MrBeast')
  File "/home/airflow/.local/lib/python3.10/site-packages/airflow/models/variable.py", line 143, in get
    raise KeyError(f"Variable {key} does not exist")
KeyError: 'Variable MrBeast does not exist'
[2026-09-23T16:15:34.561+0000] {processor.py:842} WARNING - No viable dags retrieved from /opt/airflow/dags/main.py
[2026-09-23T16:15:34.579+0000] {processor.py:183} INFO - Processing /opt/airflow/dags/main.py took 0.195 seconds
[2026-09-23T16:15:37.705+0000] {processor.py:161} INFO - Started process (PID=455) to work on /opt/airflow/dags/main.py
[2026-09-23T16:15:37.711+0000] {processor.py:830} INFO - Processing file /opt/airflow/dags/main.py for tasks to queue
[2026-09-23T16:15:37.720+0000] {logging_mixin.py:188} INFO - [2026-09-23T16:15:37.719+0000] {dagbag.py:545} INFO - Filling up the DagBag from /opt/airflow/dags/main.py
[2026-09-23T16:15:37.765+0000] {logging_mixin.py:188} INFO - [2026-09-23T16:15:37.764+0000] {dagbag.py:355} ERROR - Failed to import: /opt/airflow/dags/main.py
Traceback (most recent call last):
  File "/home/airflow/.local/lib/python3.10/site-packages/airflow/models/dagbag.py", line 351, in parse
    loader.exec_module(new_module)
  File "<frozen importlib._bootstrap_external>", line 879, in exec_module
  File "<frozen importlib._bootstrap_external>", line 1017, in get_code
  File "<frozen importlib._bootstrap_external>", line 947, in source_to_code
  File "<frozen importlib._bootstrap>", line 241, in _call_with_frames_removed
  File "/opt/airflow/dags/main.py", line 30
    playlist_id >>
                  ^
SyntaxError: invalid syntax
[2026-09-23T16:15:37.767+0000] {processor.py:842} WARNING - No viable dags retrieved from /opt/airflow/dags/main.py
[2026-09-23T16:15:37.793+0000] {processor.py:183} INFO - Processing /opt/airflow/dags/main.py took 0.111 seconds
[2026-09-23T16:15:38.748+0000] {processor.py:161} INFO - Started process (PID=456) to work on /opt/airflow/dags/main.py
[2026-09-23T16:15:38.751+0000] {processor.py:830} INFO - Processing file /opt/airflow/dags/main.py for tasks to queue
[2026-09-23T16:15:38.756+0000] {logging_mixin.py:188} INFO - [2026-09-23T16:15:38.755+0000] {dagbag.py:545} INFO - Filling up the DagBag from /opt/airflow/dags/main.py
[2026-09-23T16:15:38.998+0000] {logging_mixin.py:188} INFO - [2026-09-23T16:15:38.962+0000] {dagbag.py:355} ERROR - Failed to import: /opt/airflow/dags/main.py
Traceback (most recent call last):
  File "/home/airflow/.local/lib/python3.10/site-packages/airflow/models/dagbag.py", line 351, in parse
    loader.exec_module(new_module)
  File "<frozen importlib._bootstrap_external>", line 883, in exec_module
  File "<frozen importlib._bootstrap>", line 241, in _call_with_frames_removed
  File "/opt/airflow/dags/main.py", line 4, in <module>
    from api.video_stats import get_playlist_id, get_video_ids, extract_video_data, save_to_json
  File "/opt/airflow/dags/api/video_stats.py", line 11, in <module>
    CHANNEL = Variable.get('MrBeast')
  File "/home/airflow/.local/lib/python3.10/site-packages/airflow/models/variable.py", line 143, in get
    raise KeyError(f"Variable {key} does not exist")
KeyError: 'Variable MrBeast does not exist'
[2026-09-23T16:15:39.008+0000] {processor.py:842} WARNING - No viable dags retrieved from /opt/airflow/dags/main.py
[2026-09-23T16:15:39.024+0000] {processor.py:183} INFO - Processing /opt/airflow/dags/main.py took 0.283 seconds
[2026-09-23T16:15:41.933+0000] {processor.py:161} INFO - Started process (PID=457) to work on /opt/airflow/dags/main.py
[2026-09-23T16:15:41.936+0000] {processor.py:830} INFO - Processing file /opt/airflow/dags/main.py for tasks to queue
[2026-09-23T16:15:41.940+0000] {logging_mixin.py:188} INFO - [2026-09-23T16:15:41.939+0000] {dagbag.py:545} INFO - Filling up the DagBag from /opt/airflow/dags/main.py
[2026-09-23T16:15:42.127+0000] {logging_mixin.py:188} INFO - [2026-09-23T16:15:42.103+0000] {dagbag.py:355} ERROR - Failed to import: /opt/airflow/dags/main.py
Traceback (most recent call last):
  File "/home/airflow/.local/lib/python3.10/site-packages/airflow/models/dagbag.py", line 351, in parse
    loader.exec_module(new_module)
  File "<frozen importlib._bootstrap_external>", line 883, in exec_module
  File "<frozen importlib._bootstrap>", line 241, in _call_with_frames_removed
  File "/opt/airflow/dags/main.py", line 4, in <module>
    from api.video_stats import get_playlist_id, get_video_ids, extract_video_data, save_to_json
  File "/opt/airflow/dags/api/video_stats.py", line 11, in <module>
    CHANNEL = Variable.get('MrBeast')
  File "/home/airflow/.local/lib/python3.10/site-packages/airflow/models/variable.py", line 143, in get
    raise KeyError(f"Variable {key} does not exist")
KeyError: 'Variable MrBeast does not exist'
[2026-09-23T16:15:42.133+0000] {processor.py:842} WARNING - No viable dags retrieved from /opt/airflow/dags/main.py
[2026-09-23T16:15:42.145+0000] {processor.py:183} INFO - Processing /opt/airflow/dags/main.py took 0.220 seconds
[2026-09-23T16:15:46.252+0000] {processor.py:161} INFO - Started process (PID=458) to work on /opt/airflow/dags/main.py
[2026-09-23T16:15:46.256+0000] {processor.py:830} INFO - Processing file /opt/airflow/dags/main.py for tasks to queue
[2026-09-23T16:15:46.262+0000] {logging_mixin.py:188} INFO - [2026-09-23T16:15:46.261+0000] {dagbag.py:545} INFO - Filling up the DagBag from /opt/airflow/dags/main.py
[2026-09-23T16:15:46.437+0000] {logging_mixin.py:188} INFO - [2026-09-23T16:15:46.414+0000] {dagbag.py:355} ERROR - Failed to import: /opt/airflow/dags/main.py
Traceback (most recent call last):
  File "/home/airflow/.local/lib/python3.10/site-packages/airflow/models/dagbag.py", line 351, in parse
    loader.exec_module(new_module)
  File "<frozen importlib._bootstrap_external>", line 883, in exec_module
  File "<frozen importlib._bootstrap>", line 241, in _call_with_frames_removed
  File "/opt/airflow/dags/main.py", line 4, in <module>
    from api.video_stats import get_playlist_id, get_video_ids, extract_video_data, save_to_json
  File "/opt/airflow/dags/api/video_stats.py", line 11, in <module>
    CHANNEL = Variable.get('MrBeast')
  File "/home/airflow/.local/lib/python3.10/site-packages/airflow/models/variable.py", line 143, in get
    raise KeyError(f"Variable {key} does not exist")
KeyError: 'Variable MrBeast does not exist'
[2026-09-23T16:15:46.443+0000] {processor.py:842} WARNING - No viable dags retrieved from /opt/airflow/dags/main.py
[2026-09-23T16:15:46.472+0000] {processor.py:183} INFO - Processing /opt/airflow/dags/main.py took 0.229 seconds
[2026-09-23T16:15:49.585+0000] {processor.py:161} INFO - Started process (PID=459) to work on /opt/airflow/dags/main.py
[2026-09-23T16:15:49.588+0000] {processor.py:830} INFO - Processing file /opt/airflow/dags/main.py for tasks to queue
[2026-09-23T16:15:49.596+0000] {logging_mixin.py:188} INFO - [2026-09-23T16:15:49.595+0000] {dagbag.py:545} INFO - Filling up the DagBag from /opt/airflow/dags/main.py
[2026-09-23T16:15:49.778+0000] {logging_mixin.py:188} INFO - [2026-09-23T16:15:49.754+0000] {dagbag.py:355} ERROR - Failed to import: /opt/airflow/dags/main.py
Traceback (most recent call last):
  File "/home/airflow/.local/lib/python3.10/site-packages/airflow/models/dagbag.py", line 351, in parse
    loader.exec_module(new_module)
  File "<frozen importlib._bootstrap_external>", line 883, in exec_module
  File "<frozen importlib._bootstrap>", line 241, in _call_with_frames_removed
  File "/opt/airflow/dags/main.py", line 4, in <module>
    from api.video_stats import get_playlist_id, get_video_ids, extract_video_data, save_to_json
  File "/opt/airflow/dags/api/video_stats.py", line 11, in <module>
    CHANNEL = Variable.get('MrBeast')
  File "/home/airflow/.local/lib/python3.10/site-packages/airflow/models/variable.py", line 143, in get
    raise KeyError(f"Variable {key} does not exist")
KeyError: 'Variable MrBeast does not exist'
[2026-09-23T16:15:49.784+0000] {processor.py:842} WARNING - No viable dags retrieved from /opt/airflow/dags/main.py
[2026-09-23T16:15:49.805+0000] {processor.py:183} INFO - Processing /opt/airflow/dags/main.py took 0.226 seconds
[2026-09-23T16:15:50.625+0000] {processor.py:161} INFO - Started process (PID=460) to work on /opt/airflow/dags/main.py
[2026-09-23T16:15:50.629+0000] {processor.py:830} INFO - Processing file /opt/airflow/dags/main.py for tasks to queue
[2026-09-23T16:15:50.634+0000] {logging_mixin.py:188} INFO - [2026-09-23T16:15:50.634+0000] {dagbag.py:545} INFO - Filling up the DagBag from /opt/airflow/dags/main.py
[2026-09-23T16:15:50.894+0000] {logging_mixin.py:188} INFO - [2026-09-23T16:15:50.875+0000] {dagbag.py:355} ERROR - Failed to import: /opt/airflow/dags/main.py
Traceback (most recent call last):
  File "/home/airflow/.local/lib/python3.10/site-packages/airflow/models/dagbag.py", line 351, in parse
    loader.exec_module(new_module)
  File "<frozen importlib._bootstrap_external>", line 883, in exec_module
  File "<frozen importlib._bootstrap>", line 241, in _call_with_frames_removed
  File "/opt/airflow/dags/main.py", line 4, in <module>
    from api.video_stats import get_playlist_id, get_video_ids, extract_video_data, save_to_json
  File "/opt/airflow/dags/api/video_stats.py", line 11, in <module>
    CHANNEL = Variable.get('MrBeast')
  File "/home/airflow/.local/lib/python3.10/site-packages/airflow/models/variable.py", line 143, in get
    raise KeyError(f"Variable {key} does not exist")
KeyError: 'Variable MrBeast does not exist'
[2026-09-23T16:15:50.899+0000] {processor.py:842} WARNING - No viable dags retrieved from /opt/airflow/dags/main.py
[2026-09-23T16:15:50.912+0000] {processor.py:183} INFO - Processing /opt/airflow/dags/main.py took 0.296 seconds
[2026-09-23T16:16:21.423+0000] {processor.py:161} INFO - Started process (PID=467) to work on /opt/airflow/dags/main.py
[2026-09-23T16:16:21.426+0000] {processor.py:830} INFO - Processing file /opt/airflow/dags/main.py for tasks to queue
[2026-09-23T16:16:21.432+0000] {logging_mixin.py:188} INFO - [2026-09-23T16:16:21.432+0000] {dagbag.py:545} INFO - Filling up the DagBag from /opt/airflow/dags/main.py
[2026-09-23T16:16:21.580+0000] {logging_mixin.py:188} INFO - [2026-09-23T16:16:21.558+0000] {dagbag.py:355} ERROR - Failed to import: /opt/airflow/dags/main.py
Traceback (most recent call last):
  File "/home/airflow/.local/lib/python3.10/site-packages/airflow/models/dagbag.py", line 351, in parse
    loader.exec_module(new_module)
  File "<frozen importlib._bootstrap_external>", line 883, in exec_module
  File "<frozen importlib._bootstrap>", line 241, in _call_with_frames_removed
  File "/opt/airflow/dags/main.py", line 4, in <module>
    from api.video_stats import get_playlist_id, get_video_ids, extract_video_data, save_to_json
  File "/opt/airflow/dags/api/video_stats.py", line 11, in <module>
    CHANNEL = Variable.get('MrBeast')
  File "/home/airflow/.local/lib/python3.10/site-packages/airflow/models/variable.py", line 143, in get
    raise KeyError(f"Variable {key} does not exist")
KeyError: 'Variable MrBeast does not exist'
[2026-09-23T16:16:21.586+0000] {processor.py:842} WARNING - No viable dags retrieved from /opt/airflow/dags/main.py
[2026-09-23T16:16:21.599+0000] {processor.py:183} INFO - Processing /opt/airflow/dags/main.py took 0.202 seconds
[2026-09-23T16:16:51.690+0000] {processor.py:161} INFO - Started process (PID=474) to work on /opt/airflow/dags/main.py
[2026-09-23T16:16:51.693+0000] {processor.py:830} INFO - Processing file /opt/airflow/dags/main.py for tasks to queue
[2026-09-23T16:16:51.697+0000] {logging_mixin.py:188} INFO - [2026-09-23T16:16:51.697+0000] {dagbag.py:545} INFO - Filling up the DagBag from /opt/airflow/dags/main.py
[2026-09-23T16:16:51.882+0000] {logging_mixin.py:188} INFO - [2026-09-23T16:16:51.858+0000] {dagbag.py:355} ERROR - Failed to import: /opt/airflow/dags/main.py
Traceback (most recent call last):
  File "/home/airflow/.local/lib/python3.10/site-packages/airflow/models/dagbag.py", line 351, in parse
    loader.exec_module(new_module)
  File "<frozen importlib._bootstrap_external>", line 883, in exec_module
  File "<frozen importlib._bootstrap>", line 241, in _call_with_frames_removed
  File "/opt/airflow/dags/main.py", line 4, in <module>
    from api.video_stats import get_playlist_id, get_video_ids, extract_video_data, save_to_json
  File "/opt/airflow/dags/api/video_stats.py", line 11, in <module>
    CHANNEL = Variable.get('')
  File "/home/airflow/.local/lib/python3.10/site-packages/airflow/models/variable.py", line 143, in get
    raise KeyError(f"Variable {key} does not exist")
KeyError: 'Variable  does not exist'
[2026-09-23T16:16:51.886+0000] {processor.py:842} WARNING - No viable dags retrieved from /opt/airflow/dags/main.py
[2026-09-23T16:16:51.898+0000] {processor.py:183} INFO - Processing /opt/airflow/dags/main.py took 0.214 seconds
[2026-09-23T16:17:22.002+0000] {processor.py:161} INFO - Started process (PID=481) to work on /opt/airflow/dags/main.py
[2026-09-23T16:17:22.005+0000] {processor.py:830} INFO - Processing file /opt/airflow/dags/main.py for tasks to queue
[2026-09-23T16:17:22.010+0000] {logging_mixin.py:188} INFO - [2026-09-23T16:17:22.009+0000] {dagbag.py:545} INFO - Filling up the DagBag from /opt/airflow/dags/main.py
[2026-09-23T16:17:22.236+0000] {logging_mixin.py:188} INFO - [2026-09-23T16:17:22.210+0000] {dagbag.py:355} ERROR - Failed to import: /opt/airflow/dags/main.py
Traceback (most recent call last):
  File "/home/airflow/.local/lib/python3.10/site-packages/airflow/models/dagbag.py", line 351, in parse
    loader.exec_module(new_module)
  File "<frozen importlib._bootstrap_external>", line 883, in exec_module
  File "<frozen importlib._bootstrap>", line 241, in _call_with_frames_removed
  File "/opt/airflow/dags/main.py", line 4, in <module>
    from api.video_stats import get_playlist_id, get_video_ids, extract_video_data, save_to_json
  File "/opt/airflow/dags/api/video_stats.py", line 11, in <module>
    CHANNEL = Variable.get('CHANNEL')
  File "/home/airflow/.local/lib/python3.10/site-packages/airflow/models/variable.py", line 143, in get
    raise KeyError(f"Variable {key} does not exist")
KeyError: 'Variable CHANNEL does not exist'
[2026-09-23T16:17:22.244+0000] {processor.py:842} WARNING - No viable dags retrieved from /opt/airflow/dags/main.py
[2026-09-23T16:17:22.263+0000] {processor.py:183} INFO - Processing /opt/airflow/dags/main.py took 0.271 seconds
[2026-09-23T16:17:52.696+0000] {processor.py:161} INFO - Started process (PID=488) to work on /opt/airflow/dags/main.py
[2026-09-23T16:17:52.700+0000] {processor.py:830} INFO - Processing file /opt/airflow/dags/main.py for tasks to queue
[2026-09-23T16:17:52.710+0000] {logging_mixin.py:188} INFO - [2026-09-23T16:17:52.708+0000] {dagbag.py:545} INFO - Filling up the DagBag from /opt/airflow/dags/main.py
[2026-09-23T16:17:52.868+0000] {logging_mixin.py:188} INFO - [2026-09-23T16:17:52.842+0000] {dagbag.py:355} ERROR - Failed to import: /opt/airflow/dags/main.py
Traceback (most recent call last):
  File "/home/airflow/.local/lib/python3.10/site-packages/airflow/models/dagbag.py", line 351, in parse
    loader.exec_module(new_module)
  File "<frozen importlib._bootstrap_external>", line 883, in exec_module
  File "<frozen importlib._bootstrap>", line 241, in _call_with_frames_removed
  File "/opt/airflow/dags/main.py", line 4, in <module>
    from api.video_stats import get_playlist_id, get_video_ids, extract_video_data, save_to_json
  File "/opt/airflow/dags/api/video_stats.py", line 11, in <module>
    CHANNEL = Variable.get('CHANNEL')
  File "/home/airflow/.local/lib/python3.10/site-packages/airflow/models/variable.py", line 143, in get
    raise KeyError(f"Variable {key} does not exist")
KeyError: 'Variable CHANNEL does not exist'
[2026-09-23T16:17:52.875+0000] {processor.py:842} WARNING - No viable dags retrieved from /opt/airflow/dags/main.py
[2026-09-23T16:17:52.889+0000] {processor.py:183} INFO - Processing /opt/airflow/dags/main.py took 0.221 seconds
[2026-09-23T16:18:23.285+0000] {processor.py:161} INFO - Started process (PID=496) to work on /opt/airflow/dags/main.py
[2026-09-23T16:18:23.298+0000] {processor.py:830} INFO - Processing file /opt/airflow/dags/main.py for tasks to queue
[2026-09-23T16:18:23.317+0000] {logging_mixin.py:188} INFO - [2026-09-23T16:18:23.315+0000] {dagbag.py:545} INFO - Filling up the DagBag from /opt/airflow/dags/main.py
[2026-09-23T16:18:23.823+0000] {logging_mixin.py:188} INFO - [2026-09-23T16:18:23.782+0000] {dagbag.py:355} ERROR - Failed to import: /opt/airflow/dags/main.py
Traceback (most recent call last):
  File "/home/airflow/.local/lib/python3.10/site-packages/airflow/models/dagbag.py", line 351, in parse
    loader.exec_module(new_module)
  File "<frozen importlib._bootstrap_external>", line 883, in exec_module
  File "<frozen importlib._bootstrap>", line 241, in _call_with_frames_removed
  File "/opt/airflow/dags/main.py", line 4, in <module>
    from api.video_stats import get_playlist_id, get_video_ids, extract_video_data, save_to_json
  File "/opt/airflow/dags/api/video_stats.py", line 11, in <module>
    CHANNEL = Variable.get('CHANNEL')
  File "/home/airflow/.local/lib/python3.10/site-packages/airflow/models/variable.py", line 143, in get
    raise KeyError(f"Variable {key} does not exist")
KeyError: 'Variable CHANNEL does not exist'
[2026-09-23T16:18:23.832+0000] {processor.py:842} WARNING - No viable dags retrieved from /opt/airflow/dags/main.py
[2026-09-23T16:18:23.865+0000] {processor.py:183} INFO - Processing /opt/airflow/dags/main.py took 0.638 seconds
[2026-09-23T16:18:54.235+0000] {processor.py:161} INFO - Started process (PID=503) to work on /opt/airflow/dags/main.py
[2026-09-23T16:18:54.238+0000] {processor.py:830} INFO - Processing file /opt/airflow/dags/main.py for tasks to queue
[2026-09-23T16:18:54.241+0000] {logging_mixin.py:188} INFO - [2026-09-23T16:18:54.241+0000] {dagbag.py:545} INFO - Filling up the DagBag from /opt/airflow/dags/main.py
[2026-09-23T16:18:54.403+0000] {logging_mixin.py:188} INFO - [2026-09-23T16:18:54.376+0000] {dagbag.py:355} ERROR - Failed to import: /opt/airflow/dags/main.py
Traceback (most recent call last):
  File "/home/airflow/.local/lib/python3.10/site-packages/airflow/models/dagbag.py", line 351, in parse
    loader.exec_module(new_module)
  File "<frozen importlib._bootstrap_external>", line 883, in exec_module
  File "<frozen importlib._bootstrap>", line 241, in _call_with_frames_removed
  File "/opt/airflow/dags/main.py", line 4, in <module>
    from api.video_stats import get_playlist_id, get_video_ids, extract_video_data, save_to_json
  File "/opt/airflow/dags/api/video_stats.py", line 11, in <module>
    CHANNEL = Variable.get('CHANNEL')
  File "/home/airflow/.local/lib/python3.10/site-packages/airflow/models/variable.py", line 143, in get
    raise KeyError(f"Variable {key} does not exist")
KeyError: 'Variable CHANNEL does not exist'
[2026-09-23T16:18:54.412+0000] {processor.py:842} WARNING - No viable dags retrieved from /opt/airflow/dags/main.py
[2026-09-23T16:18:54.432+0000] {processor.py:183} INFO - Processing /opt/airflow/dags/main.py took 0.203 seconds
[2026-09-23T16:19:24.524+0000] {processor.py:161} INFO - Started process (PID=510) to work on /opt/airflow/dags/main.py
[2026-09-23T16:19:24.528+0000] {processor.py:830} INFO - Processing file /opt/airflow/dags/main.py for tasks to queue
[2026-09-23T16:19:24.532+0000] {logging_mixin.py:188} INFO - [2026-09-23T16:19:24.531+0000] {dagbag.py:545} INFO - Filling up the DagBag from /opt/airflow/dags/main.py
[2026-09-23T16:19:24.702+0000] {logging_mixin.py:188} INFO - [2026-09-23T16:19:24.682+0000] {dagbag.py:355} ERROR - Failed to import: /opt/airflow/dags/main.py
Traceback (most recent call last):
  File "/home/airflow/.local/lib/python3.10/site-packages/airflow/models/dagbag.py", line 351, in parse
    loader.exec_module(new_module)
  File "<frozen importlib._bootstrap_external>", line 883, in exec_module
  File "<frozen importlib._bootstrap>", line 241, in _call_with_frames_removed
  File "/opt/airflow/dags/main.py", line 4, in <module>
    from api.video_stats import get_playlist_id, get_video_ids, extract_video_data, save_to_json
  File "/opt/airflow/dags/api/video_stats.py", line 11, in <module>
    CHANNEL = Variable.get('MrBeast')
  File "/home/airflow/.local/lib/python3.10/site-packages/airflow/models/variable.py", line 143, in get
    raise KeyError(f"Variable {key} does not exist")
KeyError: 'Variable MrBeast does not exist'
[2026-09-23T16:19:24.708+0000] {processor.py:842} WARNING - No viable dags retrieved from /opt/airflow/dags/main.py
[2026-09-23T16:19:24.719+0000] {processor.py:183} INFO - Processing /opt/airflow/dags/main.py took 0.204 seconds
[2026-09-23T16:19:55.366+0000] {processor.py:161} INFO - Started process (PID=517) to work on /opt/airflow/dags/main.py
[2026-09-23T16:19:55.368+0000] {processor.py:830} INFO - Processing file /opt/airflow/dags/main.py for tasks to queue
[2026-09-23T16:19:55.372+0000] {logging_mixin.py:188} INFO - [2026-09-23T16:19:55.372+0000] {dagbag.py:545} INFO - Filling up the DagBag from /opt/airflow/dags/main.py
[2026-09-23T16:19:55.504+0000] {logging_mixin.py:188} INFO - [2026-09-23T16:19:55.480+0000] {dagbag.py:355} ERROR - Failed to import: /opt/airflow/dags/main.py
Traceback (most recent call last):
  File "/home/airflow/.local/lib/python3.10/site-packages/airflow/models/dagbag.py", line 351, in parse
    loader.exec_module(new_module)
  File "<frozen importlib._bootstrap_external>", line 883, in exec_module
  File "<frozen importlib._bootstrap>", line 241, in _call_with_frames_removed
  File "/opt/airflow/dags/main.py", line 4, in <module>
    from api.video_stats import get_playlist_id, get_video_ids, extract_video_data, save_to_json
  File "/opt/airflow/dags/api/video_stats.py", line 11, in <module>
    CHANNEL = Variable.get('MrBeast')
  File "/home/airflow/.local/lib/python3.10/site-packages/airflow/models/variable.py", line 143, in get
    raise KeyError(f"Variable {key} does not exist")
KeyError: 'Variable MrBeast does not exist'
[2026-09-23T16:19:55.510+0000] {processor.py:842} WARNING - No viable dags retrieved from /opt/airflow/dags/main.py
[2026-09-23T16:19:55.522+0000] {processor.py:183} INFO - Processing /opt/airflow/dags/main.py took 0.163 seconds
[2026-09-23T16:20:25.719+0000] {processor.py:161} INFO - Started process (PID=524) to work on /opt/airflow/dags/main.py
[2026-09-23T16:20:25.722+0000] {processor.py:830} INFO - Processing file /opt/airflow/dags/main.py for tasks to queue
[2026-09-23T16:20:25.725+0000] {logging_mixin.py:188} INFO - [2026-09-23T16:20:25.724+0000] {dagbag.py:545} INFO - Filling up the DagBag from /opt/airflow/dags/main.py
[2026-09-23T16:20:25.851+0000] {logging_mixin.py:188} INFO - [2026-09-23T16:20:25.830+0000] {dagbag.py:355} ERROR - Failed to import: /opt/airflow/dags/main.py
Traceback (most recent call last):
  File "/home/airflow/.local/lib/python3.10/site-packages/airflow/models/dagbag.py", line 351, in parse
    loader.exec_module(new_module)
  File "<frozen importlib._bootstrap_external>", line 883, in exec_module
  File "<frozen importlib._bootstrap>", line 241, in _call_with_frames_removed
  File "/opt/airflow/dags/main.py", line 4, in <module>
    from api.video_stats import get_playlist_id, get_video_ids, extract_video_data, save_to_json
  File "/opt/airflow/dags/api/video_stats.py", line 11, in <module>
    CHANNEL = Variable.get('MrBeast')
  File "/home/airflow/.local/lib/python3.10/site-packages/airflow/models/variable.py", line 143, in get
    raise KeyError(f"Variable {key} does not exist")
KeyError: 'Variable MrBeast does not exist'
[2026-09-23T16:20:25.857+0000] {processor.py:842} WARNING - No viable dags retrieved from /opt/airflow/dags/main.py
[2026-09-23T16:20:25.868+0000] {processor.py:183} INFO - Processing /opt/airflow/dags/main.py took 0.157 seconds
[2026-09-23T16:20:56.193+0000] {processor.py:161} INFO - Started process (PID=531) to work on /opt/airflow/dags/main.py
[2026-09-23T16:20:56.197+0000] {processor.py:830} INFO - Processing file /opt/airflow/dags/main.py for tasks to queue
[2026-09-23T16:20:56.201+0000] {logging_mixin.py:188} INFO - [2026-09-23T16:20:56.201+0000] {dagbag.py:545} INFO - Filling up the DagBag from /opt/airflow/dags/main.py
[2026-09-23T16:20:56.397+0000] {logging_mixin.py:188} INFO - [2026-09-23T16:20:56.373+0000] {dagbag.py:355} ERROR - Failed to import: /opt/airflow/dags/main.py
Traceback (most recent call last):
  File "/home/airflow/.local/lib/python3.10/site-packages/airflow/models/dagbag.py", line 351, in parse
    loader.exec_module(new_module)
  File "<frozen importlib._bootstrap_external>", line 883, in exec_module
  File "<frozen importlib._bootstrap>", line 241, in _call_with_frames_removed
  File "/opt/airflow/dags/main.py", line 4, in <module>
    from api.video_stats import get_playlist_id, get_video_ids, extract_video_data, save_to_json
  File "/opt/airflow/dags/api/video_stats.py", line 11, in <module>
    CHANNEL = Variable.get('CHANNEL')
  File "/home/airflow/.local/lib/python3.10/site-packages/airflow/models/variable.py", line 143, in get
    raise KeyError(f"Variable {key} does not exist")
KeyError: 'Variable CHANNEL does not exist'
[2026-09-23T16:20:56.405+0000] {processor.py:842} WARNING - No viable dags retrieved from /opt/airflow/dags/main.py
[2026-09-23T16:20:56.415+0000] {processor.py:183} INFO - Processing /opt/airflow/dags/main.py took 0.228 seconds
[2026-09-23T16:21:26.521+0000] {processor.py:161} INFO - Started process (PID=538) to work on /opt/airflow/dags/main.py
[2026-09-23T16:21:26.524+0000] {processor.py:830} INFO - Processing file /opt/airflow/dags/main.py for tasks to queue
[2026-09-23T16:21:26.529+0000] {logging_mixin.py:188} INFO - [2026-09-23T16:21:26.528+0000] {dagbag.py:545} INFO - Filling up the DagBag from /opt/airflow/dags/main.py
[2026-09-23T16:21:26.686+0000] {logging_mixin.py:188} INFO - [2026-09-23T16:21:26.674+0000] {dagbag.py:355} ERROR - Failed to import: /opt/airflow/dags/main.py
Traceback (most recent call last):
  File "/home/airflow/.local/lib/python3.10/site-packages/airflow/models/dagbag.py", line 351, in parse
    loader.exec_module(new_module)
  File "<frozen importlib._bootstrap_external>", line 883, in exec_module
  File "<frozen importlib._bootstrap>", line 241, in _call_with_frames_removed
  File "/opt/airflow/dags/main.py", line 4, in <module>
    from api.video_stats import get_playlist_id, get_video_ids, extract_video_data, save_to_json
ImportError: cannot import name 'save_to_json' from 'api.video_stats' (/opt/airflow/dags/api/video_stats.py)
[2026-09-23T16:21:26.692+0000] {processor.py:842} WARNING - No viable dags retrieved from /opt/airflow/dags/main.py
[2026-09-23T16:21:26.713+0000] {processor.py:183} INFO - Processing /opt/airflow/dags/main.py took 0.200 seconds
[2026-09-23T16:21:57.072+0000] {processor.py:161} INFO - Started process (PID=545) to work on /opt/airflow/dags/main.py
[2026-09-23T16:21:57.075+0000] {processor.py:830} INFO - Processing file /opt/airflow/dags/main.py for tasks to queue
[2026-09-23T16:21:57.080+0000] {logging_mixin.py:188} INFO - [2026-09-23T16:21:57.079+0000] {dagbag.py:545} INFO - Filling up the DagBag from /opt/airflow/dags/main.py
[2026-09-23T16:21:57.345+0000] {logging_mixin.py:188} INFO - [2026-09-23T16:21:57.312+0000] {dagbag.py:355} ERROR - Failed to import: /opt/airflow/dags/main.py
Traceback (most recent call last):
  File "/home/airflow/.local/lib/python3.10/site-packages/airflow/models/dagbag.py", line 351, in parse
    loader.exec_module(new_module)
  File "<frozen importlib._bootstrap_external>", line 883, in exec_module
  File "<frozen importlib._bootstrap>", line 241, in _call_with_frames_removed
  File "/opt/airflow/dags/main.py", line 4, in <module>
    from api.video_stats import get_playlist_id, get_video_ids, extract_video_data, save_to_json
  File "/opt/airflow/dags/api/video_stats.py", line 11, in <module>
    CHANNEL = Variable.get('CHANNEL')
  File "/home/airflow/.local/lib/python3.10/site-packages/airflow/models/variable.py", line 143, in get
    raise KeyError(f"Variable {key} does not exist")
KeyError: 'Variable CHANNEL does not exist'
[2026-09-23T16:21:57.352+0000] {processor.py:842} WARNING - No viable dags retrieved from /opt/airflow/dags/main.py
[2026-09-23T16:21:57.389+0000] {processor.py:183} INFO - Processing /opt/airflow/dags/main.py took 0.323 seconds
[2026-09-23T16:22:27.831+0000] {processor.py:161} INFO - Started process (PID=552) to work on /opt/airflow/dags/main.py
[2026-09-23T16:22:27.836+0000] {processor.py:830} INFO - Processing file /opt/airflow/dags/main.py for tasks to queue
[2026-09-23T16:22:27.843+0000] {logging_mixin.py:188} INFO - [2026-09-23T16:22:27.841+0000] {dagbag.py:545} INFO - Filling up the DagBag from /opt/airflow/dags/main.py
[2026-09-23T16:22:28.066+0000] {logging_mixin.py:188} INFO - [2026-09-23T16:22:28.043+0000] {dagbag.py:355} ERROR - Failed to import: /opt/airflow/dags/main.py
Traceback (most recent call last):
  File "/home/airflow/.local/lib/python3.10/site-packages/airflow/models/dagbag.py", line 351, in parse
    loader.exec_module(new_module)
  File "<frozen importlib._bootstrap_external>", line 883, in exec_module
  File "<frozen importlib._bootstrap>", line 241, in _call_with_frames_removed
  File "/opt/airflow/dags/main.py", line 4, in <module>
    from api.video_stats import get_playlist_id, get_video_ids, extract_video_data, save_to_json
  File "/opt/airflow/dags/api/video_stats.py", line 11, in <module>
    CHANNEL = Variable.get('CHANNEL')
  File "/home/airflow/.local/lib/python3.10/site-packages/airflow/models/variable.py", line 143, in get
    raise KeyError(f"Variable {key} does not exist")
KeyError: 'Variable CHANNEL does not exist'
[2026-09-23T16:22:28.072+0000] {processor.py:842} WARNING - No viable dags retrieved from /opt/airflow/dags/main.py
[2026-09-23T16:22:28.086+0000] {processor.py:183} INFO - Processing /opt/airflow/dags/main.py took 0.266 seconds
[2026-09-23T16:22:58.452+0000] {processor.py:161} INFO - Started process (PID=559) to work on /opt/airflow/dags/main.py
[2026-09-23T16:22:58.455+0000] {processor.py:830} INFO - Processing file /opt/airflow/dags/main.py for tasks to queue
[2026-09-23T16:22:58.460+0000] {logging_mixin.py:188} INFO - [2026-09-23T16:22:58.459+0000] {dagbag.py:545} INFO - Filling up the DagBag from /opt/airflow/dags/main.py
[2026-09-23T16:22:58.614+0000] {logging_mixin.py:188} INFO - [2026-09-23T16:22:58.594+0000] {dagbag.py:355} ERROR - Failed to import: /opt/airflow/dags/main.py
Traceback (most recent call last):
  File "/home/airflow/.local/lib/python3.10/site-packages/airflow/models/dagbag.py", line 351, in parse
    loader.exec_module(new_module)
  File "<frozen importlib._bootstrap_external>", line 883, in exec_module
  File "<frozen importlib._bootstrap>", line 241, in _call_with_frames_removed
  File "/opt/airflow/dags/main.py", line 4, in <module>
    from api.video_stats import get_playlist_id, get_video_ids, extract_video_data, save_to_json
  File "/opt/airflow/dags/api/video_stats.py", line 11, in <module>
    CHANNEL = Variable.get('CHANNEL')
  File "/home/airflow/.local/lib/python3.10/site-packages/airflow/models/variable.py", line 143, in get
    raise KeyError(f"Variable {key} does not exist")
KeyError: 'Variable CHANNEL does not exist'
[2026-09-23T16:22:58.620+0000] {processor.py:842} WARNING - No viable dags retrieved from /opt/airflow/dags/main.py
[2026-09-23T16:22:58.634+0000] {processor.py:183} INFO - Processing /opt/airflow/dags/main.py took 0.195 seconds
[2026-09-23T16:23:28.748+0000] {processor.py:161} INFO - Started process (PID=566) to work on /opt/airflow/dags/main.py
[2026-09-23T16:23:28.751+0000] {processor.py:830} INFO - Processing file /opt/airflow/dags/main.py for tasks to queue
[2026-09-23T16:23:28.754+0000] {logging_mixin.py:188} INFO - [2026-09-23T16:23:28.754+0000] {dagbag.py:545} INFO - Filling up the DagBag from /opt/airflow/dags/main.py
[2026-09-23T16:23:28.888+0000] {logging_mixin.py:188} INFO - [2026-09-23T16:23:28.867+0000] {dagbag.py:355} ERROR - Failed to import: /opt/airflow/dags/main.py
Traceback (most recent call last):
  File "/home/airflow/.local/lib/python3.10/site-packages/airflow/models/dagbag.py", line 351, in parse
    loader.exec_module(new_module)
  File "<frozen importlib._bootstrap_external>", line 883, in exec_module
  File "<frozen importlib._bootstrap>", line 241, in _call_with_frames_removed
  File "/opt/airflow/dags/main.py", line 4, in <module>
    from api.video_stats import get_playlist_id, get_video_ids, extract_video_data, save_to_json
  File "/opt/airflow/dags/api/video_stats.py", line 11, in <module>
    CHANNEL = Variable.get('CHANNEL')
  File "/home/airflow/.local/lib/python3.10/site-packages/airflow/models/variable.py", line 143, in get
    raise KeyError(f"Variable {key} does not exist")
KeyError: 'Variable CHANNEL does not exist'
[2026-09-23T16:23:28.893+0000] {processor.py:842} WARNING - No viable dags retrieved from /opt/airflow/dags/main.py
[2026-09-23T16:23:28.905+0000] {processor.py:183} INFO - Processing /opt/airflow/dags/main.py took 0.164 seconds
[2026-09-23T16:23:59.102+0000] {processor.py:161} INFO - Started process (PID=573) to work on /opt/airflow/dags/main.py
[2026-09-23T16:23:59.106+0000] {processor.py:830} INFO - Processing file /opt/airflow/dags/main.py for tasks to queue
[2026-09-23T16:23:59.115+0000] {logging_mixin.py:188} INFO - [2026-09-23T16:23:59.114+0000] {dagbag.py:545} INFO - Filling up the DagBag from /opt/airflow/dags/main.py
[2026-09-23T16:23:59.286+0000] {logging_mixin.py:188} INFO - [2026-09-23T16:23:59.261+0000] {dagbag.py:355} ERROR - Failed to import: /opt/airflow/dags/main.py
Traceback (most recent call last):
  File "/home/airflow/.local/lib/python3.10/site-packages/airflow/models/dagbag.py", line 351, in parse
    loader.exec_module(new_module)
  File "<frozen importlib._bootstrap_external>", line 883, in exec_module
  File "<frozen importlib._bootstrap>", line 241, in _call_with_frames_removed
  File "/opt/airflow/dags/main.py", line 4, in <module>
    from api.video_stats import get_playlist_id, get_video_ids, extract_video_data, save_to_json
  File "/opt/airflow/dags/api/video_stats.py", line 11, in <module>
    CHANNEL = Variable.get('CHANNEL')
  File "/home/airflow/.local/lib/python3.10/site-packages/airflow/models/variable.py", line 143, in get
    raise KeyError(f"Variable {key} does not exist")
KeyError: 'Variable CHANNEL does not exist'
[2026-09-23T16:23:59.294+0000] {processor.py:842} WARNING - No viable dags retrieved from /opt/airflow/dags/main.py
[2026-09-23T16:23:59.320+0000] {processor.py:183} INFO - Processing /opt/airflow/dags/main.py took 0.242 seconds
[2026-09-23T16:24:29.512+0000] {processor.py:161} INFO - Started process (PID=580) to work on /opt/airflow/dags/main.py
[2026-09-23T16:24:29.515+0000] {processor.py:830} INFO - Processing file /opt/airflow/dags/main.py for tasks to queue
[2026-09-23T16:24:29.518+0000] {logging_mixin.py:188} INFO - [2026-09-23T16:24:29.518+0000] {dagbag.py:545} INFO - Filling up the DagBag from /opt/airflow/dags/main.py
[2026-09-23T16:24:29.658+0000] {logging_mixin.py:188} INFO - [2026-09-23T16:24:29.632+0000] {dagbag.py:355} ERROR - Failed to import: /opt/airflow/dags/main.py
Traceback (most recent call last):
  File "/home/airflow/.local/lib/python3.10/site-packages/airflow/models/dagbag.py", line 351, in parse
    loader.exec_module(new_module)
  File "<frozen importlib._bootstrap_external>", line 883, in exec_module
  File "<frozen importlib._bootstrap>", line 241, in _call_with_frames_removed
  File "/opt/airflow/dags/main.py", line 4, in <module>
    from api.video_stats import get_playlist_id, get_video_ids, extract_video_data, save_to_json
  File "/opt/airflow/dags/api/video_stats.py", line 11, in <module>
    CHANNEL = Variable.get('CHANNEL')
  File "/home/airflow/.local/lib/python3.10/site-packages/airflow/models/variable.py", line 143, in get
    raise KeyError(f"Variable {key} does not exist")
KeyError: 'Variable CHANNEL does not exist'
[2026-09-23T16:24:29.664+0000] {processor.py:842} WARNING - No viable dags retrieved from /opt/airflow/dags/main.py
[2026-09-23T16:24:29.675+0000] {processor.py:183} INFO - Processing /opt/airflow/dags/main.py took 0.170 seconds
[2026-09-23T16:25:00.102+0000] {processor.py:161} INFO - Started process (PID=587) to work on /opt/airflow/dags/main.py
[2026-09-23T16:25:00.105+0000] {processor.py:830} INFO - Processing file /opt/airflow/dags/main.py for tasks to queue
[2026-09-23T16:25:00.108+0000] {logging_mixin.py:188} INFO - [2026-09-23T16:25:00.108+0000] {dagbag.py:545} INFO - Filling up the DagBag from /opt/airflow/dags/main.py
[2026-09-23T16:25:00.250+0000] {logging_mixin.py:188} INFO - [2026-09-23T16:25:00.225+0000] {dagbag.py:355} ERROR - Failed to import: /opt/airflow/dags/main.py
Traceback (most recent call last):
  File "/home/airflow/.local/lib/python3.10/site-packages/airflow/models/dagbag.py", line 351, in parse
    loader.exec_module(new_module)
  File "<frozen importlib._bootstrap_external>", line 883, in exec_module
  File "<frozen importlib._bootstrap>", line 241, in _call_with_frames_removed
  File "/opt/airflow/dags/main.py", line 4, in <module>
    from api.video_stats import get_playlist_id, get_video_ids, extract_video_data, save_to_json
  File "/opt/airflow/dags/api/video_stats.py", line 11, in <module>
    CHANNEL = Variable.get('CHANNEL')
  File "/home/airflow/.local/lib/python3.10/site-packages/airflow/models/variable.py", line 143, in get
    raise KeyError(f"Variable {key} does not exist")
KeyError: 'Variable CHANNEL does not exist'
[2026-09-23T16:25:00.257+0000] {processor.py:842} WARNING - No viable dags retrieved from /opt/airflow/dags/main.py
[2026-09-23T16:25:00.271+0000] {processor.py:183} INFO - Processing /opt/airflow/dags/main.py took 0.178 seconds
[2026-09-23T16:25:30.414+0000] {processor.py:161} INFO - Started process (PID=594) to work on /opt/airflow/dags/main.py
[2026-09-23T16:25:30.417+0000] {processor.py:830} INFO - Processing file /opt/airflow/dags/main.py for tasks to queue
[2026-09-23T16:25:30.420+0000] {logging_mixin.py:188} INFO - [2026-09-23T16:25:30.420+0000] {dagbag.py:545} INFO - Filling up the DagBag from /opt/airflow/dags/main.py
[2026-09-23T16:25:30.574+0000] {logging_mixin.py:188} INFO - [2026-09-23T16:25:30.544+0000] {dagbag.py:355} ERROR - Failed to import: /opt/airflow/dags/main.py
Traceback (most recent call last):
  File "/home/airflow/.local/lib/python3.10/site-packages/airflow/models/dagbag.py", line 351, in parse
    loader.exec_module(new_module)
  File "<frozen importlib._bootstrap_external>", line 883, in exec_module
  File "<frozen importlib._bootstrap>", line 241, in _call_with_frames_removed
  File "/opt/airflow/dags/main.py", line 4, in <module>
    from api.video_stats import get_playlist_id, get_video_ids, extract_video_data, save_to_json
  File "/opt/airflow/dags/api/video_stats.py", line 11, in <module>
    CHANNEL = Variable.get('CHANNEL')
  File "/home/airflow/.local/lib/python3.10/site-packages/airflow/models/variable.py", line 143, in get
    raise KeyError(f"Variable {key} does not exist")
KeyError: 'Variable CHANNEL does not exist'
[2026-09-23T16:25:30.579+0000] {processor.py:842} WARNING - No viable dags retrieved from /opt/airflow/dags/main.py
[2026-09-23T16:25:30.607+0000] {processor.py:183} INFO - Processing /opt/airflow/dags/main.py took 0.199 seconds
[2026-09-23T16:26:00.885+0000] {processor.py:161} INFO - Started process (PID=601) to work on /opt/airflow/dags/main.py
[2026-09-23T16:26:00.888+0000] {processor.py:830} INFO - Processing file /opt/airflow/dags/main.py for tasks to queue
[2026-09-23T16:26:00.891+0000] {logging_mixin.py:188} INFO - [2026-09-23T16:26:00.891+0000] {dagbag.py:545} INFO - Filling up the DagBag from /opt/airflow/dags/main.py
[2026-09-23T16:26:01.035+0000] {logging_mixin.py:188} INFO - [2026-09-23T16:26:01.014+0000] {dagbag.py:355} ERROR - Failed to import: /opt/airflow/dags/main.py
Traceback (most recent call last):
  File "/home/airflow/.local/lib/python3.10/site-packages/airflow/models/dagbag.py", line 351, in parse
    loader.exec_module(new_module)
  File "<frozen importlib._bootstrap_external>", line 883, in exec_module
  File "<frozen importlib._bootstrap>", line 241, in _call_with_frames_removed
  File "/opt/airflow/dags/main.py", line 4, in <module>
    from api.video_stats import get_playlist_id, get_video_ids, extract_video_data, save_to_json
  File "/opt/airflow/dags/api/video_stats.py", line 11, in <module>
    CHANNEL = Variable.get('CHANNEL')
  File "/home/airflow/.local/lib/python3.10/site-packages/airflow/models/variable.py", line 143, in get
    raise KeyError(f"Variable {key} does not exist")
KeyError: 'Variable CHANNEL does not exist'
[2026-09-23T16:26:01.042+0000] {processor.py:842} WARNING - No viable dags retrieved from /opt/airflow/dags/main.py
[2026-09-23T16:26:01.054+0000] {processor.py:183} INFO - Processing /opt/airflow/dags/main.py took 0.176 seconds
[2026-09-23T16:26:31.261+0000] {processor.py:161} INFO - Started process (PID=608) to work on /opt/airflow/dags/main.py
[2026-09-23T16:26:31.263+0000] {processor.py:830} INFO - Processing file /opt/airflow/dags/main.py for tasks to queue
[2026-09-23T16:26:31.267+0000] {logging_mixin.py:188} INFO - [2026-09-23T16:26:31.267+0000] {dagbag.py:545} INFO - Filling up the DagBag from /opt/airflow/dags/main.py
[2026-09-23T16:26:31.405+0000] {logging_mixin.py:188} INFO - [2026-09-23T16:26:31.382+0000] {dagbag.py:355} ERROR - Failed to import: /opt/airflow/dags/main.py
Traceback (most recent call last):
  File "/home/airflow/.local/lib/python3.10/site-packages/airflow/models/dagbag.py", line 351, in parse
    loader.exec_module(new_module)
  File "<frozen importlib._bootstrap_external>", line 883, in exec_module
  File "<frozen importlib._bootstrap>", line 241, in _call_with_frames_removed
  File "/opt/airflow/dags/main.py", line 4, in <module>
    from api.video_stats import get_playlist_id, get_video_ids, extract_video_data, save_to_json
  File "/opt/airflow/dags/api/video_stats.py", line 11, in <module>
    CHANNEL = Variable.get('CHANNEL')
  File "/home/airflow/.local/lib/python3.10/site-packages/airflow/models/variable.py", line 143, in get
    raise KeyError(f"Variable {key} does not exist")
KeyError: 'Variable CHANNEL does not exist'
[2026-09-23T16:26:31.411+0000] {processor.py:842} WARNING - No viable dags retrieved from /opt/airflow/dags/main.py
[2026-09-23T16:26:31.421+0000] {processor.py:183} INFO - Processing /opt/airflow/dags/main.py took 0.167 seconds
[2026-09-23T16:27:01.712+0000] {processor.py:161} INFO - Started process (PID=615) to work on /opt/airflow/dags/main.py
[2026-09-23T16:27:01.714+0000] {processor.py:830} INFO - Processing file /opt/airflow/dags/main.py for tasks to queue
[2026-09-23T16:27:01.718+0000] {logging_mixin.py:188} INFO - [2026-09-23T16:27:01.718+0000] {dagbag.py:545} INFO - Filling up the DagBag from /opt/airflow/dags/main.py
[2026-09-23T16:27:01.920+0000] {logging_mixin.py:188} INFO - [2026-09-23T16:27:01.892+0000] {dagbag.py:355} ERROR - Failed to import: /opt/airflow/dags/main.py
Traceback (most recent call last):
  File "/home/airflow/.local/lib/python3.10/site-packages/airflow/models/dagbag.py", line 351, in parse
    loader.exec_module(new_module)
  File "<frozen importlib._bootstrap_external>", line 883, in exec_module
  File "<frozen importlib._bootstrap>", line 241, in _call_with_frames_removed
  File "/opt/airflow/dags/main.py", line 28, in <module>
    save_to_json_task = save_to_json(extract_data)
  File "/opt/airflow/dags/api/video_stats.py", line 101, in save_to_json
    json.dump(extracted_data, json_outfile, indent=4, ensure_ascii=False)
  File "/usr/local/lib/python3.10/json/__init__.py", line 179, in dump
    for chunk in iterable:
  File "/usr/local/lib/python3.10/json/encoder.py", line 438, in _iterencode
    o = _default(o)
  File "/usr/local/lib/python3.10/json/encoder.py", line 179, in default
    raise TypeError(f'Object of type {o.__class__.__name__} '
TypeError: Object of type PlainXComArg is not JSON serializable
[2026-09-23T16:27:01.922+0000] {processor.py:842} WARNING - No viable dags retrieved from /opt/airflow/dags/main.py
[2026-09-23T16:27:01.939+0000] {processor.py:183} INFO - Processing /opt/airflow/dags/main.py took 0.232 seconds
[2026-09-23T16:27:32.253+0000] {processor.py:161} INFO - Started process (PID=628) to work on /opt/airflow/dags/main.py
[2026-09-23T16:27:32.256+0000] {processor.py:830} INFO - Processing file /opt/airflow/dags/main.py for tasks to queue
[2026-09-23T16:27:32.260+0000] {logging_mixin.py:188} INFO - [2026-09-23T16:27:32.260+0000] {dagbag.py:545} INFO - Filling up the DagBag from /opt/airflow/dags/main.py
[2026-09-23T16:27:32.451+0000] {logging_mixin.py:188} INFO - [2026-09-23T16:27:32.428+0000] {dagbag.py:355} ERROR - Failed to import: /opt/airflow/dags/main.py
Traceback (most recent call last):
  File "/home/airflow/.local/lib/python3.10/site-packages/airflow/models/dagbag.py", line 351, in parse
    loader.exec_module(new_module)
  File "<frozen importlib._bootstrap_external>", line 883, in exec_module
  File "<frozen importlib._bootstrap>", line 241, in _call_with_frames_removed
  File "/opt/airflow/dags/main.py", line 28, in <module>
    save_to_json_task = save_to_json(extract_data)
  File "/opt/airflow/dags/api/video_stats.py", line 101, in save_to_json
    json.dump(extracted_data, json_outfile, indent=4, ensure_ascii=False)
  File "/usr/local/lib/python3.10/json/__init__.py", line 179, in dump
    for chunk in iterable:
  File "/usr/local/lib/python3.10/json/encoder.py", line 438, in _iterencode
    o = _default(o)
  File "/usr/local/lib/python3.10/json/encoder.py", line 179, in default
    raise TypeError(f'Object of type {o.__class__.__name__} '
TypeError: Object of type PlainXComArg is not JSON serializable
[2026-09-23T16:27:32.454+0000] {processor.py:842} WARNING - No viable dags retrieved from /opt/airflow/dags/main.py
[2026-09-23T16:27:32.480+0000] {processor.py:183} INFO - Processing /opt/airflow/dags/main.py took 0.235 seconds
[2026-09-23T16:28:02.778+0000] {processor.py:161} INFO - Started process (PID=635) to work on /opt/airflow/dags/main.py
[2026-09-23T16:28:02.781+0000] {processor.py:830} INFO - Processing file /opt/airflow/dags/main.py for tasks to queue
[2026-09-23T16:28:02.785+0000] {logging_mixin.py:188} INFO - [2026-09-23T16:28:02.784+0000] {dagbag.py:545} INFO - Filling up the DagBag from /opt/airflow/dags/main.py
[2026-09-23T16:28:02.901+0000] {logging_mixin.py:188} INFO - [2026-09-23T16:28:02.890+0000] {dagbag.py:355} ERROR - Failed to import: /opt/airflow/dags/main.py
Traceback (most recent call last):
  File "/home/airflow/.local/lib/python3.10/site-packages/airflow/models/dagbag.py", line 351, in parse
    loader.exec_module(new_module)
  File "<frozen importlib._bootstrap_external>", line 883, in exec_module
  File "<frozen importlib._bootstrap>", line 241, in _call_with_frames_removed
  File "/opt/airflow/dags/main.py", line 4, in <module>
    from api.video_stats import get_playlist_id, get_video_ids, extract_video_data, save_to_json
  File "/opt/airflow/dags/api/video_stats.py", line 11
    CHANNEL = Variable.get('AIRFLOW_VAR_CHANNEL_HANDLE')
IndentationError: unexpected indent
[2026-09-23T16:28:02.907+0000] {processor.py:842} WARNING - No viable dags retrieved from /opt/airflow/dags/main.py
[2026-09-23T16:28:02.950+0000] {processor.py:183} INFO - Processing /opt/airflow/dags/main.py took 0.180 seconds
[2026-09-23T16:28:33.082+0000] {processor.py:161} INFO - Started process (PID=643) to work on /opt/airflow/dags/main.py
[2026-09-23T16:28:33.086+0000] {processor.py:830} INFO - Processing file /opt/airflow/dags/main.py for tasks to queue
[2026-09-23T16:28:33.094+0000] {logging_mixin.py:188} INFO - [2026-09-23T16:28:33.093+0000] {dagbag.py:545} INFO - Filling up the DagBag from /opt/airflow/dags/main.py
[2026-09-23T16:28:33.290+0000] {logging_mixin.py:188} INFO - [2026-09-23T16:28:33.268+0000] {dagbag.py:355} ERROR - Failed to import: /opt/airflow/dags/main.py
Traceback (most recent call last):
  File "/home/airflow/.local/lib/python3.10/site-packages/airflow/models/dagbag.py", line 351, in parse
    loader.exec_module(new_module)
  File "<frozen importlib._bootstrap_external>", line 883, in exec_module
  File "<frozen importlib._bootstrap>", line 241, in _call_with_frames_removed
  File "/opt/airflow/dags/main.py", line 4, in <module>
    from api.video_stats import get_playlist_id, get_video_ids, extract_video_data, save_to_json
  File "/opt/airflow/dags/api/video_stats.py", line 11, in <module>
    CHANNEL = Variable.get('AIRFLOW_VAR_CHANNEL_HANDLE')
  File "/home/airflow/.local/lib/python3.10/site-packages/airflow/models/variable.py", line 143, in get
    raise KeyError(f"Variable {key} does not exist")
KeyError: 'Variable AIRFLOW_VAR_CHANNEL_HANDLE does not exist'
[2026-09-23T16:28:33.295+0000] {processor.py:842} WARNING - No viable dags retrieved from /opt/airflow/dags/main.py
[2026-09-23T16:28:33.308+0000] {processor.py:183} INFO - Processing /opt/airflow/dags/main.py took 0.241 seconds
[2026-09-23T16:29:03.581+0000] {processor.py:161} INFO - Started process (PID=650) to work on /opt/airflow/dags/main.py
[2026-09-23T16:29:03.585+0000] {processor.py:830} INFO - Processing file /opt/airflow/dags/main.py for tasks to queue
[2026-09-23T16:29:03.589+0000] {logging_mixin.py:188} INFO - [2026-09-23T16:29:03.588+0000] {dagbag.py:545} INFO - Filling up the DagBag from /opt/airflow/dags/main.py
[2026-09-23T16:29:03.790+0000] {logging_mixin.py:188} INFO - [2026-09-23T16:29:03.767+0000] {dagbag.py:355} ERROR - Failed to import: /opt/airflow/dags/main.py
Traceback (most recent call last):
  File "/home/airflow/.local/lib/python3.10/site-packages/airflow/models/dagbag.py", line 351, in parse
    loader.exec_module(new_module)
  File "<frozen importlib._bootstrap_external>", line 883, in exec_module
  File "<frozen importlib._bootstrap>", line 241, in _call_with_frames_removed
  File "/opt/airflow/dags/main.py", line 28, in <module>
    save_to_json_task = save_to_json(extract_data)
  File "/opt/airflow/dags/api/video_stats.py", line 101, in save_to_json
    json.dump(extracted_data, json_outfile, indent=4, ensure_ascii=False)
  File "/usr/local/lib/python3.10/json/__init__.py", line 179, in dump
    for chunk in iterable:
  File "/usr/local/lib/python3.10/json/encoder.py", line 438, in _iterencode
    o = _default(o)
  File "/usr/local/lib/python3.10/json/encoder.py", line 179, in default
    raise TypeError(f'Object of type {o.__class__.__name__} '
TypeError: Object of type PlainXComArg is not JSON serializable
[2026-09-23T16:29:03.792+0000] {processor.py:842} WARNING - No viable dags retrieved from /opt/airflow/dags/main.py
[2026-09-23T16:29:03.810+0000] {processor.py:183} INFO - Processing /opt/airflow/dags/main.py took 0.235 seconds
[2026-09-23T16:29:33.905+0000] {processor.py:161} INFO - Started process (PID=657) to work on /opt/airflow/dags/main.py
[2026-09-23T16:29:33.908+0000] {processor.py:830} INFO - Processing file /opt/airflow/dags/main.py for tasks to queue
[2026-09-23T16:29:33.913+0000] {logging_mixin.py:188} INFO - [2026-09-23T16:29:33.912+0000] {dagbag.py:545} INFO - Filling up the DagBag from /opt/airflow/dags/main.py
[2026-09-23T16:29:34.145+0000] {logging_mixin.py:188} INFO - [2026-09-23T16:29:34.124+0000] {dagbag.py:355} ERROR - Failed to import: /opt/airflow/dags/main.py
Traceback (most recent call last):
  File "/home/airflow/.local/lib/python3.10/site-packages/airflow/models/dagbag.py", line 351, in parse
    loader.exec_module(new_module)
  File "<frozen importlib._bootstrap_external>", line 883, in exec_module
  File "<frozen importlib._bootstrap>", line 241, in _call_with_frames_removed
  File "/opt/airflow/dags/main.py", line 28, in <module>
    save_to_json_task = save_to_json(extract_data)
  File "/opt/airflow/dags/api/video_stats.py", line 106, in save_to_json
    json.dump(extracted_data, json_outfile, indent=4, ensure_ascii=False)
  File "/usr/local/lib/python3.10/json/__init__.py", line 179, in dump
    for chunk in iterable:
  File "/usr/local/lib/python3.10/json/encoder.py", line 438, in _iterencode
    o = _default(o)
  File "/usr/local/lib/python3.10/json/encoder.py", line 179, in default
    raise TypeError(f'Object of type {o.__class__.__name__} '
TypeError: Object of type PlainXComArg is not JSON serializable
[2026-09-23T16:29:34.147+0000] {processor.py:842} WARNING - No viable dags retrieved from /opt/airflow/dags/main.py
[2026-09-23T16:29:34.168+0000] {processor.py:183} INFO - Processing /opt/airflow/dags/main.py took 0.272 seconds
[2026-09-23T16:30:04.628+0000] {processor.py:161} INFO - Started process (PID=664) to work on /opt/airflow/dags/main.py
[2026-09-23T16:30:04.630+0000] {processor.py:830} INFO - Processing file /opt/airflow/dags/main.py for tasks to queue
[2026-09-23T16:30:04.637+0000] {logging_mixin.py:188} INFO - [2026-09-23T16:30:04.637+0000] {dagbag.py:545} INFO - Filling up the DagBag from /opt/airflow/dags/main.py
[2026-09-23T16:30:04.801+0000] {logging_mixin.py:188} INFO - [2026-09-23T16:30:04.772+0000] {dagbag.py:355} ERROR - Failed to import: /opt/airflow/dags/main.py
Traceback (most recent call last):
  File "/home/airflow/.local/lib/python3.10/site-packages/airflow/models/dagbag.py", line 351, in parse
    loader.exec_module(new_module)
  File "<frozen importlib._bootstrap_external>", line 883, in exec_module
  File "<frozen importlib._bootstrap>", line 241, in _call_with_frames_removed
  File "/opt/airflow/dags/main.py", line 28, in <module>
    save_to_json_task = save_to_json(extract_data)
  File "/opt/airflow/dags/api/video_stats.py", line 106, in save_to_json
    json.dump(extracted_data, json_outfile, indent=4, ensure_ascii=False)
  File "/usr/local/lib/python3.10/json/__init__.py", line 179, in dump
    for chunk in iterable:
  File "/usr/local/lib/python3.10/json/encoder.py", line 438, in _iterencode
    o = _default(o)
  File "/usr/local/lib/python3.10/json/encoder.py", line 179, in default
    raise TypeError(f'Object of type {o.__class__.__name__} '
TypeError: Object of type PlainXComArg is not JSON serializable
[2026-09-23T16:30:04.803+0000] {processor.py:842} WARNING - No viable dags retrieved from /opt/airflow/dags/main.py
[2026-09-23T16:30:04.853+0000] {processor.py:183} INFO - Processing /opt/airflow/dags/main.py took 0.234 seconds
[2026-09-23T16:30:10.708+0000] {processor.py:161} INFO - Started process (PID=665) to work on /opt/airflow/dags/main.py
[2026-09-23T16:30:10.711+0000] {processor.py:830} INFO - Processing file /opt/airflow/dags/main.py for tasks to queue
[2026-09-23T16:30:10.716+0000] {logging_mixin.py:188} INFO - [2026-09-23T16:30:10.715+0000] {dagbag.py:545} INFO - Filling up the DagBag from /opt/airflow/dags/main.py
[2026-09-23T16:30:11.073+0000] {logging_mixin.py:188} INFO - [2026-09-23T16:30:11.051+0000] {dagbag.py:355} ERROR - Failed to import: /opt/airflow/dags/main.py
Traceback (most recent call last):
  File "/home/airflow/.local/lib/python3.10/site-packages/airflow/models/dagbag.py", line 351, in parse
    loader.exec_module(new_module)
  File "<frozen importlib._bootstrap_external>", line 883, in exec_module
  File "<frozen importlib._bootstrap>", line 241, in _call_with_frames_removed
  File "/opt/airflow/dags/main.py", line 28, in <module>
    save_to_json_task = save_to_json(extract_data)
  File "/opt/airflow/dags/api/video_stats.py", line 106, in save_to_json
    json.dump(extracted_data, json_outfile, indent=4, ensure_ascii=False)
  File "/usr/local/lib/python3.10/json/__init__.py", line 179, in dump
    for chunk in iterable:
  File "/usr/local/lib/python3.10/json/encoder.py", line 438, in _iterencode
    o = _default(o)
  File "/usr/local/lib/python3.10/json/encoder.py", line 179, in default
    raise TypeError(f'Object of type {o.__class__.__name__} '
TypeError: Object of type PlainXComArg is not JSON serializable
[2026-09-23T16:30:11.077+0000] {processor.py:842} WARNING - No viable dags retrieved from /opt/airflow/dags/main.py
[2026-09-23T16:30:11.147+0000] {processor.py:183} INFO - Processing /opt/airflow/dags/main.py took 0.446 seconds
[2026-09-23T16:30:18.313+0000] {processor.py:161} INFO - Started process (PID=666) to work on /opt/airflow/dags/main.py
[2026-09-23T16:30:18.316+0000] {processor.py:830} INFO - Processing file /opt/airflow/dags/main.py for tasks to queue
[2026-09-23T16:30:18.320+0000] {logging_mixin.py:188} INFO - [2026-09-23T16:30:18.320+0000] {dagbag.py:545} INFO - Filling up the DagBag from /opt/airflow/dags/main.py
[2026-09-23T16:30:18.504+0000] {logging_mixin.py:188} INFO - [2026-09-23T16:30:18.479+0000] {dagbag.py:355} ERROR - Failed to import: /opt/airflow/dags/main.py
Traceback (most recent call last):
  File "/home/airflow/.local/lib/python3.10/site-packages/airflow/models/dagbag.py", line 351, in parse
    loader.exec_module(new_module)
  File "<frozen importlib._bootstrap_external>", line 883, in exec_module
  File "<frozen importlib._bootstrap>", line 241, in _call_with_frames_removed
  File "/opt/airflow/dags/main.py", line 28, in <module>
    save_to_json_task = save_to_json(extract_data)
  File "/opt/airflow/dags/api/video_stats.py", line 106, in save_to_json
    json.dump(extracted_data, json_outfile, indent=4, ensure_ascii=False)
  File "/usr/local/lib/python3.10/json/__init__.py", line 179, in dump
    for chunk in iterable:
  File "/usr/local/lib/python3.10/json/encoder.py", line 438, in _iterencode
    o = _default(o)
  File "/usr/local/lib/python3.10/json/encoder.py", line 179, in default
    raise TypeError(f'Object of type {o.__class__.__name__} '
TypeError: Object of type PlainXComArg is not JSON serializable
[2026-09-23T16:30:18.506+0000] {processor.py:842} WARNING - No viable dags retrieved from /opt/airflow/dags/main.py
[2026-09-23T16:30:18.543+0000] {processor.py:183} INFO - Processing /opt/airflow/dags/main.py took 0.236 seconds
[2026-09-23T16:30:48.620+0000] {processor.py:161} INFO - Started process (PID=674) to work on /opt/airflow/dags/main.py
[2026-09-23T16:30:48.623+0000] {processor.py:830} INFO - Processing file /opt/airflow/dags/main.py for tasks to queue
[2026-09-23T16:30:48.628+0000] {logging_mixin.py:188} INFO - [2026-09-23T16:30:48.627+0000] {dagbag.py:545} INFO - Filling up the DagBag from /opt/airflow/dags/main.py
[2026-09-23T16:30:48.770+0000] {logging_mixin.py:188} INFO - [2026-09-23T16:30:48.749+0000] {dagbag.py:355} ERROR - Failed to import: /opt/airflow/dags/main.py
Traceback (most recent call last):
  File "/home/airflow/.local/lib/python3.10/site-packages/airflow/models/dagbag.py", line 351, in parse
    loader.exec_module(new_module)
  File "<frozen importlib._bootstrap_external>", line 883, in exec_module
  File "<frozen importlib._bootstrap>", line 241, in _call_with_frames_removed
  File "/opt/airflow/dags/main.py", line 28, in <module>
    save_to_json_task = save_to_json(extract_data)
  File "/opt/airflow/dags/api/video_stats.py", line 106, in save_to_json
    json.dump(extracted_data, json_outfile, indent=4, ensure_ascii=False)
  File "/usr/local/lib/python3.10/json/__init__.py", line 179, in dump
    for chunk in iterable:
  File "/usr/local/lib/python3.10/json/encoder.py", line 438, in _iterencode
    o = _default(o)
  File "/usr/local/lib/python3.10/json/encoder.py", line 179, in default
    raise TypeError(f'Object of type {o.__class__.__name__} '
TypeError: Object of type PlainXComArg is not JSON serializable
[2026-09-23T16:30:48.771+0000] {processor.py:842} WARNING - No viable dags retrieved from /opt/airflow/dags/main.py
[2026-09-23T16:30:48.791+0000] {processor.py:183} INFO - Processing /opt/airflow/dags/main.py took 0.176 seconds
[2026-09-23T16:31:18.959+0000] {processor.py:161} INFO - Started process (PID=681) to work on /opt/airflow/dags/main.py
[2026-09-23T16:31:18.962+0000] {processor.py:830} INFO - Processing file /opt/airflow/dags/main.py for tasks to queue
[2026-09-23T16:31:18.965+0000] {logging_mixin.py:188} INFO - [2026-09-23T16:31:18.965+0000] {dagbag.py:545} INFO - Filling up the DagBag from /opt/airflow/dags/main.py
[2026-09-23T16:31:19.124+0000] {logging_mixin.py:188} INFO - [2026-09-23T16:31:19.102+0000] {dagbag.py:355} ERROR - Failed to import: /opt/airflow/dags/main.py
Traceback (most recent call last):
  File "/home/airflow/.local/lib/python3.10/site-packages/airflow/models/dagbag.py", line 351, in parse
    loader.exec_module(new_module)
  File "<frozen importlib._bootstrap_external>", line 883, in exec_module
  File "<frozen importlib._bootstrap>", line 241, in _call_with_frames_removed
  File "/opt/airflow/dags/main.py", line 28, in <module>
    save_to_json_task = save_to_json(extract_data)
  File "/opt/airflow/dags/api/video_stats.py", line 106, in save_to_json
    json.dump(extracted_data, json_outfile, indent=4, ensure_ascii=False)
  File "/usr/local/lib/python3.10/json/__init__.py", line 179, in dump
    for chunk in iterable:
  File "/usr/local/lib/python3.10/json/encoder.py", line 438, in _iterencode
    o = _default(o)
  File "/usr/local/lib/python3.10/json/encoder.py", line 179, in default
    raise TypeError(f'Object of type {o.__class__.__name__} '
TypeError: Object of type PlainXComArg is not JSON serializable
[2026-09-23T16:31:19.125+0000] {processor.py:842} WARNING - No viable dags retrieved from /opt/airflow/dags/main.py
[2026-09-23T16:31:19.142+0000] {processor.py:183} INFO - Processing /opt/airflow/dags/main.py took 0.190 seconds
[2026-09-23T16:31:49.463+0000] {processor.py:161} INFO - Started process (PID=688) to work on /opt/airflow/dags/main.py
[2026-09-23T16:31:49.465+0000] {processor.py:830} INFO - Processing file /opt/airflow/dags/main.py for tasks to queue
[2026-09-23T16:31:49.468+0000] {logging_mixin.py:188} INFO - [2026-09-23T16:31:49.468+0000] {dagbag.py:545} INFO - Filling up the DagBag from /opt/airflow/dags/main.py
[2026-09-23T16:31:49.611+0000] {logging_mixin.py:188} INFO - [2026-09-23T16:31:49.586+0000] {dagbag.py:355} ERROR - Failed to import: /opt/airflow/dags/main.py
Traceback (most recent call last):
  File "/home/airflow/.local/lib/python3.10/site-packages/airflow/models/dagbag.py", line 351, in parse
    loader.exec_module(new_module)
  File "<frozen importlib._bootstrap_external>", line 883, in exec_module
  File "<frozen importlib._bootstrap>", line 241, in _call_with_frames_removed
  File "/opt/airflow/dags/main.py", line 28, in <module>
    save_to_json_task = save_to_json(extract_data)
  File "/opt/airflow/dags/api/video_stats.py", line 106, in save_to_json
    json.dump(extracted_data, json_outfile, indent=4, ensure_ascii=False)
  File "/usr/local/lib/python3.10/json/__init__.py", line 179, in dump
    for chunk in iterable:
  File "/usr/local/lib/python3.10/json/encoder.py", line 438, in _iterencode
    o = _default(o)
  File "/usr/local/lib/python3.10/json/encoder.py", line 179, in default
    raise TypeError(f'Object of type {o.__class__.__name__} '
TypeError: Object of type PlainXComArg is not JSON serializable
[2026-09-23T16:31:49.613+0000] {processor.py:842} WARNING - No viable dags retrieved from /opt/airflow/dags/main.py
[2026-09-23T16:31:49.632+0000] {processor.py:183} INFO - Processing /opt/airflow/dags/main.py took 0.174 seconds
[2026-09-23T16:32:19.809+0000] {processor.py:161} INFO - Started process (PID=695) to work on /opt/airflow/dags/main.py
[2026-09-23T16:32:19.812+0000] {processor.py:830} INFO - Processing file /opt/airflow/dags/main.py for tasks to queue
[2026-09-23T16:32:19.815+0000] {logging_mixin.py:188} INFO - [2026-09-23T16:32:19.815+0000] {dagbag.py:545} INFO - Filling up the DagBag from /opt/airflow/dags/main.py
[2026-09-23T16:32:19.953+0000] {logging_mixin.py:188} INFO - [2026-09-23T16:32:19.930+0000] {dagbag.py:355} ERROR - Failed to import: /opt/airflow/dags/main.py
Traceback (most recent call last):
  File "/home/airflow/.local/lib/python3.10/site-packages/airflow/models/dagbag.py", line 351, in parse
    loader.exec_module(new_module)
  File "<frozen importlib._bootstrap_external>", line 883, in exec_module
  File "<frozen importlib._bootstrap>", line 241, in _call_with_frames_removed
  File "/opt/airflow/dags/main.py", line 28, in <module>
    save_to_json_task = save_to_json(extract_data)
  File "/opt/airflow/dags/api/video_stats.py", line 106, in save_to_json
    json.dump(extracted_data, json_outfile, indent=4, ensure_ascii=False)
  File "/usr/local/lib/python3.10/json/__init__.py", line 179, in dump
    for chunk in iterable:
  File "/usr/local/lib/python3.10/json/encoder.py", line 438, in _iterencode
    o = _default(o)
  File "/usr/local/lib/python3.10/json/encoder.py", line 179, in default
    raise TypeError(f'Object of type {o.__class__.__name__} '
TypeError: Object of type PlainXComArg is not JSON serializable
[2026-09-23T16:32:19.955+0000] {processor.py:842} WARNING - No viable dags retrieved from /opt/airflow/dags/main.py
[2026-09-23T16:32:19.971+0000] {processor.py:183} INFO - Processing /opt/airflow/dags/main.py took 0.168 seconds
[2026-09-23T16:32:50.267+0000] {processor.py:161} INFO - Started process (PID=702) to work on /opt/airflow/dags/main.py
[2026-09-23T16:32:50.270+0000] {processor.py:830} INFO - Processing file /opt/airflow/dags/main.py for tasks to queue
[2026-09-23T16:32:50.273+0000] {logging_mixin.py:188} INFO - [2026-09-23T16:32:50.273+0000] {dagbag.py:545} INFO - Filling up the DagBag from /opt/airflow/dags/main.py
[2026-09-23T16:32:50.421+0000] {logging_mixin.py:188} INFO - [2026-09-23T16:32:50.397+0000] {dagbag.py:355} ERROR - Failed to import: /opt/airflow/dags/main.py
Traceback (most recent call last):
  File "/home/airflow/.local/lib/python3.10/site-packages/airflow/models/dagbag.py", line 351, in parse
    loader.exec_module(new_module)
  File "<frozen importlib._bootstrap_external>", line 883, in exec_module
  File "<frozen importlib._bootstrap>", line 241, in _call_with_frames_removed
  File "/opt/airflow/dags/main.py", line 28, in <module>
    save_to_json_task = save_to_json(extract_data)
  File "/opt/airflow/dags/api/video_stats.py", line 106, in save_to_json
    json.dump(extracted_data, json_outfile, indent=4, ensure_ascii=False)
  File "/usr/local/lib/python3.10/json/__init__.py", line 179, in dump
    for chunk in iterable:
  File "/usr/local/lib/python3.10/json/encoder.py", line 438, in _iterencode
    o = _default(o)
  File "/usr/local/lib/python3.10/json/encoder.py", line 179, in default
    raise TypeError(f'Object of type {o.__class__.__name__} '
TypeError: Object of type PlainXComArg is not JSON serializable
[2026-09-23T16:32:50.423+0000] {processor.py:842} WARNING - No viable dags retrieved from /opt/airflow/dags/main.py
[2026-09-23T16:32:50.449+0000] {processor.py:183} INFO - Processing /opt/airflow/dags/main.py took 0.189 seconds
[2026-09-23T16:33:20.593+0000] {processor.py:161} INFO - Started process (PID=709) to work on /opt/airflow/dags/main.py
[2026-09-23T16:33:20.596+0000] {processor.py:830} INFO - Processing file /opt/airflow/dags/main.py for tasks to queue
[2026-09-23T16:33:20.599+0000] {logging_mixin.py:188} INFO - [2026-09-23T16:33:20.598+0000] {dagbag.py:545} INFO - Filling up the DagBag from /opt/airflow/dags/main.py
[2026-09-23T16:33:20.721+0000] {logging_mixin.py:188} INFO - [2026-09-23T16:33:20.702+0000] {dagbag.py:355} ERROR - Failed to import: /opt/airflow/dags/main.py
Traceback (most recent call last):
  File "/home/airflow/.local/lib/python3.10/site-packages/airflow/models/dagbag.py", line 351, in parse
    loader.exec_module(new_module)
  File "<frozen importlib._bootstrap_external>", line 883, in exec_module
  File "<frozen importlib._bootstrap>", line 241, in _call_with_frames_removed
  File "/opt/airflow/dags/main.py", line 28, in <module>
    save_to_json_task = save_to_json(extract_data)
  File "/opt/airflow/dags/api/video_stats.py", line 106, in save_to_json
    json.dump(extracted_data, json_outfile, indent=4, ensure_ascii=False)
  File "/usr/local/lib/python3.10/json/__init__.py", line 179, in dump
    for chunk in iterable:
  File "/usr/local/lib/python3.10/json/encoder.py", line 438, in _iterencode
    o = _default(o)
  File "/usr/local/lib/python3.10/json/encoder.py", line 179, in default
    raise TypeError(f'Object of type {o.__class__.__name__} '
TypeError: Object of type PlainXComArg is not JSON serializable
[2026-09-23T16:33:20.722+0000] {processor.py:842} WARNING - No viable dags retrieved from /opt/airflow/dags/main.py
[2026-09-23T16:33:20.745+0000] {processor.py:183} INFO - Processing /opt/airflow/dags/main.py took 0.157 seconds
[2026-09-23T16:33:51.123+0000] {processor.py:161} INFO - Started process (PID=716) to work on /opt/airflow/dags/main.py
[2026-09-23T16:33:51.126+0000] {processor.py:830} INFO - Processing file /opt/airflow/dags/main.py for tasks to queue
[2026-09-23T16:33:51.132+0000] {logging_mixin.py:188} INFO - [2026-09-23T16:33:51.132+0000] {dagbag.py:545} INFO - Filling up the DagBag from /opt/airflow/dags/main.py
[2026-09-23T16:33:51.277+0000] {logging_mixin.py:188} INFO - [2026-09-23T16:33:51.261+0000] {dagbag.py:355} ERROR - Failed to import: /opt/airflow/dags/main.py
Traceback (most recent call last):
  File "/home/airflow/.local/lib/python3.10/site-packages/airflow/models/dagbag.py", line 351, in parse
    loader.exec_module(new_module)
  File "<frozen importlib._bootstrap_external>", line 883, in exec_module
  File "<frozen importlib._bootstrap>", line 241, in _call_with_frames_removed
  File "/opt/airflow/dags/main.py", line 28, in <module>
    save_to_json_task = save_to_json(extract_data)
  File "/opt/airflow/dags/api/video_stats.py", line 106, in save_to_json
    json.dump(extracted_data, json_outfile, indent=4, ensure_ascii=False)
  File "/usr/local/lib/python3.10/json/__init__.py", line 179, in dump
    for chunk in iterable:
  File "/usr/local/lib/python3.10/json/encoder.py", line 438, in _iterencode
    o = _default(o)
  File "/usr/local/lib/python3.10/json/encoder.py", line 179, in default
    raise TypeError(f'Object of type {o.__class__.__name__} '
TypeError: Object of type PlainXComArg is not JSON serializable
[2026-09-23T16:33:51.279+0000] {processor.py:842} WARNING - No viable dags retrieved from /opt/airflow/dags/main.py
[2026-09-23T16:33:51.311+0000] {processor.py:183} INFO - Processing /opt/airflow/dags/main.py took 0.200 seconds
[2026-09-23T16:33:52.170+0000] {processor.py:161} INFO - Started process (PID=717) to work on /opt/airflow/dags/main.py
[2026-09-23T16:33:52.174+0000] {processor.py:830} INFO - Processing file /opt/airflow/dags/main.py for tasks to queue
[2026-09-23T16:33:52.181+0000] {logging_mixin.py:188} INFO - [2026-09-23T16:33:52.180+0000] {dagbag.py:545} INFO - Filling up the DagBag from /opt/airflow/dags/main.py
[2026-09-23T16:33:52.339+0000] {logging_mixin.py:188} INFO - [2026-09-23T16:33:52.318+0000] {dagbag.py:355} ERROR - Failed to import: /opt/airflow/dags/main.py
Traceback (most recent call last):
  File "/home/airflow/.local/lib/python3.10/site-packages/airflow/models/dagbag.py", line 351, in parse
    loader.exec_module(new_module)
  File "<frozen importlib._bootstrap_external>", line 883, in exec_module
  File "<frozen importlib._bootstrap>", line 241, in _call_with_frames_removed
  File "/opt/airflow/dags/main.py", line 28, in <module>
    save_to_json(extract_data)                    # ✅ no need to assign or use >>
  File "/opt/airflow/dags/api/video_stats.py", line 106, in save_to_json
    json.dump(extracted_data, json_outfile, indent=4, ensure_ascii=False)
  File "/usr/local/lib/python3.10/json/__init__.py", line 179, in dump
    for chunk in iterable:
  File "/usr/local/lib/python3.10/json/encoder.py", line 438, in _iterencode
    o = _default(o)
  File "/usr/local/lib/python3.10/json/encoder.py", line 179, in default
    raise TypeError(f'Object of type {o.__class__.__name__} '
TypeError: Object of type PlainXComArg is not JSON serializable
[2026-09-23T16:33:52.342+0000] {processor.py:842} WARNING - No viable dags retrieved from /opt/airflow/dags/main.py
[2026-09-23T16:33:52.368+0000] {processor.py:183} INFO - Processing /opt/airflow/dags/main.py took 0.212 seconds
[2026-09-23T16:34:08.544+0000] {processor.py:161} INFO - Started process (PID=725) to work on /opt/airflow/dags/main.py
[2026-09-23T16:34:08.547+0000] {processor.py:830} INFO - Processing file /opt/airflow/dags/main.py for tasks to queue
[2026-09-23T16:34:08.551+0000] {logging_mixin.py:188} INFO - [2026-09-23T16:34:08.550+0000] {dagbag.py:545} INFO - Filling up the DagBag from /opt/airflow/dags/main.py
[2026-09-23T16:34:08.732+0000] {logging_mixin.py:188} INFO - [2026-09-23T16:34:08.697+0000] {dagbag.py:355} ERROR - Failed to import: /opt/airflow/dags/main.py
Traceback (most recent call last):
  File "/home/airflow/.local/lib/python3.10/site-packages/airflow/models/dagbag.py", line 351, in parse
    loader.exec_module(new_module)
  File "<frozen importlib._bootstrap_external>", line 883, in exec_module
  File "<frozen importlib._bootstrap>", line 241, in _call_with_frames_removed
  File "/opt/airflow/dags/main.py", line 28, in <module>
    save_to_json(extract_data)                    # ✅ no need to assign or use >>
  File "/opt/airflow/dags/api/video_stats.py", line 106, in save_to_json
    json.dump(extracted_data, json_outfile, indent=4, ensure_ascii=False)
  File "/usr/local/lib/python3.10/json/__init__.py", line 179, in dump
    for chunk in iterable:
  File "/usr/local/lib/python3.10/json/encoder.py", line 438, in _iterencode
    o = _default(o)
  File "/usr/local/lib/python3.10/json/encoder.py", line 179, in default
    raise TypeError(f'Object of type {o.__class__.__name__} '
TypeError: Object of type PlainXComArg is not JSON serializable
[2026-09-23T16:34:08.738+0000] {processor.py:842} WARNING - No viable dags retrieved from /opt/airflow/dags/main.py
[2026-09-23T16:34:08.815+0000] {processor.py:183} INFO - Processing /opt/airflow/dags/main.py took 0.277 seconds
[2026-09-23T16:34:39.143+0000] {processor.py:161} INFO - Started process (PID=733) to work on /opt/airflow/dags/main.py
[2026-09-23T16:34:39.146+0000] {processor.py:830} INFO - Processing file /opt/airflow/dags/main.py for tasks to queue
[2026-09-23T16:34:39.151+0000] {logging_mixin.py:188} INFO - [2026-09-23T16:34:39.151+0000] {dagbag.py:545} INFO - Filling up the DagBag from /opt/airflow/dags/main.py
[2026-09-23T16:34:39.292+0000] {logging_mixin.py:188} INFO - [2026-09-23T16:34:39.258+0000] {dagbag.py:355} ERROR - Failed to import: /opt/airflow/dags/main.py
Traceback (most recent call last):
  File "/home/airflow/.local/lib/python3.10/site-packages/airflow/models/dagbag.py", line 351, in parse
    loader.exec_module(new_module)
  File "<frozen importlib._bootstrap_external>", line 883, in exec_module
  File "<frozen importlib._bootstrap>", line 241, in _call_with_frames_removed
  File "/opt/airflow/dags/main.py", line 28, in <module>
    save_to_json(extract_data)                    # ✅ no need to assign or use >>
  File "/opt/airflow/dags/api/video_stats.py", line 106, in save_to_json
    json.dump(extracted_data, json_outfile, indent=4, ensure_ascii=False)
  File "/usr/local/lib/python3.10/json/__init__.py", line 179, in dump
    for chunk in iterable:
  File "/usr/local/lib/python3.10/json/encoder.py", line 438, in _iterencode
    o = _default(o)
  File "/usr/local/lib/python3.10/json/encoder.py", line 179, in default
    raise TypeError(f'Object of type {o.__class__.__name__} '
TypeError: Object of type PlainXComArg is not JSON serializable
[2026-09-23T16:34:39.294+0000] {processor.py:842} WARNING - No viable dags retrieved from /opt/airflow/dags/main.py
[2026-09-23T16:34:39.315+0000] {processor.py:183} INFO - Processing /opt/airflow/dags/main.py took 0.179 seconds
[2026-09-23T16:35:09.461+0000] {processor.py:161} INFO - Started process (PID=740) to work on /opt/airflow/dags/main.py
[2026-09-23T16:35:09.464+0000] {processor.py:830} INFO - Processing file /opt/airflow/dags/main.py for tasks to queue
[2026-09-23T16:35:09.467+0000] {logging_mixin.py:188} INFO - [2026-09-23T16:35:09.467+0000] {dagbag.py:545} INFO - Filling up the DagBag from /opt/airflow/dags/main.py
[2026-09-23T16:35:09.609+0000] {logging_mixin.py:188} INFO - [2026-09-23T16:35:09.585+0000] {dagbag.py:355} ERROR - Failed to import: /opt/airflow/dags/main.py
Traceback (most recent call last):
  File "/home/airflow/.local/lib/python3.10/site-packages/airflow/models/dagbag.py", line 351, in parse
    loader.exec_module(new_module)
  File "<frozen importlib._bootstrap_external>", line 883, in exec_module
  File "<frozen importlib._bootstrap>", line 241, in _call_with_frames_removed
  File "/opt/airflow/dags/main.py", line 28, in <module>
    save_to_json(extract_data)                    # ✅ no need to assign or use >>
  File "/opt/airflow/dags/api/video_stats.py", line 106, in save_to_json
    json.dump(extracted_data, json_outfile, indent=4, ensure_ascii=False)
  File "/usr/local/lib/python3.10/json/__init__.py", line 179, in dump
    for chunk in iterable:
  File "/usr/local/lib/python3.10/json/encoder.py", line 438, in _iterencode
    o = _default(o)
  File "/usr/local/lib/python3.10/json/encoder.py", line 179, in default
    raise TypeError(f'Object of type {o.__class__.__name__} '
TypeError: Object of type PlainXComArg is not JSON serializable
[2026-09-23T16:35:09.611+0000] {processor.py:842} WARNING - No viable dags retrieved from /opt/airflow/dags/main.py
[2026-09-23T16:35:09.633+0000] {processor.py:183} INFO - Processing /opt/airflow/dags/main.py took 0.177 seconds
[2026-09-23T16:35:39.787+0000] {processor.py:161} INFO - Started process (PID=747) to work on /opt/airflow/dags/main.py
[2026-09-23T16:35:39.790+0000] {processor.py:830} INFO - Processing file /opt/airflow/dags/main.py for tasks to queue
[2026-09-23T16:35:39.793+0000] {logging_mixin.py:188} INFO - [2026-09-23T16:35:39.793+0000] {dagbag.py:545} INFO - Filling up the DagBag from /opt/airflow/dags/main.py
[2026-09-23T16:35:39.969+0000] {logging_mixin.py:188} INFO - [2026-09-23T16:35:39.943+0000] {dagbag.py:355} ERROR - Failed to import: /opt/airflow/dags/main.py
Traceback (most recent call last):
  File "/home/airflow/.local/lib/python3.10/site-packages/airflow/models/dagbag.py", line 351, in parse
    loader.exec_module(new_module)
  File "<frozen importlib._bootstrap_external>", line 883, in exec_module
  File "<frozen importlib._bootstrap>", line 241, in _call_with_frames_removed
  File "/opt/airflow/dags/main.py", line 28, in <module>
    save_to_json(extract_data)                    # ✅ no need to assign or use >>
  File "/opt/airflow/dags/api/video_stats.py", line 106, in save_to_json
    json.dump(extracted_data, json_outfile, indent=4, ensure_ascii=False)
  File "/usr/local/lib/python3.10/json/__init__.py", line 179, in dump
    for chunk in iterable:
  File "/usr/local/lib/python3.10/json/encoder.py", line 438, in _iterencode
    o = _default(o)
  File "/usr/local/lib/python3.10/json/encoder.py", line 179, in default
    raise TypeError(f'Object of type {o.__class__.__name__} '
TypeError: Object of type PlainXComArg is not JSON serializable
[2026-09-23T16:35:39.971+0000] {processor.py:842} WARNING - No viable dags retrieved from /opt/airflow/dags/main.py
[2026-09-23T16:35:39.988+0000] {processor.py:183} INFO - Processing /opt/airflow/dags/main.py took 0.207 seconds
[2026-09-23T16:36:10.247+0000] {processor.py:161} INFO - Started process (PID=754) to work on /opt/airflow/dags/main.py
[2026-09-23T16:36:10.249+0000] {processor.py:830} INFO - Processing file /opt/airflow/dags/main.py for tasks to queue
[2026-09-23T16:36:10.252+0000] {logging_mixin.py:188} INFO - [2026-09-23T16:36:10.252+0000] {dagbag.py:545} INFO - Filling up the DagBag from /opt/airflow/dags/main.py
[2026-09-23T16:36:10.392+0000] {processor.py:840} INFO - DAG(s) 'produce_json' retrieved from /opt/airflow/dags/main.py
[2026-09-23T16:36:10.578+0000] {logging_mixin.py:188} INFO - [2026-09-23T16:36:10.577+0000] {override.py:1829} INFO - Created Permission View: can read on DAG:produce_json
[2026-09-23T16:36:10.586+0000] {logging_mixin.py:188} INFO - [2026-09-23T16:36:10.586+0000] {override.py:1829} INFO - Created Permission View: can delete on DAG:produce_json
[2026-09-23T16:36:10.592+0000] {logging_mixin.py:188} INFO - [2026-09-23T16:36:10.592+0000] {override.py:1829} INFO - Created Permission View: can edit on DAG:produce_json
[2026-09-23T16:36:10.594+0000] {logging_mixin.py:188} INFO - [2026-09-23T16:36:10.594+0000] {dag.py:3096} INFO - Sync 1 DAGs
[2026-09-23T16:36:10.606+0000] {logging_mixin.py:188} INFO - [2026-09-23T16:36:10.606+0000] {dag.py:3118} INFO - Creating ORM DAG for produce_json
[2026-09-23T16:36:10.618+0000] {logging_mixin.py:188} INFO - [2026-09-23T16:36:10.618+0000] {dag.py:3954} INFO - Setting next_dagrun for produce_json to 2026-09-22 12:00:00+00:00, run_after=2026-09-23 12:00:00+00:00
[2026-09-23T16:36:10.641+0000] {processor.py:183} INFO - Processing /opt/airflow/dags/main.py took 0.399 seconds
[2026-09-23T16:36:24.449+0000] {processor.py:161} INFO - Started process (PID=755) to work on /opt/airflow/dags/main.py
[2026-09-23T16:36:24.452+0000] {processor.py:830} INFO - Processing file /opt/airflow/dags/main.py for tasks to queue
[2026-09-23T16:36:24.456+0000] {logging_mixin.py:188} INFO - [2026-09-23T16:36:24.456+0000] {dagbag.py:545} INFO - Filling up the DagBag from /opt/airflow/dags/main.py
[2026-09-23T16:36:24.599+0000] {processor.py:840} INFO - DAG(s) 'produce_json' retrieved from /opt/airflow/dags/main.py
[2026-09-23T16:36:24.614+0000] {logging_mixin.py:188} INFO - [2026-09-23T16:36:24.613+0000] {dag.py:3096} INFO - Sync 1 DAGs
[2026-09-23T16:36:24.635+0000] {logging_mixin.py:188} INFO - [2026-09-23T16:36:24.635+0000] {dag.py:3954} INFO - Setting next_dagrun for produce_json to 2026-09-22 12:00:00+00:00, run_after=2026-09-23 12:00:00+00:00
[2026-09-23T16:36:24.671+0000] {processor.py:183} INFO - Processing /opt/airflow/dags/main.py took 0.231 seconds
[2026-09-23T16:36:25.490+0000] {processor.py:161} INFO - Started process (PID=756) to work on /opt/airflow/dags/main.py
[2026-09-23T16:36:25.493+0000] {processor.py:830} INFO - Processing file /opt/airflow/dags/main.py for tasks to queue
[2026-09-23T16:36:25.496+0000] {logging_mixin.py:188} INFO - [2026-09-23T16:36:25.496+0000] {dagbag.py:545} INFO - Filling up the DagBag from /opt/airflow/dags/main.py
[2026-09-23T16:36:25.652+0000] {processor.py:840} INFO - DAG(s) 'produce_json' retrieved from /opt/airflow/dags/main.py
[2026-09-23T16:36:25.665+0000] {logging_mixin.py:188} INFO - [2026-09-23T16:36:25.665+0000] {dag.py:3096} INFO - Sync 1 DAGs
[2026-09-23T16:36:25.688+0000] {logging_mixin.py:188} INFO - [2026-09-23T16:36:25.688+0000] {dag.py:3954} INFO - Setting next_dagrun for produce_json to 2026-09-22 12:00:00+00:00, run_after=2026-09-23 12:00:00+00:00
[2026-09-23T16:36:25.720+0000] {processor.py:183} INFO - Processing /opt/airflow/dags/main.py took 0.235 seconds
[2026-09-23T16:36:56.018+0000] {processor.py:161} INFO - Started process (PID=763) to work on /opt/airflow/dags/main.py
[2026-09-23T16:36:56.020+0000] {processor.py:830} INFO - Processing file /opt/airflow/dags/main.py for tasks to queue
[2026-09-23T16:36:56.024+0000] {logging_mixin.py:188} INFO - [2026-09-23T16:36:56.024+0000] {dagbag.py:545} INFO - Filling up the DagBag from /opt/airflow/dags/main.py
[2026-09-23T16:36:56.129+0000] {processor.py:840} INFO - DAG(s) 'produce_json' retrieved from /opt/airflow/dags/main.py
[2026-09-23T16:36:56.162+0000] {logging_mixin.py:188} INFO - [2026-09-23T16:36:56.162+0000] {dag.py:3096} INFO - Sync 1 DAGs
[2026-09-23T16:36:56.188+0000] {logging_mixin.py:188} INFO - [2026-09-23T16:36:56.188+0000] {dag.py:3954} INFO - Setting next_dagrun for produce_json to 2026-09-22 12:00:00+00:00, run_after=2026-09-23 12:00:00+00:00
[2026-09-23T16:36:56.220+0000] {processor.py:183} INFO - Processing /opt/airflow/dags/main.py took 0.208 seconds
[2026-09-23T16:37:26.317+0000] {processor.py:161} INFO - Started process (PID=770) to work on /opt/airflow/dags/main.py
[2026-09-23T16:37:26.319+0000] {processor.py:830} INFO - Processing file /opt/airflow/dags/main.py for tasks to queue
[2026-09-23T16:37:26.323+0000] {logging_mixin.py:188} INFO - [2026-09-23T16:37:26.323+0000] {dagbag.py:545} INFO - Filling up the DagBag from /opt/airflow/dags/main.py
[2026-09-23T16:37:26.437+0000] {processor.py:840} INFO - DAG(s) 'produce_json' retrieved from /opt/airflow/dags/main.py
[2026-09-23T16:37:26.473+0000] {logging_mixin.py:188} INFO - [2026-09-23T16:37:26.473+0000] {dag.py:3096} INFO - Sync 1 DAGs
[2026-09-23T16:37:26.498+0000] {logging_mixin.py:188} INFO - [2026-09-23T16:37:26.498+0000] {dag.py:3954} INFO - Setting next_dagrun for produce_json to 2026-09-22 12:00:00+00:00, run_after=2026-09-23 12:00:00+00:00
[2026-09-23T16:37:26.521+0000] {processor.py:183} INFO - Processing /opt/airflow/dags/main.py took 0.210 seconds
[2026-09-23T16:37:56.798+0000] {processor.py:161} INFO - Started process (PID=777) to work on /opt/airflow/dags/main.py
[2026-09-23T16:37:56.800+0000] {processor.py:830} INFO - Processing file /opt/airflow/dags/main.py for tasks to queue
[2026-09-23T16:37:56.803+0000] {logging_mixin.py:188} INFO - [2026-09-23T16:37:56.802+0000] {dagbag.py:545} INFO - Filling up the DagBag from /opt/airflow/dags/main.py
[2026-09-23T16:37:56.900+0000] {processor.py:840} INFO - DAG(s) 'produce_json' retrieved from /opt/airflow/dags/main.py
[2026-09-23T16:37:56.929+0000] {logging_mixin.py:188} INFO - [2026-09-23T16:37:56.929+0000] {dag.py:3096} INFO - Sync 1 DAGs
[2026-09-23T16:37:56.952+0000] {logging_mixin.py:188} INFO - [2026-09-23T16:37:56.952+0000] {dag.py:3954} INFO - Setting next_dagrun for produce_json to 2026-09-22 12:00:00+00:00, run_after=2026-09-23 12:00:00+00:00
[2026-09-23T16:37:56.980+0000] {processor.py:183} INFO - Processing /opt/airflow/dags/main.py took 0.188 seconds
[2026-09-23T16:38:27.066+0000] {processor.py:161} INFO - Started process (PID=784) to work on /opt/airflow/dags/main.py
[2026-09-23T16:38:27.069+0000] {processor.py:830} INFO - Processing file /opt/airflow/dags/main.py for tasks to queue
[2026-09-23T16:38:27.073+0000] {logging_mixin.py:188} INFO - [2026-09-23T16:38:27.072+0000] {dagbag.py:545} INFO - Filling up the DagBag from /opt/airflow/dags/main.py
[2026-09-23T16:38:27.180+0000] {processor.py:840} INFO - DAG(s) 'produce_json' retrieved from /opt/airflow/dags/main.py
[2026-09-23T16:38:27.210+0000] {logging_mixin.py:188} INFO - [2026-09-23T16:38:27.210+0000] {dag.py:3096} INFO - Sync 1 DAGs
[2026-09-23T16:38:27.232+0000] {logging_mixin.py:188} INFO - [2026-09-23T16:38:27.232+0000] {dag.py:3954} INFO - Setting next_dagrun for produce_json to 2026-09-22 12:00:00+00:00, run_after=2026-09-23 12:00:00+00:00
[2026-09-23T16:38:27.257+0000] {processor.py:183} INFO - Processing /opt/airflow/dags/main.py took 0.197 seconds
[2026-09-23T16:38:57.537+0000] {processor.py:161} INFO - Started process (PID=791) to work on /opt/airflow/dags/main.py
[2026-09-23T16:38:57.540+0000] {processor.py:830} INFO - Processing file /opt/airflow/dags/main.py for tasks to queue
[2026-09-23T16:38:57.544+0000] {logging_mixin.py:188} INFO - [2026-09-23T16:38:57.543+0000] {dagbag.py:545} INFO - Filling up the DagBag from /opt/airflow/dags/main.py
[2026-09-23T16:38:57.651+0000] {processor.py:840} INFO - DAG(s) 'produce_json' retrieved from /opt/airflow/dags/main.py
[2026-09-23T16:38:57.680+0000] {logging_mixin.py:188} INFO - [2026-09-23T16:38:57.680+0000] {dag.py:3096} INFO - Sync 1 DAGs
[2026-09-23T16:38:57.701+0000] {logging_mixin.py:188} INFO - [2026-09-23T16:38:57.701+0000] {dag.py:3954} INFO - Setting next_dagrun for produce_json to 2026-09-22 12:00:00+00:00, run_after=2026-09-23 12:00:00+00:00
[2026-09-23T16:38:57.724+0000] {processor.py:183} INFO - Processing /opt/airflow/dags/main.py took 0.192 seconds
[2026-09-23T16:39:27.829+0000] {processor.py:161} INFO - Started process (PID=798) to work on /opt/airflow/dags/main.py
[2026-09-23T16:39:27.831+0000] {processor.py:830} INFO - Processing file /opt/airflow/dags/main.py for tasks to queue
[2026-09-23T16:39:27.834+0000] {logging_mixin.py:188} INFO - [2026-09-23T16:39:27.834+0000] {dagbag.py:545} INFO - Filling up the DagBag from /opt/airflow/dags/main.py
[2026-09-23T16:39:27.941+0000] {processor.py:840} INFO - DAG(s) 'produce_json' retrieved from /opt/airflow/dags/main.py
[2026-09-23T16:39:27.974+0000] {logging_mixin.py:188} INFO - [2026-09-23T16:39:27.974+0000] {dag.py:3096} INFO - Sync 1 DAGs
[2026-09-23T16:39:27.997+0000] {logging_mixin.py:188} INFO - [2026-09-23T16:39:27.997+0000] {dag.py:3954} INFO - Setting next_dagrun for produce_json to 2026-09-23 12:00:00+00:00, run_after=2026-09-24 12:00:00+00:00
[2026-09-23T16:39:28.020+0000] {processor.py:183} INFO - Processing /opt/airflow/dags/main.py took 0.196 seconds
[2026-09-23T16:39:58.485+0000] {processor.py:161} INFO - Started process (PID=805) to work on /opt/airflow/dags/main.py
[2026-09-23T16:39:58.487+0000] {processor.py:830} INFO - Processing file /opt/airflow/dags/main.py for tasks to queue
[2026-09-23T16:39:58.491+0000] {logging_mixin.py:188} INFO - [2026-09-23T16:39:58.490+0000] {dagbag.py:545} INFO - Filling up the DagBag from /opt/airflow/dags/main.py
[2026-09-23T16:39:58.605+0000] {processor.py:840} INFO - DAG(s) 'produce_json' retrieved from /opt/airflow/dags/main.py
[2026-09-23T16:39:58.634+0000] {logging_mixin.py:188} INFO - [2026-09-23T16:39:58.634+0000] {dag.py:3096} INFO - Sync 1 DAGs
[2026-09-23T16:39:58.655+0000] {logging_mixin.py:188} INFO - [2026-09-23T16:39:58.655+0000] {dag.py:3954} INFO - Setting next_dagrun for produce_json to 2026-09-23 12:00:00+00:00, run_after=2026-09-24 12:00:00+00:00
[2026-09-23T16:39:58.680+0000] {processor.py:183} INFO - Processing /opt/airflow/dags/main.py took 0.200 seconds
[2026-09-23T16:40:28.771+0000] {processor.py:161} INFO - Started process (PID=812) to work on /opt/airflow/dags/main.py
[2026-09-23T16:40:28.774+0000] {processor.py:830} INFO - Processing file /opt/airflow/dags/main.py for tasks to queue
[2026-09-23T16:40:28.778+0000] {logging_mixin.py:188} INFO - [2026-09-23T16:40:28.778+0000] {dagbag.py:545} INFO - Filling up the DagBag from /opt/airflow/dags/main.py
[2026-09-23T16:40:28.896+0000] {processor.py:840} INFO - DAG(s) 'produce_json' retrieved from /opt/airflow/dags/main.py
[2026-09-23T16:40:28.939+0000] {logging_mixin.py:188} INFO - [2026-09-23T16:40:28.939+0000] {dag.py:3096} INFO - Sync 1 DAGs
[2026-09-23T16:40:28.964+0000] {logging_mixin.py:188} INFO - [2026-09-23T16:40:28.964+0000] {dag.py:3954} INFO - Setting next_dagrun for produce_json to 2026-09-23 12:00:00+00:00, run_after=2026-09-24 12:00:00+00:00
[2026-09-23T16:40:28.990+0000] {processor.py:183} INFO - Processing /opt/airflow/dags/main.py took 0.228 seconds
[2026-09-23T16:40:59.300+0000] {processor.py:161} INFO - Started process (PID=819) to work on /opt/airflow/dags/main.py
[2026-09-23T16:40:59.302+0000] {processor.py:830} INFO - Processing file /opt/airflow/dags/main.py for tasks to queue
[2026-09-23T16:40:59.307+0000] {logging_mixin.py:188} INFO - [2026-09-23T16:40:59.306+0000] {dagbag.py:545} INFO - Filling up the DagBag from /opt/airflow/dags/main.py
[2026-09-23T16:40:59.423+0000] {processor.py:840} INFO - DAG(s) 'produce_json' retrieved from /opt/airflow/dags/main.py
[2026-09-23T16:40:59.450+0000] {logging_mixin.py:188} INFO - [2026-09-23T16:40:59.450+0000] {dag.py:3096} INFO - Sync 1 DAGs
[2026-09-23T16:40:59.471+0000] {logging_mixin.py:188} INFO - [2026-09-23T16:40:59.471+0000] {dag.py:3954} INFO - Setting next_dagrun for produce_json to 2026-09-23 12:00:00+00:00, run_after=2026-09-24 12:00:00+00:00
[2026-09-23T16:40:59.493+0000] {processor.py:183} INFO - Processing /opt/airflow/dags/main.py took 0.199 seconds
[2026-09-23T16:41:29.616+0000] {processor.py:161} INFO - Started process (PID=826) to work on /opt/airflow/dags/main.py
[2026-09-23T16:41:29.619+0000] {processor.py:830} INFO - Processing file /opt/airflow/dags/main.py for tasks to queue
[2026-09-23T16:41:29.624+0000] {logging_mixin.py:188} INFO - [2026-09-23T16:41:29.623+0000] {dagbag.py:545} INFO - Filling up the DagBag from /opt/airflow/dags/main.py
[2026-09-23T16:41:29.736+0000] {processor.py:840} INFO - DAG(s) 'produce_json' retrieved from /opt/airflow/dags/main.py
[2026-09-23T16:41:29.769+0000] {logging_mixin.py:188} INFO - [2026-09-23T16:41:29.768+0000] {dag.py:3096} INFO - Sync 1 DAGs
[2026-09-23T16:41:29.791+0000] {logging_mixin.py:188} INFO - [2026-09-23T16:41:29.791+0000] {dag.py:3954} INFO - Setting next_dagrun for produce_json to 2026-09-23 12:00:00+00:00, run_after=2026-09-24 12:00:00+00:00
[2026-09-23T16:41:29.813+0000] {processor.py:183} INFO - Processing /opt/airflow/dags/main.py took 0.205 seconds
[2026-09-23T16:42:00.054+0000] {processor.py:161} INFO - Started process (PID=833) to work on /opt/airflow/dags/main.py
[2026-09-23T16:42:00.057+0000] {processor.py:830} INFO - Processing file /opt/airflow/dags/main.py for tasks to queue
[2026-09-23T16:42:00.061+0000] {logging_mixin.py:188} INFO - [2026-09-23T16:42:00.061+0000] {dagbag.py:545} INFO - Filling up the DagBag from /opt/airflow/dags/main.py
[2026-09-23T16:42:00.171+0000] {processor.py:840} INFO - DAG(s) 'produce_json' retrieved from /opt/airflow/dags/main.py
[2026-09-23T16:42:00.200+0000] {logging_mixin.py:188} INFO - [2026-09-23T16:42:00.200+0000] {dag.py:3096} INFO - Sync 1 DAGs
[2026-09-23T16:42:00.221+0000] {logging_mixin.py:188} INFO - [2026-09-23T16:42:00.221+0000] {dag.py:3954} INFO - Setting next_dagrun for produce_json to 2026-09-23 12:00:00+00:00, run_after=2026-09-24 12:00:00+00:00
[2026-09-23T16:42:00.245+0000] {processor.py:183} INFO - Processing /opt/airflow/dags/main.py took 0.200 seconds
[2026-09-23T16:42:30.401+0000] {processor.py:161} INFO - Started process (PID=840) to work on /opt/airflow/dags/main.py
[2026-09-23T16:42:30.404+0000] {processor.py:830} INFO - Processing file /opt/airflow/dags/main.py for tasks to queue
[2026-09-23T16:42:30.408+0000] {logging_mixin.py:188} INFO - [2026-09-23T16:42:30.407+0000] {dagbag.py:545} INFO - Filling up the DagBag from /opt/airflow/dags/main.py
[2026-09-23T16:42:30.511+0000] {processor.py:840} INFO - DAG(s) 'produce_json' retrieved from /opt/airflow/dags/main.py
[2026-09-23T16:42:30.547+0000] {logging_mixin.py:188} INFO - [2026-09-23T16:42:30.546+0000] {dag.py:3096} INFO - Sync 1 DAGs
[2026-09-23T16:42:30.575+0000] {logging_mixin.py:188} INFO - [2026-09-23T16:42:30.575+0000] {dag.py:3954} INFO - Setting next_dagrun for produce_json to 2026-09-23 12:00:00+00:00, run_after=2026-09-24 12:00:00+00:00
[2026-09-23T16:42:30.602+0000] {processor.py:183} INFO - Processing /opt/airflow/dags/main.py took 0.210 seconds
[2026-09-23T16:43:00.841+0000] {processor.py:161} INFO - Started process (PID=847) to work on /opt/airflow/dags/main.py
[2026-09-23T16:43:00.844+0000] {processor.py:830} INFO - Processing file /opt/airflow/dags/main.py for tasks to queue
[2026-09-23T16:43:00.848+0000] {logging_mixin.py:188} INFO - [2026-09-23T16:43:00.847+0000] {dagbag.py:545} INFO - Filling up the DagBag from /opt/airflow/dags/main.py
[2026-09-23T16:43:00.956+0000] {processor.py:840} INFO - DAG(s) 'produce_json' retrieved from /opt/airflow/dags/main.py
[2026-09-23T16:43:00.986+0000] {logging_mixin.py:188} INFO - [2026-09-23T16:43:00.986+0000] {dag.py:3096} INFO - Sync 1 DAGs
[2026-09-23T16:43:01.005+0000] {logging_mixin.py:188} INFO - [2026-09-23T16:43:01.005+0000] {dag.py:3954} INFO - Setting next_dagrun for produce_json to 2026-09-23 12:00:00+00:00, run_after=2026-09-24 12:00:00+00:00
[2026-09-23T16:43:01.031+0000] {processor.py:183} INFO - Processing /opt/airflow/dags/main.py took 0.196 seconds
[2026-09-23T16:43:31.233+0000] {processor.py:161} INFO - Started process (PID=854) to work on /opt/airflow/dags/main.py
[2026-09-23T16:43:31.236+0000] {processor.py:830} INFO - Processing file /opt/airflow/dags/main.py for tasks to queue
[2026-09-23T16:43:31.239+0000] {logging_mixin.py:188} INFO - [2026-09-23T16:43:31.239+0000] {dagbag.py:545} INFO - Filling up the DagBag from /opt/airflow/dags/main.py
[2026-09-23T16:43:31.347+0000] {processor.py:840} INFO - DAG(s) 'produce_json' retrieved from /opt/airflow/dags/main.py
[2026-09-23T16:43:31.376+0000] {logging_mixin.py:188} INFO - [2026-09-23T16:43:31.375+0000] {dag.py:3096} INFO - Sync 1 DAGs
[2026-09-23T16:43:31.399+0000] {logging_mixin.py:188} INFO - [2026-09-23T16:43:31.399+0000] {dag.py:3954} INFO - Setting next_dagrun for produce_json to 2026-09-23 12:00:00+00:00, run_after=2026-09-24 12:00:00+00:00
[2026-09-23T16:43:31.434+0000] {processor.py:183} INFO - Processing /opt/airflow/dags/main.py took 0.206 seconds
[2026-09-23T16:44:01.728+0000] {processor.py:161} INFO - Started process (PID=861) to work on /opt/airflow/dags/main.py
[2026-09-23T16:44:01.730+0000] {processor.py:830} INFO - Processing file /opt/airflow/dags/main.py for tasks to queue
[2026-09-23T16:44:01.733+0000] {logging_mixin.py:188} INFO - [2026-09-23T16:44:01.733+0000] {dagbag.py:545} INFO - Filling up the DagBag from /opt/airflow/dags/main.py
[2026-09-23T16:44:01.833+0000] {processor.py:840} INFO - DAG(s) 'produce_json' retrieved from /opt/airflow/dags/main.py
[2026-09-23T16:44:01.861+0000] {logging_mixin.py:188} INFO - [2026-09-23T16:44:01.860+0000] {dag.py:3096} INFO - Sync 1 DAGs
[2026-09-23T16:44:01.882+0000] {logging_mixin.py:188} INFO - [2026-09-23T16:44:01.882+0000] {dag.py:3954} INFO - Setting next_dagrun for produce_json to 2026-09-23 12:00:00+00:00, run_after=2026-09-24 12:00:00+00:00
[2026-09-23T16:44:01.902+0000] {processor.py:183} INFO - Processing /opt/airflow/dags/main.py took 0.179 seconds
[2026-09-23T16:44:32.077+0000] {processor.py:161} INFO - Started process (PID=868) to work on /opt/airflow/dags/main.py
[2026-09-23T16:44:32.081+0000] {processor.py:830} INFO - Processing file /opt/airflow/dags/main.py for tasks to queue
[2026-09-23T16:44:32.084+0000] {logging_mixin.py:188} INFO - [2026-09-23T16:44:32.084+0000] {dagbag.py:545} INFO - Filling up the DagBag from /opt/airflow/dags/main.py
[2026-09-23T16:44:32.213+0000] {processor.py:840} INFO - DAG(s) 'produce_json' retrieved from /opt/airflow/dags/main.py
[2026-09-23T16:44:32.237+0000] {logging_mixin.py:188} INFO - [2026-09-23T16:44:32.237+0000] {dag.py:3096} INFO - Sync 1 DAGs
[2026-09-23T16:44:32.260+0000] {logging_mixin.py:188} INFO - [2026-09-23T16:44:32.260+0000] {dag.py:3954} INFO - Setting next_dagrun for produce_json to 2026-09-23 12:00:00+00:00, run_after=2026-09-24 12:00:00+00:00
[2026-09-23T16:44:32.282+0000] {processor.py:183} INFO - Processing /opt/airflow/dags/main.py took 0.212 seconds
[2026-09-23T16:45:02.789+0000] {processor.py:161} INFO - Started process (PID=875) to work on /opt/airflow/dags/main.py
[2026-09-23T16:45:02.791+0000] {processor.py:830} INFO - Processing file /opt/airflow/dags/main.py for tasks to queue
[2026-09-23T16:45:02.795+0000] {logging_mixin.py:188} INFO - [2026-09-23T16:45:02.795+0000] {dagbag.py:545} INFO - Filling up the DagBag from /opt/airflow/dags/main.py
[2026-09-23T16:45:02.907+0000] {processor.py:840} INFO - DAG(s) 'produce_json' retrieved from /opt/airflow/dags/main.py
[2026-09-23T16:45:02.930+0000] {logging_mixin.py:188} INFO - [2026-09-23T16:45:02.930+0000] {dag.py:3096} INFO - Sync 1 DAGs
[2026-09-23T16:45:02.946+0000] {logging_mixin.py:188} INFO - [2026-09-23T16:45:02.946+0000] {dag.py:3954} INFO - Setting next_dagrun for produce_json to 2026-09-23 12:00:00+00:00, run_after=2026-09-24 12:00:00+00:00
[2026-09-23T16:45:02.967+0000] {processor.py:183} INFO - Processing /opt/airflow/dags/main.py took 0.182 seconds
[2026-09-23T16:45:33.149+0000] {processor.py:161} INFO - Started process (PID=882) to work on /opt/airflow/dags/main.py
[2026-09-23T16:45:33.151+0000] {processor.py:830} INFO - Processing file /opt/airflow/dags/main.py for tasks to queue
[2026-09-23T16:45:33.155+0000] {logging_mixin.py:188} INFO - [2026-09-23T16:45:33.155+0000] {dagbag.py:545} INFO - Filling up the DagBag from /opt/airflow/dags/main.py
[2026-09-23T16:45:33.277+0000] {processor.py:840} INFO - DAG(s) 'produce_json' retrieved from /opt/airflow/dags/main.py
[2026-09-23T16:45:33.303+0000] {logging_mixin.py:188} INFO - [2026-09-23T16:45:33.303+0000] {dag.py:3096} INFO - Sync 1 DAGs
[2026-09-23T16:45:33.322+0000] {logging_mixin.py:188} INFO - [2026-09-23T16:45:33.322+0000] {dag.py:3954} INFO - Setting next_dagrun for produce_json to 2026-09-23 12:00:00+00:00, run_after=2026-09-24 12:00:00+00:00
[2026-09-23T16:45:33.343+0000] {processor.py:183} INFO - Processing /opt/airflow/dags/main.py took 0.200 seconds
[2026-09-23T16:46:03.641+0000] {processor.py:161} INFO - Started process (PID=889) to work on /opt/airflow/dags/main.py
[2026-09-23T16:46:03.644+0000] {processor.py:830} INFO - Processing file /opt/airflow/dags/main.py for tasks to queue
[2026-09-23T16:46:03.648+0000] {logging_mixin.py:188} INFO - [2026-09-23T16:46:03.647+0000] {dagbag.py:545} INFO - Filling up the DagBag from /opt/airflow/dags/main.py
[2026-09-23T16:46:03.784+0000] {processor.py:840} INFO - DAG(s) 'produce_json' retrieved from /opt/airflow/dags/main.py
[2026-09-23T16:46:03.820+0000] {logging_mixin.py:188} INFO - [2026-09-23T16:46:03.819+0000] {dag.py:3096} INFO - Sync 1 DAGs
[2026-09-23T16:46:03.840+0000] {logging_mixin.py:188} INFO - [2026-09-23T16:46:03.839+0000] {dag.py:3954} INFO - Setting next_dagrun for produce_json to 2026-09-23 12:00:00+00:00, run_after=2026-09-24 12:00:00+00:00
[2026-09-23T16:46:03.864+0000] {processor.py:183} INFO - Processing /opt/airflow/dags/main.py took 0.231 seconds
[2026-09-23T16:46:34.011+0000] {processor.py:161} INFO - Started process (PID=896) to work on /opt/airflow/dags/main.py
[2026-09-23T16:46:34.014+0000] {processor.py:830} INFO - Processing file /opt/airflow/dags/main.py for tasks to queue
[2026-09-23T16:46:34.018+0000] {logging_mixin.py:188} INFO - [2026-09-23T16:46:34.017+0000] {dagbag.py:545} INFO - Filling up the DagBag from /opt/airflow/dags/main.py
[2026-09-23T16:46:34.124+0000] {processor.py:840} INFO - DAG(s) 'produce_json' retrieved from /opt/airflow/dags/main.py
[2026-09-23T16:46:34.152+0000] {logging_mixin.py:188} INFO - [2026-09-23T16:46:34.151+0000] {dag.py:3096} INFO - Sync 1 DAGs
[2026-09-23T16:46:34.174+0000] {logging_mixin.py:188} INFO - [2026-09-23T16:46:34.174+0000] {dag.py:3954} INFO - Setting next_dagrun for produce_json to 2026-09-23 12:00:00+00:00, run_after=2026-09-24 12:00:00+00:00
[2026-09-23T16:46:34.196+0000] {processor.py:183} INFO - Processing /opt/airflow/dags/main.py took 0.197 seconds
[2026-09-23T16:47:04.547+0000] {processor.py:161} INFO - Started process (PID=903) to work on /opt/airflow/dags/main.py
[2026-09-23T16:47:04.550+0000] {processor.py:830} INFO - Processing file /opt/airflow/dags/main.py for tasks to queue
[2026-09-23T16:47:04.553+0000] {logging_mixin.py:188} INFO - [2026-09-23T16:47:04.553+0000] {dagbag.py:545} INFO - Filling up the DagBag from /opt/airflow/dags/main.py
[2026-09-23T16:47:04.677+0000] {processor.py:840} INFO - DAG(s) 'produce_json' retrieved from /opt/airflow/dags/main.py
[2026-09-23T16:47:04.703+0000] {logging_mixin.py:188} INFO - [2026-09-23T16:47:04.703+0000] {dag.py:3096} INFO - Sync 1 DAGs
[2026-09-23T16:47:04.723+0000] {logging_mixin.py:188} INFO - [2026-09-23T16:47:04.723+0000] {dag.py:3954} INFO - Setting next_dagrun for produce_json to 2026-09-23 12:00:00+00:00, run_after=2026-09-24 12:00:00+00:00
[2026-09-23T16:47:04.744+0000] {processor.py:183} INFO - Processing /opt/airflow/dags/main.py took 0.201 seconds
[2026-09-23T16:47:34.898+0000] {processor.py:161} INFO - Started process (PID=910) to work on /opt/airflow/dags/main.py
[2026-09-23T16:47:34.901+0000] {processor.py:830} INFO - Processing file /opt/airflow/dags/main.py for tasks to queue
[2026-09-23T16:47:34.906+0000] {logging_mixin.py:188} INFO - [2026-09-23T16:47:34.906+0000] {dagbag.py:545} INFO - Filling up the DagBag from /opt/airflow/dags/main.py
[2026-09-23T16:47:34.993+0000] {processor.py:840} INFO - DAG(s) 'produce_json' retrieved from /opt/airflow/dags/main.py
[2026-09-23T16:47:35.019+0000] {logging_mixin.py:188} INFO - [2026-09-23T16:47:35.019+0000] {dag.py:3096} INFO - Sync 1 DAGs
[2026-09-23T16:47:35.038+0000] {logging_mixin.py:188} INFO - [2026-09-23T16:47:35.038+0000] {dag.py:3954} INFO - Setting next_dagrun for produce_json to 2026-09-23 12:00:00+00:00, run_after=2026-09-24 12:00:00+00:00
[2026-09-23T16:47:35.060+0000] {processor.py:183} INFO - Processing /opt/airflow/dags/main.py took 0.168 seconds
[2026-09-23T16:48:05.412+0000] {processor.py:161} INFO - Started process (PID=923) to work on /opt/airflow/dags/main.py
[2026-09-23T16:48:05.415+0000] {processor.py:830} INFO - Processing file /opt/airflow/dags/main.py for tasks to queue
[2026-09-23T16:48:05.418+0000] {logging_mixin.py:188} INFO - [2026-09-23T16:48:05.417+0000] {dagbag.py:545} INFO - Filling up the DagBag from /opt/airflow/dags/main.py
[2026-09-23T16:48:05.531+0000] {processor.py:840} INFO - DAG(s) 'produce_json' retrieved from /opt/airflow/dags/main.py
[2026-09-23T16:48:05.555+0000] {logging_mixin.py:188} INFO - [2026-09-23T16:48:05.555+0000] {dag.py:3096} INFO - Sync 1 DAGs
[2026-09-23T16:48:05.571+0000] {logging_mixin.py:188} INFO - [2026-09-23T16:48:05.571+0000] {dag.py:3954} INFO - Setting next_dagrun for produce_json to 2026-09-23 12:00:00+00:00, run_after=2026-09-24 12:00:00+00:00
[2026-09-23T16:48:05.590+0000] {processor.py:183} INFO - Processing /opt/airflow/dags/main.py took 0.182 seconds
[2026-09-23T16:48:35.768+0000] {processor.py:161} INFO - Started process (PID=930) to work on /opt/airflow/dags/main.py
[2026-09-23T16:48:35.771+0000] {processor.py:830} INFO - Processing file /opt/airflow/dags/main.py for tasks to queue
[2026-09-23T16:48:35.775+0000] {logging_mixin.py:188} INFO - [2026-09-23T16:48:35.775+0000] {dagbag.py:545} INFO - Filling up the DagBag from /opt/airflow/dags/main.py
[2026-09-23T16:48:35.898+0000] {processor.py:840} INFO - DAG(s) 'produce_json' retrieved from /opt/airflow/dags/main.py
[2026-09-23T16:48:35.921+0000] {logging_mixin.py:188} INFO - [2026-09-23T16:48:35.921+0000] {dag.py:3096} INFO - Sync 1 DAGs
[2026-09-23T16:48:35.937+0000] {logging_mixin.py:188} INFO - [2026-09-23T16:48:35.937+0000] {dag.py:3954} INFO - Setting next_dagrun for produce_json to 2026-09-23 12:00:00+00:00, run_after=2026-09-24 12:00:00+00:00
[2026-09-23T16:48:35.958+0000] {processor.py:183} INFO - Processing /opt/airflow/dags/main.py took 0.196 seconds
[2026-09-23T16:49:06.229+0000] {processor.py:161} INFO - Started process (PID=937) to work on /opt/airflow/dags/main.py
[2026-09-23T16:49:06.232+0000] {processor.py:830} INFO - Processing file /opt/airflow/dags/main.py for tasks to queue
[2026-09-23T16:49:06.235+0000] {logging_mixin.py:188} INFO - [2026-09-23T16:49:06.235+0000] {dagbag.py:545} INFO - Filling up the DagBag from /opt/airflow/dags/main.py
[2026-09-23T16:49:06.350+0000] {processor.py:840} INFO - DAG(s) 'produce_json' retrieved from /opt/airflow/dags/main.py
[2026-09-23T16:49:06.375+0000] {logging_mixin.py:188} INFO - [2026-09-23T16:49:06.375+0000] {dag.py:3096} INFO - Sync 1 DAGs
[2026-09-23T16:49:06.393+0000] {logging_mixin.py:188} INFO - [2026-09-23T16:49:06.393+0000] {dag.py:3954} INFO - Setting next_dagrun for produce_json to 2026-09-23 12:00:00+00:00, run_after=2026-09-24 12:00:00+00:00
[2026-09-23T16:49:06.414+0000] {processor.py:183} INFO - Processing /opt/airflow/dags/main.py took 0.191 seconds
[2026-09-23T16:49:36.615+0000] {processor.py:161} INFO - Started process (PID=945) to work on /opt/airflow/dags/main.py
[2026-09-23T16:49:36.617+0000] {processor.py:830} INFO - Processing file /opt/airflow/dags/main.py for tasks to queue
[2026-09-23T16:49:36.621+0000] {logging_mixin.py:188} INFO - [2026-09-23T16:49:36.621+0000] {dagbag.py:545} INFO - Filling up the DagBag from /opt/airflow/dags/main.py
[2026-09-23T16:49:36.755+0000] {processor.py:840} INFO - DAG(s) 'produce_json' retrieved from /opt/airflow/dags/main.py
[2026-09-23T16:49:36.781+0000] {logging_mixin.py:188} INFO - [2026-09-23T16:49:36.781+0000] {dag.py:3096} INFO - Sync 1 DAGs
[2026-09-23T16:49:36.800+0000] {logging_mixin.py:188} INFO - [2026-09-23T16:49:36.800+0000] {dag.py:3954} INFO - Setting next_dagrun for produce_json to 2026-09-23 12:00:00+00:00, run_after=2026-09-24 12:00:00+00:00
[2026-09-23T16:49:36.821+0000] {processor.py:183} INFO - Processing /opt/airflow/dags/main.py took 0.212 seconds
[2026-09-23T16:50:07.326+0000] {processor.py:161} INFO - Started process (PID=951) to work on /opt/airflow/dags/main.py
[2026-09-23T16:50:07.328+0000] {processor.py:830} INFO - Processing file /opt/airflow/dags/main.py for tasks to queue
[2026-09-23T16:50:07.332+0000] {logging_mixin.py:188} INFO - [2026-09-23T16:50:07.332+0000] {dagbag.py:545} INFO - Filling up the DagBag from /opt/airflow/dags/main.py
[2026-09-23T16:50:07.456+0000] {processor.py:840} INFO - DAG(s) 'produce_json' retrieved from /opt/airflow/dags/main.py
[2026-09-23T16:50:07.481+0000] {logging_mixin.py:188} INFO - [2026-09-23T16:50:07.481+0000] {dag.py:3096} INFO - Sync 1 DAGs
[2026-09-23T16:50:07.499+0000] {logging_mixin.py:188} INFO - [2026-09-23T16:50:07.499+0000] {dag.py:3954} INFO - Setting next_dagrun for produce_json to 2026-09-23 12:00:00+00:00, run_after=2026-09-24 12:00:00+00:00
[2026-09-23T16:50:07.519+0000] {processor.py:183} INFO - Processing /opt/airflow/dags/main.py took 0.201 seconds
[2026-09-23T16:50:37.691+0000] {processor.py:161} INFO - Started process (PID=958) to work on /opt/airflow/dags/main.py
[2026-09-23T16:50:37.693+0000] {processor.py:830} INFO - Processing file /opt/airflow/dags/main.py for tasks to queue
[2026-09-23T16:50:37.697+0000] {logging_mixin.py:188} INFO - [2026-09-23T16:50:37.696+0000] {dagbag.py:545} INFO - Filling up the DagBag from /opt/airflow/dags/main.py
[2026-09-23T16:50:37.823+0000] {processor.py:840} INFO - DAG(s) 'produce_json' retrieved from /opt/airflow/dags/main.py
[2026-09-23T16:50:37.850+0000] {logging_mixin.py:188} INFO - [2026-09-23T16:50:37.850+0000] {dag.py:3096} INFO - Sync 1 DAGs
[2026-09-23T16:50:37.869+0000] {logging_mixin.py:188} INFO - [2026-09-23T16:50:37.869+0000] {dag.py:3954} INFO - Setting next_dagrun for produce_json to 2026-09-23 12:00:00+00:00, run_after=2026-09-24 12:00:00+00:00
[2026-09-23T16:50:37.887+0000] {processor.py:183} INFO - Processing /opt/airflow/dags/main.py took 0.204 seconds
[2026-09-23T16:51:08.147+0000] {processor.py:161} INFO - Started process (PID=965) to work on /opt/airflow/dags/main.py
[2026-09-23T16:51:08.149+0000] {processor.py:830} INFO - Processing file /opt/airflow/dags/main.py for tasks to queue
[2026-09-23T16:51:08.153+0000] {logging_mixin.py:188} INFO - [2026-09-23T16:51:08.152+0000] {dagbag.py:545} INFO - Filling up the DagBag from /opt/airflow/dags/main.py
[2026-09-23T16:51:08.258+0000] {processor.py:840} INFO - DAG(s) 'produce_json' retrieved from /opt/airflow/dags/main.py
[2026-09-23T16:51:08.281+0000] {logging_mixin.py:188} INFO - [2026-09-23T16:51:08.281+0000] {dag.py:3096} INFO - Sync 1 DAGs
[2026-09-23T16:51:08.297+0000] {logging_mixin.py:188} INFO - [2026-09-23T16:51:08.297+0000] {dag.py:3954} INFO - Setting next_dagrun for produce_json to 2026-09-23 12:00:00+00:00, run_after=2026-09-24 12:00:00+00:00
[2026-09-23T16:51:08.316+0000] {processor.py:183} INFO - Processing /opt/airflow/dags/main.py took 0.175 seconds
[2026-09-23T16:51:38.538+0000] {processor.py:161} INFO - Started process (PID=972) to work on /opt/airflow/dags/main.py
[2026-09-23T16:51:38.541+0000] {processor.py:830} INFO - Processing file /opt/airflow/dags/main.py for tasks to queue
[2026-09-23T16:51:38.545+0000] {logging_mixin.py:188} INFO - [2026-09-23T16:51:38.545+0000] {dagbag.py:545} INFO - Filling up the DagBag from /opt/airflow/dags/main.py
[2026-09-23T16:51:38.649+0000] {processor.py:840} INFO - DAG(s) 'produce_json' retrieved from /opt/airflow/dags/main.py
[2026-09-23T16:51:38.672+0000] {logging_mixin.py:188} INFO - [2026-09-23T16:51:38.671+0000] {dag.py:3096} INFO - Sync 1 DAGs
[2026-09-23T16:51:38.690+0000] {logging_mixin.py:188} INFO - [2026-09-23T16:51:38.689+0000] {dag.py:3954} INFO - Setting next_dagrun for produce_json to 2026-09-23 12:00:00+00:00, run_after=2026-09-24 12:00:00+00:00
[2026-09-23T16:51:38.710+0000] {processor.py:183} INFO - Processing /opt/airflow/dags/main.py took 0.177 seconds
[2026-09-23T16:52:09.029+0000] {processor.py:161} INFO - Started process (PID=979) to work on /opt/airflow/dags/main.py
[2026-09-23T16:52:09.031+0000] {processor.py:830} INFO - Processing file /opt/airflow/dags/main.py for tasks to queue
[2026-09-23T16:52:09.035+0000] {logging_mixin.py:188} INFO - [2026-09-23T16:52:09.035+0000] {dagbag.py:545} INFO - Filling up the DagBag from /opt/airflow/dags/main.py
[2026-09-23T16:52:09.158+0000] {processor.py:840} INFO - DAG(s) 'produce_json' retrieved from /opt/airflow/dags/main.py
[2026-09-23T16:52:09.182+0000] {logging_mixin.py:188} INFO - [2026-09-23T16:52:09.181+0000] {dag.py:3096} INFO - Sync 1 DAGs
[2026-09-23T16:52:09.200+0000] {logging_mixin.py:188} INFO - [2026-09-23T16:52:09.200+0000] {dag.py:3954} INFO - Setting next_dagrun for produce_json to 2026-09-23 12:00:00+00:00, run_after=2026-09-24 12:00:00+00:00
[2026-09-23T16:52:09.221+0000] {processor.py:183} INFO - Processing /opt/airflow/dags/main.py took 0.197 seconds
[2026-09-23T16:52:39.397+0000] {processor.py:161} INFO - Started process (PID=986) to work on /opt/airflow/dags/main.py
[2026-09-23T16:52:39.399+0000] {processor.py:830} INFO - Processing file /opt/airflow/dags/main.py for tasks to queue
[2026-09-23T16:52:39.403+0000] {logging_mixin.py:188} INFO - [2026-09-23T16:52:39.402+0000] {dagbag.py:545} INFO - Filling up the DagBag from /opt/airflow/dags/main.py
[2026-09-23T16:52:39.508+0000] {processor.py:840} INFO - DAG(s) 'produce_json' retrieved from /opt/airflow/dags/main.py
[2026-09-23T16:52:39.533+0000] {logging_mixin.py:188} INFO - [2026-09-23T16:52:39.533+0000] {dag.py:3096} INFO - Sync 1 DAGs
[2026-09-23T16:52:39.553+0000] {logging_mixin.py:188} INFO - [2026-09-23T16:52:39.553+0000] {dag.py:3954} INFO - Setting next_dagrun for produce_json to 2026-09-23 12:00:00+00:00, run_after=2026-09-24 12:00:00+00:00
[2026-09-23T16:52:39.575+0000] {processor.py:183} INFO - Processing /opt/airflow/dags/main.py took 0.183 seconds
[2026-09-23T16:53:09.910+0000] {processor.py:161} INFO - Started process (PID=993) to work on /opt/airflow/dags/main.py
[2026-09-23T16:53:09.913+0000] {processor.py:830} INFO - Processing file /opt/airflow/dags/main.py for tasks to queue
[2026-09-23T16:53:09.916+0000] {logging_mixin.py:188} INFO - [2026-09-23T16:53:09.916+0000] {dagbag.py:545} INFO - Filling up the DagBag from /opt/airflow/dags/main.py
[2026-09-23T16:53:10.020+0000] {processor.py:840} INFO - DAG(s) 'produce_json' retrieved from /opt/airflow/dags/main.py
[2026-09-23T16:53:10.045+0000] {logging_mixin.py:188} INFO - [2026-09-23T16:53:10.044+0000] {dag.py:3096} INFO - Sync 1 DAGs
[2026-09-23T16:53:10.064+0000] {logging_mixin.py:188} INFO - [2026-09-23T16:53:10.064+0000] {dag.py:3954} INFO - Setting next_dagrun for produce_json to 2026-09-23 12:00:00+00:00, run_after=2026-09-24 12:00:00+00:00
[2026-09-23T16:53:10.085+0000] {processor.py:183} INFO - Processing /opt/airflow/dags/main.py took 0.180 seconds
[2026-09-23T16:53:40.248+0000] {processor.py:161} INFO - Started process (PID=1000) to work on /opt/airflow/dags/main.py
[2026-09-23T16:53:40.251+0000] {processor.py:830} INFO - Processing file /opt/airflow/dags/main.py for tasks to queue
[2026-09-23T16:53:40.254+0000] {logging_mixin.py:188} INFO - [2026-09-23T16:53:40.254+0000] {dagbag.py:545} INFO - Filling up the DagBag from /opt/airflow/dags/main.py
[2026-09-23T16:53:40.356+0000] {processor.py:840} INFO - DAG(s) 'produce_json' retrieved from /opt/airflow/dags/main.py
[2026-09-23T16:53:40.381+0000] {logging_mixin.py:188} INFO - [2026-09-23T16:53:40.381+0000] {dag.py:3096} INFO - Sync 1 DAGs
[2026-09-23T16:53:40.398+0000] {logging_mixin.py:188} INFO - [2026-09-23T16:53:40.398+0000] {dag.py:3954} INFO - Setting next_dagrun for produce_json to 2026-09-23 12:00:00+00:00, run_after=2026-09-24 12:00:00+00:00
[2026-09-23T16:53:40.419+0000] {processor.py:183} INFO - Processing /opt/airflow/dags/main.py took 0.176 seconds
[2026-09-23T16:54:10.755+0000] {processor.py:161} INFO - Started process (PID=1007) to work on /opt/airflow/dags/main.py
[2026-09-23T16:54:10.757+0000] {processor.py:830} INFO - Processing file /opt/airflow/dags/main.py for tasks to queue
[2026-09-23T16:54:10.761+0000] {logging_mixin.py:188} INFO - [2026-09-23T16:54:10.761+0000] {dagbag.py:545} INFO - Filling up the DagBag from /opt/airflow/dags/main.py
[2026-09-23T16:54:10.890+0000] {processor.py:840} INFO - DAG(s) 'produce_json' retrieved from /opt/airflow/dags/main.py
[2026-09-23T16:54:10.916+0000] {logging_mixin.py:188} INFO - [2026-09-23T16:54:10.916+0000] {dag.py:3096} INFO - Sync 1 DAGs
[2026-09-23T16:54:10.934+0000] {logging_mixin.py:188} INFO - [2026-09-23T16:54:10.934+0000] {dag.py:3954} INFO - Setting next_dagrun for produce_json to 2026-09-23 12:00:00+00:00, run_after=2026-09-24 12:00:00+00:00
[2026-09-23T16:54:10.956+0000] {processor.py:183} INFO - Processing /opt/airflow/dags/main.py took 0.207 seconds
[2026-09-23T16:54:41.125+0000] {processor.py:161} INFO - Started process (PID=1014) to work on /opt/airflow/dags/main.py
[2026-09-23T16:54:41.128+0000] {processor.py:830} INFO - Processing file /opt/airflow/dags/main.py for tasks to queue
[2026-09-23T16:54:41.132+0000] {logging_mixin.py:188} INFO - [2026-09-23T16:54:41.131+0000] {dagbag.py:545} INFO - Filling up the DagBag from /opt/airflow/dags/main.py
[2026-09-23T16:54:41.260+0000] {processor.py:840} INFO - DAG(s) 'produce_json' retrieved from /opt/airflow/dags/main.py
[2026-09-23T16:54:41.286+0000] {logging_mixin.py:188} INFO - [2026-09-23T16:54:41.285+0000] {dag.py:3096} INFO - Sync 1 DAGs
[2026-09-23T16:54:41.304+0000] {logging_mixin.py:188} INFO - [2026-09-23T16:54:41.303+0000] {dag.py:3954} INFO - Setting next_dagrun for produce_json to 2026-09-23 12:00:00+00:00, run_after=2026-09-24 12:00:00+00:00
[2026-09-23T16:54:41.326+0000] {processor.py:183} INFO - Processing /opt/airflow/dags/main.py took 0.206 seconds
[2026-09-23T16:55:11.814+0000] {processor.py:161} INFO - Started process (PID=1022) to work on /opt/airflow/dags/main.py
[2026-09-23T16:55:11.817+0000] {processor.py:830} INFO - Processing file /opt/airflow/dags/main.py for tasks to queue
[2026-09-23T16:55:11.821+0000] {logging_mixin.py:188} INFO - [2026-09-23T16:55:11.820+0000] {dagbag.py:545} INFO - Filling up the DagBag from /opt/airflow/dags/main.py
[2026-09-23T16:55:11.925+0000] {processor.py:840} INFO - DAG(s) 'produce_json' retrieved from /opt/airflow/dags/main.py
[2026-09-23T16:55:11.949+0000] {logging_mixin.py:188} INFO - [2026-09-23T16:55:11.948+0000] {dag.py:3096} INFO - Sync 1 DAGs
[2026-09-23T16:55:11.966+0000] {logging_mixin.py:188} INFO - [2026-09-23T16:55:11.965+0000] {dag.py:3954} INFO - Setting next_dagrun for produce_json to 2026-09-23 12:00:00+00:00, run_after=2026-09-24 12:00:00+00:00
[2026-09-23T16:55:11.986+0000] {processor.py:183} INFO - Processing /opt/airflow/dags/main.py took 0.177 seconds
[2026-09-23T16:55:42.167+0000] {processor.py:161} INFO - Started process (PID=1029) to work on /opt/airflow/dags/main.py
[2026-09-23T16:55:42.174+0000] {processor.py:830} INFO - Processing file /opt/airflow/dags/main.py for tasks to queue
[2026-09-23T16:55:42.180+0000] {logging_mixin.py:188} INFO - [2026-09-23T16:55:42.179+0000] {dagbag.py:545} INFO - Filling up the DagBag from /opt/airflow/dags/main.py
[2026-09-23T16:55:42.330+0000] {processor.py:840} INFO - DAG(s) 'produce_json' retrieved from /opt/airflow/dags/main.py
[2026-09-23T16:55:42.362+0000] {logging_mixin.py:188} INFO - [2026-09-23T16:55:42.361+0000] {dag.py:3096} INFO - Sync 1 DAGs
[2026-09-23T16:55:42.382+0000] {logging_mixin.py:188} INFO - [2026-09-23T16:55:42.381+0000] {dag.py:3954} INFO - Setting next_dagrun for produce_json to 2026-09-23 12:00:00+00:00, run_after=2026-09-24 12:00:00+00:00
[2026-09-23T16:55:42.400+0000] {processor.py:183} INFO - Processing /opt/airflow/dags/main.py took 0.252 seconds
[2026-09-23T16:56:12.659+0000] {processor.py:161} INFO - Started process (PID=1036) to work on /opt/airflow/dags/main.py
[2026-09-23T16:56:12.661+0000] {processor.py:830} INFO - Processing file /opt/airflow/dags/main.py for tasks to queue
[2026-09-23T16:56:12.665+0000] {logging_mixin.py:188} INFO - [2026-09-23T16:56:12.664+0000] {dagbag.py:545} INFO - Filling up the DagBag from /opt/airflow/dags/main.py
[2026-09-23T16:56:12.777+0000] {processor.py:840} INFO - DAG(s) 'produce_json' retrieved from /opt/airflow/dags/main.py
[2026-09-23T16:56:12.802+0000] {logging_mixin.py:188} INFO - [2026-09-23T16:56:12.802+0000] {dag.py:3096} INFO - Sync 1 DAGs
[2026-09-23T16:56:12.821+0000] {logging_mixin.py:188} INFO - [2026-09-23T16:56:12.821+0000] {dag.py:3954} INFO - Setting next_dagrun for produce_json to 2026-09-23 12:00:00+00:00, run_after=2026-09-24 12:00:00+00:00
[2026-09-23T16:56:12.843+0000] {processor.py:183} INFO - Processing /opt/airflow/dags/main.py took 0.189 seconds
[2026-09-23T16:56:43.098+0000] {processor.py:161} INFO - Started process (PID=1043) to work on /opt/airflow/dags/main.py
[2026-09-23T16:56:43.101+0000] {processor.py:830} INFO - Processing file /opt/airflow/dags/main.py for tasks to queue
[2026-09-23T16:56:43.105+0000] {logging_mixin.py:188} INFO - [2026-09-23T16:56:43.105+0000] {dagbag.py:545} INFO - Filling up the DagBag from /opt/airflow/dags/main.py
[2026-09-23T16:56:43.223+0000] {processor.py:840} INFO - DAG(s) 'produce_json' retrieved from /opt/airflow/dags/main.py
[2026-09-23T16:56:43.246+0000] {logging_mixin.py:188} INFO - [2026-09-23T16:56:43.246+0000] {dag.py:3096} INFO - Sync 1 DAGs
[2026-09-23T16:56:43.263+0000] {logging_mixin.py:188} INFO - [2026-09-23T16:56:43.263+0000] {dag.py:3954} INFO - Setting next_dagrun for produce_json to 2026-09-23 12:00:00+00:00, run_after=2026-09-24 12:00:00+00:00
[2026-09-23T16:56:43.284+0000] {processor.py:183} INFO - Processing /opt/airflow/dags/main.py took 0.192 seconds
[2026-09-23T16:57:13.517+0000] {processor.py:161} INFO - Started process (PID=1050) to work on /opt/airflow/dags/main.py
[2026-09-23T16:57:13.520+0000] {processor.py:830} INFO - Processing file /opt/airflow/dags/main.py for tasks to queue
[2026-09-23T16:57:13.523+0000] {logging_mixin.py:188} INFO - [2026-09-23T16:57:13.523+0000] {dagbag.py:545} INFO - Filling up the DagBag from /opt/airflow/dags/main.py
[2026-09-23T16:57:13.629+0000] {processor.py:840} INFO - DAG(s) 'produce_json' retrieved from /opt/airflow/dags/main.py
[2026-09-23T16:57:13.653+0000] {logging_mixin.py:188} INFO - [2026-09-23T16:57:13.653+0000] {dag.py:3096} INFO - Sync 1 DAGs
[2026-09-23T16:57:13.670+0000] {logging_mixin.py:188} INFO - [2026-09-23T16:57:13.670+0000] {dag.py:3954} INFO - Setting next_dagrun for produce_json to 2026-09-23 12:00:00+00:00, run_after=2026-09-24 12:00:00+00:00
[2026-09-23T16:57:13.690+0000] {processor.py:183} INFO - Processing /opt/airflow/dags/main.py took 0.177 seconds
[2026-09-23T16:57:43.921+0000] {processor.py:161} INFO - Started process (PID=1057) to work on /opt/airflow/dags/main.py
[2026-09-23T16:57:43.923+0000] {processor.py:830} INFO - Processing file /opt/airflow/dags/main.py for tasks to queue
[2026-09-23T16:57:43.926+0000] {logging_mixin.py:188} INFO - [2026-09-23T16:57:43.925+0000] {dagbag.py:545} INFO - Filling up the DagBag from /opt/airflow/dags/main.py
[2026-09-23T16:57:44.018+0000] {processor.py:840} INFO - DAG(s) 'produce_json' retrieved from /opt/airflow/dags/main.py
[2026-09-23T16:57:44.044+0000] {logging_mixin.py:188} INFO - [2026-09-23T16:57:44.044+0000] {dag.py:3096} INFO - Sync 1 DAGs
[2026-09-23T16:57:44.067+0000] {logging_mixin.py:188} INFO - [2026-09-23T16:57:44.067+0000] {dag.py:3954} INFO - Setting next_dagrun for produce_json to 2026-09-23 12:00:00+00:00, run_after=2026-09-24 12:00:00+00:00
[2026-09-23T16:57:44.088+0000] {processor.py:183} INFO - Processing /opt/airflow/dags/main.py took 0.172 seconds
[2026-09-23T16:58:14.358+0000] {processor.py:161} INFO - Started process (PID=1064) to work on /opt/airflow/dags/main.py
[2026-09-23T16:58:14.361+0000] {processor.py:830} INFO - Processing file /opt/airflow/dags/main.py for tasks to queue
[2026-09-23T16:58:14.366+0000] {logging_mixin.py:188} INFO - [2026-09-23T16:58:14.365+0000] {dagbag.py:545} INFO - Filling up the DagBag from /opt/airflow/dags/main.py
[2026-09-23T16:58:14.535+0000] {processor.py:840} INFO - DAG(s) 'produce_json' retrieved from /opt/airflow/dags/main.py
[2026-09-23T16:58:14.582+0000] {logging_mixin.py:188} INFO - [2026-09-23T16:58:14.581+0000] {dag.py:3096} INFO - Sync 1 DAGs
[2026-09-23T16:58:14.611+0000] {logging_mixin.py:188} INFO - [2026-09-23T16:58:14.611+0000] {dag.py:3954} INFO - Setting next_dagrun for produce_json to 2026-09-23 12:00:00+00:00, run_after=2026-09-24 12:00:00+00:00
[2026-09-23T16:58:14.651+0000] {processor.py:183} INFO - Processing /opt/airflow/dags/main.py took 0.298 seconds
