[2026-09-30T12:07:22.170+0000] {processor.py:161} INFO - Started process (PID=71) to work on /opt/airflow/dags/main.py
[2026-09-30T12:07:22.182+0000] {processor.py:830} INFO - Processing file /opt/airflow/dags/main.py for tasks to queue
[2026-09-30T12:07:22.217+0000] {logging_mixin.py:188} INFO - [2026-09-30T12:07:22.209+0000] {dagbag.py:545} INFO - Filling up the DagBag from /opt/airflow/dags/main.py
[2026-09-30T12:07:23.924+0000] {processor.py:840} INFO - DAG(s) 'update_db', 'produce_json', 'data_quality_check' retrieved from /opt/airflow/dags/main.py
[2026-09-30T12:07:25.579+0000] {logging_mixin.py:188} INFO - [2026-09-30T12:07:25.578+0000] {dag.py:3096} INFO - Sync 3 DAGs
[2026-09-30T12:07:25.795+0000] {logging_mixin.py:188} INFO - [2026-09-30T12:07:25.793+0000] {dag.py:3954} INFO - Setting next_dagrun for data_quality_check to 2026-09-29 12:00:00+00:00, run_after=2026-09-30 12:00:00+00:00
[2026-09-30T12:07:25.845+0000] {logging_mixin.py:188} INFO - [2026-09-30T12:07:25.844+0000] {dag.py:3954} INFO - Setting next_dagrun for produce_json to 2026-09-29 12:00:00+00:00, run_after=2026-09-30 12:00:00+00:00
[2026-09-30T12:07:25.858+0000] {logging_mixin.py:188} INFO - [2026-09-30T12:07:25.857+0000] {dag.py:3954} INFO - Setting next_dagrun for update_db to 2026-09-29 12:00:00+00:00, run_after=2026-09-30 12:00:00+00:00
[2026-09-30T12:07:26.029+0000] {processor.py:183} INFO - Processing /opt/airflow/dags/main.py took 3.919 seconds
[2026-09-30T12:07:56.615+0000] {processor.py:161} INFO - Started process (PID=94) to work on /opt/airflow/dags/main.py
[2026-09-30T12:07:56.619+0000] {processor.py:830} INFO - Processing file /opt/airflow/dags/main.py for tasks to queue
[2026-09-30T12:07:56.624+0000] {logging_mixin.py:188} INFO - [2026-09-30T12:07:56.624+0000] {dagbag.py:545} INFO - Filling up the DagBag from /opt/airflow/dags/main.py
[2026-09-30T12:07:56.985+0000] {processor.py:840} INFO - DAG(s) 'data_quality_check', 'produce_json', 'update_db' retrieved from /opt/airflow/dags/main.py
[2026-09-30T12:07:57.042+0000] {logging_mixin.py:188} INFO - [2026-09-30T12:07:57.042+0000] {dag.py:3096} INFO - Sync 3 DAGs
[2026-09-30T12:07:57.080+0000] {logging_mixin.py:188} INFO - [2026-09-30T12:07:57.079+0000] {dag.py:3954} INFO - Setting next_dagrun for data_quality_check to 2026-09-30 12:00:00+00:00, run_after=2026-10-01 12:00:00+00:00
[2026-09-30T12:07:57.091+0000] {logging_mixin.py:188} INFO - [2026-09-30T12:07:57.091+0000] {dag.py:3954} INFO - Setting next_dagrun for update_db to 2026-09-30 12:00:00+00:00, run_after=2026-10-01 12:00:00+00:00
[2026-09-30T12:07:57.132+0000] {processor.py:183} INFO - Processing /opt/airflow/dags/main.py took 0.532 seconds
[2026-09-30T12:08:27.388+0000] {processor.py:161} INFO - Started process (PID=101) to work on /opt/airflow/dags/main.py
[2026-09-30T12:08:27.391+0000] {processor.py:830} INFO - Processing file /opt/airflow/dags/main.py for tasks to queue
[2026-09-30T12:08:27.397+0000] {logging_mixin.py:188} INFO - [2026-09-30T12:08:27.396+0000] {dagbag.py:545} INFO - Filling up the DagBag from /opt/airflow/dags/main.py
[2026-09-30T12:08:27.763+0000] {processor.py:840} INFO - DAG(s) 'update_db', 'data_quality_check', 'produce_json' retrieved from /opt/airflow/dags/main.py
[2026-09-30T12:08:27.825+0000] {logging_mixin.py:188} INFO - [2026-09-30T12:08:27.824+0000] {dag.py:3096} INFO - Sync 3 DAGs
[2026-09-30T12:08:27.872+0000] {logging_mixin.py:188} INFO - [2026-09-30T12:08:27.872+0000] {dag.py:3954} INFO - Setting next_dagrun for data_quality_check to 2026-09-30 12:00:00+00:00, run_after=2026-10-01 12:00:00+00:00
[2026-09-30T12:08:27.884+0000] {logging_mixin.py:188} INFO - [2026-09-30T12:08:27.884+0000] {dag.py:3954} INFO - Setting next_dagrun for produce_json to 2026-09-30 12:00:00+00:00, run_after=2026-10-01 12:00:00+00:00
[2026-09-30T12:08:27.924+0000] {processor.py:183} INFO - Processing /opt/airflow/dags/main.py took 0.550 seconds
[2026-09-30T12:08:58.260+0000] {processor.py:161} INFO - Started process (PID=108) to work on /opt/airflow/dags/main.py
[2026-09-30T12:08:58.263+0000] {processor.py:830} INFO - Processing file /opt/airflow/dags/main.py for tasks to queue
[2026-09-30T12:08:58.266+0000] {logging_mixin.py:188} INFO - [2026-09-30T12:08:58.266+0000] {dagbag.py:545} INFO - Filling up the DagBag from /opt/airflow/dags/main.py
[2026-09-30T12:08:58.582+0000] {processor.py:840} INFO - DAG(s) 'produce_json', 'data_quality_check', 'update_db' retrieved from /opt/airflow/dags/main.py
[2026-09-30T12:08:58.610+0000] {logging_mixin.py:188} INFO - [2026-09-30T12:08:58.610+0000] {dag.py:3096} INFO - Sync 3 DAGs
[2026-09-30T12:08:58.629+0000] {logging_mixin.py:188} INFO - [2026-09-30T12:08:58.628+0000] {dag.py:3954} INFO - Setting next_dagrun for data_quality_check to 2026-09-30 12:00:00+00:00, run_after=2026-10-01 12:00:00+00:00
[2026-09-30T12:08:58.637+0000] {logging_mixin.py:188} INFO - [2026-09-30T12:08:58.636+0000] {dag.py:3954} INFO - Setting next_dagrun for produce_json to 2026-09-30 12:00:00+00:00, run_after=2026-10-01 12:00:00+00:00
[2026-09-30T12:08:58.640+0000] {logging_mixin.py:188} INFO - [2026-09-30T12:08:58.640+0000] {dag.py:3954} INFO - Setting next_dagrun for update_db to 2026-09-30 12:00:00+00:00, run_after=2026-10-01 12:00:00+00:00
[2026-09-30T12:08:58.660+0000] {processor.py:183} INFO - Processing /opt/airflow/dags/main.py took 0.406 seconds
[2026-09-30T12:09:29.012+0000] {processor.py:161} INFO - Started process (PID=115) to work on /opt/airflow/dags/main.py
[2026-09-30T12:09:29.015+0000] {processor.py:830} INFO - Processing file /opt/airflow/dags/main.py for tasks to queue
[2026-09-30T12:09:29.018+0000] {logging_mixin.py:188} INFO - [2026-09-30T12:09:29.018+0000] {dagbag.py:545} INFO - Filling up the DagBag from /opt/airflow/dags/main.py
[2026-09-30T12:09:29.322+0000] {processor.py:840} INFO - DAG(s) 'produce_json', 'update_db', 'data_quality_check' retrieved from /opt/airflow/dags/main.py
[2026-09-30T12:09:29.353+0000] {logging_mixin.py:188} INFO - [2026-09-30T12:09:29.353+0000] {dag.py:3096} INFO - Sync 3 DAGs
[2026-09-30T12:09:29.378+0000] {logging_mixin.py:188} INFO - [2026-09-30T12:09:29.377+0000] {dag.py:3954} INFO - Setting next_dagrun for data_quality_check to 2026-09-30 12:00:00+00:00, run_after=2026-10-01 12:00:00+00:00
[2026-09-30T12:09:29.384+0000] {logging_mixin.py:188} INFO - [2026-09-30T12:09:29.384+0000] {dag.py:3954} INFO - Setting next_dagrun for produce_json to 2026-09-30 12:00:00+00:00, run_after=2026-10-01 12:00:00+00:00
[2026-09-30T12:09:29.389+0000] {logging_mixin.py:188} INFO - [2026-09-30T12:09:29.389+0000] {dag.py:3954} INFO - Setting next_dagrun for update_db to 2026-09-30 12:00:00+00:00, run_after=2026-10-01 12:00:00+00:00
[2026-09-30T12:09:29.412+0000] {processor.py:183} INFO - Processing /opt/airflow/dags/main.py took 0.406 seconds
[2026-09-30T12:09:59.720+0000] {processor.py:161} INFO - Started process (PID=122) to work on /opt/airflow/dags/main.py
[2026-09-30T12:09:59.723+0000] {processor.py:830} INFO - Processing file /opt/airflow/dags/main.py for tasks to queue
[2026-09-30T12:09:59.728+0000] {logging_mixin.py:188} INFO - [2026-09-30T12:09:59.728+0000] {dagbag.py:545} INFO - Filling up the DagBag from /opt/airflow/dags/main.py
[2026-09-30T12:10:00.056+0000] {processor.py:840} INFO - DAG(s) 'produce_json', 'data_quality_check', 'update_db' retrieved from /opt/airflow/dags/main.py
[2026-09-30T12:10:00.096+0000] {logging_mixin.py:188} INFO - [2026-09-30T12:10:00.096+0000] {dag.py:3096} INFO - Sync 3 DAGs
[2026-09-30T12:10:00.122+0000] {logging_mixin.py:188} INFO - [2026-09-30T12:10:00.122+0000] {dag.py:3954} INFO - Setting next_dagrun for data_quality_check to 2026-09-30 12:00:00+00:00, run_after=2026-10-01 12:00:00+00:00
[2026-09-30T12:10:00.130+0000] {logging_mixin.py:188} INFO - [2026-09-30T12:10:00.130+0000] {dag.py:3954} INFO - Setting next_dagrun for produce_json to 2026-09-30 12:00:00+00:00, run_after=2026-10-01 12:00:00+00:00
[2026-09-30T12:10:00.134+0000] {logging_mixin.py:188} INFO - [2026-09-30T12:10:00.134+0000] {dag.py:3954} INFO - Setting next_dagrun for update_db to 2026-09-30 12:00:00+00:00, run_after=2026-10-01 12:00:00+00:00
[2026-09-30T12:10:00.155+0000] {processor.py:183} INFO - Processing /opt/airflow/dags/main.py took 0.442 seconds
[2026-09-30T12:10:30.492+0000] {processor.py:161} INFO - Started process (PID=129) to work on /opt/airflow/dags/main.py
[2026-09-30T12:10:30.496+0000] {processor.py:830} INFO - Processing file /opt/airflow/dags/main.py for tasks to queue
[2026-09-30T12:10:30.502+0000] {logging_mixin.py:188} INFO - [2026-09-30T12:10:30.500+0000] {dagbag.py:545} INFO - Filling up the DagBag from /opt/airflow/dags/main.py
[2026-09-30T12:10:30.817+0000] {processor.py:840} INFO - DAG(s) 'data_quality_check', 'update_db', 'produce_json' retrieved from /opt/airflow/dags/main.py
[2026-09-30T12:10:30.855+0000] {logging_mixin.py:188} INFO - [2026-09-30T12:10:30.855+0000] {dag.py:3096} INFO - Sync 3 DAGs
[2026-09-30T12:10:30.884+0000] {logging_mixin.py:188} INFO - [2026-09-30T12:10:30.884+0000] {dag.py:3954} INFO - Setting next_dagrun for data_quality_check to 2026-09-30 12:00:00+00:00, run_after=2026-10-01 12:00:00+00:00
[2026-09-30T12:10:30.892+0000] {logging_mixin.py:188} INFO - [2026-09-30T12:10:30.892+0000] {dag.py:3954} INFO - Setting next_dagrun for produce_json to 2026-09-30 12:00:00+00:00, run_after=2026-10-01 12:00:00+00:00
[2026-09-30T12:10:30.897+0000] {logging_mixin.py:188} INFO - [2026-09-30T12:10:30.897+0000] {dag.py:3954} INFO - Setting next_dagrun for update_db to 2026-09-30 12:00:00+00:00, run_after=2026-10-01 12:00:00+00:00
[2026-09-30T12:10:30.925+0000] {processor.py:183} INFO - Processing /opt/airflow/dags/main.py took 0.439 seconds
[2026-09-30T12:11:01.401+0000] {processor.py:161} INFO - Started process (PID=136) to work on /opt/airflow/dags/main.py
[2026-09-30T12:11:01.407+0000] {processor.py:830} INFO - Processing file /opt/airflow/dags/main.py for tasks to queue
[2026-09-30T12:11:01.415+0000] {logging_mixin.py:188} INFO - [2026-09-30T12:11:01.414+0000] {dagbag.py:545} INFO - Filling up the DagBag from /opt/airflow/dags/main.py
[2026-09-30T12:11:01.947+0000] {processor.py:840} INFO - DAG(s) 'data_quality_check', 'produce_json', 'update_db' retrieved from /opt/airflow/dags/main.py
[2026-09-30T12:11:02.019+0000] {logging_mixin.py:188} INFO - [2026-09-30T12:11:02.018+0000] {dag.py:3096} INFO - Sync 3 DAGs
[2026-09-30T12:11:02.062+0000] {logging_mixin.py:188} INFO - [2026-09-30T12:11:02.062+0000] {dag.py:3954} INFO - Setting next_dagrun for data_quality_check to 2026-09-30 12:00:00+00:00, run_after=2026-10-01 12:00:00+00:00
[2026-09-30T12:11:02.075+0000] {logging_mixin.py:188} INFO - [2026-09-30T12:11:02.075+0000] {dag.py:3954} INFO - Setting next_dagrun for produce_json to 2026-09-30 12:00:00+00:00, run_after=2026-10-01 12:00:00+00:00
[2026-09-30T12:11:02.081+0000] {logging_mixin.py:188} INFO - [2026-09-30T12:11:02.080+0000] {dag.py:3954} INFO - Setting next_dagrun for update_db to 2026-09-30 12:00:00+00:00, run_after=2026-10-01 12:00:00+00:00
[2026-09-30T12:11:02.118+0000] {processor.py:183} INFO - Processing /opt/airflow/dags/main.py took 0.730 seconds
[2026-09-30T12:11:32.538+0000] {processor.py:161} INFO - Started process (PID=143) to work on /opt/airflow/dags/main.py
[2026-09-30T12:11:32.541+0000] {processor.py:830} INFO - Processing file /opt/airflow/dags/main.py for tasks to queue
[2026-09-30T12:11:32.548+0000] {logging_mixin.py:188} INFO - [2026-09-30T12:11:32.546+0000] {dagbag.py:545} INFO - Filling up the DagBag from /opt/airflow/dags/main.py
[2026-09-30T12:11:32.848+0000] {processor.py:840} INFO - DAG(s) 'update_db', 'data_quality_check', 'produce_json' retrieved from /opt/airflow/dags/main.py
[2026-09-30T12:11:32.874+0000] {logging_mixin.py:188} INFO - [2026-09-30T12:11:32.874+0000] {dag.py:3096} INFO - Sync 3 DAGs
[2026-09-30T12:11:32.896+0000] {logging_mixin.py:188} INFO - [2026-09-30T12:11:32.896+0000] {dag.py:3954} INFO - Setting next_dagrun for data_quality_check to 2026-09-30 12:00:00+00:00, run_after=2026-10-01 12:00:00+00:00
[2026-09-30T12:11:32.902+0000] {logging_mixin.py:188} INFO - [2026-09-30T12:11:32.902+0000] {dag.py:3954} INFO - Setting next_dagrun for produce_json to 2026-09-30 12:00:00+00:00, run_after=2026-10-01 12:00:00+00:00
[2026-09-30T12:11:32.906+0000] {logging_mixin.py:188} INFO - [2026-09-30T12:11:32.906+0000] {dag.py:3954} INFO - Setting next_dagrun for update_db to 2026-09-30 12:00:00+00:00, run_after=2026-10-01 12:00:00+00:00
[2026-09-30T12:11:32.980+0000] {processor.py:183} INFO - Processing /opt/airflow/dags/main.py took 0.452 seconds
[2026-09-30T12:12:03.314+0000] {processor.py:161} INFO - Started process (PID=150) to work on /opt/airflow/dags/main.py
[2026-09-30T12:12:03.317+0000] {processor.py:830} INFO - Processing file /opt/airflow/dags/main.py for tasks to queue
[2026-09-30T12:12:03.321+0000] {logging_mixin.py:188} INFO - [2026-09-30T12:12:03.320+0000] {dagbag.py:545} INFO - Filling up the DagBag from /opt/airflow/dags/main.py
[2026-09-30T12:12:03.637+0000] {processor.py:840} INFO - DAG(s) 'update_db', 'data_quality_check', 'produce_json' retrieved from /opt/airflow/dags/main.py
[2026-09-30T12:12:03.666+0000] {logging_mixin.py:188} INFO - [2026-09-30T12:12:03.666+0000] {dag.py:3096} INFO - Sync 3 DAGs
[2026-09-30T12:12:03.684+0000] {logging_mixin.py:188} INFO - [2026-09-30T12:12:03.684+0000] {dag.py:3954} INFO - Setting next_dagrun for data_quality_check to 2026-09-30 12:00:00+00:00, run_after=2026-10-01 12:00:00+00:00
[2026-09-30T12:12:03.691+0000] {logging_mixin.py:188} INFO - [2026-09-30T12:12:03.691+0000] {dag.py:3954} INFO - Setting next_dagrun for produce_json to 2026-09-30 12:00:00+00:00, run_after=2026-10-01 12:00:00+00:00
[2026-09-30T12:12:03.694+0000] {logging_mixin.py:188} INFO - [2026-09-30T12:12:03.694+0000] {dag.py:3954} INFO - Setting next_dagrun for update_db to 2026-09-30 12:00:00+00:00, run_after=2026-10-01 12:00:00+00:00
[2026-09-30T12:12:03.714+0000] {processor.py:183} INFO - Processing /opt/airflow/dags/main.py took 0.406 seconds
[2026-09-30T12:12:34.102+0000] {processor.py:161} INFO - Started process (PID=157) to work on /opt/airflow/dags/main.py
[2026-09-30T12:12:34.104+0000] {processor.py:830} INFO - Processing file /opt/airflow/dags/main.py for tasks to queue
[2026-09-30T12:12:34.108+0000] {logging_mixin.py:188} INFO - [2026-09-30T12:12:34.107+0000] {dagbag.py:545} INFO - Filling up the DagBag from /opt/airflow/dags/main.py
[2026-09-30T12:12:34.408+0000] {processor.py:840} INFO - DAG(s) 'data_quality_check', 'update_db', 'produce_json' retrieved from /opt/airflow/dags/main.py
[2026-09-30T12:12:34.433+0000] {logging_mixin.py:188} INFO - [2026-09-30T12:12:34.433+0000] {dag.py:3096} INFO - Sync 3 DAGs
[2026-09-30T12:12:34.452+0000] {logging_mixin.py:188} INFO - [2026-09-30T12:12:34.452+0000] {dag.py:3954} INFO - Setting next_dagrun for data_quality_check to 2026-09-30 12:00:00+00:00, run_after=2026-10-01 12:00:00+00:00
[2026-09-30T12:12:34.460+0000] {logging_mixin.py:188} INFO - [2026-09-30T12:12:34.460+0000] {dag.py:3954} INFO - Setting next_dagrun for produce_json to 2026-09-30 12:00:00+00:00, run_after=2026-10-01 12:00:00+00:00
[2026-09-30T12:12:34.463+0000] {logging_mixin.py:188} INFO - [2026-09-30T12:12:34.463+0000] {dag.py:3954} INFO - Setting next_dagrun for update_db to 2026-09-30 12:00:00+00:00, run_after=2026-10-01 12:00:00+00:00
[2026-09-30T12:12:34.483+0000] {processor.py:183} INFO - Processing /opt/airflow/dags/main.py took 0.386 seconds
[2026-09-30T12:13:04.825+0000] {processor.py:161} INFO - Started process (PID=164) to work on /opt/airflow/dags/main.py
[2026-09-30T12:13:04.828+0000] {processor.py:830} INFO - Processing file /opt/airflow/dags/main.py for tasks to queue
[2026-09-30T12:13:04.832+0000] {logging_mixin.py:188} INFO - [2026-09-30T12:13:04.831+0000] {dagbag.py:545} INFO - Filling up the DagBag from /opt/airflow/dags/main.py
[2026-09-30T12:13:05.236+0000] {processor.py:840} INFO - DAG(s) 'data_quality_check', 'update_db', 'produce_json' retrieved from /opt/airflow/dags/main.py
[2026-09-30T12:13:05.269+0000] {logging_mixin.py:188} INFO - [2026-09-30T12:13:05.269+0000] {dag.py:3096} INFO - Sync 3 DAGs
[2026-09-30T12:13:05.295+0000] {logging_mixin.py:188} INFO - [2026-09-30T12:13:05.295+0000] {dag.py:3954} INFO - Setting next_dagrun for data_quality_check to 2026-09-30 12:00:00+00:00, run_after=2026-10-01 12:00:00+00:00
[2026-09-30T12:13:05.303+0000] {logging_mixin.py:188} INFO - [2026-09-30T12:13:05.302+0000] {dag.py:3954} INFO - Setting next_dagrun for produce_json to 2026-09-30 12:00:00+00:00, run_after=2026-10-01 12:00:00+00:00
[2026-09-30T12:13:05.306+0000] {logging_mixin.py:188} INFO - [2026-09-30T12:13:05.306+0000] {dag.py:3954} INFO - Setting next_dagrun for update_db to 2026-09-30 12:00:00+00:00, run_after=2026-10-01 12:00:00+00:00
[2026-09-30T12:13:05.329+0000] {processor.py:183} INFO - Processing /opt/airflow/dags/main.py took 0.511 seconds
[2026-09-30T12:13:35.719+0000] {processor.py:161} INFO - Started process (PID=171) to work on /opt/airflow/dags/main.py
[2026-09-30T12:13:35.722+0000] {processor.py:830} INFO - Processing file /opt/airflow/dags/main.py for tasks to queue
[2026-09-30T12:13:35.730+0000] {logging_mixin.py:188} INFO - [2026-09-30T12:13:35.730+0000] {dagbag.py:545} INFO - Filling up the DagBag from /opt/airflow/dags/main.py
[2026-09-30T12:13:36.047+0000] {processor.py:840} INFO - DAG(s) 'produce_json', 'update_db', 'data_quality_check' retrieved from /opt/airflow/dags/main.py
[2026-09-30T12:13:36.090+0000] {logging_mixin.py:188} INFO - [2026-09-30T12:13:36.089+0000] {dag.py:3096} INFO - Sync 3 DAGs
[2026-09-30T12:13:36.120+0000] {logging_mixin.py:188} INFO - [2026-09-30T12:13:36.120+0000] {dag.py:3954} INFO - Setting next_dagrun for data_quality_check to 2026-09-30 12:00:00+00:00, run_after=2026-10-01 12:00:00+00:00
[2026-09-30T12:13:36.130+0000] {logging_mixin.py:188} INFO - [2026-09-30T12:13:36.129+0000] {dag.py:3954} INFO - Setting next_dagrun for produce_json to 2026-09-30 12:00:00+00:00, run_after=2026-10-01 12:00:00+00:00
[2026-09-30T12:13:36.134+0000] {logging_mixin.py:188} INFO - [2026-09-30T12:13:36.133+0000] {dag.py:3954} INFO - Setting next_dagrun for update_db to 2026-09-30 12:00:00+00:00, run_after=2026-10-01 12:00:00+00:00
[2026-09-30T12:13:36.159+0000] {processor.py:183} INFO - Processing /opt/airflow/dags/main.py took 0.448 seconds
[2026-09-30T12:14:06.390+0000] {processor.py:161} INFO - Started process (PID=178) to work on /opt/airflow/dags/main.py
[2026-09-30T12:14:06.393+0000] {processor.py:830} INFO - Processing file /opt/airflow/dags/main.py for tasks to queue
[2026-09-30T12:14:06.397+0000] {logging_mixin.py:188} INFO - [2026-09-30T12:14:06.397+0000] {dagbag.py:545} INFO - Filling up the DagBag from /opt/airflow/dags/main.py
[2026-09-30T12:14:06.697+0000] {processor.py:840} INFO - DAG(s) 'data_quality_check', 'update_db', 'produce_json' retrieved from /opt/airflow/dags/main.py
[2026-09-30T12:14:06.741+0000] {logging_mixin.py:188} INFO - [2026-09-30T12:14:06.740+0000] {dag.py:3096} INFO - Sync 3 DAGs
[2026-09-30T12:14:06.778+0000] {logging_mixin.py:188} INFO - [2026-09-30T12:14:06.778+0000] {dag.py:3954} INFO - Setting next_dagrun for data_quality_check to 2026-09-30 12:00:00+00:00, run_after=2026-10-01 12:00:00+00:00
[2026-09-30T12:14:06.787+0000] {logging_mixin.py:188} INFO - [2026-09-30T12:14:06.787+0000] {dag.py:3954} INFO - Setting next_dagrun for produce_json to 2026-09-30 12:00:00+00:00, run_after=2026-10-01 12:00:00+00:00
[2026-09-30T12:14:06.791+0000] {logging_mixin.py:188} INFO - [2026-09-30T12:14:06.791+0000] {dag.py:3954} INFO - Setting next_dagrun for update_db to 2026-09-30 12:00:00+00:00, run_after=2026-10-01 12:00:00+00:00
[2026-09-30T12:14:06.829+0000] {processor.py:183} INFO - Processing /opt/airflow/dags/main.py took 0.444 seconds
[2026-09-30T12:14:37.142+0000] {processor.py:161} INFO - Started process (PID=185) to work on /opt/airflow/dags/main.py
[2026-09-30T12:14:37.145+0000] {processor.py:830} INFO - Processing file /opt/airflow/dags/main.py for tasks to queue
[2026-09-30T12:14:37.148+0000] {logging_mixin.py:188} INFO - [2026-09-30T12:14:37.148+0000] {dagbag.py:545} INFO - Filling up the DagBag from /opt/airflow/dags/main.py
[2026-09-30T12:14:37.439+0000] {processor.py:840} INFO - DAG(s) 'data_quality_check', 'update_db', 'produce_json' retrieved from /opt/airflow/dags/main.py
[2026-09-30T12:14:37.471+0000] {logging_mixin.py:188} INFO - [2026-09-30T12:14:37.470+0000] {dag.py:3096} INFO - Sync 3 DAGs
[2026-09-30T12:14:37.495+0000] {logging_mixin.py:188} INFO - [2026-09-30T12:14:37.494+0000] {dag.py:3954} INFO - Setting next_dagrun for data_quality_check to 2026-09-30 12:00:00+00:00, run_after=2026-10-01 12:00:00+00:00
[2026-09-30T12:14:37.503+0000] {logging_mixin.py:188} INFO - [2026-09-30T12:14:37.502+0000] {dag.py:3954} INFO - Setting next_dagrun for produce_json to 2026-09-30 12:00:00+00:00, run_after=2026-10-01 12:00:00+00:00
[2026-09-30T12:14:37.506+0000] {logging_mixin.py:188} INFO - [2026-09-30T12:14:37.506+0000] {dag.py:3954} INFO - Setting next_dagrun for update_db to 2026-09-30 12:00:00+00:00, run_after=2026-10-01 12:00:00+00:00
[2026-09-30T12:14:37.529+0000] {processor.py:183} INFO - Processing /opt/airflow/dags/main.py took 0.393 seconds
[2026-09-30T12:15:07.845+0000] {processor.py:161} INFO - Started process (PID=192) to work on /opt/airflow/dags/main.py
[2026-09-30T12:15:07.847+0000] {processor.py:830} INFO - Processing file /opt/airflow/dags/main.py for tasks to queue
[2026-09-30T12:15:07.851+0000] {logging_mixin.py:188} INFO - [2026-09-30T12:15:07.851+0000] {dagbag.py:545} INFO - Filling up the DagBag from /opt/airflow/dags/main.py
[2026-09-30T12:15:08.160+0000] {processor.py:840} INFO - DAG(s) 'update_db', 'data_quality_check', 'produce_json' retrieved from /opt/airflow/dags/main.py
[2026-09-30T12:15:08.194+0000] {logging_mixin.py:188} INFO - [2026-09-30T12:15:08.193+0000] {dag.py:3096} INFO - Sync 3 DAGs
[2026-09-30T12:15:08.220+0000] {logging_mixin.py:188} INFO - [2026-09-30T12:15:08.220+0000] {dag.py:3954} INFO - Setting next_dagrun for data_quality_check to 2026-09-30 12:00:00+00:00, run_after=2026-10-01 12:00:00+00:00
[2026-09-30T12:15:08.227+0000] {logging_mixin.py:188} INFO - [2026-09-30T12:15:08.227+0000] {dag.py:3954} INFO - Setting next_dagrun for produce_json to 2026-09-30 12:00:00+00:00, run_after=2026-10-01 12:00:00+00:00
[2026-09-30T12:15:08.232+0000] {logging_mixin.py:188} INFO - [2026-09-30T12:15:08.232+0000] {dag.py:3954} INFO - Setting next_dagrun for update_db to 2026-09-30 12:00:00+00:00, run_after=2026-10-01 12:00:00+00:00
[2026-09-30T12:15:08.259+0000] {processor.py:183} INFO - Processing /opt/airflow/dags/main.py took 0.419 seconds
[2026-09-30T12:15:38.575+0000] {processor.py:161} INFO - Started process (PID=199) to work on /opt/airflow/dags/main.py
[2026-09-30T12:15:38.578+0000] {processor.py:830} INFO - Processing file /opt/airflow/dags/main.py for tasks to queue
[2026-09-30T12:15:38.583+0000] {logging_mixin.py:188} INFO - [2026-09-30T12:15:38.582+0000] {dagbag.py:545} INFO - Filling up the DagBag from /opt/airflow/dags/main.py
[2026-09-30T12:15:38.875+0000] {processor.py:840} INFO - DAG(s) 'produce_json', 'update_db', 'data_quality_check' retrieved from /opt/airflow/dags/main.py
[2026-09-30T12:15:38.909+0000] {logging_mixin.py:188} INFO - [2026-09-30T12:15:38.909+0000] {dag.py:3096} INFO - Sync 3 DAGs
[2026-09-30T12:15:38.935+0000] {logging_mixin.py:188} INFO - [2026-09-30T12:15:38.935+0000] {dag.py:3954} INFO - Setting next_dagrun for data_quality_check to 2026-09-30 12:00:00+00:00, run_after=2026-10-01 12:00:00+00:00
[2026-09-30T12:15:38.942+0000] {logging_mixin.py:188} INFO - [2026-09-30T12:15:38.942+0000] {dag.py:3954} INFO - Setting next_dagrun for produce_json to 2026-09-30 12:00:00+00:00, run_after=2026-10-01 12:00:00+00:00
[2026-09-30T12:15:38.946+0000] {logging_mixin.py:188} INFO - [2026-09-30T12:15:38.946+0000] {dag.py:3954} INFO - Setting next_dagrun for update_db to 2026-09-30 12:00:00+00:00, run_after=2026-10-01 12:00:00+00:00
[2026-09-30T12:15:38.969+0000] {processor.py:183} INFO - Processing /opt/airflow/dags/main.py took 0.399 seconds
[2026-09-30T12:16:09.345+0000] {processor.py:161} INFO - Started process (PID=206) to work on /opt/airflow/dags/main.py
[2026-09-30T12:16:09.349+0000] {processor.py:830} INFO - Processing file /opt/airflow/dags/main.py for tasks to queue
[2026-09-30T12:16:09.357+0000] {logging_mixin.py:188} INFO - [2026-09-30T12:16:09.356+0000] {dagbag.py:545} INFO - Filling up the DagBag from /opt/airflow/dags/main.py
[2026-09-30T12:16:09.724+0000] {processor.py:840} INFO - DAG(s) 'data_quality_check', 'update_db', 'produce_json' retrieved from /opt/airflow/dags/main.py
[2026-09-30T12:16:09.784+0000] {logging_mixin.py:188} INFO - [2026-09-30T12:16:09.783+0000] {dag.py:3096} INFO - Sync 3 DAGs
[2026-09-30T12:16:09.830+0000] {logging_mixin.py:188} INFO - [2026-09-30T12:16:09.829+0000] {dag.py:3954} INFO - Setting next_dagrun for data_quality_check to 2026-09-30 12:00:00+00:00, run_after=2026-10-01 12:00:00+00:00
[2026-09-30T12:16:09.842+0000] {logging_mixin.py:188} INFO - [2026-09-30T12:16:09.842+0000] {dag.py:3954} INFO - Setting next_dagrun for produce_json to 2026-09-30 12:00:00+00:00, run_after=2026-10-01 12:00:00+00:00
[2026-09-30T12:16:09.849+0000] {logging_mixin.py:188} INFO - [2026-09-30T12:16:09.848+0000] {dag.py:3954} INFO - Setting next_dagrun for update_db to 2026-09-30 12:00:00+00:00, run_after=2026-10-01 12:00:00+00:00
[2026-09-30T12:16:09.890+0000] {processor.py:183} INFO - Processing /opt/airflow/dags/main.py took 0.556 seconds
[2026-09-30T12:16:40.378+0000] {processor.py:161} INFO - Started process (PID=213) to work on /opt/airflow/dags/main.py
[2026-09-30T12:16:40.380+0000] {processor.py:830} INFO - Processing file /opt/airflow/dags/main.py for tasks to queue
[2026-09-30T12:16:40.384+0000] {logging_mixin.py:188} INFO - [2026-09-30T12:16:40.384+0000] {dagbag.py:545} INFO - Filling up the DagBag from /opt/airflow/dags/main.py
[2026-09-30T12:16:40.744+0000] {processor.py:840} INFO - DAG(s) 'data_quality_check', 'produce_json', 'update_db' retrieved from /opt/airflow/dags/main.py
[2026-09-30T12:16:40.782+0000] {logging_mixin.py:188} INFO - [2026-09-30T12:16:40.782+0000] {dag.py:3096} INFO - Sync 3 DAGs
[2026-09-30T12:16:40.813+0000] {logging_mixin.py:188} INFO - [2026-09-30T12:16:40.813+0000] {dag.py:3954} INFO - Setting next_dagrun for data_quality_check to 2026-09-30 12:00:00+00:00, run_after=2026-10-01 12:00:00+00:00
[2026-09-30T12:16:40.823+0000] {logging_mixin.py:188} INFO - [2026-09-30T12:16:40.822+0000] {dag.py:3954} INFO - Setting next_dagrun for produce_json to 2026-09-30 12:00:00+00:00, run_after=2026-10-01 12:00:00+00:00
[2026-09-30T12:16:40.827+0000] {logging_mixin.py:188} INFO - [2026-09-30T12:16:40.827+0000] {dag.py:3954} INFO - Setting next_dagrun for update_db to 2026-09-30 12:00:00+00:00, run_after=2026-10-01 12:00:00+00:00
[2026-09-30T12:16:40.855+0000] {processor.py:183} INFO - Processing /opt/airflow/dags/main.py took 0.483 seconds
[2026-09-30T12:17:11.197+0000] {processor.py:161} INFO - Started process (PID=220) to work on /opt/airflow/dags/main.py
[2026-09-30T12:17:11.200+0000] {processor.py:830} INFO - Processing file /opt/airflow/dags/main.py for tasks to queue
[2026-09-30T12:17:11.204+0000] {logging_mixin.py:188} INFO - [2026-09-30T12:17:11.203+0000] {dagbag.py:545} INFO - Filling up the DagBag from /opt/airflow/dags/main.py
[2026-09-30T12:17:11.518+0000] {processor.py:840} INFO - DAG(s) 'update_db', 'data_quality_check', 'produce_json' retrieved from /opt/airflow/dags/main.py
[2026-09-30T12:17:11.552+0000] {logging_mixin.py:188} INFO - [2026-09-30T12:17:11.552+0000] {dag.py:3096} INFO - Sync 3 DAGs
[2026-09-30T12:17:11.572+0000] {logging_mixin.py:188} INFO - [2026-09-30T12:17:11.571+0000] {dag.py:3954} INFO - Setting next_dagrun for data_quality_check to 2026-09-30 12:00:00+00:00, run_after=2026-10-01 12:00:00+00:00
[2026-09-30T12:17:11.578+0000] {logging_mixin.py:188} INFO - [2026-09-30T12:17:11.578+0000] {dag.py:3954} INFO - Setting next_dagrun for produce_json to 2026-09-30 12:00:00+00:00, run_after=2026-10-01 12:00:00+00:00
[2026-09-30T12:17:11.581+0000] {logging_mixin.py:188} INFO - [2026-09-30T12:17:11.581+0000] {dag.py:3954} INFO - Setting next_dagrun for update_db to 2026-09-30 12:00:00+00:00, run_after=2026-10-01 12:00:00+00:00
[2026-09-30T12:17:11.602+0000] {processor.py:183} INFO - Processing /opt/airflow/dags/main.py took 0.413 seconds
[2026-09-30T12:17:42.465+0000] {processor.py:161} INFO - Started process (PID=227) to work on /opt/airflow/dags/main.py
[2026-09-30T12:17:42.468+0000] {processor.py:830} INFO - Processing file /opt/airflow/dags/main.py for tasks to queue
[2026-09-30T12:17:42.471+0000] {logging_mixin.py:188} INFO - [2026-09-30T12:17:42.471+0000] {dagbag.py:545} INFO - Filling up the DagBag from /opt/airflow/dags/main.py
[2026-09-30T12:17:42.962+0000] {processor.py:840} INFO - DAG(s) 'data_quality_check', 'update_db', 'produce_json' retrieved from /opt/airflow/dags/main.py
[2026-09-30T12:17:43.068+0000] {logging_mixin.py:188} INFO - [2026-09-30T12:17:43.067+0000] {dag.py:3096} INFO - Sync 3 DAGs
[2026-09-30T12:17:43.147+0000] {logging_mixin.py:188} INFO - [2026-09-30T12:17:43.146+0000] {dag.py:3954} INFO - Setting next_dagrun for data_quality_check to 2026-09-30 12:00:00+00:00, run_after=2026-10-01 12:00:00+00:00
[2026-09-30T12:17:43.162+0000] {logging_mixin.py:188} INFO - [2026-09-30T12:17:43.161+0000] {dag.py:3954} INFO - Setting next_dagrun for produce_json to 2026-09-30 12:00:00+00:00, run_after=2026-10-01 12:00:00+00:00
[2026-09-30T12:17:43.167+0000] {logging_mixin.py:188} INFO - [2026-09-30T12:17:43.166+0000] {dag.py:3954} INFO - Setting next_dagrun for update_db to 2026-09-30 12:00:00+00:00, run_after=2026-10-01 12:00:00+00:00
[2026-09-30T12:17:43.209+0000] {processor.py:183} INFO - Processing /opt/airflow/dags/main.py took 0.750 seconds
[2026-09-30T12:18:13.610+0000] {processor.py:161} INFO - Started process (PID=234) to work on /opt/airflow/dags/main.py
[2026-09-30T12:18:13.613+0000] {processor.py:830} INFO - Processing file /opt/airflow/dags/main.py for tasks to queue
[2026-09-30T12:18:13.618+0000] {logging_mixin.py:188} INFO - [2026-09-30T12:18:13.617+0000] {dagbag.py:545} INFO - Filling up the DagBag from /opt/airflow/dags/main.py
[2026-09-30T12:18:13.947+0000] {processor.py:840} INFO - DAG(s) 'update_db', 'produce_json', 'data_quality_check' retrieved from /opt/airflow/dags/main.py
[2026-09-30T12:18:13.982+0000] {logging_mixin.py:188} INFO - [2026-09-30T12:18:13.982+0000] {dag.py:3096} INFO - Sync 3 DAGs
[2026-09-30T12:18:14.004+0000] {logging_mixin.py:188} INFO - [2026-09-30T12:18:14.004+0000] {dag.py:3954} INFO - Setting next_dagrun for data_quality_check to 2026-09-30 12:00:00+00:00, run_after=2026-10-01 12:00:00+00:00
[2026-09-30T12:18:14.012+0000] {logging_mixin.py:188} INFO - [2026-09-30T12:18:14.012+0000] {dag.py:3954} INFO - Setting next_dagrun for produce_json to 2026-09-30 12:00:00+00:00, run_after=2026-10-01 12:00:00+00:00
[2026-09-30T12:18:14.016+0000] {logging_mixin.py:188} INFO - [2026-09-30T12:18:14.015+0000] {dag.py:3954} INFO - Setting next_dagrun for update_db to 2026-09-30 12:00:00+00:00, run_after=2026-10-01 12:00:00+00:00
[2026-09-30T12:18:14.037+0000] {processor.py:183} INFO - Processing /opt/airflow/dags/main.py took 0.433 seconds
[2026-09-30T12:18:44.373+0000] {processor.py:161} INFO - Started process (PID=241) to work on /opt/airflow/dags/main.py
[2026-09-30T12:18:44.377+0000] {processor.py:830} INFO - Processing file /opt/airflow/dags/main.py for tasks to queue
[2026-09-30T12:18:44.381+0000] {logging_mixin.py:188} INFO - [2026-09-30T12:18:44.380+0000] {dagbag.py:545} INFO - Filling up the DagBag from /opt/airflow/dags/main.py
[2026-09-30T12:18:44.683+0000] {processor.py:840} INFO - DAG(s) 'produce_json', 'data_quality_check', 'update_db' retrieved from /opt/airflow/dags/main.py
[2026-09-30T12:18:44.711+0000] {logging_mixin.py:188} INFO - [2026-09-30T12:18:44.710+0000] {dag.py:3096} INFO - Sync 3 DAGs
[2026-09-30T12:18:44.732+0000] {logging_mixin.py:188} INFO - [2026-09-30T12:18:44.732+0000] {dag.py:3954} INFO - Setting next_dagrun for data_quality_check to 2026-09-30 12:00:00+00:00, run_after=2026-10-01 12:00:00+00:00
[2026-09-30T12:18:44.738+0000] {logging_mixin.py:188} INFO - [2026-09-30T12:18:44.738+0000] {dag.py:3954} INFO - Setting next_dagrun for produce_json to 2026-09-30 12:00:00+00:00, run_after=2026-10-01 12:00:00+00:00
[2026-09-30T12:18:44.743+0000] {logging_mixin.py:188} INFO - [2026-09-30T12:18:44.742+0000] {dag.py:3954} INFO - Setting next_dagrun for update_db to 2026-09-30 12:00:00+00:00, run_after=2026-10-01 12:00:00+00:00
[2026-09-30T12:18:44.778+0000] {processor.py:183} INFO - Processing /opt/airflow/dags/main.py took 0.413 seconds
[2026-09-30T12:19:15.150+0000] {processor.py:161} INFO - Started process (PID=249) to work on /opt/airflow/dags/main.py
[2026-09-30T12:19:15.154+0000] {processor.py:830} INFO - Processing file /opt/airflow/dags/main.py for tasks to queue
[2026-09-30T12:19:15.159+0000] {logging_mixin.py:188} INFO - [2026-09-30T12:19:15.159+0000] {dagbag.py:545} INFO - Filling up the DagBag from /opt/airflow/dags/main.py
[2026-09-30T12:19:15.588+0000] {processor.py:840} INFO - DAG(s) 'data_quality_check', 'produce_json', 'update_db' retrieved from /opt/airflow/dags/main.py
[2026-09-30T12:19:15.634+0000] {logging_mixin.py:188} INFO - [2026-09-30T12:19:15.634+0000] {dag.py:3096} INFO - Sync 3 DAGs
[2026-09-30T12:19:15.664+0000] {logging_mixin.py:188} INFO - [2026-09-30T12:19:15.664+0000] {dag.py:3954} INFO - Setting next_dagrun for data_quality_check to 2026-09-30 12:00:00+00:00, run_after=2026-10-01 12:00:00+00:00
[2026-09-30T12:19:15.674+0000] {logging_mixin.py:188} INFO - [2026-09-30T12:19:15.673+0000] {dag.py:3954} INFO - Setting next_dagrun for produce_json to 2026-09-30 12:00:00+00:00, run_after=2026-10-01 12:00:00+00:00
[2026-09-30T12:19:15.679+0000] {logging_mixin.py:188} INFO - [2026-09-30T12:19:15.679+0000] {dag.py:3954} INFO - Setting next_dagrun for update_db to 2026-09-30 12:00:00+00:00, run_after=2026-10-01 12:00:00+00:00
[2026-09-30T12:19:15.728+0000] {processor.py:183} INFO - Processing /opt/airflow/dags/main.py took 0.588 seconds
[2026-09-30T12:19:45.980+0000] {processor.py:161} INFO - Started process (PID=257) to work on /opt/airflow/dags/main.py
[2026-09-30T12:19:45.983+0000] {processor.py:830} INFO - Processing file /opt/airflow/dags/main.py for tasks to queue
[2026-09-30T12:19:45.988+0000] {logging_mixin.py:188} INFO - [2026-09-30T12:19:45.987+0000] {dagbag.py:545} INFO - Filling up the DagBag from /opt/airflow/dags/main.py
[2026-09-30T12:19:46.276+0000] {processor.py:840} INFO - DAG(s) 'update_db', 'data_quality_check', 'produce_json' retrieved from /opt/airflow/dags/main.py
[2026-09-30T12:19:46.304+0000] {logging_mixin.py:188} INFO - [2026-09-30T12:19:46.304+0000] {dag.py:3096} INFO - Sync 3 DAGs
[2026-09-30T12:19:46.326+0000] {logging_mixin.py:188} INFO - [2026-09-30T12:19:46.326+0000] {dag.py:3954} INFO - Setting next_dagrun for data_quality_check to 2026-09-30 12:00:00+00:00, run_after=2026-10-01 12:00:00+00:00
[2026-09-30T12:19:46.333+0000] {logging_mixin.py:188} INFO - [2026-09-30T12:19:46.332+0000] {dag.py:3954} INFO - Setting next_dagrun for produce_json to 2026-09-30 12:00:00+00:00, run_after=2026-10-01 12:00:00+00:00
[2026-09-30T12:19:46.336+0000] {logging_mixin.py:188} INFO - [2026-09-30T12:19:46.336+0000] {dag.py:3954} INFO - Setting next_dagrun for update_db to 2026-09-30 12:00:00+00:00, run_after=2026-10-01 12:00:00+00:00
[2026-09-30T12:19:46.357+0000] {processor.py:183} INFO - Processing /opt/airflow/dags/main.py took 0.384 seconds
[2026-09-30T12:20:16.712+0000] {processor.py:161} INFO - Started process (PID=264) to work on /opt/airflow/dags/main.py
[2026-09-30T12:20:16.716+0000] {processor.py:830} INFO - Processing file /opt/airflow/dags/main.py for tasks to queue
[2026-09-30T12:20:16.720+0000] {logging_mixin.py:188} INFO - [2026-09-30T12:20:16.720+0000] {dagbag.py:545} INFO - Filling up the DagBag from /opt/airflow/dags/main.py
[2026-09-30T12:20:17.006+0000] {processor.py:840} INFO - DAG(s) 'update_db', 'produce_json', 'data_quality_check' retrieved from /opt/airflow/dags/main.py
[2026-09-30T12:20:17.042+0000] {logging_mixin.py:188} INFO - [2026-09-30T12:20:17.041+0000] {dag.py:3096} INFO - Sync 3 DAGs
[2026-09-30T12:20:17.063+0000] {logging_mixin.py:188} INFO - [2026-09-30T12:20:17.063+0000] {dag.py:3954} INFO - Setting next_dagrun for data_quality_check to 2026-09-30 12:00:00+00:00, run_after=2026-10-01 12:00:00+00:00
[2026-09-30T12:20:17.071+0000] {logging_mixin.py:188} INFO - [2026-09-30T12:20:17.071+0000] {dag.py:3954} INFO - Setting next_dagrun for produce_json to 2026-09-30 12:00:00+00:00, run_after=2026-10-01 12:00:00+00:00
[2026-09-30T12:20:17.075+0000] {logging_mixin.py:188} INFO - [2026-09-30T12:20:17.075+0000] {dag.py:3954} INFO - Setting next_dagrun for update_db to 2026-09-30 12:00:00+00:00, run_after=2026-10-01 12:00:00+00:00
[2026-09-30T12:20:17.096+0000] {processor.py:183} INFO - Processing /opt/airflow/dags/main.py took 0.391 seconds
[2026-09-30T12:20:47.435+0000] {processor.py:161} INFO - Started process (PID=271) to work on /opt/airflow/dags/main.py
[2026-09-30T12:20:47.438+0000] {processor.py:830} INFO - Processing file /opt/airflow/dags/main.py for tasks to queue
[2026-09-30T12:20:47.442+0000] {logging_mixin.py:188} INFO - [2026-09-30T12:20:47.441+0000] {dagbag.py:545} INFO - Filling up the DagBag from /opt/airflow/dags/main.py
[2026-09-30T12:20:47.738+0000] {processor.py:840} INFO - DAG(s) 'produce_json', 'data_quality_check', 'update_db' retrieved from /opt/airflow/dags/main.py
[2026-09-30T12:20:47.769+0000] {logging_mixin.py:188} INFO - [2026-09-30T12:20:47.769+0000] {dag.py:3096} INFO - Sync 3 DAGs
[2026-09-30T12:20:47.792+0000] {logging_mixin.py:188} INFO - [2026-09-30T12:20:47.792+0000] {dag.py:3954} INFO - Setting next_dagrun for data_quality_check to 2026-09-30 12:00:00+00:00, run_after=2026-10-01 12:00:00+00:00
[2026-09-30T12:20:47.799+0000] {logging_mixin.py:188} INFO - [2026-09-30T12:20:47.799+0000] {dag.py:3954} INFO - Setting next_dagrun for produce_json to 2026-09-30 12:00:00+00:00, run_after=2026-10-01 12:00:00+00:00
[2026-09-30T12:20:47.803+0000] {logging_mixin.py:188} INFO - [2026-09-30T12:20:47.803+0000] {dag.py:3954} INFO - Setting next_dagrun for update_db to 2026-09-30 12:00:00+00:00, run_after=2026-10-01 12:00:00+00:00
[2026-09-30T12:20:47.828+0000] {processor.py:183} INFO - Processing /opt/airflow/dags/main.py took 0.399 seconds
[2026-09-30T12:21:18.159+0000] {processor.py:161} INFO - Started process (PID=278) to work on /opt/airflow/dags/main.py
[2026-09-30T12:21:18.163+0000] {processor.py:830} INFO - Processing file /opt/airflow/dags/main.py for tasks to queue
[2026-09-30T12:21:18.168+0000] {logging_mixin.py:188} INFO - [2026-09-30T12:21:18.167+0000] {dagbag.py:545} INFO - Filling up the DagBag from /opt/airflow/dags/main.py
[2026-09-30T12:21:18.446+0000] {processor.py:840} INFO - DAG(s) 'produce_json', 'update_db', 'data_quality_check' retrieved from /opt/airflow/dags/main.py
[2026-09-30T12:21:18.473+0000] {logging_mixin.py:188} INFO - [2026-09-30T12:21:18.473+0000] {dag.py:3096} INFO - Sync 3 DAGs
[2026-09-30T12:21:18.492+0000] {logging_mixin.py:188} INFO - [2026-09-30T12:21:18.492+0000] {dag.py:3954} INFO - Setting next_dagrun for data_quality_check to 2026-09-30 12:00:00+00:00, run_after=2026-10-01 12:00:00+00:00
[2026-09-30T12:21:18.501+0000] {logging_mixin.py:188} INFO - [2026-09-30T12:21:18.501+0000] {dag.py:3954} INFO - Setting next_dagrun for produce_json to 2026-09-30 12:00:00+00:00, run_after=2026-10-01 12:00:00+00:00
[2026-09-30T12:21:18.504+0000] {logging_mixin.py:188} INFO - [2026-09-30T12:21:18.504+0000] {dag.py:3954} INFO - Setting next_dagrun for update_db to 2026-09-30 12:00:00+00:00, run_after=2026-10-01 12:00:00+00:00
[2026-09-30T12:21:18.525+0000] {processor.py:183} INFO - Processing /opt/airflow/dags/main.py took 0.375 seconds
[2026-09-30T12:21:48.864+0000] {processor.py:161} INFO - Started process (PID=285) to work on /opt/airflow/dags/main.py
[2026-09-30T12:21:48.866+0000] {processor.py:830} INFO - Processing file /opt/airflow/dags/main.py for tasks to queue
[2026-09-30T12:21:48.871+0000] {logging_mixin.py:188} INFO - [2026-09-30T12:21:48.870+0000] {dagbag.py:545} INFO - Filling up the DagBag from /opt/airflow/dags/main.py
[2026-09-30T12:21:49.203+0000] {processor.py:840} INFO - DAG(s) 'data_quality_check', 'update_db', 'produce_json' retrieved from /opt/airflow/dags/main.py
[2026-09-30T12:21:49.256+0000] {logging_mixin.py:188} INFO - [2026-09-30T12:21:49.255+0000] {dag.py:3096} INFO - Sync 3 DAGs
[2026-09-30T12:21:49.296+0000] {logging_mixin.py:188} INFO - [2026-09-30T12:21:49.296+0000] {dag.py:3954} INFO - Setting next_dagrun for data_quality_check to 2026-09-30 12:00:00+00:00, run_after=2026-10-01 12:00:00+00:00
[2026-09-30T12:21:49.307+0000] {logging_mixin.py:188} INFO - [2026-09-30T12:21:49.307+0000] {dag.py:3954} INFO - Setting next_dagrun for produce_json to 2026-09-30 12:00:00+00:00, run_after=2026-10-01 12:00:00+00:00
[2026-09-30T12:21:49.312+0000] {logging_mixin.py:188} INFO - [2026-09-30T12:21:49.311+0000] {dag.py:3954} INFO - Setting next_dagrun for update_db to 2026-09-30 12:00:00+00:00, run_after=2026-10-01 12:00:00+00:00
[2026-09-30T12:21:49.347+0000] {processor.py:183} INFO - Processing /opt/airflow/dags/main.py took 0.492 seconds
[2026-09-30T12:22:19.765+0000] {processor.py:161} INFO - Started process (PID=292) to work on /opt/airflow/dags/main.py
[2026-09-30T12:22:19.770+0000] {processor.py:830} INFO - Processing file /opt/airflow/dags/main.py for tasks to queue
[2026-09-30T12:22:19.777+0000] {logging_mixin.py:188} INFO - [2026-09-30T12:22:19.776+0000] {dagbag.py:545} INFO - Filling up the DagBag from /opt/airflow/dags/main.py
[2026-09-30T12:22:20.075+0000] {processor.py:840} INFO - DAG(s) 'produce_json', 'update_db', 'data_quality_check' retrieved from /opt/airflow/dags/main.py
[2026-09-30T12:22:20.104+0000] {logging_mixin.py:188} INFO - [2026-09-30T12:22:20.104+0000] {dag.py:3096} INFO - Sync 3 DAGs
[2026-09-30T12:22:20.125+0000] {logging_mixin.py:188} INFO - [2026-09-30T12:22:20.125+0000] {dag.py:3954} INFO - Setting next_dagrun for data_quality_check to 2026-09-30 12:00:00+00:00, run_after=2026-10-01 12:00:00+00:00
[2026-09-30T12:22:20.133+0000] {logging_mixin.py:188} INFO - [2026-09-30T12:22:20.133+0000] {dag.py:3954} INFO - Setting next_dagrun for produce_json to 2026-09-30 12:00:00+00:00, run_after=2026-10-01 12:00:00+00:00
[2026-09-30T12:22:20.138+0000] {logging_mixin.py:188} INFO - [2026-09-30T12:22:20.138+0000] {dag.py:3954} INFO - Setting next_dagrun for update_db to 2026-09-30 12:00:00+00:00, run_after=2026-10-01 12:00:00+00:00
[2026-09-30T12:22:20.161+0000] {processor.py:183} INFO - Processing /opt/airflow/dags/main.py took 0.422 seconds
[2026-09-30T12:22:50.916+0000] {processor.py:161} INFO - Started process (PID=299) to work on /opt/airflow/dags/main.py
[2026-09-30T12:22:50.919+0000] {processor.py:830} INFO - Processing file /opt/airflow/dags/main.py for tasks to queue
[2026-09-30T12:22:50.923+0000] {logging_mixin.py:188} INFO - [2026-09-30T12:22:50.923+0000] {dagbag.py:545} INFO - Filling up the DagBag from /opt/airflow/dags/main.py
[2026-09-30T12:22:51.213+0000] {processor.py:840} INFO - DAG(s) 'update_db', 'produce_json', 'data_quality_check' retrieved from /opt/airflow/dags/main.py
[2026-09-30T12:22:51.244+0000] {logging_mixin.py:188} INFO - [2026-09-30T12:22:51.244+0000] {dag.py:3096} INFO - Sync 3 DAGs
[2026-09-30T12:22:51.267+0000] {logging_mixin.py:188} INFO - [2026-09-30T12:22:51.266+0000] {dag.py:3954} INFO - Setting next_dagrun for data_quality_check to 2026-09-30 12:00:00+00:00, run_after=2026-10-01 12:00:00+00:00
[2026-09-30T12:22:51.273+0000] {logging_mixin.py:188} INFO - [2026-09-30T12:22:51.273+0000] {dag.py:3954} INFO - Setting next_dagrun for produce_json to 2026-09-30 12:00:00+00:00, run_after=2026-10-01 12:00:00+00:00
[2026-09-30T12:22:51.277+0000] {logging_mixin.py:188} INFO - [2026-09-30T12:22:51.277+0000] {dag.py:3954} INFO - Setting next_dagrun for update_db to 2026-09-30 12:00:00+00:00, run_after=2026-10-01 12:00:00+00:00
[2026-09-30T12:22:51.301+0000] {processor.py:183} INFO - Processing /opt/airflow/dags/main.py took 0.389 seconds
[2026-09-30T12:23:21.642+0000] {processor.py:161} INFO - Started process (PID=306) to work on /opt/airflow/dags/main.py
[2026-09-30T12:23:21.647+0000] {processor.py:830} INFO - Processing file /opt/airflow/dags/main.py for tasks to queue
[2026-09-30T12:23:21.653+0000] {logging_mixin.py:188} INFO - [2026-09-30T12:23:21.652+0000] {dagbag.py:545} INFO - Filling up the DagBag from /opt/airflow/dags/main.py
[2026-09-30T12:23:22.072+0000] {processor.py:840} INFO - DAG(s) 'produce_json', 'update_db', 'data_quality_check' retrieved from /opt/airflow/dags/main.py
[2026-09-30T12:23:22.168+0000] {logging_mixin.py:188} INFO - [2026-09-30T12:23:22.167+0000] {dag.py:3096} INFO - Sync 3 DAGs
[2026-09-30T12:23:22.215+0000] {logging_mixin.py:188} INFO - [2026-09-30T12:23:22.215+0000] {dag.py:3954} INFO - Setting next_dagrun for data_quality_check to 2026-09-30 12:00:00+00:00, run_after=2026-10-01 12:00:00+00:00
[2026-09-30T12:23:22.228+0000] {logging_mixin.py:188} INFO - [2026-09-30T12:23:22.228+0000] {dag.py:3954} INFO - Setting next_dagrun for produce_json to 2026-09-30 12:00:00+00:00, run_after=2026-10-01 12:00:00+00:00
[2026-09-30T12:23:22.234+0000] {logging_mixin.py:188} INFO - [2026-09-30T12:23:22.233+0000] {dag.py:3954} INFO - Setting next_dagrun for update_db to 2026-09-30 12:00:00+00:00, run_after=2026-10-01 12:00:00+00:00
[2026-09-30T12:23:22.279+0000] {processor.py:183} INFO - Processing /opt/airflow/dags/main.py took 0.654 seconds
[2026-09-30T12:23:52.519+0000] {processor.py:161} INFO - Started process (PID=313) to work on /opt/airflow/dags/main.py
[2026-09-30T12:23:52.522+0000] {processor.py:830} INFO - Processing file /opt/airflow/dags/main.py for tasks to queue
[2026-09-30T12:23:52.526+0000] {logging_mixin.py:188} INFO - [2026-09-30T12:23:52.525+0000] {dagbag.py:545} INFO - Filling up the DagBag from /opt/airflow/dags/main.py
[2026-09-30T12:23:52.830+0000] {processor.py:840} INFO - DAG(s) 'data_quality_check', 'update_db', 'produce_json' retrieved from /opt/airflow/dags/main.py
[2026-09-30T12:23:52.869+0000] {logging_mixin.py:188} INFO - [2026-09-30T12:23:52.868+0000] {dag.py:3096} INFO - Sync 3 DAGs
[2026-09-30T12:23:52.901+0000] {logging_mixin.py:188} INFO - [2026-09-30T12:23:52.900+0000] {dag.py:3954} INFO - Setting next_dagrun for data_quality_check to 2026-09-30 12:00:00+00:00, run_after=2026-10-01 12:00:00+00:00
[2026-09-30T12:23:52.918+0000] {logging_mixin.py:188} INFO - [2026-09-30T12:23:52.918+0000] {dag.py:3954} INFO - Setting next_dagrun for produce_json to 2026-09-30 12:00:00+00:00, run_after=2026-10-01 12:00:00+00:00
[2026-09-30T12:23:52.923+0000] {logging_mixin.py:188} INFO - [2026-09-30T12:23:52.923+0000] {dag.py:3954} INFO - Setting next_dagrun for update_db to 2026-09-30 12:00:00+00:00, run_after=2026-10-01 12:00:00+00:00
[2026-09-30T12:23:52.972+0000] {processor.py:183} INFO - Processing /opt/airflow/dags/main.py took 0.458 seconds
[2026-09-30T12:24:23.330+0000] {processor.py:161} INFO - Started process (PID=320) to work on /opt/airflow/dags/main.py
[2026-09-30T12:24:23.334+0000] {processor.py:830} INFO - Processing file /opt/airflow/dags/main.py for tasks to queue
[2026-09-30T12:24:23.340+0000] {logging_mixin.py:188} INFO - [2026-09-30T12:24:23.339+0000] {dagbag.py:545} INFO - Filling up the DagBag from /opt/airflow/dags/main.py
[2026-09-30T12:24:23.707+0000] {processor.py:840} INFO - DAG(s) 'update_db', 'produce_json', 'data_quality_check' retrieved from /opt/airflow/dags/main.py
[2026-09-30T12:24:23.753+0000] {logging_mixin.py:188} INFO - [2026-09-30T12:24:23.752+0000] {dag.py:3096} INFO - Sync 3 DAGs
[2026-09-30T12:24:23.787+0000] {logging_mixin.py:188} INFO - [2026-09-30T12:24:23.787+0000] {dag.py:3954} INFO - Setting next_dagrun for data_quality_check to 2026-09-30 12:00:00+00:00, run_after=2026-10-01 12:00:00+00:00
[2026-09-30T12:24:23.798+0000] {logging_mixin.py:188} INFO - [2026-09-30T12:24:23.797+0000] {dag.py:3954} INFO - Setting next_dagrun for produce_json to 2026-09-30 12:00:00+00:00, run_after=2026-10-01 12:00:00+00:00
[2026-09-30T12:24:23.803+0000] {logging_mixin.py:188} INFO - [2026-09-30T12:24:23.803+0000] {dag.py:3954} INFO - Setting next_dagrun for update_db to 2026-09-30 12:00:00+00:00, run_after=2026-10-01 12:00:00+00:00
[2026-09-30T12:24:23.837+0000] {processor.py:183} INFO - Processing /opt/airflow/dags/main.py took 0.519 seconds
[2026-09-30T12:24:54.154+0000] {processor.py:161} INFO - Started process (PID=327) to work on /opt/airflow/dags/main.py
[2026-09-30T12:24:54.156+0000] {processor.py:830} INFO - Processing file /opt/airflow/dags/main.py for tasks to queue
[2026-09-30T12:24:54.160+0000] {logging_mixin.py:188} INFO - [2026-09-30T12:24:54.160+0000] {dagbag.py:545} INFO - Filling up the DagBag from /opt/airflow/dags/main.py
[2026-09-30T12:24:54.459+0000] {processor.py:840} INFO - DAG(s) 'data_quality_check', 'produce_json', 'update_db' retrieved from /opt/airflow/dags/main.py
[2026-09-30T12:24:54.508+0000] {logging_mixin.py:188} INFO - [2026-09-30T12:24:54.508+0000] {dag.py:3096} INFO - Sync 3 DAGs
[2026-09-30T12:24:54.545+0000] {logging_mixin.py:188} INFO - [2026-09-30T12:24:54.544+0000] {dag.py:3954} INFO - Setting next_dagrun for data_quality_check to 2026-09-30 12:00:00+00:00, run_after=2026-10-01 12:00:00+00:00
[2026-09-30T12:24:54.554+0000] {logging_mixin.py:188} INFO - [2026-09-30T12:24:54.554+0000] {dag.py:3954} INFO - Setting next_dagrun for produce_json to 2026-09-30 12:00:00+00:00, run_after=2026-10-01 12:00:00+00:00
[2026-09-30T12:24:54.559+0000] {logging_mixin.py:188} INFO - [2026-09-30T12:24:54.558+0000] {dag.py:3954} INFO - Setting next_dagrun for update_db to 2026-09-30 12:00:00+00:00, run_after=2026-10-01 12:00:00+00:00
[2026-09-30T12:24:54.588+0000] {processor.py:183} INFO - Processing /opt/airflow/dags/main.py took 0.440 seconds
[2026-09-30T12:25:24.901+0000] {processor.py:161} INFO - Started process (PID=334) to work on /opt/airflow/dags/main.py
[2026-09-30T12:25:24.903+0000] {processor.py:830} INFO - Processing file /opt/airflow/dags/main.py for tasks to queue
[2026-09-30T12:25:24.906+0000] {logging_mixin.py:188} INFO - [2026-09-30T12:25:24.906+0000] {dagbag.py:545} INFO - Filling up the DagBag from /opt/airflow/dags/main.py
[2026-09-30T12:25:25.433+0000] {processor.py:840} INFO - DAG(s) 'produce_json', 'data_quality_check', 'update_db' retrieved from /opt/airflow/dags/main.py
[2026-09-30T12:25:25.475+0000] {logging_mixin.py:188} INFO - [2026-09-30T12:25:25.474+0000] {dag.py:3096} INFO - Sync 3 DAGs
[2026-09-30T12:25:25.505+0000] {logging_mixin.py:188} INFO - [2026-09-30T12:25:25.504+0000] {dag.py:3954} INFO - Setting next_dagrun for data_quality_check to 2026-09-30 12:00:00+00:00, run_after=2026-10-01 12:00:00+00:00
[2026-09-30T12:25:25.512+0000] {logging_mixin.py:188} INFO - [2026-09-30T12:25:25.512+0000] {dag.py:3954} INFO - Setting next_dagrun for produce_json to 2026-09-30 12:00:00+00:00, run_after=2026-10-01 12:00:00+00:00
[2026-09-30T12:25:25.516+0000] {logging_mixin.py:188} INFO - [2026-09-30T12:25:25.516+0000] {dag.py:3954} INFO - Setting next_dagrun for update_db to 2026-09-30 12:00:00+00:00, run_after=2026-10-01 12:00:00+00:00
[2026-09-30T12:25:25.544+0000] {processor.py:183} INFO - Processing /opt/airflow/dags/main.py took 0.649 seconds
[2026-09-30T12:25:55.741+0000] {processor.py:161} INFO - Started process (PID=341) to work on /opt/airflow/dags/main.py
[2026-09-30T12:25:55.744+0000] {processor.py:830} INFO - Processing file /opt/airflow/dags/main.py for tasks to queue
[2026-09-30T12:25:55.747+0000] {logging_mixin.py:188} INFO - [2026-09-30T12:25:55.747+0000] {dagbag.py:545} INFO - Filling up the DagBag from /opt/airflow/dags/main.py
[2026-09-30T12:25:56.112+0000] {processor.py:840} INFO - DAG(s) 'data_quality_check', 'update_db', 'produce_json' retrieved from /opt/airflow/dags/main.py
[2026-09-30T12:25:56.139+0000] {logging_mixin.py:188} INFO - [2026-09-30T12:25:56.138+0000] {dag.py:3096} INFO - Sync 3 DAGs
[2026-09-30T12:25:56.159+0000] {logging_mixin.py:188} INFO - [2026-09-30T12:25:56.159+0000] {dag.py:3954} INFO - Setting next_dagrun for data_quality_check to 2026-09-30 12:00:00+00:00, run_after=2026-10-01 12:00:00+00:00
[2026-09-30T12:25:56.165+0000] {logging_mixin.py:188} INFO - [2026-09-30T12:25:56.165+0000] {dag.py:3954} INFO - Setting next_dagrun for produce_json to 2026-09-30 12:00:00+00:00, run_after=2026-10-01 12:00:00+00:00
[2026-09-30T12:25:56.169+0000] {logging_mixin.py:188} INFO - [2026-09-30T12:25:56.169+0000] {dag.py:3954} INFO - Setting next_dagrun for update_db to 2026-09-30 12:00:00+00:00, run_after=2026-10-01 12:00:00+00:00
[2026-09-30T12:25:56.191+0000] {processor.py:183} INFO - Processing /opt/airflow/dags/main.py took 0.455 seconds
[2026-09-30T12:26:26.512+0000] {processor.py:161} INFO - Started process (PID=348) to work on /opt/airflow/dags/main.py
[2026-09-30T12:26:26.515+0000] {processor.py:830} INFO - Processing file /opt/airflow/dags/main.py for tasks to queue
[2026-09-30T12:26:26.518+0000] {logging_mixin.py:188} INFO - [2026-09-30T12:26:26.518+0000] {dagbag.py:545} INFO - Filling up the DagBag from /opt/airflow/dags/main.py
[2026-09-30T12:26:26.813+0000] {processor.py:840} INFO - DAG(s) 'update_db', 'data_quality_check', 'produce_json' retrieved from /opt/airflow/dags/main.py
[2026-09-30T12:26:26.838+0000] {logging_mixin.py:188} INFO - [2026-09-30T12:26:26.838+0000] {dag.py:3096} INFO - Sync 3 DAGs
[2026-09-30T12:26:26.856+0000] {logging_mixin.py:188} INFO - [2026-09-30T12:26:26.856+0000] {dag.py:3954} INFO - Setting next_dagrun for data_quality_check to 2026-09-30 12:00:00+00:00, run_after=2026-10-01 12:00:00+00:00
[2026-09-30T12:26:26.863+0000] {logging_mixin.py:188} INFO - [2026-09-30T12:26:26.863+0000] {dag.py:3954} INFO - Setting next_dagrun for produce_json to 2026-09-30 12:00:00+00:00, run_after=2026-10-01 12:00:00+00:00
[2026-09-30T12:26:26.866+0000] {logging_mixin.py:188} INFO - [2026-09-30T12:26:26.866+0000] {dag.py:3954} INFO - Setting next_dagrun for update_db to 2026-09-30 12:00:00+00:00, run_after=2026-10-01 12:00:00+00:00
[2026-09-30T12:26:26.888+0000] {processor.py:183} INFO - Processing /opt/airflow/dags/main.py took 0.382 seconds
[2026-09-30T12:26:57.207+0000] {processor.py:161} INFO - Started process (PID=355) to work on /opt/airflow/dags/main.py
[2026-09-30T12:26:57.210+0000] {processor.py:830} INFO - Processing file /opt/airflow/dags/main.py for tasks to queue
[2026-09-30T12:26:57.214+0000] {logging_mixin.py:188} INFO - [2026-09-30T12:26:57.213+0000] {dagbag.py:545} INFO - Filling up the DagBag from /opt/airflow/dags/main.py
[2026-09-30T12:26:57.485+0000] {processor.py:840} INFO - DAG(s) 'update_db', 'produce_json', 'data_quality_check' retrieved from /opt/airflow/dags/main.py
[2026-09-30T12:26:57.513+0000] {logging_mixin.py:188} INFO - [2026-09-30T12:26:57.513+0000] {dag.py:3096} INFO - Sync 3 DAGs
[2026-09-30T12:26:57.535+0000] {logging_mixin.py:188} INFO - [2026-09-30T12:26:57.534+0000] {dag.py:3954} INFO - Setting next_dagrun for data_quality_check to 2026-09-30 12:00:00+00:00, run_after=2026-10-01 12:00:00+00:00
[2026-09-30T12:26:57.542+0000] {logging_mixin.py:188} INFO - [2026-09-30T12:26:57.541+0000] {dag.py:3954} INFO - Setting next_dagrun for produce_json to 2026-09-30 12:00:00+00:00, run_after=2026-10-01 12:00:00+00:00
[2026-09-30T12:26:57.545+0000] {logging_mixin.py:188} INFO - [2026-09-30T12:26:57.545+0000] {dag.py:3954} INFO - Setting next_dagrun for update_db to 2026-09-30 12:00:00+00:00, run_after=2026-10-01 12:00:00+00:00
[2026-09-30T12:26:57.566+0000] {processor.py:183} INFO - Processing /opt/airflow/dags/main.py took 0.364 seconds
[2026-09-30T12:27:27.998+0000] {processor.py:161} INFO - Started process (PID=362) to work on /opt/airflow/dags/main.py
[2026-09-30T12:27:28.001+0000] {processor.py:830} INFO - Processing file /opt/airflow/dags/main.py for tasks to queue
[2026-09-30T12:27:28.005+0000] {logging_mixin.py:188} INFO - [2026-09-30T12:27:28.004+0000] {dagbag.py:545} INFO - Filling up the DagBag from /opt/airflow/dags/main.py
[2026-09-30T12:27:28.328+0000] {processor.py:840} INFO - DAG(s) 'update_db', 'data_quality_check', 'produce_json' retrieved from /opt/airflow/dags/main.py
[2026-09-30T12:27:28.356+0000] {logging_mixin.py:188} INFO - [2026-09-30T12:27:28.356+0000] {dag.py:3096} INFO - Sync 3 DAGs
[2026-09-30T12:27:28.376+0000] {logging_mixin.py:188} INFO - [2026-09-30T12:27:28.376+0000] {dag.py:3954} INFO - Setting next_dagrun for data_quality_check to 2026-09-30 12:00:00+00:00, run_after=2026-10-01 12:00:00+00:00
[2026-09-30T12:27:28.384+0000] {logging_mixin.py:188} INFO - [2026-09-30T12:27:28.384+0000] {dag.py:3954} INFO - Setting next_dagrun for produce_json to 2026-09-30 12:00:00+00:00, run_after=2026-10-01 12:00:00+00:00
[2026-09-30T12:27:28.388+0000] {logging_mixin.py:188} INFO - [2026-09-30T12:27:28.388+0000] {dag.py:3954} INFO - Setting next_dagrun for update_db to 2026-09-30 12:00:00+00:00, run_after=2026-10-01 12:00:00+00:00
[2026-09-30T12:27:28.412+0000] {processor.py:183} INFO - Processing /opt/airflow/dags/main.py took 0.419 seconds
[2026-09-30T12:27:58.743+0000] {processor.py:161} INFO - Started process (PID=375) to work on /opt/airflow/dags/main.py
[2026-09-30T12:27:58.746+0000] {processor.py:830} INFO - Processing file /opt/airflow/dags/main.py for tasks to queue
[2026-09-30T12:27:58.750+0000] {logging_mixin.py:188} INFO - [2026-09-30T12:27:58.750+0000] {dagbag.py:545} INFO - Filling up the DagBag from /opt/airflow/dags/main.py
[2026-09-30T12:27:59.038+0000] {processor.py:840} INFO - DAG(s) 'update_db', 'produce_json', 'data_quality_check' retrieved from /opt/airflow/dags/main.py
[2026-09-30T12:27:59.069+0000] {logging_mixin.py:188} INFO - [2026-09-30T12:27:59.069+0000] {dag.py:3096} INFO - Sync 3 DAGs
[2026-09-30T12:27:59.089+0000] {logging_mixin.py:188} INFO - [2026-09-30T12:27:59.089+0000] {dag.py:3954} INFO - Setting next_dagrun for data_quality_check to 2026-09-30 12:00:00+00:00, run_after=2026-10-01 12:00:00+00:00
[2026-09-30T12:27:59.096+0000] {logging_mixin.py:188} INFO - [2026-09-30T12:27:59.096+0000] {dag.py:3954} INFO - Setting next_dagrun for produce_json to 2026-09-30 12:00:00+00:00, run_after=2026-10-01 12:00:00+00:00
[2026-09-30T12:27:59.099+0000] {logging_mixin.py:188} INFO - [2026-09-30T12:27:59.099+0000] {dag.py:3954} INFO - Setting next_dagrun for update_db to 2026-09-30 12:00:00+00:00, run_after=2026-10-01 12:00:00+00:00
[2026-09-30T12:27:59.120+0000] {processor.py:183} INFO - Processing /opt/airflow/dags/main.py took 0.382 seconds
[2026-09-30T12:28:29.454+0000] {processor.py:161} INFO - Started process (PID=382) to work on /opt/airflow/dags/main.py
[2026-09-30T12:28:29.457+0000] {processor.py:830} INFO - Processing file /opt/airflow/dags/main.py for tasks to queue
[2026-09-30T12:28:29.460+0000] {logging_mixin.py:188} INFO - [2026-09-30T12:28:29.460+0000] {dagbag.py:545} INFO - Filling up the DagBag from /opt/airflow/dags/main.py
[2026-09-30T12:28:29.755+0000] {processor.py:840} INFO - DAG(s) 'update_db', 'data_quality_check', 'produce_json' retrieved from /opt/airflow/dags/main.py
[2026-09-30T12:28:29.782+0000] {logging_mixin.py:188} INFO - [2026-09-30T12:28:29.782+0000] {dag.py:3096} INFO - Sync 3 DAGs
[2026-09-30T12:28:29.802+0000] {logging_mixin.py:188} INFO - [2026-09-30T12:28:29.801+0000] {dag.py:3954} INFO - Setting next_dagrun for data_quality_check to 2026-09-30 12:00:00+00:00, run_after=2026-10-01 12:00:00+00:00
[2026-09-30T12:28:29.809+0000] {logging_mixin.py:188} INFO - [2026-09-30T12:28:29.809+0000] {dag.py:3954} INFO - Setting next_dagrun for produce_json to 2026-09-30 12:00:00+00:00, run_after=2026-10-01 12:00:00+00:00
[2026-09-30T12:28:29.813+0000] {logging_mixin.py:188} INFO - [2026-09-30T12:28:29.813+0000] {dag.py:3954} INFO - Setting next_dagrun for update_db to 2026-09-30 12:00:00+00:00, run_after=2026-10-01 12:00:00+00:00
[2026-09-30T12:28:29.834+0000] {processor.py:183} INFO - Processing /opt/airflow/dags/main.py took 0.386 seconds
[2026-09-30T12:29:00.155+0000] {processor.py:161} INFO - Started process (PID=389) to work on /opt/airflow/dags/main.py
[2026-09-30T12:29:00.158+0000] {processor.py:830} INFO - Processing file /opt/airflow/dags/main.py for tasks to queue
[2026-09-30T12:29:00.162+0000] {logging_mixin.py:188} INFO - [2026-09-30T12:29:00.161+0000] {dagbag.py:545} INFO - Filling up the DagBag from /opt/airflow/dags/main.py
[2026-09-30T12:29:00.457+0000] {processor.py:840} INFO - DAG(s) 'update_db', 'produce_json', 'data_quality_check' retrieved from /opt/airflow/dags/main.py
[2026-09-30T12:29:00.485+0000] {logging_mixin.py:188} INFO - [2026-09-30T12:29:00.485+0000] {dag.py:3096} INFO - Sync 3 DAGs
[2026-09-30T12:29:00.505+0000] {logging_mixin.py:188} INFO - [2026-09-30T12:29:00.505+0000] {dag.py:3954} INFO - Setting next_dagrun for data_quality_check to 2026-09-30 12:00:00+00:00, run_after=2026-10-01 12:00:00+00:00
[2026-09-30T12:29:00.512+0000] {logging_mixin.py:188} INFO - [2026-09-30T12:29:00.511+0000] {dag.py:3954} INFO - Setting next_dagrun for produce_json to 2026-09-30 12:00:00+00:00, run_after=2026-10-01 12:00:00+00:00
[2026-09-30T12:29:00.514+0000] {logging_mixin.py:188} INFO - [2026-09-30T12:29:00.514+0000] {dag.py:3954} INFO - Setting next_dagrun for update_db to 2026-09-30 12:00:00+00:00, run_after=2026-10-01 12:00:00+00:00
[2026-09-30T12:29:00.534+0000] {processor.py:183} INFO - Processing /opt/airflow/dags/main.py took 0.384 seconds
[2026-09-30T12:29:30.852+0000] {processor.py:161} INFO - Started process (PID=396) to work on /opt/airflow/dags/main.py
[2026-09-30T12:29:30.855+0000] {processor.py:830} INFO - Processing file /opt/airflow/dags/main.py for tasks to queue
[2026-09-30T12:29:30.858+0000] {logging_mixin.py:188} INFO - [2026-09-30T12:29:30.858+0000] {dagbag.py:545} INFO - Filling up the DagBag from /opt/airflow/dags/main.py
[2026-09-30T12:29:31.183+0000] {processor.py:840} INFO - DAG(s) 'produce_json', 'data_quality_check', 'update_db' retrieved from /opt/airflow/dags/main.py
[2026-09-30T12:29:31.216+0000] {logging_mixin.py:188} INFO - [2026-09-30T12:29:31.215+0000] {dag.py:3096} INFO - Sync 3 DAGs
[2026-09-30T12:29:31.235+0000] {logging_mixin.py:188} INFO - [2026-09-30T12:29:31.235+0000] {dag.py:3954} INFO - Setting next_dagrun for data_quality_check to 2026-09-30 12:00:00+00:00, run_after=2026-10-01 12:00:00+00:00
[2026-09-30T12:29:31.243+0000] {logging_mixin.py:188} INFO - [2026-09-30T12:29:31.243+0000] {dag.py:3954} INFO - Setting next_dagrun for produce_json to 2026-09-30 12:00:00+00:00, run_after=2026-10-01 12:00:00+00:00
[2026-09-30T12:29:31.247+0000] {logging_mixin.py:188} INFO - [2026-09-30T12:29:31.247+0000] {dag.py:3954} INFO - Setting next_dagrun for update_db to 2026-09-30 12:00:00+00:00, run_after=2026-10-01 12:00:00+00:00
[2026-09-30T12:29:31.268+0000] {processor.py:183} INFO - Processing /opt/airflow/dags/main.py took 0.421 seconds
[2026-09-30T12:30:01.709+0000] {processor.py:161} INFO - Started process (PID=403) to work on /opt/airflow/dags/main.py
[2026-09-30T12:30:01.713+0000] {processor.py:830} INFO - Processing file /opt/airflow/dags/main.py for tasks to queue
[2026-09-30T12:30:01.719+0000] {logging_mixin.py:188} INFO - [2026-09-30T12:30:01.719+0000] {dagbag.py:545} INFO - Filling up the DagBag from /opt/airflow/dags/main.py
[2026-09-30T12:30:02.169+0000] {processor.py:840} INFO - DAG(s) 'produce_json', 'update_db', 'data_quality_check' retrieved from /opt/airflow/dags/main.py
[2026-09-30T12:30:02.272+0000] {logging_mixin.py:188} INFO - [2026-09-30T12:30:02.271+0000] {dag.py:3096} INFO - Sync 3 DAGs
[2026-09-30T12:30:02.335+0000] {logging_mixin.py:188} INFO - [2026-09-30T12:30:02.334+0000] {dag.py:3954} INFO - Setting next_dagrun for data_quality_check to 2026-09-30 12:00:00+00:00, run_after=2026-10-01 12:00:00+00:00
[2026-09-30T12:30:02.351+0000] {logging_mixin.py:188} INFO - [2026-09-30T12:30:02.351+0000] {dag.py:3954} INFO - Setting next_dagrun for produce_json to 2026-09-30 12:00:00+00:00, run_after=2026-10-01 12:00:00+00:00
[2026-09-30T12:30:02.358+0000] {logging_mixin.py:188} INFO - [2026-09-30T12:30:02.358+0000] {dag.py:3954} INFO - Setting next_dagrun for update_db to 2026-09-30 12:00:00+00:00, run_after=2026-10-01 12:00:00+00:00
[2026-09-30T12:30:02.412+0000] {processor.py:183} INFO - Processing /opt/airflow/dags/main.py took 0.717 seconds
[2026-09-30T12:30:32.701+0000] {processor.py:161} INFO - Started process (PID=410) to work on /opt/airflow/dags/main.py
[2026-09-30T12:30:32.709+0000] {processor.py:830} INFO - Processing file /opt/airflow/dags/main.py for tasks to queue
[2026-09-30T12:30:32.725+0000] {logging_mixin.py:188} INFO - [2026-09-30T12:30:32.724+0000] {dagbag.py:545} INFO - Filling up the DagBag from /opt/airflow/dags/main.py
[2026-09-30T12:30:33.219+0000] {processor.py:840} INFO - DAG(s) 'update_db', 'data_quality_check', 'produce_json' retrieved from /opt/airflow/dags/main.py
[2026-09-30T12:30:33.357+0000] {logging_mixin.py:188} INFO - [2026-09-30T12:30:33.357+0000] {dag.py:3096} INFO - Sync 3 DAGs
[2026-09-30T12:30:33.514+0000] {logging_mixin.py:188} INFO - [2026-09-30T12:30:33.512+0000] {dag.py:3954} INFO - Setting next_dagrun for data_quality_check to 2026-09-30 12:00:00+00:00, run_after=2026-10-01 12:00:00+00:00
[2026-09-30T12:30:33.574+0000] {logging_mixin.py:188} INFO - [2026-09-30T12:30:33.573+0000] {dag.py:3954} INFO - Setting next_dagrun for produce_json to 2026-09-30 12:00:00+00:00, run_after=2026-10-01 12:00:00+00:00
[2026-09-30T12:30:33.584+0000] {logging_mixin.py:188} INFO - [2026-09-30T12:30:33.584+0000] {dag.py:3954} INFO - Setting next_dagrun for update_db to 2026-09-30 12:00:00+00:00, run_after=2026-10-01 12:00:00+00:00
[2026-09-30T12:30:33.730+0000] {processor.py:183} INFO - Processing /opt/airflow/dags/main.py took 1.065 seconds
[2026-09-30T12:31:04.090+0000] {processor.py:161} INFO - Started process (PID=417) to work on /opt/airflow/dags/main.py
[2026-09-30T12:31:04.093+0000] {processor.py:830} INFO - Processing file /opt/airflow/dags/main.py for tasks to queue
[2026-09-30T12:31:04.097+0000] {logging_mixin.py:188} INFO - [2026-09-30T12:31:04.097+0000] {dagbag.py:545} INFO - Filling up the DagBag from /opt/airflow/dags/main.py
[2026-09-30T12:31:04.435+0000] {processor.py:840} INFO - DAG(s) 'data_quality_check', 'update_db', 'produce_json' retrieved from /opt/airflow/dags/main.py
[2026-09-30T12:31:04.467+0000] {logging_mixin.py:188} INFO - [2026-09-30T12:31:04.467+0000] {dag.py:3096} INFO - Sync 3 DAGs
[2026-09-30T12:31:04.491+0000] {logging_mixin.py:188} INFO - [2026-09-30T12:31:04.490+0000] {dag.py:3954} INFO - Setting next_dagrun for data_quality_check to 2026-09-30 12:00:00+00:00, run_after=2026-10-01 12:00:00+00:00
[2026-09-30T12:31:04.497+0000] {logging_mixin.py:188} INFO - [2026-09-30T12:31:04.497+0000] {dag.py:3954} INFO - Setting next_dagrun for produce_json to 2026-09-30 12:00:00+00:00, run_after=2026-10-01 12:00:00+00:00
[2026-09-30T12:31:04.501+0000] {logging_mixin.py:188} INFO - [2026-09-30T12:31:04.501+0000] {dag.py:3954} INFO - Setting next_dagrun for update_db to 2026-09-30 12:00:00+00:00, run_after=2026-10-01 12:00:00+00:00
[2026-09-30T12:31:04.524+0000] {processor.py:183} INFO - Processing /opt/airflow/dags/main.py took 0.442 seconds
[2026-09-30T12:31:34.847+0000] {processor.py:161} INFO - Started process (PID=425) to work on /opt/airflow/dags/main.py
[2026-09-30T12:31:34.851+0000] {processor.py:830} INFO - Processing file /opt/airflow/dags/main.py for tasks to queue
[2026-09-30T12:31:34.855+0000] {logging_mixin.py:188} INFO - [2026-09-30T12:31:34.854+0000] {dagbag.py:545} INFO - Filling up the DagBag from /opt/airflow/dags/main.py
[2026-09-30T12:31:35.155+0000] {processor.py:840} INFO - DAG(s) 'produce_json', 'data_quality_check', 'update_db' retrieved from /opt/airflow/dags/main.py
[2026-09-30T12:31:35.184+0000] {logging_mixin.py:188} INFO - [2026-09-30T12:31:35.184+0000] {dag.py:3096} INFO - Sync 3 DAGs
[2026-09-30T12:31:35.204+0000] {logging_mixin.py:188} INFO - [2026-09-30T12:31:35.204+0000] {dag.py:3954} INFO - Setting next_dagrun for data_quality_check to 2026-09-30 12:00:00+00:00, run_after=2026-10-01 12:00:00+00:00
[2026-09-30T12:31:35.210+0000] {logging_mixin.py:188} INFO - [2026-09-30T12:31:35.210+0000] {dag.py:3954} INFO - Setting next_dagrun for produce_json to 2026-09-30 12:00:00+00:00, run_after=2026-10-01 12:00:00+00:00
[2026-09-30T12:31:35.214+0000] {logging_mixin.py:188} INFO - [2026-09-30T12:31:35.214+0000] {dag.py:3954} INFO - Setting next_dagrun for update_db to 2026-09-30 12:00:00+00:00, run_after=2026-10-01 12:00:00+00:00
[2026-09-30T12:31:35.241+0000] {processor.py:183} INFO - Processing /opt/airflow/dags/main.py took 0.402 seconds
[2026-09-30T12:32:05.557+0000] {processor.py:161} INFO - Started process (PID=432) to work on /opt/airflow/dags/main.py
[2026-09-30T12:32:05.560+0000] {processor.py:830} INFO - Processing file /opt/airflow/dags/main.py for tasks to queue
[2026-09-30T12:32:05.563+0000] {logging_mixin.py:188} INFO - [2026-09-30T12:32:05.563+0000] {dagbag.py:545} INFO - Filling up the DagBag from /opt/airflow/dags/main.py
[2026-09-30T12:32:05.932+0000] {processor.py:840} INFO - DAG(s) 'data_quality_check', 'produce_json', 'update_db' retrieved from /opt/airflow/dags/main.py
[2026-09-30T12:32:05.970+0000] {logging_mixin.py:188} INFO - [2026-09-30T12:32:05.969+0000] {dag.py:3096} INFO - Sync 3 DAGs
[2026-09-30T12:32:05.991+0000] {logging_mixin.py:188} INFO - [2026-09-30T12:32:05.991+0000] {dag.py:3954} INFO - Setting next_dagrun for data_quality_check to 2026-09-30 12:00:00+00:00, run_after=2026-10-01 12:00:00+00:00
[2026-09-30T12:32:05.998+0000] {logging_mixin.py:188} INFO - [2026-09-30T12:32:05.998+0000] {dag.py:3954} INFO - Setting next_dagrun for produce_json to 2026-09-30 12:00:00+00:00, run_after=2026-10-01 12:00:00+00:00
[2026-09-30T12:32:06.002+0000] {logging_mixin.py:188} INFO - [2026-09-30T12:32:06.002+0000] {dag.py:3954} INFO - Setting next_dagrun for update_db to 2026-09-30 12:00:00+00:00, run_after=2026-10-01 12:00:00+00:00
[2026-09-30T12:32:06.024+0000] {processor.py:183} INFO - Processing /opt/airflow/dags/main.py took 0.473 seconds
[2026-09-30T12:32:36.340+0000] {processor.py:161} INFO - Started process (PID=439) to work on /opt/airflow/dags/main.py
[2026-09-30T12:32:36.343+0000] {processor.py:830} INFO - Processing file /opt/airflow/dags/main.py for tasks to queue
[2026-09-30T12:32:36.347+0000] {logging_mixin.py:188} INFO - [2026-09-30T12:32:36.347+0000] {dagbag.py:545} INFO - Filling up the DagBag from /opt/airflow/dags/main.py
[2026-09-30T12:32:36.628+0000] {processor.py:840} INFO - DAG(s) 'data_quality_check', 'produce_json', 'update_db' retrieved from /opt/airflow/dags/main.py
[2026-09-30T12:32:36.654+0000] {logging_mixin.py:188} INFO - [2026-09-30T12:32:36.654+0000] {dag.py:3096} INFO - Sync 3 DAGs
[2026-09-30T12:32:36.674+0000] {logging_mixin.py:188} INFO - [2026-09-30T12:32:36.674+0000] {dag.py:3954} INFO - Setting next_dagrun for data_quality_check to 2026-09-30 12:00:00+00:00, run_after=2026-10-01 12:00:00+00:00
[2026-09-30T12:32:36.681+0000] {logging_mixin.py:188} INFO - [2026-09-30T12:32:36.680+0000] {dag.py:3954} INFO - Setting next_dagrun for produce_json to 2026-09-30 12:00:00+00:00, run_after=2026-10-01 12:00:00+00:00
[2026-09-30T12:32:36.684+0000] {logging_mixin.py:188} INFO - [2026-09-30T12:32:36.684+0000] {dag.py:3954} INFO - Setting next_dagrun for update_db to 2026-09-30 12:00:00+00:00, run_after=2026-10-01 12:00:00+00:00
[2026-09-30T12:32:36.702+0000] {processor.py:183} INFO - Processing /opt/airflow/dags/main.py took 0.369 seconds
[2026-09-30T12:33:07.033+0000] {processor.py:161} INFO - Started process (PID=446) to work on /opt/airflow/dags/main.py
[2026-09-30T12:33:07.036+0000] {processor.py:830} INFO - Processing file /opt/airflow/dags/main.py for tasks to queue
[2026-09-30T12:33:07.040+0000] {logging_mixin.py:188} INFO - [2026-09-30T12:33:07.040+0000] {dagbag.py:545} INFO - Filling up the DagBag from /opt/airflow/dags/main.py
[2026-09-30T12:33:07.330+0000] {processor.py:840} INFO - DAG(s) 'data_quality_check', 'produce_json', 'update_db' retrieved from /opt/airflow/dags/main.py
[2026-09-30T12:33:07.359+0000] {logging_mixin.py:188} INFO - [2026-09-30T12:33:07.359+0000] {dag.py:3096} INFO - Sync 3 DAGs
[2026-09-30T12:33:07.381+0000] {logging_mixin.py:188} INFO - [2026-09-30T12:33:07.381+0000] {dag.py:3954} INFO - Setting next_dagrun for data_quality_check to 2026-09-30 12:00:00+00:00, run_after=2026-10-01 12:00:00+00:00
[2026-09-30T12:33:07.388+0000] {logging_mixin.py:188} INFO - [2026-09-30T12:33:07.388+0000] {dag.py:3954} INFO - Setting next_dagrun for produce_json to 2026-09-30 12:00:00+00:00, run_after=2026-10-01 12:00:00+00:00
[2026-09-30T12:33:07.392+0000] {logging_mixin.py:188} INFO - [2026-09-30T12:33:07.392+0000] {dag.py:3954} INFO - Setting next_dagrun for update_db to 2026-09-30 12:00:00+00:00, run_after=2026-10-01 12:00:00+00:00
[2026-09-30T12:33:07.411+0000] {processor.py:183} INFO - Processing /opt/airflow/dags/main.py took 0.384 seconds
[2026-09-30T12:33:37.729+0000] {processor.py:161} INFO - Started process (PID=453) to work on /opt/airflow/dags/main.py
[2026-09-30T12:33:37.731+0000] {processor.py:830} INFO - Processing file /opt/airflow/dags/main.py for tasks to queue
[2026-09-30T12:33:37.736+0000] {logging_mixin.py:188} INFO - [2026-09-30T12:33:37.736+0000] {dagbag.py:545} INFO - Filling up the DagBag from /opt/airflow/dags/main.py
[2026-09-30T12:33:38.040+0000] {processor.py:840} INFO - DAG(s) 'update_db', 'data_quality_check', 'produce_json' retrieved from /opt/airflow/dags/main.py
[2026-09-30T12:33:38.069+0000] {logging_mixin.py:188} INFO - [2026-09-30T12:33:38.069+0000] {dag.py:3096} INFO - Sync 3 DAGs
[2026-09-30T12:33:38.090+0000] {logging_mixin.py:188} INFO - [2026-09-30T12:33:38.090+0000] {dag.py:3954} INFO - Setting next_dagrun for data_quality_check to 2026-09-30 12:00:00+00:00, run_after=2026-10-01 12:00:00+00:00
[2026-09-30T12:33:38.097+0000] {logging_mixin.py:188} INFO - [2026-09-30T12:33:38.097+0000] {dag.py:3954} INFO - Setting next_dagrun for produce_json to 2026-09-30 12:00:00+00:00, run_after=2026-10-01 12:00:00+00:00
[2026-09-30T12:33:38.101+0000] {logging_mixin.py:188} INFO - [2026-09-30T12:33:38.101+0000] {dag.py:3954} INFO - Setting next_dagrun for update_db to 2026-09-30 12:00:00+00:00, run_after=2026-10-01 12:00:00+00:00
[2026-09-30T12:33:38.122+0000] {processor.py:183} INFO - Processing /opt/airflow/dags/main.py took 0.401 seconds
[2026-09-30T12:34:08.445+0000] {processor.py:161} INFO - Started process (PID=460) to work on /opt/airflow/dags/main.py
[2026-09-30T12:34:08.447+0000] {processor.py:830} INFO - Processing file /opt/airflow/dags/main.py for tasks to queue
[2026-09-30T12:34:08.451+0000] {logging_mixin.py:188} INFO - [2026-09-30T12:34:08.450+0000] {dagbag.py:545} INFO - Filling up the DagBag from /opt/airflow/dags/main.py
[2026-09-30T12:34:08.737+0000] {processor.py:840} INFO - DAG(s) 'data_quality_check', 'update_db', 'produce_json' retrieved from /opt/airflow/dags/main.py
[2026-09-30T12:34:08.766+0000] {logging_mixin.py:188} INFO - [2026-09-30T12:34:08.766+0000] {dag.py:3096} INFO - Sync 3 DAGs
[2026-09-30T12:34:08.785+0000] {logging_mixin.py:188} INFO - [2026-09-30T12:34:08.785+0000] {dag.py:3954} INFO - Setting next_dagrun for data_quality_check to 2026-09-30 12:00:00+00:00, run_after=2026-10-01 12:00:00+00:00
[2026-09-30T12:34:08.792+0000] {logging_mixin.py:188} INFO - [2026-09-30T12:34:08.792+0000] {dag.py:3954} INFO - Setting next_dagrun for produce_json to 2026-09-30 12:00:00+00:00, run_after=2026-10-01 12:00:00+00:00
[2026-09-30T12:34:08.795+0000] {logging_mixin.py:188} INFO - [2026-09-30T12:34:08.795+0000] {dag.py:3954} INFO - Setting next_dagrun for update_db to 2026-09-30 12:00:00+00:00, run_after=2026-10-01 12:00:00+00:00
[2026-09-30T12:34:08.816+0000] {processor.py:183} INFO - Processing /opt/airflow/dags/main.py took 0.376 seconds
[2026-09-30T12:34:39.172+0000] {processor.py:161} INFO - Started process (PID=467) to work on /opt/airflow/dags/main.py
[2026-09-30T12:34:39.183+0000] {processor.py:830} INFO - Processing file /opt/airflow/dags/main.py for tasks to queue
[2026-09-30T12:34:39.220+0000] {logging_mixin.py:188} INFO - [2026-09-30T12:34:39.219+0000] {dagbag.py:545} INFO - Filling up the DagBag from /opt/airflow/dags/main.py
[2026-09-30T12:34:39.648+0000] {processor.py:840} INFO - DAG(s) 'update_db', 'data_quality_check', 'produce_json' retrieved from /opt/airflow/dags/main.py
[2026-09-30T12:34:39.720+0000] {logging_mixin.py:188} INFO - [2026-09-30T12:34:39.720+0000] {dag.py:3096} INFO - Sync 3 DAGs
[2026-09-30T12:34:39.756+0000] {logging_mixin.py:188} INFO - [2026-09-30T12:34:39.756+0000] {dag.py:3954} INFO - Setting next_dagrun for data_quality_check to 2026-09-30 12:00:00+00:00, run_after=2026-10-01 12:00:00+00:00
[2026-09-30T12:34:39.766+0000] {logging_mixin.py:188} INFO - [2026-09-30T12:34:39.765+0000] {dag.py:3954} INFO - Setting next_dagrun for produce_json to 2026-09-30 12:00:00+00:00, run_after=2026-10-01 12:00:00+00:00
[2026-09-30T12:34:39.770+0000] {logging_mixin.py:188} INFO - [2026-09-30T12:34:39.770+0000] {dag.py:3954} INFO - Setting next_dagrun for update_db to 2026-09-30 12:00:00+00:00, run_after=2026-10-01 12:00:00+00:00
[2026-09-30T12:34:39.799+0000] {processor.py:183} INFO - Processing /opt/airflow/dags/main.py took 0.636 seconds
[2026-09-30T12:35:10.011+0000] {processor.py:161} INFO - Started process (PID=475) to work on /opt/airflow/dags/main.py
[2026-09-30T12:35:10.013+0000] {processor.py:830} INFO - Processing file /opt/airflow/dags/main.py for tasks to queue
[2026-09-30T12:35:10.017+0000] {logging_mixin.py:188} INFO - [2026-09-30T12:35:10.017+0000] {dagbag.py:545} INFO - Filling up the DagBag from /opt/airflow/dags/main.py
[2026-09-30T12:35:10.307+0000] {processor.py:840} INFO - DAG(s) 'produce_json', 'data_quality_check', 'update_db' retrieved from /opt/airflow/dags/main.py
[2026-09-30T12:35:10.333+0000] {logging_mixin.py:188} INFO - [2026-09-30T12:35:10.333+0000] {dag.py:3096} INFO - Sync 3 DAGs
[2026-09-30T12:35:10.352+0000] {logging_mixin.py:188} INFO - [2026-09-30T12:35:10.352+0000] {dag.py:3954} INFO - Setting next_dagrun for data_quality_check to 2026-09-30 12:00:00+00:00, run_after=2026-10-01 12:00:00+00:00
[2026-09-30T12:35:10.360+0000] {logging_mixin.py:188} INFO - [2026-09-30T12:35:10.360+0000] {dag.py:3954} INFO - Setting next_dagrun for produce_json to 2026-09-30 12:00:00+00:00, run_after=2026-10-01 12:00:00+00:00
[2026-09-30T12:35:10.364+0000] {logging_mixin.py:188} INFO - [2026-09-30T12:35:10.364+0000] {dag.py:3954} INFO - Setting next_dagrun for update_db to 2026-09-30 12:00:00+00:00, run_after=2026-10-01 12:00:00+00:00
[2026-09-30T12:35:10.386+0000] {processor.py:183} INFO - Processing /opt/airflow/dags/main.py took 0.381 seconds
[2026-09-30T12:35:40.711+0000] {processor.py:161} INFO - Started process (PID=482) to work on /opt/airflow/dags/main.py
[2026-09-30T12:35:40.714+0000] {processor.py:830} INFO - Processing file /opt/airflow/dags/main.py for tasks to queue
[2026-09-30T12:35:40.717+0000] {logging_mixin.py:188} INFO - [2026-09-30T12:35:40.717+0000] {dagbag.py:545} INFO - Filling up the DagBag from /opt/airflow/dags/main.py
[2026-09-30T12:35:41.026+0000] {processor.py:840} INFO - DAG(s) 'update_db', 'data_quality_check', 'produce_json' retrieved from /opt/airflow/dags/main.py
[2026-09-30T12:35:41.056+0000] {logging_mixin.py:188} INFO - [2026-09-30T12:35:41.056+0000] {dag.py:3096} INFO - Sync 3 DAGs
[2026-09-30T12:35:41.081+0000] {logging_mixin.py:188} INFO - [2026-09-30T12:35:41.080+0000] {dag.py:3954} INFO - Setting next_dagrun for data_quality_check to 2026-09-30 12:00:00+00:00, run_after=2026-10-01 12:00:00+00:00
[2026-09-30T12:35:41.087+0000] {logging_mixin.py:188} INFO - [2026-09-30T12:35:41.087+0000] {dag.py:3954} INFO - Setting next_dagrun for produce_json to 2026-09-30 12:00:00+00:00, run_after=2026-10-01 12:00:00+00:00
[2026-09-30T12:35:41.090+0000] {logging_mixin.py:188} INFO - [2026-09-30T12:35:41.090+0000] {dag.py:3954} INFO - Setting next_dagrun for update_db to 2026-09-30 12:00:00+00:00, run_after=2026-10-01 12:00:00+00:00
[2026-09-30T12:35:41.111+0000] {processor.py:183} INFO - Processing /opt/airflow/dags/main.py took 0.405 seconds
[2026-09-30T12:36:11.448+0000] {processor.py:161} INFO - Started process (PID=489) to work on /opt/airflow/dags/main.py
[2026-09-30T12:36:11.451+0000] {processor.py:830} INFO - Processing file /opt/airflow/dags/main.py for tasks to queue
[2026-09-30T12:36:11.455+0000] {logging_mixin.py:188} INFO - [2026-09-30T12:36:11.454+0000] {dagbag.py:545} INFO - Filling up the DagBag from /opt/airflow/dags/main.py
[2026-09-30T12:36:11.740+0000] {processor.py:840} INFO - DAG(s) 'update_db', 'data_quality_check', 'produce_json' retrieved from /opt/airflow/dags/main.py
[2026-09-30T12:36:11.770+0000] {logging_mixin.py:188} INFO - [2026-09-30T12:36:11.769+0000] {dag.py:3096} INFO - Sync 3 DAGs
[2026-09-30T12:36:11.794+0000] {logging_mixin.py:188} INFO - [2026-09-30T12:36:11.794+0000] {dag.py:3954} INFO - Setting next_dagrun for data_quality_check to 2026-09-30 12:00:00+00:00, run_after=2026-10-01 12:00:00+00:00
[2026-09-30T12:36:11.801+0000] {logging_mixin.py:188} INFO - [2026-09-30T12:36:11.801+0000] {dag.py:3954} INFO - Setting next_dagrun for produce_json to 2026-09-30 12:00:00+00:00, run_after=2026-10-01 12:00:00+00:00
[2026-09-30T12:36:11.805+0000] {logging_mixin.py:188} INFO - [2026-09-30T12:36:11.805+0000] {dag.py:3954} INFO - Setting next_dagrun for update_db to 2026-09-30 12:00:00+00:00, run_after=2026-10-01 12:00:00+00:00
[2026-09-30T12:36:11.829+0000] {processor.py:183} INFO - Processing /opt/airflow/dags/main.py took 0.387 seconds
[2026-09-30T12:36:42.250+0000] {processor.py:161} INFO - Started process (PID=496) to work on /opt/airflow/dags/main.py
[2026-09-30T12:36:42.252+0000] {processor.py:830} INFO - Processing file /opt/airflow/dags/main.py for tasks to queue
[2026-09-30T12:36:42.255+0000] {logging_mixin.py:188} INFO - [2026-09-30T12:36:42.255+0000] {dagbag.py:545} INFO - Filling up the DagBag from /opt/airflow/dags/main.py
[2026-09-30T12:36:42.554+0000] {processor.py:840} INFO - DAG(s) 'produce_json', 'update_db', 'data_quality_check' retrieved from /opt/airflow/dags/main.py
[2026-09-30T12:36:42.585+0000] {logging_mixin.py:188} INFO - [2026-09-30T12:36:42.585+0000] {dag.py:3096} INFO - Sync 3 DAGs
[2026-09-30T12:36:42.606+0000] {logging_mixin.py:188} INFO - [2026-09-30T12:36:42.605+0000] {dag.py:3954} INFO - Setting next_dagrun for data_quality_check to 2026-09-30 12:00:00+00:00, run_after=2026-10-01 12:00:00+00:00
[2026-09-30T12:36:42.611+0000] {logging_mixin.py:188} INFO - [2026-09-30T12:36:42.611+0000] {dag.py:3954} INFO - Setting next_dagrun for produce_json to 2026-09-30 12:00:00+00:00, run_after=2026-10-01 12:00:00+00:00
[2026-09-30T12:36:42.615+0000] {logging_mixin.py:188} INFO - [2026-09-30T12:36:42.615+0000] {dag.py:3954} INFO - Setting next_dagrun for update_db to 2026-09-30 12:00:00+00:00, run_after=2026-10-01 12:00:00+00:00
[2026-09-30T12:36:42.635+0000] {processor.py:183} INFO - Processing /opt/airflow/dags/main.py took 0.391 seconds
[2026-09-30T12:37:12.984+0000] {processor.py:161} INFO - Started process (PID=503) to work on /opt/airflow/dags/main.py
[2026-09-30T12:37:12.988+0000] {processor.py:830} INFO - Processing file /opt/airflow/dags/main.py for tasks to queue
[2026-09-30T12:37:12.993+0000] {logging_mixin.py:188} INFO - [2026-09-30T12:37:12.992+0000] {dagbag.py:545} INFO - Filling up the DagBag from /opt/airflow/dags/main.py
[2026-09-30T12:37:13.302+0000] {processor.py:840} INFO - DAG(s) 'produce_json', 'update_db', 'data_quality_check' retrieved from /opt/airflow/dags/main.py
[2026-09-30T12:37:13.332+0000] {logging_mixin.py:188} INFO - [2026-09-30T12:37:13.332+0000] {dag.py:3096} INFO - Sync 3 DAGs
[2026-09-30T12:37:13.355+0000] {logging_mixin.py:188} INFO - [2026-09-30T12:37:13.355+0000] {dag.py:3954} INFO - Setting next_dagrun for data_quality_check to 2026-09-30 12:00:00+00:00, run_after=2026-10-01 12:00:00+00:00
[2026-09-30T12:37:13.361+0000] {logging_mixin.py:188} INFO - [2026-09-30T12:37:13.361+0000] {dag.py:3954} INFO - Setting next_dagrun for produce_json to 2026-09-30 12:00:00+00:00, run_after=2026-10-01 12:00:00+00:00
[2026-09-30T12:37:13.365+0000] {logging_mixin.py:188} INFO - [2026-09-30T12:37:13.365+0000] {dag.py:3954} INFO - Setting next_dagrun for update_db to 2026-09-30 12:00:00+00:00, run_after=2026-10-01 12:00:00+00:00
[2026-09-30T12:37:13.386+0000] {processor.py:183} INFO - Processing /opt/airflow/dags/main.py took 0.409 seconds
[2026-09-30T12:37:43.798+0000] {processor.py:161} INFO - Started process (PID=510) to work on /opt/airflow/dags/main.py
[2026-09-30T12:37:43.801+0000] {processor.py:830} INFO - Processing file /opt/airflow/dags/main.py for tasks to queue
[2026-09-30T12:37:43.806+0000] {logging_mixin.py:188} INFO - [2026-09-30T12:37:43.805+0000] {dagbag.py:545} INFO - Filling up the DagBag from /opt/airflow/dags/main.py
[2026-09-30T12:37:44.113+0000] {processor.py:840} INFO - DAG(s) 'produce_json', 'update_db', 'data_quality_check' retrieved from /opt/airflow/dags/main.py
[2026-09-30T12:37:44.140+0000] {logging_mixin.py:188} INFO - [2026-09-30T12:37:44.140+0000] {dag.py:3096} INFO - Sync 3 DAGs
[2026-09-30T12:37:44.161+0000] {logging_mixin.py:188} INFO - [2026-09-30T12:37:44.161+0000] {dag.py:3954} INFO - Setting next_dagrun for data_quality_check to 2026-09-30 12:00:00+00:00, run_after=2026-10-01 12:00:00+00:00
[2026-09-30T12:37:44.167+0000] {logging_mixin.py:188} INFO - [2026-09-30T12:37:44.167+0000] {dag.py:3954} INFO - Setting next_dagrun for produce_json to 2026-09-30 12:00:00+00:00, run_after=2026-10-01 12:00:00+00:00
[2026-09-30T12:37:44.171+0000] {logging_mixin.py:188} INFO - [2026-09-30T12:37:44.171+0000] {dag.py:3954} INFO - Setting next_dagrun for update_db to 2026-09-30 12:00:00+00:00, run_after=2026-10-01 12:00:00+00:00
[2026-09-30T12:37:44.193+0000] {processor.py:183} INFO - Processing /opt/airflow/dags/main.py took 0.406 seconds
[2026-09-30T12:38:14.531+0000] {processor.py:161} INFO - Started process (PID=517) to work on /opt/airflow/dags/main.py
[2026-09-30T12:38:14.534+0000] {processor.py:830} INFO - Processing file /opt/airflow/dags/main.py for tasks to queue
[2026-09-30T12:38:14.538+0000] {logging_mixin.py:188} INFO - [2026-09-30T12:38:14.538+0000] {dagbag.py:545} INFO - Filling up the DagBag from /opt/airflow/dags/main.py
[2026-09-30T12:38:14.845+0000] {processor.py:840} INFO - DAG(s) 'update_db', 'data_quality_check', 'produce_json' retrieved from /opt/airflow/dags/main.py
[2026-09-30T12:38:14.873+0000] {logging_mixin.py:188} INFO - [2026-09-30T12:38:14.873+0000] {dag.py:3096} INFO - Sync 3 DAGs
[2026-09-30T12:38:14.894+0000] {logging_mixin.py:188} INFO - [2026-09-30T12:38:14.894+0000] {dag.py:3954} INFO - Setting next_dagrun for data_quality_check to 2026-09-30 12:00:00+00:00, run_after=2026-10-01 12:00:00+00:00
[2026-09-30T12:38:14.900+0000] {logging_mixin.py:188} INFO - [2026-09-30T12:38:14.900+0000] {dag.py:3954} INFO - Setting next_dagrun for produce_json to 2026-09-30 12:00:00+00:00, run_after=2026-10-01 12:00:00+00:00
[2026-09-30T12:38:14.904+0000] {logging_mixin.py:188} INFO - [2026-09-30T12:38:14.904+0000] {dag.py:3954} INFO - Setting next_dagrun for update_db to 2026-09-30 12:00:00+00:00, run_after=2026-10-01 12:00:00+00:00
[2026-09-30T12:38:14.924+0000] {processor.py:183} INFO - Processing /opt/airflow/dags/main.py took 0.399 seconds
[2026-09-30T12:38:45.278+0000] {processor.py:161} INFO - Started process (PID=524) to work on /opt/airflow/dags/main.py
[2026-09-30T12:38:45.282+0000] {processor.py:830} INFO - Processing file /opt/airflow/dags/main.py for tasks to queue
[2026-09-30T12:38:45.288+0000] {logging_mixin.py:188} INFO - [2026-09-30T12:38:45.287+0000] {dagbag.py:545} INFO - Filling up the DagBag from /opt/airflow/dags/main.py
[2026-09-30T12:38:45.584+0000] {processor.py:840} INFO - DAG(s) 'update_db', 'produce_json', 'data_quality_check' retrieved from /opt/airflow/dags/main.py
[2026-09-30T12:38:45.614+0000] {logging_mixin.py:188} INFO - [2026-09-30T12:38:45.614+0000] {dag.py:3096} INFO - Sync 3 DAGs
[2026-09-30T12:38:45.636+0000] {logging_mixin.py:188} INFO - [2026-09-30T12:38:45.636+0000] {dag.py:3954} INFO - Setting next_dagrun for data_quality_check to 2026-09-30 12:00:00+00:00, run_after=2026-10-01 12:00:00+00:00
[2026-09-30T12:38:45.643+0000] {logging_mixin.py:188} INFO - [2026-09-30T12:38:45.642+0000] {dag.py:3954} INFO - Setting next_dagrun for produce_json to 2026-09-30 12:00:00+00:00, run_after=2026-10-01 12:00:00+00:00
[2026-09-30T12:38:45.653+0000] {logging_mixin.py:188} INFO - [2026-09-30T12:38:45.652+0000] {dag.py:3954} INFO - Setting next_dagrun for update_db to 2026-09-30 12:00:00+00:00, run_after=2026-10-01 12:00:00+00:00
[2026-09-30T12:38:45.691+0000] {processor.py:183} INFO - Processing /opt/airflow/dags/main.py took 0.421 seconds
[2026-09-30T12:39:16.038+0000] {processor.py:161} INFO - Started process (PID=531) to work on /opt/airflow/dags/main.py
[2026-09-30T12:39:16.041+0000] {processor.py:830} INFO - Processing file /opt/airflow/dags/main.py for tasks to queue
[2026-09-30T12:39:16.045+0000] {logging_mixin.py:188} INFO - [2026-09-30T12:39:16.045+0000] {dagbag.py:545} INFO - Filling up the DagBag from /opt/airflow/dags/main.py
[2026-09-30T12:39:16.370+0000] {processor.py:840} INFO - DAG(s) 'produce_json', 'update_db', 'data_quality_check' retrieved from /opt/airflow/dags/main.py
[2026-09-30T12:39:16.404+0000] {logging_mixin.py:188} INFO - [2026-09-30T12:39:16.403+0000] {dag.py:3096} INFO - Sync 3 DAGs
[2026-09-30T12:39:16.424+0000] {logging_mixin.py:188} INFO - [2026-09-30T12:39:16.423+0000] {dag.py:3954} INFO - Setting next_dagrun for data_quality_check to 2026-09-30 12:00:00+00:00, run_after=2026-10-01 12:00:00+00:00
[2026-09-30T12:39:16.430+0000] {logging_mixin.py:188} INFO - [2026-09-30T12:39:16.430+0000] {dag.py:3954} INFO - Setting next_dagrun for produce_json to 2026-09-30 12:00:00+00:00, run_after=2026-10-01 12:00:00+00:00
[2026-09-30T12:39:16.434+0000] {logging_mixin.py:188} INFO - [2026-09-30T12:39:16.433+0000] {dag.py:3954} INFO - Setting next_dagrun for update_db to 2026-09-30 12:00:00+00:00, run_after=2026-10-01 12:00:00+00:00
[2026-09-30T12:39:16.454+0000] {processor.py:183} INFO - Processing /opt/airflow/dags/main.py took 0.422 seconds
[2026-09-30T12:39:46.814+0000] {processor.py:161} INFO - Started process (PID=538) to work on /opt/airflow/dags/main.py
[2026-09-30T12:39:46.817+0000] {processor.py:830} INFO - Processing file /opt/airflow/dags/main.py for tasks to queue
[2026-09-30T12:39:46.820+0000] {logging_mixin.py:188} INFO - [2026-09-30T12:39:46.820+0000] {dagbag.py:545} INFO - Filling up the DagBag from /opt/airflow/dags/main.py
[2026-09-30T12:39:47.125+0000] {processor.py:840} INFO - DAG(s) 'update_db', 'produce_json', 'data_quality_check' retrieved from /opt/airflow/dags/main.py
[2026-09-30T12:39:47.152+0000] {logging_mixin.py:188} INFO - [2026-09-30T12:39:47.152+0000] {dag.py:3096} INFO - Sync 3 DAGs
[2026-09-30T12:39:47.172+0000] {logging_mixin.py:188} INFO - [2026-09-30T12:39:47.172+0000] {dag.py:3954} INFO - Setting next_dagrun for data_quality_check to 2026-09-30 12:00:00+00:00, run_after=2026-10-01 12:00:00+00:00
[2026-09-30T12:39:47.178+0000] {logging_mixin.py:188} INFO - [2026-09-30T12:39:47.178+0000] {dag.py:3954} INFO - Setting next_dagrun for produce_json to 2026-09-30 12:00:00+00:00, run_after=2026-10-01 12:00:00+00:00
[2026-09-30T12:39:47.181+0000] {logging_mixin.py:188} INFO - [2026-09-30T12:39:47.181+0000] {dag.py:3954} INFO - Setting next_dagrun for update_db to 2026-09-30 12:00:00+00:00, run_after=2026-10-01 12:00:00+00:00
[2026-09-30T12:39:47.201+0000] {processor.py:183} INFO - Processing /opt/airflow/dags/main.py took 0.394 seconds
[2026-09-30T12:40:17.548+0000] {processor.py:161} INFO - Started process (PID=545) to work on /opt/airflow/dags/main.py
[2026-09-30T12:40:17.551+0000] {processor.py:830} INFO - Processing file /opt/airflow/dags/main.py for tasks to queue
[2026-09-30T12:40:17.554+0000] {logging_mixin.py:188} INFO - [2026-09-30T12:40:17.554+0000] {dagbag.py:545} INFO - Filling up the DagBag from /opt/airflow/dags/main.py
[2026-09-30T12:40:17.863+0000] {processor.py:840} INFO - DAG(s) 'produce_json', 'update_db', 'data_quality_check' retrieved from /opt/airflow/dags/main.py
[2026-09-30T12:40:17.893+0000] {logging_mixin.py:188} INFO - [2026-09-30T12:40:17.893+0000] {dag.py:3096} INFO - Sync 3 DAGs
[2026-09-30T12:40:17.914+0000] {logging_mixin.py:188} INFO - [2026-09-30T12:40:17.914+0000] {dag.py:3954} INFO - Setting next_dagrun for data_quality_check to 2026-09-30 12:00:00+00:00, run_after=2026-10-01 12:00:00+00:00
[2026-09-30T12:40:17.921+0000] {logging_mixin.py:188} INFO - [2026-09-30T12:40:17.921+0000] {dag.py:3954} INFO - Setting next_dagrun for produce_json to 2026-09-30 12:00:00+00:00, run_after=2026-10-01 12:00:00+00:00
[2026-09-30T12:40:17.925+0000] {logging_mixin.py:188} INFO - [2026-09-30T12:40:17.925+0000] {dag.py:3954} INFO - Setting next_dagrun for update_db to 2026-09-30 12:00:00+00:00, run_after=2026-10-01 12:00:00+00:00
[2026-09-30T12:40:17.950+0000] {processor.py:183} INFO - Processing /opt/airflow/dags/main.py took 0.408 seconds
[2026-09-30T12:40:48.287+0000] {processor.py:161} INFO - Started process (PID=552) to work on /opt/airflow/dags/main.py
[2026-09-30T12:40:48.290+0000] {processor.py:830} INFO - Processing file /opt/airflow/dags/main.py for tasks to queue
[2026-09-30T12:40:48.295+0000] {logging_mixin.py:188} INFO - [2026-09-30T12:40:48.295+0000] {dagbag.py:545} INFO - Filling up the DagBag from /opt/airflow/dags/main.py
[2026-09-30T12:40:48.593+0000] {processor.py:840} INFO - DAG(s) 'data_quality_check', 'update_db', 'produce_json' retrieved from /opt/airflow/dags/main.py
[2026-09-30T12:40:48.621+0000] {logging_mixin.py:188} INFO - [2026-09-30T12:40:48.621+0000] {dag.py:3096} INFO - Sync 3 DAGs
[2026-09-30T12:40:48.642+0000] {logging_mixin.py:188} INFO - [2026-09-30T12:40:48.641+0000] {dag.py:3954} INFO - Setting next_dagrun for data_quality_check to 2026-09-30 12:00:00+00:00, run_after=2026-10-01 12:00:00+00:00
[2026-09-30T12:40:48.648+0000] {logging_mixin.py:188} INFO - [2026-09-30T12:40:48.648+0000] {dag.py:3954} INFO - Setting next_dagrun for produce_json to 2026-09-30 12:00:00+00:00, run_after=2026-10-01 12:00:00+00:00
[2026-09-30T12:40:48.651+0000] {logging_mixin.py:188} INFO - [2026-09-30T12:40:48.651+0000] {dag.py:3954} INFO - Setting next_dagrun for update_db to 2026-09-30 12:00:00+00:00, run_after=2026-10-01 12:00:00+00:00
[2026-09-30T12:40:48.676+0000] {processor.py:183} INFO - Processing /opt/airflow/dags/main.py took 0.399 seconds
[2026-09-30T12:41:19.025+0000] {processor.py:161} INFO - Started process (PID=559) to work on /opt/airflow/dags/main.py
[2026-09-30T12:41:19.027+0000] {processor.py:830} INFO - Processing file /opt/airflow/dags/main.py for tasks to queue
[2026-09-30T12:41:19.031+0000] {logging_mixin.py:188} INFO - [2026-09-30T12:41:19.030+0000] {dagbag.py:545} INFO - Filling up the DagBag from /opt/airflow/dags/main.py
[2026-09-30T12:41:19.377+0000] {processor.py:840} INFO - DAG(s) 'produce_json', 'data_quality_check', 'update_db' retrieved from /opt/airflow/dags/main.py
[2026-09-30T12:41:19.404+0000] {logging_mixin.py:188} INFO - [2026-09-30T12:41:19.404+0000] {dag.py:3096} INFO - Sync 3 DAGs
[2026-09-30T12:41:19.425+0000] {logging_mixin.py:188} INFO - [2026-09-30T12:41:19.425+0000] {dag.py:3954} INFO - Setting next_dagrun for data_quality_check to 2026-09-30 12:00:00+00:00, run_after=2026-10-01 12:00:00+00:00
[2026-09-30T12:41:19.431+0000] {logging_mixin.py:188} INFO - [2026-09-30T12:41:19.431+0000] {dag.py:3954} INFO - Setting next_dagrun for produce_json to 2026-09-30 12:00:00+00:00, run_after=2026-10-01 12:00:00+00:00
[2026-09-30T12:41:19.435+0000] {logging_mixin.py:188} INFO - [2026-09-30T12:41:19.434+0000] {dag.py:3954} INFO - Setting next_dagrun for update_db to 2026-09-30 12:00:00+00:00, run_after=2026-10-01 12:00:00+00:00
[2026-09-30T12:41:19.459+0000] {processor.py:183} INFO - Processing /opt/airflow/dags/main.py took 0.440 seconds
[2026-09-30T12:41:49.805+0000] {processor.py:161} INFO - Started process (PID=566) to work on /opt/airflow/dags/main.py
[2026-09-30T12:41:49.808+0000] {processor.py:830} INFO - Processing file /opt/airflow/dags/main.py for tasks to queue
[2026-09-30T12:41:49.812+0000] {logging_mixin.py:188} INFO - [2026-09-30T12:41:49.812+0000] {dagbag.py:545} INFO - Filling up the DagBag from /opt/airflow/dags/main.py
[2026-09-30T12:41:50.106+0000] {processor.py:840} INFO - DAG(s) 'data_quality_check', 'update_db', 'produce_json' retrieved from /opt/airflow/dags/main.py
[2026-09-30T12:41:50.134+0000] {logging_mixin.py:188} INFO - [2026-09-30T12:41:50.134+0000] {dag.py:3096} INFO - Sync 3 DAGs
[2026-09-30T12:41:50.154+0000] {logging_mixin.py:188} INFO - [2026-09-30T12:41:50.154+0000] {dag.py:3954} INFO - Setting next_dagrun for data_quality_check to 2026-09-30 12:00:00+00:00, run_after=2026-10-01 12:00:00+00:00
[2026-09-30T12:41:50.161+0000] {logging_mixin.py:188} INFO - [2026-09-30T12:41:50.161+0000] {dag.py:3954} INFO - Setting next_dagrun for produce_json to 2026-09-30 12:00:00+00:00, run_after=2026-10-01 12:00:00+00:00
[2026-09-30T12:41:50.165+0000] {logging_mixin.py:188} INFO - [2026-09-30T12:41:50.164+0000] {dag.py:3954} INFO - Setting next_dagrun for update_db to 2026-09-30 12:00:00+00:00, run_after=2026-10-01 12:00:00+00:00
[2026-09-30T12:41:50.186+0000] {processor.py:183} INFO - Processing /opt/airflow/dags/main.py took 0.387 seconds
[2026-09-30T12:42:20.532+0000] {processor.py:161} INFO - Started process (PID=573) to work on /opt/airflow/dags/main.py
[2026-09-30T12:42:20.535+0000] {processor.py:830} INFO - Processing file /opt/airflow/dags/main.py for tasks to queue
[2026-09-30T12:42:20.538+0000] {logging_mixin.py:188} INFO - [2026-09-30T12:42:20.538+0000] {dagbag.py:545} INFO - Filling up the DagBag from /opt/airflow/dags/main.py
[2026-09-30T12:42:20.827+0000] {processor.py:840} INFO - DAG(s) 'produce_json', 'data_quality_check', 'update_db' retrieved from /opt/airflow/dags/main.py
[2026-09-30T12:42:20.866+0000] {logging_mixin.py:188} INFO - [2026-09-30T12:42:20.866+0000] {dag.py:3096} INFO - Sync 3 DAGs
[2026-09-30T12:42:20.896+0000] {logging_mixin.py:188} INFO - [2026-09-30T12:42:20.896+0000] {dag.py:3954} INFO - Setting next_dagrun for data_quality_check to 2026-09-30 12:00:00+00:00, run_after=2026-10-01 12:00:00+00:00
[2026-09-30T12:42:20.904+0000] {logging_mixin.py:188} INFO - [2026-09-30T12:42:20.903+0000] {dag.py:3954} INFO - Setting next_dagrun for produce_json to 2026-09-30 12:00:00+00:00, run_after=2026-10-01 12:00:00+00:00
[2026-09-30T12:42:20.907+0000] {logging_mixin.py:188} INFO - [2026-09-30T12:42:20.907+0000] {dag.py:3954} INFO - Setting next_dagrun for update_db to 2026-09-30 12:00:00+00:00, run_after=2026-10-01 12:00:00+00:00
[2026-09-30T12:42:20.932+0000] {processor.py:183} INFO - Processing /opt/airflow/dags/main.py took 0.405 seconds
[2026-09-30T12:42:51.399+0000] {processor.py:161} INFO - Started process (PID=580) to work on /opt/airflow/dags/main.py
[2026-09-30T12:42:51.402+0000] {processor.py:830} INFO - Processing file /opt/airflow/dags/main.py for tasks to queue
[2026-09-30T12:42:51.405+0000] {logging_mixin.py:188} INFO - [2026-09-30T12:42:51.404+0000] {dagbag.py:545} INFO - Filling up the DagBag from /opt/airflow/dags/main.py
[2026-09-30T12:42:51.698+0000] {processor.py:840} INFO - DAG(s) 'produce_json', 'data_quality_check', 'update_db' retrieved from /opt/airflow/dags/main.py
[2026-09-30T12:42:51.733+0000] {logging_mixin.py:188} INFO - [2026-09-30T12:42:51.733+0000] {dag.py:3096} INFO - Sync 3 DAGs
[2026-09-30T12:42:51.758+0000] {logging_mixin.py:188} INFO - [2026-09-30T12:42:51.758+0000] {dag.py:3954} INFO - Setting next_dagrun for data_quality_check to 2026-09-30 12:00:00+00:00, run_after=2026-10-01 12:00:00+00:00
[2026-09-30T12:42:51.766+0000] {logging_mixin.py:188} INFO - [2026-09-30T12:42:51.766+0000] {dag.py:3954} INFO - Setting next_dagrun for produce_json to 2026-09-30 12:00:00+00:00, run_after=2026-10-01 12:00:00+00:00
[2026-09-30T12:42:51.769+0000] {logging_mixin.py:188} INFO - [2026-09-30T12:42:51.769+0000] {dag.py:3954} INFO - Setting next_dagrun for update_db to 2026-09-30 12:00:00+00:00, run_after=2026-10-01 12:00:00+00:00
[2026-09-30T12:42:51.791+0000] {processor.py:183} INFO - Processing /opt/airflow/dags/main.py took 0.397 seconds
[2026-09-30T12:43:22.101+0000] {processor.py:161} INFO - Started process (PID=587) to work on /opt/airflow/dags/main.py
[2026-09-30T12:43:22.104+0000] {processor.py:830} INFO - Processing file /opt/airflow/dags/main.py for tasks to queue
[2026-09-30T12:43:22.108+0000] {logging_mixin.py:188} INFO - [2026-09-30T12:43:22.108+0000] {dagbag.py:545} INFO - Filling up the DagBag from /opt/airflow/dags/main.py
[2026-09-30T12:43:22.410+0000] {processor.py:840} INFO - DAG(s) 'update_db', 'data_quality_check', 'produce_json' retrieved from /opt/airflow/dags/main.py
[2026-09-30T12:43:22.439+0000] {logging_mixin.py:188} INFO - [2026-09-30T12:43:22.438+0000] {dag.py:3096} INFO - Sync 3 DAGs
[2026-09-30T12:43:22.460+0000] {logging_mixin.py:188} INFO - [2026-09-30T12:43:22.460+0000] {dag.py:3954} INFO - Setting next_dagrun for data_quality_check to 2026-09-30 12:00:00+00:00, run_after=2026-10-01 12:00:00+00:00
[2026-09-30T12:43:22.466+0000] {logging_mixin.py:188} INFO - [2026-09-30T12:43:22.466+0000] {dag.py:3954} INFO - Setting next_dagrun for produce_json to 2026-09-30 12:00:00+00:00, run_after=2026-10-01 12:00:00+00:00
[2026-09-30T12:43:22.470+0000] {logging_mixin.py:188} INFO - [2026-09-30T12:43:22.470+0000] {dag.py:3954} INFO - Setting next_dagrun for update_db to 2026-09-30 12:00:00+00:00, run_after=2026-10-01 12:00:00+00:00
[2026-09-30T12:43:22.490+0000] {processor.py:183} INFO - Processing /opt/airflow/dags/main.py took 0.395 seconds
[2026-09-30T12:43:52.846+0000] {processor.py:161} INFO - Started process (PID=594) to work on /opt/airflow/dags/main.py
[2026-09-30T12:43:52.849+0000] {processor.py:830} INFO - Processing file /opt/airflow/dags/main.py for tasks to queue
[2026-09-30T12:43:52.853+0000] {logging_mixin.py:188} INFO - [2026-09-30T12:43:52.852+0000] {dagbag.py:545} INFO - Filling up the DagBag from /opt/airflow/dags/main.py
[2026-09-30T12:43:53.165+0000] {processor.py:840} INFO - DAG(s) 'produce_json', 'update_db', 'data_quality_check' retrieved from /opt/airflow/dags/main.py
[2026-09-30T12:43:53.193+0000] {logging_mixin.py:188} INFO - [2026-09-30T12:43:53.192+0000] {dag.py:3096} INFO - Sync 3 DAGs
[2026-09-30T12:43:53.214+0000] {logging_mixin.py:188} INFO - [2026-09-30T12:43:53.214+0000] {dag.py:3954} INFO - Setting next_dagrun for data_quality_check to 2026-09-30 12:00:00+00:00, run_after=2026-10-01 12:00:00+00:00
[2026-09-30T12:43:53.220+0000] {logging_mixin.py:188} INFO - [2026-09-30T12:43:53.220+0000] {dag.py:3954} INFO - Setting next_dagrun for produce_json to 2026-09-30 12:00:00+00:00, run_after=2026-10-01 12:00:00+00:00
[2026-09-30T12:43:53.224+0000] {logging_mixin.py:188} INFO - [2026-09-30T12:43:53.224+0000] {dag.py:3954} INFO - Setting next_dagrun for update_db to 2026-09-30 12:00:00+00:00, run_after=2026-10-01 12:00:00+00:00
[2026-09-30T12:43:53.246+0000] {processor.py:183} INFO - Processing /opt/airflow/dags/main.py took 0.408 seconds
[2026-09-30T12:44:23.541+0000] {processor.py:161} INFO - Started process (PID=601) to work on /opt/airflow/dags/main.py
[2026-09-30T12:44:23.544+0000] {processor.py:830} INFO - Processing file /opt/airflow/dags/main.py for tasks to queue
[2026-09-30T12:44:23.547+0000] {logging_mixin.py:188} INFO - [2026-09-30T12:44:23.547+0000] {dagbag.py:545} INFO - Filling up the DagBag from /opt/airflow/dags/main.py
[2026-09-30T12:44:23.844+0000] {processor.py:840} INFO - DAG(s) 'update_db', 'data_quality_check', 'produce_json' retrieved from /opt/airflow/dags/main.py
[2026-09-30T12:44:23.895+0000] {logging_mixin.py:188} INFO - [2026-09-30T12:44:23.894+0000] {dag.py:3096} INFO - Sync 3 DAGs
[2026-09-30T12:44:23.942+0000] {logging_mixin.py:188} INFO - [2026-09-30T12:44:23.942+0000] {dag.py:3954} INFO - Setting next_dagrun for data_quality_check to 2026-09-30 12:00:00+00:00, run_after=2026-10-01 12:00:00+00:00
[2026-09-30T12:44:23.958+0000] {logging_mixin.py:188} INFO - [2026-09-30T12:44:23.958+0000] {dag.py:3954} INFO - Setting next_dagrun for produce_json to 2026-09-30 12:00:00+00:00, run_after=2026-10-01 12:00:00+00:00
[2026-09-30T12:44:23.962+0000] {logging_mixin.py:188} INFO - [2026-09-30T12:44:23.962+0000] {dag.py:3954} INFO - Setting next_dagrun for update_db to 2026-09-30 12:00:00+00:00, run_after=2026-10-01 12:00:00+00:00
[2026-09-30T12:44:24.010+0000] {processor.py:183} INFO - Processing /opt/airflow/dags/main.py took 0.475 seconds
[2026-09-30T12:44:54.398+0000] {processor.py:161} INFO - Started process (PID=609) to work on /opt/airflow/dags/main.py
[2026-09-30T12:44:54.401+0000] {processor.py:830} INFO - Processing file /opt/airflow/dags/main.py for tasks to queue
[2026-09-30T12:44:54.405+0000] {logging_mixin.py:188} INFO - [2026-09-30T12:44:54.405+0000] {dagbag.py:545} INFO - Filling up the DagBag from /opt/airflow/dags/main.py
[2026-09-30T12:44:54.706+0000] {processor.py:840} INFO - DAG(s) 'update_db', 'data_quality_check', 'produce_json' retrieved from /opt/airflow/dags/main.py
[2026-09-30T12:44:54.739+0000] {logging_mixin.py:188} INFO - [2026-09-30T12:44:54.738+0000] {dag.py:3096} INFO - Sync 3 DAGs
[2026-09-30T12:44:54.757+0000] {logging_mixin.py:188} INFO - [2026-09-30T12:44:54.757+0000] {dag.py:3954} INFO - Setting next_dagrun for data_quality_check to 2026-09-30 12:00:00+00:00, run_after=2026-10-01 12:00:00+00:00
[2026-09-30T12:44:54.764+0000] {logging_mixin.py:188} INFO - [2026-09-30T12:44:54.764+0000] {dag.py:3954} INFO - Setting next_dagrun for produce_json to 2026-09-30 12:00:00+00:00, run_after=2026-10-01 12:00:00+00:00
[2026-09-30T12:44:54.768+0000] {logging_mixin.py:188} INFO - [2026-09-30T12:44:54.768+0000] {dag.py:3954} INFO - Setting next_dagrun for update_db to 2026-09-30 12:00:00+00:00, run_after=2026-10-01 12:00:00+00:00
[2026-09-30T12:44:54.787+0000] {processor.py:183} INFO - Processing /opt/airflow/dags/main.py took 0.394 seconds
[2026-09-30T12:45:25.083+0000] {processor.py:161} INFO - Started process (PID=616) to work on /opt/airflow/dags/main.py
[2026-09-30T12:45:25.087+0000] {processor.py:830} INFO - Processing file /opt/airflow/dags/main.py for tasks to queue
[2026-09-30T12:45:25.093+0000] {logging_mixin.py:188} INFO - [2026-09-30T12:45:25.092+0000] {dagbag.py:545} INFO - Filling up the DagBag from /opt/airflow/dags/main.py
[2026-09-30T12:45:25.392+0000] {processor.py:840} INFO - DAG(s) 'update_db', 'data_quality_check', 'produce_json' retrieved from /opt/airflow/dags/main.py
[2026-09-30T12:45:25.420+0000] {logging_mixin.py:188} INFO - [2026-09-30T12:45:25.420+0000] {dag.py:3096} INFO - Sync 3 DAGs
[2026-09-30T12:45:25.443+0000] {logging_mixin.py:188} INFO - [2026-09-30T12:45:25.443+0000] {dag.py:3954} INFO - Setting next_dagrun for data_quality_check to 2026-09-30 12:00:00+00:00, run_after=2026-10-01 12:00:00+00:00
[2026-09-30T12:45:25.450+0000] {logging_mixin.py:188} INFO - [2026-09-30T12:45:25.450+0000] {dag.py:3954} INFO - Setting next_dagrun for produce_json to 2026-09-30 12:00:00+00:00, run_after=2026-10-01 12:00:00+00:00
[2026-09-30T12:45:25.455+0000] {logging_mixin.py:188} INFO - [2026-09-30T12:45:25.455+0000] {dag.py:3954} INFO - Setting next_dagrun for update_db to 2026-09-30 12:00:00+00:00, run_after=2026-10-01 12:00:00+00:00
[2026-09-30T12:45:25.478+0000] {processor.py:183} INFO - Processing /opt/airflow/dags/main.py took 0.410 seconds
[2026-09-30T12:45:55.838+0000] {processor.py:161} INFO - Started process (PID=623) to work on /opt/airflow/dags/main.py
[2026-09-30T12:45:55.841+0000] {processor.py:830} INFO - Processing file /opt/airflow/dags/main.py for tasks to queue
[2026-09-30T12:45:55.846+0000] {logging_mixin.py:188} INFO - [2026-09-30T12:45:55.846+0000] {dagbag.py:545} INFO - Filling up the DagBag from /opt/airflow/dags/main.py
[2026-09-30T12:45:56.206+0000] {processor.py:840} INFO - DAG(s) 'produce_json', 'update_db', 'data_quality_check' retrieved from /opt/airflow/dags/main.py
[2026-09-30T12:45:56.250+0000] {logging_mixin.py:188} INFO - [2026-09-30T12:45:56.250+0000] {dag.py:3096} INFO - Sync 3 DAGs
[2026-09-30T12:45:56.278+0000] {logging_mixin.py:188} INFO - [2026-09-30T12:45:56.277+0000] {dag.py:3954} INFO - Setting next_dagrun for data_quality_check to 2026-09-30 12:00:00+00:00, run_after=2026-10-01 12:00:00+00:00
[2026-09-30T12:45:56.286+0000] {logging_mixin.py:188} INFO - [2026-09-30T12:45:56.286+0000] {dag.py:3954} INFO - Setting next_dagrun for produce_json to 2026-09-30 12:00:00+00:00, run_after=2026-10-01 12:00:00+00:00
[2026-09-30T12:45:56.290+0000] {logging_mixin.py:188} INFO - [2026-09-30T12:45:56.290+0000] {dag.py:3954} INFO - Setting next_dagrun for update_db to 2026-09-30 12:00:00+00:00, run_after=2026-10-01 12:00:00+00:00
[2026-09-30T12:45:56.317+0000] {processor.py:183} INFO - Processing /opt/airflow/dags/main.py took 0.485 seconds
[2026-09-30T12:46:26.667+0000] {processor.py:161} INFO - Started process (PID=630) to work on /opt/airflow/dags/main.py
[2026-09-30T12:46:26.670+0000] {processor.py:830} INFO - Processing file /opt/airflow/dags/main.py for tasks to queue
[2026-09-30T12:46:26.674+0000] {logging_mixin.py:188} INFO - [2026-09-30T12:46:26.674+0000] {dagbag.py:545} INFO - Filling up the DagBag from /opt/airflow/dags/main.py
[2026-09-30T12:46:26.991+0000] {processor.py:840} INFO - DAG(s) 'produce_json', 'update_db', 'data_quality_check' retrieved from /opt/airflow/dags/main.py
[2026-09-30T12:46:27.017+0000] {logging_mixin.py:188} INFO - [2026-09-30T12:46:27.016+0000] {dag.py:3096} INFO - Sync 3 DAGs
[2026-09-30T12:46:27.036+0000] {logging_mixin.py:188} INFO - [2026-09-30T12:46:27.036+0000] {dag.py:3954} INFO - Setting next_dagrun for data_quality_check to 2026-09-30 12:00:00+00:00, run_after=2026-10-01 12:00:00+00:00
[2026-09-30T12:46:27.043+0000] {logging_mixin.py:188} INFO - [2026-09-30T12:46:27.042+0000] {dag.py:3954} INFO - Setting next_dagrun for produce_json to 2026-09-30 12:00:00+00:00, run_after=2026-10-01 12:00:00+00:00
[2026-09-30T12:46:27.046+0000] {logging_mixin.py:188} INFO - [2026-09-30T12:46:27.046+0000] {dag.py:3954} INFO - Setting next_dagrun for update_db to 2026-09-30 12:00:00+00:00, run_after=2026-10-01 12:00:00+00:00
[2026-09-30T12:46:27.067+0000] {processor.py:183} INFO - Processing /opt/airflow/dags/main.py took 0.407 seconds
[2026-09-30T12:46:57.402+0000] {processor.py:161} INFO - Started process (PID=637) to work on /opt/airflow/dags/main.py
[2026-09-30T12:46:57.404+0000] {processor.py:830} INFO - Processing file /opt/airflow/dags/main.py for tasks to queue
[2026-09-30T12:46:57.408+0000] {logging_mixin.py:188} INFO - [2026-09-30T12:46:57.408+0000] {dagbag.py:545} INFO - Filling up the DagBag from /opt/airflow/dags/main.py
[2026-09-30T12:46:57.708+0000] {processor.py:840} INFO - DAG(s) 'update_db', 'produce_json', 'data_quality_check' retrieved from /opt/airflow/dags/main.py
[2026-09-30T12:46:57.735+0000] {logging_mixin.py:188} INFO - [2026-09-30T12:46:57.735+0000] {dag.py:3096} INFO - Sync 3 DAGs
[2026-09-30T12:46:57.755+0000] {logging_mixin.py:188} INFO - [2026-09-30T12:46:57.755+0000] {dag.py:3954} INFO - Setting next_dagrun for data_quality_check to 2026-09-30 12:00:00+00:00, run_after=2026-10-01 12:00:00+00:00
[2026-09-30T12:46:57.761+0000] {logging_mixin.py:188} INFO - [2026-09-30T12:46:57.761+0000] {dag.py:3954} INFO - Setting next_dagrun for produce_json to 2026-09-30 12:00:00+00:00, run_after=2026-10-01 12:00:00+00:00
[2026-09-30T12:46:57.765+0000] {logging_mixin.py:188} INFO - [2026-09-30T12:46:57.765+0000] {dag.py:3954} INFO - Setting next_dagrun for update_db to 2026-09-30 12:00:00+00:00, run_after=2026-10-01 12:00:00+00:00
[2026-09-30T12:46:57.786+0000] {processor.py:183} INFO - Processing /opt/airflow/dags/main.py took 0.390 seconds
[2026-09-30T12:47:28.251+0000] {processor.py:161} INFO - Started process (PID=644) to work on /opt/airflow/dags/main.py
[2026-09-30T12:47:28.253+0000] {processor.py:830} INFO - Processing file /opt/airflow/dags/main.py for tasks to queue
[2026-09-30T12:47:28.257+0000] {logging_mixin.py:188} INFO - [2026-09-30T12:47:28.256+0000] {dagbag.py:545} INFO - Filling up the DagBag from /opt/airflow/dags/main.py
[2026-09-30T12:47:28.534+0000] {processor.py:840} INFO - DAG(s) 'update_db', 'produce_json', 'data_quality_check' retrieved from /opt/airflow/dags/main.py
[2026-09-30T12:47:28.561+0000] {logging_mixin.py:188} INFO - [2026-09-30T12:47:28.561+0000] {dag.py:3096} INFO - Sync 3 DAGs
[2026-09-30T12:47:28.582+0000] {logging_mixin.py:188} INFO - [2026-09-30T12:47:28.582+0000] {dag.py:3954} INFO - Setting next_dagrun for data_quality_check to 2026-09-30 12:00:00+00:00, run_after=2026-10-01 12:00:00+00:00
[2026-09-30T12:47:28.589+0000] {logging_mixin.py:188} INFO - [2026-09-30T12:47:28.588+0000] {dag.py:3954} INFO - Setting next_dagrun for produce_json to 2026-09-30 12:00:00+00:00, run_after=2026-10-01 12:00:00+00:00
[2026-09-30T12:47:28.592+0000] {logging_mixin.py:188} INFO - [2026-09-30T12:47:28.592+0000] {dag.py:3954} INFO - Setting next_dagrun for update_db to 2026-09-30 12:00:00+00:00, run_after=2026-10-01 12:00:00+00:00
[2026-09-30T12:47:28.613+0000] {processor.py:183} INFO - Processing /opt/airflow/dags/main.py took 0.368 seconds
[2026-09-30T12:47:58.960+0000] {processor.py:161} INFO - Started process (PID=651) to work on /opt/airflow/dags/main.py
[2026-09-30T12:47:58.962+0000] {processor.py:830} INFO - Processing file /opt/airflow/dags/main.py for tasks to queue
[2026-09-30T12:47:58.966+0000] {logging_mixin.py:188} INFO - [2026-09-30T12:47:58.966+0000] {dagbag.py:545} INFO - Filling up the DagBag from /opt/airflow/dags/main.py
[2026-09-30T12:47:59.268+0000] {processor.py:840} INFO - DAG(s) 'produce_json', 'update_db', 'data_quality_check' retrieved from /opt/airflow/dags/main.py
[2026-09-30T12:47:59.297+0000] {logging_mixin.py:188} INFO - [2026-09-30T12:47:59.297+0000] {dag.py:3096} INFO - Sync 3 DAGs
[2026-09-30T12:47:59.316+0000] {logging_mixin.py:188} INFO - [2026-09-30T12:47:59.316+0000] {dag.py:3954} INFO - Setting next_dagrun for data_quality_check to 2026-09-30 12:00:00+00:00, run_after=2026-10-01 12:00:00+00:00
[2026-09-30T12:47:59.323+0000] {logging_mixin.py:188} INFO - [2026-09-30T12:47:59.323+0000] {dag.py:3954} INFO - Setting next_dagrun for produce_json to 2026-09-30 12:00:00+00:00, run_after=2026-10-01 12:00:00+00:00
[2026-09-30T12:47:59.327+0000] {logging_mixin.py:188} INFO - [2026-09-30T12:47:59.327+0000] {dag.py:3954} INFO - Setting next_dagrun for update_db to 2026-09-30 12:00:00+00:00, run_after=2026-10-01 12:00:00+00:00
[2026-09-30T12:47:59.348+0000] {processor.py:183} INFO - Processing /opt/airflow/dags/main.py took 0.398 seconds
[2026-09-30T12:48:29.697+0000] {processor.py:161} INFO - Started process (PID=658) to work on /opt/airflow/dags/main.py
[2026-09-30T12:48:29.700+0000] {processor.py:830} INFO - Processing file /opt/airflow/dags/main.py for tasks to queue
[2026-09-30T12:48:29.703+0000] {logging_mixin.py:188} INFO - [2026-09-30T12:48:29.703+0000] {dagbag.py:545} INFO - Filling up the DagBag from /opt/airflow/dags/main.py
[2026-09-30T12:48:30.016+0000] {processor.py:840} INFO - DAG(s) 'data_quality_check', 'produce_json', 'update_db' retrieved from /opt/airflow/dags/main.py
[2026-09-30T12:48:30.045+0000] {logging_mixin.py:188} INFO - [2026-09-30T12:48:30.044+0000] {dag.py:3096} INFO - Sync 3 DAGs
[2026-09-30T12:48:30.064+0000] {logging_mixin.py:188} INFO - [2026-09-30T12:48:30.064+0000] {dag.py:3954} INFO - Setting next_dagrun for data_quality_check to 2026-09-30 12:00:00+00:00, run_after=2026-10-01 12:00:00+00:00
[2026-09-30T12:48:30.070+0000] {logging_mixin.py:188} INFO - [2026-09-30T12:48:30.070+0000] {dag.py:3954} INFO - Setting next_dagrun for produce_json to 2026-09-30 12:00:00+00:00, run_after=2026-10-01 12:00:00+00:00
[2026-09-30T12:48:30.074+0000] {logging_mixin.py:188} INFO - [2026-09-30T12:48:30.074+0000] {dag.py:3954} INFO - Setting next_dagrun for update_db to 2026-09-30 12:00:00+00:00, run_after=2026-10-01 12:00:00+00:00
[2026-09-30T12:48:30.095+0000] {processor.py:183} INFO - Processing /opt/airflow/dags/main.py took 0.404 seconds
[2026-09-30T12:49:00.456+0000] {processor.py:161} INFO - Started process (PID=665) to work on /opt/airflow/dags/main.py
[2026-09-30T12:49:00.459+0000] {processor.py:830} INFO - Processing file /opt/airflow/dags/main.py for tasks to queue
[2026-09-30T12:49:00.462+0000] {logging_mixin.py:188} INFO - [2026-09-30T12:49:00.462+0000] {dagbag.py:545} INFO - Filling up the DagBag from /opt/airflow/dags/main.py
[2026-09-30T12:49:00.770+0000] {processor.py:840} INFO - DAG(s) 'produce_json', 'data_quality_check', 'update_db' retrieved from /opt/airflow/dags/main.py
[2026-09-30T12:49:00.797+0000] {logging_mixin.py:188} INFO - [2026-09-30T12:49:00.797+0000] {dag.py:3096} INFO - Sync 3 DAGs
[2026-09-30T12:49:00.817+0000] {logging_mixin.py:188} INFO - [2026-09-30T12:49:00.817+0000] {dag.py:3954} INFO - Setting next_dagrun for data_quality_check to 2026-09-30 12:00:00+00:00, run_after=2026-10-01 12:00:00+00:00
[2026-09-30T12:49:00.823+0000] {logging_mixin.py:188} INFO - [2026-09-30T12:49:00.823+0000] {dag.py:3954} INFO - Setting next_dagrun for produce_json to 2026-09-30 12:00:00+00:00, run_after=2026-10-01 12:00:00+00:00
[2026-09-30T12:49:00.826+0000] {logging_mixin.py:188} INFO - [2026-09-30T12:49:00.826+0000] {dag.py:3954} INFO - Setting next_dagrun for update_db to 2026-09-30 12:00:00+00:00, run_after=2026-10-01 12:00:00+00:00
[2026-09-30T12:49:00.846+0000] {processor.py:183} INFO - Processing /opt/airflow/dags/main.py took 0.396 seconds
[2026-09-30T12:49:31.206+0000] {processor.py:161} INFO - Started process (PID=678) to work on /opt/airflow/dags/main.py
[2026-09-30T12:49:31.209+0000] {processor.py:830} INFO - Processing file /opt/airflow/dags/main.py for tasks to queue
[2026-09-30T12:49:31.212+0000] {logging_mixin.py:188} INFO - [2026-09-30T12:49:31.212+0000] {dagbag.py:545} INFO - Filling up the DagBag from /opt/airflow/dags/main.py
[2026-09-30T12:49:31.519+0000] {processor.py:840} INFO - DAG(s) 'produce_json', 'data_quality_check', 'update_db' retrieved from /opt/airflow/dags/main.py
[2026-09-30T12:49:31.546+0000] {logging_mixin.py:188} INFO - [2026-09-30T12:49:31.546+0000] {dag.py:3096} INFO - Sync 3 DAGs
[2026-09-30T12:49:31.566+0000] {logging_mixin.py:188} INFO - [2026-09-30T12:49:31.566+0000] {dag.py:3954} INFO - Setting next_dagrun for data_quality_check to 2026-09-30 12:00:00+00:00, run_after=2026-10-01 12:00:00+00:00
[2026-09-30T12:49:31.574+0000] {logging_mixin.py:188} INFO - [2026-09-30T12:49:31.573+0000] {dag.py:3954} INFO - Setting next_dagrun for produce_json to 2026-09-30 12:00:00+00:00, run_after=2026-10-01 12:00:00+00:00
[2026-09-30T12:49:31.577+0000] {logging_mixin.py:188} INFO - [2026-09-30T12:49:31.577+0000] {dag.py:3954} INFO - Setting next_dagrun for update_db to 2026-09-30 12:00:00+00:00, run_after=2026-10-01 12:00:00+00:00
[2026-09-30T12:49:31.604+0000] {processor.py:183} INFO - Processing /opt/airflow/dags/main.py took 0.403 seconds
[2026-09-30T12:50:01.950+0000] {processor.py:161} INFO - Started process (PID=685) to work on /opt/airflow/dags/main.py
[2026-09-30T12:50:01.953+0000] {processor.py:830} INFO - Processing file /opt/airflow/dags/main.py for tasks to queue
[2026-09-30T12:50:01.957+0000] {logging_mixin.py:188} INFO - [2026-09-30T12:50:01.956+0000] {dagbag.py:545} INFO - Filling up the DagBag from /opt/airflow/dags/main.py
[2026-09-30T12:50:02.259+0000] {processor.py:840} INFO - DAG(s) 'update_db', 'produce_json', 'data_quality_check' retrieved from /opt/airflow/dags/main.py
[2026-09-30T12:50:02.287+0000] {logging_mixin.py:188} INFO - [2026-09-30T12:50:02.287+0000] {dag.py:3096} INFO - Sync 3 DAGs
[2026-09-30T12:50:02.311+0000] {logging_mixin.py:188} INFO - [2026-09-30T12:50:02.310+0000] {dag.py:3954} INFO - Setting next_dagrun for data_quality_check to 2026-09-30 12:00:00+00:00, run_after=2026-10-01 12:00:00+00:00
[2026-09-30T12:50:02.317+0000] {logging_mixin.py:188} INFO - [2026-09-30T12:50:02.317+0000] {dag.py:3954} INFO - Setting next_dagrun for produce_json to 2026-09-30 12:00:00+00:00, run_after=2026-10-01 12:00:00+00:00
[2026-09-30T12:50:02.321+0000] {logging_mixin.py:188} INFO - [2026-09-30T12:50:02.321+0000] {dag.py:3954} INFO - Setting next_dagrun for update_db to 2026-09-30 12:00:00+00:00, run_after=2026-10-01 12:00:00+00:00
[2026-09-30T12:50:02.342+0000] {processor.py:183} INFO - Processing /opt/airflow/dags/main.py took 0.397 seconds
[2026-09-30T12:50:32.667+0000] {processor.py:161} INFO - Started process (PID=692) to work on /opt/airflow/dags/main.py
[2026-09-30T12:50:32.670+0000] {processor.py:830} INFO - Processing file /opt/airflow/dags/main.py for tasks to queue
[2026-09-30T12:50:32.674+0000] {logging_mixin.py:188} INFO - [2026-09-30T12:50:32.674+0000] {dagbag.py:545} INFO - Filling up the DagBag from /opt/airflow/dags/main.py
[2026-09-30T12:50:32.974+0000] {processor.py:840} INFO - DAG(s) 'produce_json', 'data_quality_check', 'update_db' retrieved from /opt/airflow/dags/main.py
[2026-09-30T12:50:33.003+0000] {logging_mixin.py:188} INFO - [2026-09-30T12:50:33.003+0000] {dag.py:3096} INFO - Sync 3 DAGs
[2026-09-30T12:50:33.023+0000] {logging_mixin.py:188} INFO - [2026-09-30T12:50:33.023+0000] {dag.py:3954} INFO - Setting next_dagrun for data_quality_check to 2026-09-30 12:00:00+00:00, run_after=2026-10-01 12:00:00+00:00
[2026-09-30T12:50:33.029+0000] {logging_mixin.py:188} INFO - [2026-09-30T12:50:33.029+0000] {dag.py:3954} INFO - Setting next_dagrun for produce_json to 2026-09-30 12:00:00+00:00, run_after=2026-10-01 12:00:00+00:00
[2026-09-30T12:50:33.033+0000] {logging_mixin.py:188} INFO - [2026-09-30T12:50:33.033+0000] {dag.py:3954} INFO - Setting next_dagrun for update_db to 2026-09-30 12:00:00+00:00, run_after=2026-10-01 12:00:00+00:00
[2026-09-30T12:50:33.053+0000] {processor.py:183} INFO - Processing /opt/airflow/dags/main.py took 0.394 seconds
[2026-09-30T12:51:03.399+0000] {processor.py:161} INFO - Started process (PID=699) to work on /opt/airflow/dags/main.py
[2026-09-30T12:51:03.402+0000] {processor.py:830} INFO - Processing file /opt/airflow/dags/main.py for tasks to queue
[2026-09-30T12:51:03.406+0000] {logging_mixin.py:188} INFO - [2026-09-30T12:51:03.406+0000] {dagbag.py:545} INFO - Filling up the DagBag from /opt/airflow/dags/main.py
[2026-09-30T12:51:03.698+0000] {processor.py:840} INFO - DAG(s) 'data_quality_check', 'produce_json', 'update_db' retrieved from /opt/airflow/dags/main.py
[2026-09-30T12:51:03.727+0000] {logging_mixin.py:188} INFO - [2026-09-30T12:51:03.726+0000] {dag.py:3096} INFO - Sync 3 DAGs
[2026-09-30T12:51:03.750+0000] {logging_mixin.py:188} INFO - [2026-09-30T12:51:03.749+0000] {dag.py:3954} INFO - Setting next_dagrun for data_quality_check to 2026-09-30 12:00:00+00:00, run_after=2026-10-01 12:00:00+00:00
[2026-09-30T12:51:03.756+0000] {logging_mixin.py:188} INFO - [2026-09-30T12:51:03.756+0000] {dag.py:3954} INFO - Setting next_dagrun for produce_json to 2026-09-30 12:00:00+00:00, run_after=2026-10-01 12:00:00+00:00
[2026-09-30T12:51:03.759+0000] {logging_mixin.py:188} INFO - [2026-09-30T12:51:03.759+0000] {dag.py:3954} INFO - Setting next_dagrun for update_db to 2026-09-30 12:00:00+00:00, run_after=2026-10-01 12:00:00+00:00
[2026-09-30T12:51:03.780+0000] {processor.py:183} INFO - Processing /opt/airflow/dags/main.py took 0.386 seconds
[2026-09-30T12:51:34.133+0000] {processor.py:161} INFO - Started process (PID=706) to work on /opt/airflow/dags/main.py
[2026-09-30T12:51:34.136+0000] {processor.py:830} INFO - Processing file /opt/airflow/dags/main.py for tasks to queue
[2026-09-30T12:51:34.140+0000] {logging_mixin.py:188} INFO - [2026-09-30T12:51:34.139+0000] {dagbag.py:545} INFO - Filling up the DagBag from /opt/airflow/dags/main.py
[2026-09-30T12:51:34.448+0000] {processor.py:840} INFO - DAG(s) 'data_quality_check', 'produce_json', 'update_db' retrieved from /opt/airflow/dags/main.py
[2026-09-30T12:51:34.501+0000] {logging_mixin.py:188} INFO - [2026-09-30T12:51:34.500+0000] {dag.py:3096} INFO - Sync 3 DAGs
[2026-09-30T12:51:34.528+0000] {logging_mixin.py:188} INFO - [2026-09-30T12:51:34.528+0000] {dag.py:3954} INFO - Setting next_dagrun for data_quality_check to 2026-09-30 12:00:00+00:00, run_after=2026-10-01 12:00:00+00:00
[2026-09-30T12:51:34.536+0000] {logging_mixin.py:188} INFO - [2026-09-30T12:51:34.535+0000] {dag.py:3954} INFO - Setting next_dagrun for produce_json to 2026-09-30 12:00:00+00:00, run_after=2026-10-01 12:00:00+00:00
[2026-09-30T12:51:34.539+0000] {logging_mixin.py:188} INFO - [2026-09-30T12:51:34.539+0000] {dag.py:3954} INFO - Setting next_dagrun for update_db to 2026-09-30 12:00:00+00:00, run_after=2026-10-01 12:00:00+00:00
[2026-09-30T12:51:34.561+0000] {processor.py:183} INFO - Processing /opt/airflow/dags/main.py took 0.434 seconds
[2026-09-30T12:52:04.921+0000] {processor.py:161} INFO - Started process (PID=713) to work on /opt/airflow/dags/main.py
[2026-09-30T12:52:04.923+0000] {processor.py:830} INFO - Processing file /opt/airflow/dags/main.py for tasks to queue
[2026-09-30T12:52:04.927+0000] {logging_mixin.py:188} INFO - [2026-09-30T12:52:04.927+0000] {dagbag.py:545} INFO - Filling up the DagBag from /opt/airflow/dags/main.py
[2026-09-30T12:52:05.260+0000] {processor.py:840} INFO - DAG(s) 'produce_json', 'data_quality_check', 'update_db' retrieved from /opt/airflow/dags/main.py
[2026-09-30T12:52:05.289+0000] {logging_mixin.py:188} INFO - [2026-09-30T12:52:05.289+0000] {dag.py:3096} INFO - Sync 3 DAGs
[2026-09-30T12:52:05.308+0000] {logging_mixin.py:188} INFO - [2026-09-30T12:52:05.307+0000] {dag.py:3954} INFO - Setting next_dagrun for data_quality_check to 2026-09-30 12:00:00+00:00, run_after=2026-10-01 12:00:00+00:00
[2026-09-30T12:52:05.314+0000] {logging_mixin.py:188} INFO - [2026-09-30T12:52:05.314+0000] {dag.py:3954} INFO - Setting next_dagrun for produce_json to 2026-09-30 12:00:00+00:00, run_after=2026-10-01 12:00:00+00:00
[2026-09-30T12:52:05.317+0000] {logging_mixin.py:188} INFO - [2026-09-30T12:52:05.317+0000] {dag.py:3954} INFO - Setting next_dagrun for update_db to 2026-09-30 12:00:00+00:00, run_after=2026-10-01 12:00:00+00:00
[2026-09-30T12:52:05.342+0000] {processor.py:183} INFO - Processing /opt/airflow/dags/main.py took 0.427 seconds
[2026-09-30T12:52:35.717+0000] {processor.py:161} INFO - Started process (PID=720) to work on /opt/airflow/dags/main.py
[2026-09-30T12:52:35.720+0000] {processor.py:830} INFO - Processing file /opt/airflow/dags/main.py for tasks to queue
[2026-09-30T12:52:35.726+0000] {logging_mixin.py:188} INFO - [2026-09-30T12:52:35.726+0000] {dagbag.py:545} INFO - Filling up the DagBag from /opt/airflow/dags/main.py
[2026-09-30T12:52:36.089+0000] {processor.py:840} INFO - DAG(s) 'data_quality_check', 'update_db', 'produce_json' retrieved from /opt/airflow/dags/main.py
[2026-09-30T12:52:36.117+0000] {logging_mixin.py:188} INFO - [2026-09-30T12:52:36.116+0000] {dag.py:3096} INFO - Sync 3 DAGs
[2026-09-30T12:52:36.139+0000] {logging_mixin.py:188} INFO - [2026-09-30T12:52:36.138+0000] {dag.py:3954} INFO - Setting next_dagrun for data_quality_check to 2026-09-30 12:00:00+00:00, run_after=2026-10-01 12:00:00+00:00
[2026-09-30T12:52:36.145+0000] {logging_mixin.py:188} INFO - [2026-09-30T12:52:36.145+0000] {dag.py:3954} INFO - Setting next_dagrun for produce_json to 2026-09-30 12:00:00+00:00, run_after=2026-10-01 12:00:00+00:00
[2026-09-30T12:52:36.149+0000] {logging_mixin.py:188} INFO - [2026-09-30T12:52:36.149+0000] {dag.py:3954} INFO - Setting next_dagrun for update_db to 2026-09-30 12:00:00+00:00, run_after=2026-10-01 12:00:00+00:00
[2026-09-30T12:52:36.169+0000] {processor.py:183} INFO - Processing /opt/airflow/dags/main.py took 0.457 seconds
[2026-09-30T12:53:06.503+0000] {processor.py:161} INFO - Started process (PID=727) to work on /opt/airflow/dags/main.py
[2026-09-30T12:53:06.507+0000] {processor.py:830} INFO - Processing file /opt/airflow/dags/main.py for tasks to queue
[2026-09-30T12:53:06.511+0000] {logging_mixin.py:188} INFO - [2026-09-30T12:53:06.510+0000] {dagbag.py:545} INFO - Filling up the DagBag from /opt/airflow/dags/main.py
[2026-09-30T12:53:06.869+0000] {processor.py:840} INFO - DAG(s) 'update_db', 'data_quality_check', 'produce_json' retrieved from /opt/airflow/dags/main.py
[2026-09-30T12:53:06.907+0000] {logging_mixin.py:188} INFO - [2026-09-30T12:53:06.907+0000] {dag.py:3096} INFO - Sync 3 DAGs
[2026-09-30T12:53:06.929+0000] {logging_mixin.py:188} INFO - [2026-09-30T12:53:06.929+0000] {dag.py:3954} INFO - Setting next_dagrun for data_quality_check to 2026-09-30 12:00:00+00:00, run_after=2026-10-01 12:00:00+00:00
[2026-09-30T12:53:06.936+0000] {logging_mixin.py:188} INFO - [2026-09-30T12:53:06.936+0000] {dag.py:3954} INFO - Setting next_dagrun for produce_json to 2026-09-30 12:00:00+00:00, run_after=2026-10-01 12:00:00+00:00
[2026-09-30T12:53:06.940+0000] {logging_mixin.py:188} INFO - [2026-09-30T12:53:06.939+0000] {dag.py:3954} INFO - Setting next_dagrun for update_db to 2026-09-30 12:00:00+00:00, run_after=2026-10-01 12:00:00+00:00
[2026-09-30T12:53:06.962+0000] {processor.py:183} INFO - Processing /opt/airflow/dags/main.py took 0.466 seconds
[2026-09-30T12:53:37.285+0000] {processor.py:161} INFO - Started process (PID=734) to work on /opt/airflow/dags/main.py
[2026-09-30T12:53:37.288+0000] {processor.py:830} INFO - Processing file /opt/airflow/dags/main.py for tasks to queue
[2026-09-30T12:53:37.294+0000] {logging_mixin.py:188} INFO - [2026-09-30T12:53:37.294+0000] {dagbag.py:545} INFO - Filling up the DagBag from /opt/airflow/dags/main.py
[2026-09-30T12:53:37.559+0000] {processor.py:840} INFO - DAG(s) 'produce_json', 'data_quality_check', 'update_db' retrieved from /opt/airflow/dags/main.py
[2026-09-30T12:53:37.618+0000] {logging_mixin.py:188} INFO - [2026-09-30T12:53:37.617+0000] {dag.py:3096} INFO - Sync 3 DAGs
[2026-09-30T12:53:37.655+0000] {logging_mixin.py:188} INFO - [2026-09-30T12:53:37.655+0000] {dag.py:3954} INFO - Setting next_dagrun for data_quality_check to 2026-09-30 12:00:00+00:00, run_after=2026-10-01 12:00:00+00:00
[2026-09-30T12:53:37.666+0000] {logging_mixin.py:188} INFO - [2026-09-30T12:53:37.665+0000] {dag.py:3954} INFO - Setting next_dagrun for produce_json to 2026-09-30 12:00:00+00:00, run_after=2026-10-01 12:00:00+00:00
[2026-09-30T12:53:37.671+0000] {logging_mixin.py:188} INFO - [2026-09-30T12:53:37.670+0000] {dag.py:3954} INFO - Setting next_dagrun for update_db to 2026-09-30 12:00:00+00:00, run_after=2026-10-01 12:00:00+00:00
[2026-09-30T12:53:37.704+0000] {processor.py:183} INFO - Processing /opt/airflow/dags/main.py took 0.430 seconds
[2026-09-30T12:54:08.037+0000] {processor.py:161} INFO - Started process (PID=741) to work on /opt/airflow/dags/main.py
[2026-09-30T12:54:08.040+0000] {processor.py:830} INFO - Processing file /opt/airflow/dags/main.py for tasks to queue
[2026-09-30T12:54:08.044+0000] {logging_mixin.py:188} INFO - [2026-09-30T12:54:08.044+0000] {dagbag.py:545} INFO - Filling up the DagBag from /opt/airflow/dags/main.py
[2026-09-30T12:54:08.357+0000] {processor.py:840} INFO - DAG(s) 'produce_json', 'update_db', 'data_quality_check' retrieved from /opt/airflow/dags/main.py
[2026-09-30T12:54:08.386+0000] {logging_mixin.py:188} INFO - [2026-09-30T12:54:08.386+0000] {dag.py:3096} INFO - Sync 3 DAGs
[2026-09-30T12:54:08.407+0000] {logging_mixin.py:188} INFO - [2026-09-30T12:54:08.407+0000] {dag.py:3954} INFO - Setting next_dagrun for data_quality_check to 2026-09-30 12:00:00+00:00, run_after=2026-10-01 12:00:00+00:00
[2026-09-30T12:54:08.414+0000] {logging_mixin.py:188} INFO - [2026-09-30T12:54:08.414+0000] {dag.py:3954} INFO - Setting next_dagrun for produce_json to 2026-09-30 12:00:00+00:00, run_after=2026-10-01 12:00:00+00:00
[2026-09-30T12:54:08.417+0000] {logging_mixin.py:188} INFO - [2026-09-30T12:54:08.417+0000] {dag.py:3954} INFO - Setting next_dagrun for update_db to 2026-09-30 12:00:00+00:00, run_after=2026-10-01 12:00:00+00:00
[2026-09-30T12:54:08.438+0000] {processor.py:183} INFO - Processing /opt/airflow/dags/main.py took 0.406 seconds
[2026-09-30T12:54:38.787+0000] {processor.py:161} INFO - Started process (PID=748) to work on /opt/airflow/dags/main.py
[2026-09-30T12:54:38.790+0000] {processor.py:830} INFO - Processing file /opt/airflow/dags/main.py for tasks to queue
[2026-09-30T12:54:38.794+0000] {logging_mixin.py:188} INFO - [2026-09-30T12:54:38.793+0000] {dagbag.py:545} INFO - Filling up the DagBag from /opt/airflow/dags/main.py
[2026-09-30T12:54:39.126+0000] {processor.py:840} INFO - DAG(s) 'produce_json', 'update_db', 'data_quality_check' retrieved from /opt/airflow/dags/main.py
[2026-09-30T12:54:39.155+0000] {logging_mixin.py:188} INFO - [2026-09-30T12:54:39.155+0000] {dag.py:3096} INFO - Sync 3 DAGs
[2026-09-30T12:54:39.176+0000] {logging_mixin.py:188} INFO - [2026-09-30T12:54:39.175+0000] {dag.py:3954} INFO - Setting next_dagrun for data_quality_check to 2026-09-30 12:00:00+00:00, run_after=2026-10-01 12:00:00+00:00
[2026-09-30T12:54:39.182+0000] {logging_mixin.py:188} INFO - [2026-09-30T12:54:39.182+0000] {dag.py:3954} INFO - Setting next_dagrun for produce_json to 2026-09-30 12:00:00+00:00, run_after=2026-10-01 12:00:00+00:00
[2026-09-30T12:54:39.186+0000] {logging_mixin.py:188} INFO - [2026-09-30T12:54:39.186+0000] {dag.py:3954} INFO - Setting next_dagrun for update_db to 2026-09-30 12:00:00+00:00, run_after=2026-10-01 12:00:00+00:00
[2026-09-30T12:54:39.207+0000] {processor.py:183} INFO - Processing /opt/airflow/dags/main.py took 0.426 seconds
[2026-09-30T12:55:09.552+0000] {processor.py:161} INFO - Started process (PID=755) to work on /opt/airflow/dags/main.py
[2026-09-30T12:55:09.554+0000] {processor.py:830} INFO - Processing file /opt/airflow/dags/main.py for tasks to queue
[2026-09-30T12:55:09.558+0000] {logging_mixin.py:188} INFO - [2026-09-30T12:55:09.557+0000] {dagbag.py:545} INFO - Filling up the DagBag from /opt/airflow/dags/main.py
[2026-09-30T12:55:09.845+0000] {processor.py:840} INFO - DAG(s) 'data_quality_check', 'produce_json', 'update_db' retrieved from /opt/airflow/dags/main.py
[2026-09-30T12:55:09.882+0000] {logging_mixin.py:188} INFO - [2026-09-30T12:55:09.882+0000] {dag.py:3096} INFO - Sync 3 DAGs
[2026-09-30T12:55:09.908+0000] {logging_mixin.py:188} INFO - [2026-09-30T12:55:09.908+0000] {dag.py:3954} INFO - Setting next_dagrun for data_quality_check to 2026-09-30 12:00:00+00:00, run_after=2026-10-01 12:00:00+00:00
[2026-09-30T12:55:09.917+0000] {logging_mixin.py:188} INFO - [2026-09-30T12:55:09.916+0000] {dag.py:3954} INFO - Setting next_dagrun for produce_json to 2026-09-30 12:00:00+00:00, run_after=2026-10-01 12:00:00+00:00
[2026-09-30T12:55:09.920+0000] {logging_mixin.py:188} INFO - [2026-09-30T12:55:09.920+0000] {dag.py:3954} INFO - Setting next_dagrun for update_db to 2026-09-30 12:00:00+00:00, run_after=2026-10-01 12:00:00+00:00
[2026-09-30T12:55:09.945+0000] {processor.py:183} INFO - Processing /opt/airflow/dags/main.py took 0.400 seconds
[2026-09-30T12:55:40.313+0000] {processor.py:161} INFO - Started process (PID=763) to work on /opt/airflow/dags/main.py
[2026-09-30T12:55:40.315+0000] {processor.py:830} INFO - Processing file /opt/airflow/dags/main.py for tasks to queue
[2026-09-30T12:55:40.319+0000] {logging_mixin.py:188} INFO - [2026-09-30T12:55:40.319+0000] {dagbag.py:545} INFO - Filling up the DagBag from /opt/airflow/dags/main.py
[2026-09-30T12:55:40.586+0000] {processor.py:840} INFO - DAG(s) 'produce_json', 'update_db', 'data_quality_check' retrieved from /opt/airflow/dags/main.py
[2026-09-30T12:55:40.625+0000] {logging_mixin.py:188} INFO - [2026-09-30T12:55:40.624+0000] {dag.py:3096} INFO - Sync 3 DAGs
[2026-09-30T12:55:40.653+0000] {logging_mixin.py:188} INFO - [2026-09-30T12:55:40.653+0000] {dag.py:3954} INFO - Setting next_dagrun for data_quality_check to 2026-09-30 12:00:00+00:00, run_after=2026-10-01 12:00:00+00:00
[2026-09-30T12:55:40.661+0000] {logging_mixin.py:188} INFO - [2026-09-30T12:55:40.661+0000] {dag.py:3954} INFO - Setting next_dagrun for produce_json to 2026-09-30 12:00:00+00:00, run_after=2026-10-01 12:00:00+00:00
[2026-09-30T12:55:40.665+0000] {logging_mixin.py:188} INFO - [2026-09-30T12:55:40.665+0000] {dag.py:3954} INFO - Setting next_dagrun for update_db to 2026-09-30 12:00:00+00:00, run_after=2026-10-01 12:00:00+00:00
[2026-09-30T12:55:40.690+0000] {processor.py:183} INFO - Processing /opt/airflow/dags/main.py took 0.382 seconds
[2026-09-30T12:56:11.028+0000] {processor.py:161} INFO - Started process (PID=770) to work on /opt/airflow/dags/main.py
[2026-09-30T12:56:11.030+0000] {processor.py:830} INFO - Processing file /opt/airflow/dags/main.py for tasks to queue
[2026-09-30T12:56:11.033+0000] {logging_mixin.py:188} INFO - [2026-09-30T12:56:11.033+0000] {dagbag.py:545} INFO - Filling up the DagBag from /opt/airflow/dags/main.py
[2026-09-30T12:56:11.335+0000] {processor.py:840} INFO - DAG(s) 'produce_json', 'data_quality_check', 'update_db' retrieved from /opt/airflow/dags/main.py
[2026-09-30T12:56:11.363+0000] {logging_mixin.py:188} INFO - [2026-09-30T12:56:11.362+0000] {dag.py:3096} INFO - Sync 3 DAGs
[2026-09-30T12:56:11.383+0000] {logging_mixin.py:188} INFO - [2026-09-30T12:56:11.383+0000] {dag.py:3954} INFO - Setting next_dagrun for data_quality_check to 2026-09-30 12:00:00+00:00, run_after=2026-10-01 12:00:00+00:00
[2026-09-30T12:56:11.390+0000] {logging_mixin.py:188} INFO - [2026-09-30T12:56:11.390+0000] {dag.py:3954} INFO - Setting next_dagrun for produce_json to 2026-09-30 12:00:00+00:00, run_after=2026-10-01 12:00:00+00:00
[2026-09-30T12:56:11.393+0000] {logging_mixin.py:188} INFO - [2026-09-30T12:56:11.393+0000] {dag.py:3954} INFO - Setting next_dagrun for update_db to 2026-09-30 12:00:00+00:00, run_after=2026-10-01 12:00:00+00:00
[2026-09-30T12:56:11.413+0000] {processor.py:183} INFO - Processing /opt/airflow/dags/main.py took 0.392 seconds
[2026-09-30T12:56:41.755+0000] {processor.py:161} INFO - Started process (PID=777) to work on /opt/airflow/dags/main.py
[2026-09-30T12:56:41.758+0000] {processor.py:830} INFO - Processing file /opt/airflow/dags/main.py for tasks to queue
[2026-09-30T12:56:41.761+0000] {logging_mixin.py:188} INFO - [2026-09-30T12:56:41.761+0000] {dagbag.py:545} INFO - Filling up the DagBag from /opt/airflow/dags/main.py
[2026-09-30T12:56:42.064+0000] {processor.py:840} INFO - DAG(s) 'data_quality_check', 'produce_json', 'update_db' retrieved from /opt/airflow/dags/main.py
[2026-09-30T12:56:42.093+0000] {logging_mixin.py:188} INFO - [2026-09-30T12:56:42.092+0000] {dag.py:3096} INFO - Sync 3 DAGs
[2026-09-30T12:56:42.112+0000] {logging_mixin.py:188} INFO - [2026-09-30T12:56:42.112+0000] {dag.py:3954} INFO - Setting next_dagrun for data_quality_check to 2026-09-30 12:00:00+00:00, run_after=2026-10-01 12:00:00+00:00
[2026-09-30T12:56:42.118+0000] {logging_mixin.py:188} INFO - [2026-09-30T12:56:42.118+0000] {dag.py:3954} INFO - Setting next_dagrun for produce_json to 2026-09-30 12:00:00+00:00, run_after=2026-10-01 12:00:00+00:00
[2026-09-30T12:56:42.122+0000] {logging_mixin.py:188} INFO - [2026-09-30T12:56:42.122+0000] {dag.py:3954} INFO - Setting next_dagrun for update_db to 2026-09-30 12:00:00+00:00, run_after=2026-10-01 12:00:00+00:00
[2026-09-30T12:56:42.143+0000] {processor.py:183} INFO - Processing /opt/airflow/dags/main.py took 0.393 seconds
[2026-09-30T12:57:12.494+0000] {processor.py:161} INFO - Started process (PID=784) to work on /opt/airflow/dags/main.py
[2026-09-30T12:57:12.498+0000] {processor.py:830} INFO - Processing file /opt/airflow/dags/main.py for tasks to queue
[2026-09-30T12:57:12.502+0000] {logging_mixin.py:188} INFO - [2026-09-30T12:57:12.502+0000] {dagbag.py:545} INFO - Filling up the DagBag from /opt/airflow/dags/main.py
[2026-09-30T12:57:12.799+0000] {processor.py:840} INFO - DAG(s) 'data_quality_check', 'produce_json', 'update_db' retrieved from /opt/airflow/dags/main.py
[2026-09-30T12:57:12.828+0000] {logging_mixin.py:188} INFO - [2026-09-30T12:57:12.828+0000] {dag.py:3096} INFO - Sync 3 DAGs
[2026-09-30T12:57:12.848+0000] {logging_mixin.py:188} INFO - [2026-09-30T12:57:12.847+0000] {dag.py:3954} INFO - Setting next_dagrun for data_quality_check to 2026-09-30 12:00:00+00:00, run_after=2026-10-01 12:00:00+00:00
[2026-09-30T12:57:12.854+0000] {logging_mixin.py:188} INFO - [2026-09-30T12:57:12.854+0000] {dag.py:3954} INFO - Setting next_dagrun for produce_json to 2026-09-30 12:00:00+00:00, run_after=2026-10-01 12:00:00+00:00
[2026-09-30T12:57:12.858+0000] {logging_mixin.py:188} INFO - [2026-09-30T12:57:12.858+0000] {dag.py:3954} INFO - Setting next_dagrun for update_db to 2026-09-30 12:00:00+00:00, run_after=2026-10-01 12:00:00+00:00
[2026-09-30T12:57:12.877+0000] {processor.py:183} INFO - Processing /opt/airflow/dags/main.py took 0.390 seconds
[2026-09-30T12:57:43.275+0000] {processor.py:161} INFO - Started process (PID=791) to work on /opt/airflow/dags/main.py
[2026-09-30T12:57:43.277+0000] {processor.py:830} INFO - Processing file /opt/airflow/dags/main.py for tasks to queue
[2026-09-30T12:57:43.281+0000] {logging_mixin.py:188} INFO - [2026-09-30T12:57:43.281+0000] {dagbag.py:545} INFO - Filling up the DagBag from /opt/airflow/dags/main.py
[2026-09-30T12:57:43.572+0000] {processor.py:840} INFO - DAG(s) 'update_db', 'produce_json', 'data_quality_check' retrieved from /opt/airflow/dags/main.py
[2026-09-30T12:57:43.599+0000] {logging_mixin.py:188} INFO - [2026-09-30T12:57:43.599+0000] {dag.py:3096} INFO - Sync 3 DAGs
[2026-09-30T12:57:43.619+0000] {logging_mixin.py:188} INFO - [2026-09-30T12:57:43.619+0000] {dag.py:3954} INFO - Setting next_dagrun for data_quality_check to 2026-09-30 12:00:00+00:00, run_after=2026-10-01 12:00:00+00:00
[2026-09-30T12:57:43.626+0000] {logging_mixin.py:188} INFO - [2026-09-30T12:57:43.626+0000] {dag.py:3954} INFO - Setting next_dagrun for produce_json to 2026-09-30 12:00:00+00:00, run_after=2026-10-01 12:00:00+00:00
[2026-09-30T12:57:43.629+0000] {logging_mixin.py:188} INFO - [2026-09-30T12:57:43.629+0000] {dag.py:3954} INFO - Setting next_dagrun for update_db to 2026-09-30 12:00:00+00:00, run_after=2026-10-01 12:00:00+00:00
[2026-09-30T12:57:43.651+0000] {processor.py:183} INFO - Processing /opt/airflow/dags/main.py took 0.382 seconds
[2026-09-30T12:58:14.020+0000] {processor.py:161} INFO - Started process (PID=798) to work on /opt/airflow/dags/main.py
[2026-09-30T12:58:14.023+0000] {processor.py:830} INFO - Processing file /opt/airflow/dags/main.py for tasks to queue
[2026-09-30T12:58:14.027+0000] {logging_mixin.py:188} INFO - [2026-09-30T12:58:14.027+0000] {dagbag.py:545} INFO - Filling up the DagBag from /opt/airflow/dags/main.py
[2026-09-30T12:58:14.329+0000] {processor.py:840} INFO - DAG(s) 'produce_json', 'update_db', 'data_quality_check' retrieved from /opt/airflow/dags/main.py
[2026-09-30T12:58:14.356+0000] {logging_mixin.py:188} INFO - [2026-09-30T12:58:14.355+0000] {dag.py:3096} INFO - Sync 3 DAGs
[2026-09-30T12:58:14.375+0000] {logging_mixin.py:188} INFO - [2026-09-30T12:58:14.375+0000] {dag.py:3954} INFO - Setting next_dagrun for data_quality_check to 2026-09-30 12:00:00+00:00, run_after=2026-10-01 12:00:00+00:00
[2026-09-30T12:58:14.382+0000] {logging_mixin.py:188} INFO - [2026-09-30T12:58:14.381+0000] {dag.py:3954} INFO - Setting next_dagrun for produce_json to 2026-09-30 12:00:00+00:00, run_after=2026-10-01 12:00:00+00:00
[2026-09-30T12:58:14.386+0000] {logging_mixin.py:188} INFO - [2026-09-30T12:58:14.385+0000] {dag.py:3954} INFO - Setting next_dagrun for update_db to 2026-09-30 12:00:00+00:00, run_after=2026-10-01 12:00:00+00:00
[2026-09-30T12:58:14.408+0000] {processor.py:183} INFO - Processing /opt/airflow/dags/main.py took 0.397 seconds
[2026-09-30T12:58:44.734+0000] {processor.py:161} INFO - Started process (PID=805) to work on /opt/airflow/dags/main.py
[2026-09-30T12:58:44.738+0000] {processor.py:830} INFO - Processing file /opt/airflow/dags/main.py for tasks to queue
[2026-09-30T12:58:44.744+0000] {logging_mixin.py:188} INFO - [2026-09-30T12:58:44.743+0000] {dagbag.py:545} INFO - Filling up the DagBag from /opt/airflow/dags/main.py
[2026-09-30T12:58:45.037+0000] {processor.py:840} INFO - DAG(s) 'update_db', 'produce_json', 'data_quality_check' retrieved from /opt/airflow/dags/main.py
[2026-09-30T12:58:45.067+0000] {logging_mixin.py:188} INFO - [2026-09-30T12:58:45.067+0000] {dag.py:3096} INFO - Sync 3 DAGs
[2026-09-30T12:58:45.088+0000] {logging_mixin.py:188} INFO - [2026-09-30T12:58:45.088+0000] {dag.py:3954} INFO - Setting next_dagrun for data_quality_check to 2026-09-30 12:00:00+00:00, run_after=2026-10-01 12:00:00+00:00
[2026-09-30T12:58:45.095+0000] {logging_mixin.py:188} INFO - [2026-09-30T12:58:45.094+0000] {dag.py:3954} INFO - Setting next_dagrun for produce_json to 2026-09-30 12:00:00+00:00, run_after=2026-10-01 12:00:00+00:00
[2026-09-30T12:58:45.098+0000] {logging_mixin.py:188} INFO - [2026-09-30T12:58:45.097+0000] {dag.py:3954} INFO - Setting next_dagrun for update_db to 2026-09-30 12:00:00+00:00, run_after=2026-10-01 12:00:00+00:00
[2026-09-30T12:58:45.117+0000] {processor.py:183} INFO - Processing /opt/airflow/dags/main.py took 0.400 seconds
[2026-09-30T12:59:15.478+0000] {processor.py:161} INFO - Started process (PID=812) to work on /opt/airflow/dags/main.py
[2026-09-30T12:59:15.481+0000] {processor.py:830} INFO - Processing file /opt/airflow/dags/main.py for tasks to queue
[2026-09-30T12:59:15.485+0000] {logging_mixin.py:188} INFO - [2026-09-30T12:59:15.485+0000] {dagbag.py:545} INFO - Filling up the DagBag from /opt/airflow/dags/main.py
[2026-09-30T12:59:15.795+0000] {processor.py:840} INFO - DAG(s) 'produce_json', 'update_db', 'data_quality_check' retrieved from /opt/airflow/dags/main.py
[2026-09-30T12:59:15.825+0000] {logging_mixin.py:188} INFO - [2026-09-30T12:59:15.825+0000] {dag.py:3096} INFO - Sync 3 DAGs
[2026-09-30T12:59:15.846+0000] {logging_mixin.py:188} INFO - [2026-09-30T12:59:15.846+0000] {dag.py:3954} INFO - Setting next_dagrun for data_quality_check to 2026-09-30 12:00:00+00:00, run_after=2026-10-01 12:00:00+00:00
[2026-09-30T12:59:15.853+0000] {logging_mixin.py:188} INFO - [2026-09-30T12:59:15.853+0000] {dag.py:3954} INFO - Setting next_dagrun for produce_json to 2026-09-30 12:00:00+00:00, run_after=2026-10-01 12:00:00+00:00
[2026-09-30T12:59:15.856+0000] {logging_mixin.py:188} INFO - [2026-09-30T12:59:15.856+0000] {dag.py:3954} INFO - Setting next_dagrun for update_db to 2026-09-30 12:00:00+00:00, run_after=2026-10-01 12:00:00+00:00
[2026-09-30T12:59:15.879+0000] {processor.py:183} INFO - Processing /opt/airflow/dags/main.py took 0.406 seconds
[2026-09-30T12:59:46.199+0000] {processor.py:161} INFO - Started process (PID=819) to work on /opt/airflow/dags/main.py
[2026-09-30T12:59:46.202+0000] {processor.py:830} INFO - Processing file /opt/airflow/dags/main.py for tasks to queue
[2026-09-30T12:59:46.206+0000] {logging_mixin.py:188} INFO - [2026-09-30T12:59:46.205+0000] {dagbag.py:545} INFO - Filling up the DagBag from /opt/airflow/dags/main.py
[2026-09-30T12:59:46.502+0000] {processor.py:840} INFO - DAG(s) 'data_quality_check', 'produce_json', 'update_db' retrieved from /opt/airflow/dags/main.py
[2026-09-30T12:59:46.527+0000] {logging_mixin.py:188} INFO - [2026-09-30T12:59:46.526+0000] {dag.py:3096} INFO - Sync 3 DAGs
[2026-09-30T12:59:46.544+0000] {logging_mixin.py:188} INFO - [2026-09-30T12:59:46.544+0000] {dag.py:3954} INFO - Setting next_dagrun for data_quality_check to 2026-09-30 12:00:00+00:00, run_after=2026-10-01 12:00:00+00:00
[2026-09-30T12:59:46.550+0000] {logging_mixin.py:188} INFO - [2026-09-30T12:59:46.550+0000] {dag.py:3954} INFO - Setting next_dagrun for produce_json to 2026-09-30 12:00:00+00:00, run_after=2026-10-01 12:00:00+00:00
[2026-09-30T12:59:46.553+0000] {logging_mixin.py:188} INFO - [2026-09-30T12:59:46.553+0000] {dag.py:3954} INFO - Setting next_dagrun for update_db to 2026-09-30 12:00:00+00:00, run_after=2026-10-01 12:00:00+00:00
[2026-09-30T12:59:46.574+0000] {processor.py:183} INFO - Processing /opt/airflow/dags/main.py took 0.380 seconds
[2026-09-30T13:00:16.929+0000] {processor.py:161} INFO - Started process (PID=826) to work on /opt/airflow/dags/main.py
[2026-09-30T13:00:16.932+0000] {processor.py:830} INFO - Processing file /opt/airflow/dags/main.py for tasks to queue
[2026-09-30T13:00:16.935+0000] {logging_mixin.py:188} INFO - [2026-09-30T13:00:16.935+0000] {dagbag.py:545} INFO - Filling up the DagBag from /opt/airflow/dags/main.py
[2026-09-30T13:00:17.245+0000] {processor.py:840} INFO - DAG(s) 'update_db', 'data_quality_check', 'produce_json' retrieved from /opt/airflow/dags/main.py
[2026-09-30T13:00:17.273+0000] {logging_mixin.py:188} INFO - [2026-09-30T13:00:17.273+0000] {dag.py:3096} INFO - Sync 3 DAGs
[2026-09-30T13:00:17.295+0000] {logging_mixin.py:188} INFO - [2026-09-30T13:00:17.295+0000] {dag.py:3954} INFO - Setting next_dagrun for data_quality_check to 2026-09-30 12:00:00+00:00, run_after=2026-10-01 12:00:00+00:00
[2026-09-30T13:00:17.301+0000] {logging_mixin.py:188} INFO - [2026-09-30T13:00:17.301+0000] {dag.py:3954} INFO - Setting next_dagrun for produce_json to 2026-09-30 12:00:00+00:00, run_after=2026-10-01 12:00:00+00:00
[2026-09-30T13:00:17.305+0000] {logging_mixin.py:188} INFO - [2026-09-30T13:00:17.305+0000] {dag.py:3954} INFO - Setting next_dagrun for update_db to 2026-09-30 12:00:00+00:00, run_after=2026-10-01 12:00:00+00:00
[2026-09-30T13:00:17.328+0000] {processor.py:183} INFO - Processing /opt/airflow/dags/main.py took 0.405 seconds
[2026-09-30T13:00:47.679+0000] {processor.py:161} INFO - Started process (PID=833) to work on /opt/airflow/dags/main.py
[2026-09-30T13:00:47.682+0000] {processor.py:830} INFO - Processing file /opt/airflow/dags/main.py for tasks to queue
[2026-09-30T13:00:47.687+0000] {logging_mixin.py:188} INFO - [2026-09-30T13:00:47.687+0000] {dagbag.py:545} INFO - Filling up the DagBag from /opt/airflow/dags/main.py
[2026-09-30T13:00:47.993+0000] {processor.py:840} INFO - DAG(s) 'data_quality_check', 'produce_json', 'update_db' retrieved from /opt/airflow/dags/main.py
[2026-09-30T13:00:48.022+0000] {logging_mixin.py:188} INFO - [2026-09-30T13:00:48.021+0000] {dag.py:3096} INFO - Sync 3 DAGs
[2026-09-30T13:00:48.042+0000] {logging_mixin.py:188} INFO - [2026-09-30T13:00:48.041+0000] {dag.py:3954} INFO - Setting next_dagrun for data_quality_check to 2026-09-30 12:00:00+00:00, run_after=2026-10-01 12:00:00+00:00
[2026-09-30T13:00:48.048+0000] {logging_mixin.py:188} INFO - [2026-09-30T13:00:48.047+0000] {dag.py:3954} INFO - Setting next_dagrun for produce_json to 2026-09-30 12:00:00+00:00, run_after=2026-10-01 12:00:00+00:00
[2026-09-30T13:00:48.051+0000] {logging_mixin.py:188} INFO - [2026-09-30T13:00:48.051+0000] {dag.py:3954} INFO - Setting next_dagrun for update_db to 2026-09-30 12:00:00+00:00, run_after=2026-10-01 12:00:00+00:00
[2026-09-30T13:00:48.073+0000] {processor.py:183} INFO - Processing /opt/airflow/dags/main.py took 0.404 seconds
[2026-09-30T13:01:18.420+0000] {processor.py:161} INFO - Started process (PID=840) to work on /opt/airflow/dags/main.py
[2026-09-30T13:01:18.423+0000] {processor.py:830} INFO - Processing file /opt/airflow/dags/main.py for tasks to queue
[2026-09-30T13:01:18.426+0000] {logging_mixin.py:188} INFO - [2026-09-30T13:01:18.426+0000] {dagbag.py:545} INFO - Filling up the DagBag from /opt/airflow/dags/main.py
[2026-09-30T13:01:18.764+0000] {processor.py:840} INFO - DAG(s) 'update_db', 'data_quality_check', 'produce_json' retrieved from /opt/airflow/dags/main.py
[2026-09-30T13:01:18.792+0000] {logging_mixin.py:188} INFO - [2026-09-30T13:01:18.792+0000] {dag.py:3096} INFO - Sync 3 DAGs
[2026-09-30T13:01:18.813+0000] {logging_mixin.py:188} INFO - [2026-09-30T13:01:18.813+0000] {dag.py:3954} INFO - Setting next_dagrun for data_quality_check to 2026-09-30 12:00:00+00:00, run_after=2026-10-01 12:00:00+00:00
[2026-09-30T13:01:18.820+0000] {logging_mixin.py:188} INFO - [2026-09-30T13:01:18.820+0000] {dag.py:3954} INFO - Setting next_dagrun for produce_json to 2026-09-30 12:00:00+00:00, run_after=2026-10-01 12:00:00+00:00
[2026-09-30T13:01:18.823+0000] {logging_mixin.py:188} INFO - [2026-09-30T13:01:18.823+0000] {dag.py:3954} INFO - Setting next_dagrun for update_db to 2026-09-30 12:00:00+00:00, run_after=2026-10-01 12:00:00+00:00
[2026-09-30T13:01:18.844+0000] {processor.py:183} INFO - Processing /opt/airflow/dags/main.py took 0.430 seconds
[2026-09-30T13:01:49.204+0000] {processor.py:161} INFO - Started process (PID=847) to work on /opt/airflow/dags/main.py
[2026-09-30T13:01:49.206+0000] {processor.py:830} INFO - Processing file /opt/airflow/dags/main.py for tasks to queue
[2026-09-30T13:01:49.209+0000] {logging_mixin.py:188} INFO - [2026-09-30T13:01:49.209+0000] {dagbag.py:545} INFO - Filling up the DagBag from /opt/airflow/dags/main.py
[2026-09-30T13:01:49.510+0000] {processor.py:840} INFO - DAG(s) 'update_db', 'produce_json', 'data_quality_check' retrieved from /opt/airflow/dags/main.py
[2026-09-30T13:01:49.535+0000] {logging_mixin.py:188} INFO - [2026-09-30T13:01:49.535+0000] {dag.py:3096} INFO - Sync 3 DAGs
[2026-09-30T13:01:49.555+0000] {logging_mixin.py:188} INFO - [2026-09-30T13:01:49.555+0000] {dag.py:3954} INFO - Setting next_dagrun for data_quality_check to 2026-09-30 12:00:00+00:00, run_after=2026-10-01 12:00:00+00:00
[2026-09-30T13:01:49.561+0000] {logging_mixin.py:188} INFO - [2026-09-30T13:01:49.561+0000] {dag.py:3954} INFO - Setting next_dagrun for produce_json to 2026-09-30 12:00:00+00:00, run_after=2026-10-01 12:00:00+00:00
[2026-09-30T13:01:49.565+0000] {logging_mixin.py:188} INFO - [2026-09-30T13:01:49.565+0000] {dag.py:3954} INFO - Setting next_dagrun for update_db to 2026-09-30 12:00:00+00:00, run_after=2026-10-01 12:00:00+00:00
[2026-09-30T13:01:49.585+0000] {processor.py:183} INFO - Processing /opt/airflow/dags/main.py took 0.387 seconds
[2026-09-30T13:02:19.929+0000] {processor.py:161} INFO - Started process (PID=854) to work on /opt/airflow/dags/main.py
[2026-09-30T13:02:19.932+0000] {processor.py:830} INFO - Processing file /opt/airflow/dags/main.py for tasks to queue
[2026-09-30T13:02:19.935+0000] {logging_mixin.py:188} INFO - [2026-09-30T13:02:19.935+0000] {dagbag.py:545} INFO - Filling up the DagBag from /opt/airflow/dags/main.py
[2026-09-30T13:02:20.240+0000] {processor.py:840} INFO - DAG(s) 'data_quality_check', 'produce_json', 'update_db' retrieved from /opt/airflow/dags/main.py
[2026-09-30T13:02:20.268+0000] {logging_mixin.py:188} INFO - [2026-09-30T13:02:20.268+0000] {dag.py:3096} INFO - Sync 3 DAGs
[2026-09-30T13:02:20.289+0000] {logging_mixin.py:188} INFO - [2026-09-30T13:02:20.289+0000] {dag.py:3954} INFO - Setting next_dagrun for data_quality_check to 2026-09-30 12:00:00+00:00, run_after=2026-10-01 12:00:00+00:00
[2026-09-30T13:02:20.296+0000] {logging_mixin.py:188} INFO - [2026-09-30T13:02:20.296+0000] {dag.py:3954} INFO - Setting next_dagrun for produce_json to 2026-09-30 12:00:00+00:00, run_after=2026-10-01 12:00:00+00:00
[2026-09-30T13:02:20.299+0000] {logging_mixin.py:188} INFO - [2026-09-30T13:02:20.299+0000] {dag.py:3954} INFO - Setting next_dagrun for update_db to 2026-09-30 12:00:00+00:00, run_after=2026-10-01 12:00:00+00:00
[2026-09-30T13:02:20.321+0000] {processor.py:183} INFO - Processing /opt/airflow/dags/main.py took 0.397 seconds
[2026-09-30T13:02:50.772+0000] {processor.py:161} INFO - Started process (PID=861) to work on /opt/airflow/dags/main.py
[2026-09-30T13:02:50.775+0000] {processor.py:830} INFO - Processing file /opt/airflow/dags/main.py for tasks to queue
[2026-09-30T13:02:50.779+0000] {logging_mixin.py:188} INFO - [2026-09-30T13:02:50.779+0000] {dagbag.py:545} INFO - Filling up the DagBag from /opt/airflow/dags/main.py
[2026-09-30T13:02:51.075+0000] {processor.py:840} INFO - DAG(s) 'update_db', 'data_quality_check', 'produce_json' retrieved from /opt/airflow/dags/main.py
[2026-09-30T13:02:51.100+0000] {logging_mixin.py:188} INFO - [2026-09-30T13:02:51.100+0000] {dag.py:3096} INFO - Sync 3 DAGs
[2026-09-30T13:02:51.118+0000] {logging_mixin.py:188} INFO - [2026-09-30T13:02:51.118+0000] {dag.py:3954} INFO - Setting next_dagrun for data_quality_check to 2026-09-30 12:00:00+00:00, run_after=2026-10-01 12:00:00+00:00
[2026-09-30T13:02:51.124+0000] {logging_mixin.py:188} INFO - [2026-09-30T13:02:51.124+0000] {dag.py:3954} INFO - Setting next_dagrun for produce_json to 2026-09-30 12:00:00+00:00, run_after=2026-10-01 12:00:00+00:00
[2026-09-30T13:02:51.127+0000] {logging_mixin.py:188} INFO - [2026-09-30T13:02:51.127+0000] {dag.py:3954} INFO - Setting next_dagrun for update_db to 2026-09-30 12:00:00+00:00, run_after=2026-10-01 12:00:00+00:00
[2026-09-30T13:02:51.148+0000] {processor.py:183} INFO - Processing /opt/airflow/dags/main.py took 0.381 seconds
[2026-09-30T13:03:21.498+0000] {processor.py:161} INFO - Started process (PID=868) to work on /opt/airflow/dags/main.py
[2026-09-30T13:03:21.501+0000] {processor.py:830} INFO - Processing file /opt/airflow/dags/main.py for tasks to queue
[2026-09-30T13:03:21.506+0000] {logging_mixin.py:188} INFO - [2026-09-30T13:03:21.505+0000] {dagbag.py:545} INFO - Filling up the DagBag from /opt/airflow/dags/main.py
[2026-09-30T13:03:21.787+0000] {processor.py:840} INFO - DAG(s) 'produce_json', 'update_db', 'data_quality_check' retrieved from /opt/airflow/dags/main.py
[2026-09-30T13:03:21.814+0000] {logging_mixin.py:188} INFO - [2026-09-30T13:03:21.814+0000] {dag.py:3096} INFO - Sync 3 DAGs
[2026-09-30T13:03:21.834+0000] {logging_mixin.py:188} INFO - [2026-09-30T13:03:21.834+0000] {dag.py:3954} INFO - Setting next_dagrun for data_quality_check to 2026-09-30 12:00:00+00:00, run_after=2026-10-01 12:00:00+00:00
[2026-09-30T13:03:21.841+0000] {logging_mixin.py:188} INFO - [2026-09-30T13:03:21.841+0000] {dag.py:3954} INFO - Setting next_dagrun for produce_json to 2026-09-30 12:00:00+00:00, run_after=2026-10-01 12:00:00+00:00
[2026-09-30T13:03:21.844+0000] {logging_mixin.py:188} INFO - [2026-09-30T13:03:21.844+0000] {dag.py:3954} INFO - Setting next_dagrun for update_db to 2026-09-30 12:00:00+00:00, run_after=2026-10-01 12:00:00+00:00
[2026-09-30T13:03:21.862+0000] {processor.py:183} INFO - Processing /opt/airflow/dags/main.py took 0.371 seconds
[2026-09-30T13:03:52.207+0000] {processor.py:161} INFO - Started process (PID=875) to work on /opt/airflow/dags/main.py
[2026-09-30T13:03:52.209+0000] {processor.py:830} INFO - Processing file /opt/airflow/dags/main.py for tasks to queue
[2026-09-30T13:03:52.213+0000] {logging_mixin.py:188} INFO - [2026-09-30T13:03:52.212+0000] {dagbag.py:545} INFO - Filling up the DagBag from /opt/airflow/dags/main.py
[2026-09-30T13:03:52.488+0000] {processor.py:840} INFO - DAG(s) 'update_db', 'produce_json', 'data_quality_check' retrieved from /opt/airflow/dags/main.py
[2026-09-30T13:03:52.522+0000] {logging_mixin.py:188} INFO - [2026-09-30T13:03:52.522+0000] {dag.py:3096} INFO - Sync 3 DAGs
[2026-09-30T13:03:52.546+0000] {logging_mixin.py:188} INFO - [2026-09-30T13:03:52.545+0000] {dag.py:3954} INFO - Setting next_dagrun for data_quality_check to 2026-09-30 12:00:00+00:00, run_after=2026-10-01 12:00:00+00:00
[2026-09-30T13:03:52.552+0000] {logging_mixin.py:188} INFO - [2026-09-30T13:03:52.552+0000] {dag.py:3954} INFO - Setting next_dagrun for produce_json to 2026-09-30 12:00:00+00:00, run_after=2026-10-01 12:00:00+00:00
[2026-09-30T13:03:52.556+0000] {logging_mixin.py:188} INFO - [2026-09-30T13:03:52.556+0000] {dag.py:3954} INFO - Setting next_dagrun for update_db to 2026-09-30 12:00:00+00:00, run_after=2026-10-01 12:00:00+00:00
[2026-09-30T13:03:52.575+0000] {processor.py:183} INFO - Processing /opt/airflow/dags/main.py took 0.374 seconds
[2026-09-30T13:04:22.920+0000] {processor.py:161} INFO - Started process (PID=882) to work on /opt/airflow/dags/main.py
[2026-09-30T13:04:22.923+0000] {processor.py:830} INFO - Processing file /opt/airflow/dags/main.py for tasks to queue
[2026-09-30T13:04:22.927+0000] {logging_mixin.py:188} INFO - [2026-09-30T13:04:22.927+0000] {dagbag.py:545} INFO - Filling up the DagBag from /opt/airflow/dags/main.py
[2026-09-30T13:04:23.224+0000] {processor.py:840} INFO - DAG(s) 'update_db', 'produce_json', 'data_quality_check' retrieved from /opt/airflow/dags/main.py
[2026-09-30T13:04:23.252+0000] {logging_mixin.py:188} INFO - [2026-09-30T13:04:23.252+0000] {dag.py:3096} INFO - Sync 3 DAGs
[2026-09-30T13:04:23.272+0000] {logging_mixin.py:188} INFO - [2026-09-30T13:04:23.272+0000] {dag.py:3954} INFO - Setting next_dagrun for data_quality_check to 2026-09-30 12:00:00+00:00, run_after=2026-10-01 12:00:00+00:00
[2026-09-30T13:04:23.280+0000] {logging_mixin.py:188} INFO - [2026-09-30T13:04:23.279+0000] {dag.py:3954} INFO - Setting next_dagrun for produce_json to 2026-09-30 12:00:00+00:00, run_after=2026-10-01 12:00:00+00:00
[2026-09-30T13:04:23.283+0000] {logging_mixin.py:188} INFO - [2026-09-30T13:04:23.283+0000] {dag.py:3954} INFO - Setting next_dagrun for update_db to 2026-09-30 12:00:00+00:00, run_after=2026-10-01 12:00:00+00:00
[2026-09-30T13:04:23.305+0000] {processor.py:183} INFO - Processing /opt/airflow/dags/main.py took 0.392 seconds
[2026-09-30T13:04:53.665+0000] {processor.py:161} INFO - Started process (PID=889) to work on /opt/airflow/dags/main.py
[2026-09-30T13:04:53.668+0000] {processor.py:830} INFO - Processing file /opt/airflow/dags/main.py for tasks to queue
[2026-09-30T13:04:53.672+0000] {logging_mixin.py:188} INFO - [2026-09-30T13:04:53.671+0000] {dagbag.py:545} INFO - Filling up the DagBag from /opt/airflow/dags/main.py
[2026-09-30T13:04:53.960+0000] {processor.py:840} INFO - DAG(s) 'produce_json', 'data_quality_check', 'update_db' retrieved from /opt/airflow/dags/main.py
[2026-09-30T13:04:53.986+0000] {logging_mixin.py:188} INFO - [2026-09-30T13:04:53.986+0000] {dag.py:3096} INFO - Sync 3 DAGs
[2026-09-30T13:04:54.004+0000] {logging_mixin.py:188} INFO - [2026-09-30T13:04:54.004+0000] {dag.py:3954} INFO - Setting next_dagrun for data_quality_check to 2026-09-30 12:00:00+00:00, run_after=2026-10-01 12:00:00+00:00
[2026-09-30T13:04:54.010+0000] {logging_mixin.py:188} INFO - [2026-09-30T13:04:54.010+0000] {dag.py:3954} INFO - Setting next_dagrun for produce_json to 2026-09-30 12:00:00+00:00, run_after=2026-10-01 12:00:00+00:00
[2026-09-30T13:04:54.014+0000] {logging_mixin.py:188} INFO - [2026-09-30T13:04:54.013+0000] {dag.py:3954} INFO - Setting next_dagrun for update_db to 2026-09-30 12:00:00+00:00, run_after=2026-10-01 12:00:00+00:00
[2026-09-30T13:04:54.032+0000] {processor.py:183} INFO - Processing /opt/airflow/dags/main.py took 0.372 seconds
[2026-09-30T13:05:24.375+0000] {processor.py:161} INFO - Started process (PID=895) to work on /opt/airflow/dags/main.py
[2026-09-30T13:05:24.378+0000] {processor.py:830} INFO - Processing file /opt/airflow/dags/main.py for tasks to queue
[2026-09-30T13:05:24.382+0000] {logging_mixin.py:188} INFO - [2026-09-30T13:05:24.381+0000] {dagbag.py:545} INFO - Filling up the DagBag from /opt/airflow/dags/main.py
[2026-09-30T13:05:24.693+0000] {processor.py:840} INFO - DAG(s) 'update_db', 'produce_json', 'data_quality_check' retrieved from /opt/airflow/dags/main.py
[2026-09-30T13:05:24.723+0000] {logging_mixin.py:188} INFO - [2026-09-30T13:05:24.723+0000] {dag.py:3096} INFO - Sync 3 DAGs
[2026-09-30T13:05:24.745+0000] {logging_mixin.py:188} INFO - [2026-09-30T13:05:24.745+0000] {dag.py:3954} INFO - Setting next_dagrun for data_quality_check to 2026-09-30 12:00:00+00:00, run_after=2026-10-01 12:00:00+00:00
[2026-09-30T13:05:24.753+0000] {logging_mixin.py:188} INFO - [2026-09-30T13:05:24.753+0000] {dag.py:3954} INFO - Setting next_dagrun for produce_json to 2026-09-30 12:00:00+00:00, run_after=2026-10-01 12:00:00+00:00
[2026-09-30T13:05:24.757+0000] {logging_mixin.py:188} INFO - [2026-09-30T13:05:24.757+0000] {dag.py:3954} INFO - Setting next_dagrun for update_db to 2026-09-30 12:00:00+00:00, run_after=2026-10-01 12:00:00+00:00
[2026-09-30T13:05:24.788+0000] {processor.py:183} INFO - Processing /opt/airflow/dags/main.py took 0.418 seconds
[2026-09-30T13:05:55.124+0000] {processor.py:161} INFO - Started process (PID=902) to work on /opt/airflow/dags/main.py
[2026-09-30T13:05:55.127+0000] {processor.py:830} INFO - Processing file /opt/airflow/dags/main.py for tasks to queue
[2026-09-30T13:05:55.131+0000] {logging_mixin.py:188} INFO - [2026-09-30T13:05:55.130+0000] {dagbag.py:545} INFO - Filling up the DagBag from /opt/airflow/dags/main.py
[2026-09-30T13:05:55.433+0000] {processor.py:840} INFO - DAG(s) 'data_quality_check', 'update_db', 'produce_json' retrieved from /opt/airflow/dags/main.py
[2026-09-30T13:05:55.464+0000] {logging_mixin.py:188} INFO - [2026-09-30T13:05:55.464+0000] {dag.py:3096} INFO - Sync 3 DAGs
[2026-09-30T13:05:55.486+0000] {logging_mixin.py:188} INFO - [2026-09-30T13:05:55.485+0000] {dag.py:3954} INFO - Setting next_dagrun for data_quality_check to 2026-09-30 12:00:00+00:00, run_after=2026-10-01 12:00:00+00:00
[2026-09-30T13:05:55.493+0000] {logging_mixin.py:188} INFO - [2026-09-30T13:05:55.493+0000] {dag.py:3954} INFO - Setting next_dagrun for produce_json to 2026-09-30 12:00:00+00:00, run_after=2026-10-01 12:00:00+00:00
[2026-09-30T13:05:55.496+0000] {logging_mixin.py:188} INFO - [2026-09-30T13:05:55.496+0000] {dag.py:3954} INFO - Setting next_dagrun for update_db to 2026-09-30 12:00:00+00:00, run_after=2026-10-01 12:00:00+00:00
[2026-09-30T13:05:55.519+0000] {processor.py:183} INFO - Processing /opt/airflow/dags/main.py took 0.406 seconds
[2026-09-30T13:06:25.877+0000] {processor.py:161} INFO - Started process (PID=909) to work on /opt/airflow/dags/main.py
[2026-09-30T13:06:25.880+0000] {processor.py:830} INFO - Processing file /opt/airflow/dags/main.py for tasks to queue
[2026-09-30T13:06:25.883+0000] {logging_mixin.py:188} INFO - [2026-09-30T13:06:25.883+0000] {dagbag.py:545} INFO - Filling up the DagBag from /opt/airflow/dags/main.py
[2026-09-30T13:06:26.155+0000] {processor.py:840} INFO - DAG(s) 'data_quality_check', 'produce_json', 'update_db' retrieved from /opt/airflow/dags/main.py
[2026-09-30T13:06:26.182+0000] {logging_mixin.py:188} INFO - [2026-09-30T13:06:26.182+0000] {dag.py:3096} INFO - Sync 3 DAGs
[2026-09-30T13:06:26.201+0000] {logging_mixin.py:188} INFO - [2026-09-30T13:06:26.201+0000] {dag.py:3954} INFO - Setting next_dagrun for data_quality_check to 2026-09-30 12:00:00+00:00, run_after=2026-10-01 12:00:00+00:00
[2026-09-30T13:06:26.208+0000] {logging_mixin.py:188} INFO - [2026-09-30T13:06:26.207+0000] {dag.py:3954} INFO - Setting next_dagrun for produce_json to 2026-09-30 12:00:00+00:00, run_after=2026-10-01 12:00:00+00:00
[2026-09-30T13:06:26.211+0000] {logging_mixin.py:188} INFO - [2026-09-30T13:06:26.211+0000] {dag.py:3954} INFO - Setting next_dagrun for update_db to 2026-09-30 12:00:00+00:00, run_after=2026-10-01 12:00:00+00:00
[2026-09-30T13:06:26.234+0000] {processor.py:183} INFO - Processing /opt/airflow/dags/main.py took 0.362 seconds
[2026-09-30T13:06:56.582+0000] {processor.py:161} INFO - Started process (PID=917) to work on /opt/airflow/dags/main.py
[2026-09-30T13:06:56.584+0000] {processor.py:830} INFO - Processing file /opt/airflow/dags/main.py for tasks to queue
[2026-09-30T13:06:56.588+0000] {logging_mixin.py:188} INFO - [2026-09-30T13:06:56.588+0000] {dagbag.py:545} INFO - Filling up the DagBag from /opt/airflow/dags/main.py
[2026-09-30T13:06:56.952+0000] {processor.py:840} INFO - DAG(s) 'update_db', 'produce_json', 'data_quality_check' retrieved from /opt/airflow/dags/main.py
[2026-09-30T13:06:56.977+0000] {logging_mixin.py:188} INFO - [2026-09-30T13:06:56.977+0000] {dag.py:3096} INFO - Sync 3 DAGs
[2026-09-30T13:06:56.996+0000] {logging_mixin.py:188} INFO - [2026-09-30T13:06:56.996+0000] {dag.py:3954} INFO - Setting next_dagrun for data_quality_check to 2026-09-30 12:00:00+00:00, run_after=2026-10-01 12:00:00+00:00
[2026-09-30T13:06:57.003+0000] {logging_mixin.py:188} INFO - [2026-09-30T13:06:57.002+0000] {dag.py:3954} INFO - Setting next_dagrun for produce_json to 2026-09-30 12:00:00+00:00, run_after=2026-10-01 12:00:00+00:00
[2026-09-30T13:06:57.006+0000] {logging_mixin.py:188} INFO - [2026-09-30T13:06:57.006+0000] {dag.py:3954} INFO - Setting next_dagrun for update_db to 2026-09-30 12:00:00+00:00, run_after=2026-10-01 12:00:00+00:00
[2026-09-30T13:06:57.037+0000] {processor.py:183} INFO - Processing /opt/airflow/dags/main.py took 0.461 seconds
[2026-09-30T13:07:27.842+0000] {processor.py:161} INFO - Started process (PID=924) to work on /opt/airflow/dags/main.py
[2026-09-30T13:07:27.844+0000] {processor.py:830} INFO - Processing file /opt/airflow/dags/main.py for tasks to queue
[2026-09-30T13:07:27.848+0000] {logging_mixin.py:188} INFO - [2026-09-30T13:07:27.847+0000] {dagbag.py:545} INFO - Filling up the DagBag from /opt/airflow/dags/main.py
[2026-09-30T13:07:28.137+0000] {processor.py:840} INFO - DAG(s) 'produce_json', 'data_quality_check', 'update_db' retrieved from /opt/airflow/dags/main.py
[2026-09-30T13:07:28.162+0000] {logging_mixin.py:188} INFO - [2026-09-30T13:07:28.162+0000] {dag.py:3096} INFO - Sync 3 DAGs
[2026-09-30T13:07:28.180+0000] {logging_mixin.py:188} INFO - [2026-09-30T13:07:28.180+0000] {dag.py:3954} INFO - Setting next_dagrun for data_quality_check to 2026-09-30 12:00:00+00:00, run_after=2026-10-01 12:00:00+00:00
[2026-09-30T13:07:28.186+0000] {logging_mixin.py:188} INFO - [2026-09-30T13:07:28.186+0000] {dag.py:3954} INFO - Setting next_dagrun for produce_json to 2026-09-30 12:00:00+00:00, run_after=2026-10-01 12:00:00+00:00
[2026-09-30T13:07:28.189+0000] {logging_mixin.py:188} INFO - [2026-09-30T13:07:28.189+0000] {dag.py:3954} INFO - Setting next_dagrun for update_db to 2026-09-30 12:00:00+00:00, run_after=2026-10-01 12:00:00+00:00
[2026-09-30T13:07:28.209+0000] {processor.py:183} INFO - Processing /opt/airflow/dags/main.py took 0.372 seconds
[2026-09-30T13:07:58.568+0000] {processor.py:161} INFO - Started process (PID=931) to work on /opt/airflow/dags/main.py
[2026-09-30T13:07:58.572+0000] {processor.py:830} INFO - Processing file /opt/airflow/dags/main.py for tasks to queue
[2026-09-30T13:07:58.575+0000] {logging_mixin.py:188} INFO - [2026-09-30T13:07:58.575+0000] {dagbag.py:545} INFO - Filling up the DagBag from /opt/airflow/dags/main.py
[2026-09-30T13:07:58.882+0000] {processor.py:840} INFO - DAG(s) 'data_quality_check', 'produce_json', 'update_db' retrieved from /opt/airflow/dags/main.py
[2026-09-30T13:07:58.912+0000] {logging_mixin.py:188} INFO - [2026-09-30T13:07:58.912+0000] {dag.py:3096} INFO - Sync 3 DAGs
[2026-09-30T13:07:58.937+0000] {logging_mixin.py:188} INFO - [2026-09-30T13:07:58.936+0000] {dag.py:3954} INFO - Setting next_dagrun for data_quality_check to 2026-09-30 12:00:00+00:00, run_after=2026-10-01 12:00:00+00:00
[2026-09-30T13:07:58.944+0000] {logging_mixin.py:188} INFO - [2026-09-30T13:07:58.944+0000] {dag.py:3954} INFO - Setting next_dagrun for produce_json to 2026-09-30 12:00:00+00:00, run_after=2026-10-01 12:00:00+00:00
[2026-09-30T13:07:58.948+0000] {logging_mixin.py:188} INFO - [2026-09-30T13:07:58.948+0000] {dag.py:3954} INFO - Setting next_dagrun for update_db to 2026-09-30 12:00:00+00:00, run_after=2026-10-01 12:00:00+00:00
[2026-09-30T13:07:58.968+0000] {processor.py:183} INFO - Processing /opt/airflow/dags/main.py took 0.405 seconds
[2026-09-30T13:08:29.297+0000] {processor.py:161} INFO - Started process (PID=938) to work on /opt/airflow/dags/main.py
[2026-09-30T13:08:29.299+0000] {processor.py:830} INFO - Processing file /opt/airflow/dags/main.py for tasks to queue
[2026-09-30T13:08:29.303+0000] {logging_mixin.py:188} INFO - [2026-09-30T13:08:29.302+0000] {dagbag.py:545} INFO - Filling up the DagBag from /opt/airflow/dags/main.py
[2026-09-30T13:08:29.584+0000] {processor.py:840} INFO - DAG(s) 'produce_json', 'data_quality_check', 'update_db' retrieved from /opt/airflow/dags/main.py
[2026-09-30T13:08:29.619+0000] {logging_mixin.py:188} INFO - [2026-09-30T13:08:29.618+0000] {dag.py:3096} INFO - Sync 3 DAGs
[2026-09-30T13:08:29.648+0000] {logging_mixin.py:188} INFO - [2026-09-30T13:08:29.647+0000] {dag.py:3954} INFO - Setting next_dagrun for data_quality_check to 2026-09-30 12:00:00+00:00, run_after=2026-10-01 12:00:00+00:00
[2026-09-30T13:08:29.655+0000] {logging_mixin.py:188} INFO - [2026-09-30T13:08:29.655+0000] {dag.py:3954} INFO - Setting next_dagrun for produce_json to 2026-09-30 12:00:00+00:00, run_after=2026-10-01 12:00:00+00:00
[2026-09-30T13:08:29.659+0000] {logging_mixin.py:188} INFO - [2026-09-30T13:08:29.659+0000] {dag.py:3954} INFO - Setting next_dagrun for update_db to 2026-09-30 12:00:00+00:00, run_after=2026-10-01 12:00:00+00:00
[2026-09-30T13:08:29.682+0000] {processor.py:183} INFO - Processing /opt/airflow/dags/main.py took 0.391 seconds
[2026-09-30T13:09:00.041+0000] {processor.py:161} INFO - Started process (PID=945) to work on /opt/airflow/dags/main.py
[2026-09-30T13:09:00.043+0000] {processor.py:830} INFO - Processing file /opt/airflow/dags/main.py for tasks to queue
[2026-09-30T13:09:00.047+0000] {logging_mixin.py:188} INFO - [2026-09-30T13:09:00.046+0000] {dagbag.py:545} INFO - Filling up the DagBag from /opt/airflow/dags/main.py
[2026-09-30T13:09:00.306+0000] {processor.py:840} INFO - DAG(s) 'produce_json', 'update_db', 'data_quality_check' retrieved from /opt/airflow/dags/main.py
[2026-09-30T13:09:00.341+0000] {logging_mixin.py:188} INFO - [2026-09-30T13:09:00.341+0000] {dag.py:3096} INFO - Sync 3 DAGs
[2026-09-30T13:09:00.366+0000] {logging_mixin.py:188} INFO - [2026-09-30T13:09:00.366+0000] {dag.py:3954} INFO - Setting next_dagrun for data_quality_check to 2026-09-30 12:00:00+00:00, run_after=2026-10-01 12:00:00+00:00
[2026-09-30T13:09:00.374+0000] {logging_mixin.py:188} INFO - [2026-09-30T13:09:00.373+0000] {dag.py:3954} INFO - Setting next_dagrun for produce_json to 2026-09-30 12:00:00+00:00, run_after=2026-10-01 12:00:00+00:00
[2026-09-30T13:09:00.377+0000] {logging_mixin.py:188} INFO - [2026-09-30T13:09:00.377+0000] {dag.py:3954} INFO - Setting next_dagrun for update_db to 2026-09-30 12:00:00+00:00, run_after=2026-10-01 12:00:00+00:00
[2026-09-30T13:09:00.401+0000] {processor.py:183} INFO - Processing /opt/airflow/dags/main.py took 0.370 seconds
[2026-09-30T13:09:30.736+0000] {processor.py:161} INFO - Started process (PID=952) to work on /opt/airflow/dags/main.py
[2026-09-30T13:09:30.738+0000] {processor.py:830} INFO - Processing file /opt/airflow/dags/main.py for tasks to queue
[2026-09-30T13:09:30.742+0000] {logging_mixin.py:188} INFO - [2026-09-30T13:09:30.742+0000] {dagbag.py:545} INFO - Filling up the DagBag from /opt/airflow/dags/main.py
[2026-09-30T13:09:31.051+0000] {processor.py:840} INFO - DAG(s) 'produce_json', 'data_quality_check', 'update_db' retrieved from /opt/airflow/dags/main.py
[2026-09-30T13:09:31.077+0000] {logging_mixin.py:188} INFO - [2026-09-30T13:09:31.077+0000] {dag.py:3096} INFO - Sync 3 DAGs
[2026-09-30T13:09:31.097+0000] {logging_mixin.py:188} INFO - [2026-09-30T13:09:31.097+0000] {dag.py:3954} INFO - Setting next_dagrun for data_quality_check to 2026-09-30 12:00:00+00:00, run_after=2026-10-01 12:00:00+00:00
[2026-09-30T13:09:31.106+0000] {logging_mixin.py:188} INFO - [2026-09-30T13:09:31.105+0000] {dag.py:3954} INFO - Setting next_dagrun for produce_json to 2026-09-30 12:00:00+00:00, run_after=2026-10-01 12:00:00+00:00
[2026-09-30T13:09:31.109+0000] {logging_mixin.py:188} INFO - [2026-09-30T13:09:31.109+0000] {dag.py:3954} INFO - Setting next_dagrun for update_db to 2026-09-30 12:00:00+00:00, run_after=2026-10-01 12:00:00+00:00
[2026-09-30T13:09:31.130+0000] {processor.py:183} INFO - Processing /opt/airflow/dags/main.py took 0.400 seconds
[2026-09-30T13:10:01.463+0000] {processor.py:161} INFO - Started process (PID=959) to work on /opt/airflow/dags/main.py
[2026-09-30T13:10:01.466+0000] {processor.py:830} INFO - Processing file /opt/airflow/dags/main.py for tasks to queue
[2026-09-30T13:10:01.469+0000] {logging_mixin.py:188} INFO - [2026-09-30T13:10:01.469+0000] {dagbag.py:545} INFO - Filling up the DagBag from /opt/airflow/dags/main.py
[2026-09-30T13:10:01.770+0000] {processor.py:840} INFO - DAG(s) 'data_quality_check', 'update_db', 'produce_json' retrieved from /opt/airflow/dags/main.py
[2026-09-30T13:10:01.798+0000] {logging_mixin.py:188} INFO - [2026-09-30T13:10:01.798+0000] {dag.py:3096} INFO - Sync 3 DAGs
[2026-09-30T13:10:01.819+0000] {logging_mixin.py:188} INFO - [2026-09-30T13:10:01.819+0000] {dag.py:3954} INFO - Setting next_dagrun for data_quality_check to 2026-09-30 12:00:00+00:00, run_after=2026-10-01 12:00:00+00:00
[2026-09-30T13:10:01.825+0000] {logging_mixin.py:188} INFO - [2026-09-30T13:10:01.825+0000] {dag.py:3954} INFO - Setting next_dagrun for produce_json to 2026-09-30 12:00:00+00:00, run_after=2026-10-01 12:00:00+00:00
[2026-09-30T13:10:01.828+0000] {logging_mixin.py:188} INFO - [2026-09-30T13:10:01.828+0000] {dag.py:3954} INFO - Setting next_dagrun for update_db to 2026-09-30 12:00:00+00:00, run_after=2026-10-01 12:00:00+00:00
[2026-09-30T13:10:01.857+0000] {processor.py:183} INFO - Processing /opt/airflow/dags/main.py took 0.399 seconds
[2026-09-30T13:10:32.185+0000] {processor.py:161} INFO - Started process (PID=966) to work on /opt/airflow/dags/main.py
[2026-09-30T13:10:32.188+0000] {processor.py:830} INFO - Processing file /opt/airflow/dags/main.py for tasks to queue
[2026-09-30T13:10:32.191+0000] {logging_mixin.py:188} INFO - [2026-09-30T13:10:32.191+0000] {dagbag.py:545} INFO - Filling up the DagBag from /opt/airflow/dags/main.py
[2026-09-30T13:10:32.487+0000] {processor.py:840} INFO - DAG(s) 'update_db', 'data_quality_check', 'produce_json' retrieved from /opt/airflow/dags/main.py
[2026-09-30T13:10:32.516+0000] {logging_mixin.py:188} INFO - [2026-09-30T13:10:32.516+0000] {dag.py:3096} INFO - Sync 3 DAGs
[2026-09-30T13:10:32.536+0000] {logging_mixin.py:188} INFO - [2026-09-30T13:10:32.536+0000] {dag.py:3954} INFO - Setting next_dagrun for data_quality_check to 2026-09-30 12:00:00+00:00, run_after=2026-10-01 12:00:00+00:00
[2026-09-30T13:10:32.542+0000] {logging_mixin.py:188} INFO - [2026-09-30T13:10:32.542+0000] {dag.py:3954} INFO - Setting next_dagrun for produce_json to 2026-09-30 12:00:00+00:00, run_after=2026-10-01 12:00:00+00:00
[2026-09-30T13:10:32.546+0000] {logging_mixin.py:188} INFO - [2026-09-30T13:10:32.546+0000] {dag.py:3954} INFO - Setting next_dagrun for update_db to 2026-09-30 12:00:00+00:00, run_after=2026-10-01 12:00:00+00:00
[2026-09-30T13:10:32.575+0000] {processor.py:183} INFO - Processing /opt/airflow/dags/main.py took 0.398 seconds
[2026-09-30T13:11:02.925+0000] {processor.py:161} INFO - Started process (PID=973) to work on /opt/airflow/dags/main.py
[2026-09-30T13:11:02.928+0000] {processor.py:830} INFO - Processing file /opt/airflow/dags/main.py for tasks to queue
[2026-09-30T13:11:02.932+0000] {logging_mixin.py:188} INFO - [2026-09-30T13:11:02.932+0000] {dagbag.py:545} INFO - Filling up the DagBag from /opt/airflow/dags/main.py
[2026-09-30T13:11:03.240+0000] {processor.py:840} INFO - DAG(s) 'data_quality_check', 'produce_json', 'update_db' retrieved from /opt/airflow/dags/main.py
[2026-09-30T13:11:03.268+0000] {logging_mixin.py:188} INFO - [2026-09-30T13:11:03.268+0000] {dag.py:3096} INFO - Sync 3 DAGs
[2026-09-30T13:11:03.289+0000] {logging_mixin.py:188} INFO - [2026-09-30T13:11:03.288+0000] {dag.py:3954} INFO - Setting next_dagrun for data_quality_check to 2026-09-30 12:00:00+00:00, run_after=2026-10-01 12:00:00+00:00
[2026-09-30T13:11:03.295+0000] {logging_mixin.py:188} INFO - [2026-09-30T13:11:03.295+0000] {dag.py:3954} INFO - Setting next_dagrun for produce_json to 2026-09-30 12:00:00+00:00, run_after=2026-10-01 12:00:00+00:00
[2026-09-30T13:11:03.299+0000] {logging_mixin.py:188} INFO - [2026-09-30T13:11:03.298+0000] {dag.py:3954} INFO - Setting next_dagrun for update_db to 2026-09-30 12:00:00+00:00, run_after=2026-10-01 12:00:00+00:00
[2026-09-30T13:11:03.319+0000] {processor.py:183} INFO - Processing /opt/airflow/dags/main.py took 0.399 seconds
[2026-09-30T13:11:33.671+0000] {processor.py:161} INFO - Started process (PID=980) to work on /opt/airflow/dags/main.py
[2026-09-30T13:11:33.673+0000] {processor.py:830} INFO - Processing file /opt/airflow/dags/main.py for tasks to queue
[2026-09-30T13:11:33.676+0000] {logging_mixin.py:188} INFO - [2026-09-30T13:11:33.676+0000] {dagbag.py:545} INFO - Filling up the DagBag from /opt/airflow/dags/main.py
[2026-09-30T13:11:33.949+0000] {processor.py:840} INFO - DAG(s) 'update_db', 'produce_json', 'data_quality_check' retrieved from /opt/airflow/dags/main.py
[2026-09-30T13:11:33.976+0000] {logging_mixin.py:188} INFO - [2026-09-30T13:11:33.976+0000] {dag.py:3096} INFO - Sync 3 DAGs
[2026-09-30T13:11:33.996+0000] {logging_mixin.py:188} INFO - [2026-09-30T13:11:33.995+0000] {dag.py:3954} INFO - Setting next_dagrun for data_quality_check to 2026-09-30 12:00:00+00:00, run_after=2026-10-01 12:00:00+00:00
[2026-09-30T13:11:34.002+0000] {logging_mixin.py:188} INFO - [2026-09-30T13:11:34.002+0000] {dag.py:3954} INFO - Setting next_dagrun for produce_json to 2026-09-30 12:00:00+00:00, run_after=2026-10-01 12:00:00+00:00
[2026-09-30T13:11:34.005+0000] {logging_mixin.py:188} INFO - [2026-09-30T13:11:34.005+0000] {dag.py:3954} INFO - Setting next_dagrun for update_db to 2026-09-30 12:00:00+00:00, run_after=2026-10-01 12:00:00+00:00
[2026-09-30T13:11:34.028+0000] {processor.py:183} INFO - Processing /opt/airflow/dags/main.py took 0.363 seconds
[2026-09-30T13:12:04.382+0000] {processor.py:161} INFO - Started process (PID=993) to work on /opt/airflow/dags/main.py
[2026-09-30T13:12:04.384+0000] {processor.py:830} INFO - Processing file /opt/airflow/dags/main.py for tasks to queue
[2026-09-30T13:12:04.388+0000] {logging_mixin.py:188} INFO - [2026-09-30T13:12:04.387+0000] {dagbag.py:545} INFO - Filling up the DagBag from /opt/airflow/dags/main.py
[2026-09-30T13:12:04.676+0000] {processor.py:840} INFO - DAG(s) 'update_db', 'data_quality_check', 'produce_json' retrieved from /opt/airflow/dags/main.py
[2026-09-30T13:12:04.712+0000] {logging_mixin.py:188} INFO - [2026-09-30T13:12:04.712+0000] {dag.py:3096} INFO - Sync 3 DAGs
[2026-09-30T13:12:04.735+0000] {logging_mixin.py:188} INFO - [2026-09-30T13:12:04.734+0000] {dag.py:3954} INFO - Setting next_dagrun for data_quality_check to 2026-09-30 12:00:00+00:00, run_after=2026-10-01 12:00:00+00:00
[2026-09-30T13:12:04.742+0000] {logging_mixin.py:188} INFO - [2026-09-30T13:12:04.742+0000] {dag.py:3954} INFO - Setting next_dagrun for produce_json to 2026-09-30 12:00:00+00:00, run_after=2026-10-01 12:00:00+00:00
[2026-09-30T13:12:04.745+0000] {logging_mixin.py:188} INFO - [2026-09-30T13:12:04.745+0000] {dag.py:3954} INFO - Setting next_dagrun for update_db to 2026-09-30 12:00:00+00:00, run_after=2026-10-01 12:00:00+00:00
[2026-09-30T13:12:04.768+0000] {processor.py:183} INFO - Processing /opt/airflow/dags/main.py took 0.392 seconds
[2026-09-30T13:12:35.195+0000] {processor.py:161} INFO - Started process (PID=1000) to work on /opt/airflow/dags/main.py
[2026-09-30T13:12:35.198+0000] {processor.py:830} INFO - Processing file /opt/airflow/dags/main.py for tasks to queue
[2026-09-30T13:12:35.203+0000] {logging_mixin.py:188} INFO - [2026-09-30T13:12:35.202+0000] {dagbag.py:545} INFO - Filling up the DagBag from /opt/airflow/dags/main.py
[2026-09-30T13:12:35.498+0000] {processor.py:840} INFO - DAG(s) 'data_quality_check', 'produce_json', 'update_db' retrieved from /opt/airflow/dags/main.py
[2026-09-30T13:12:35.534+0000] {logging_mixin.py:188} INFO - [2026-09-30T13:12:35.533+0000] {dag.py:3096} INFO - Sync 3 DAGs
[2026-09-30T13:12:35.559+0000] {logging_mixin.py:188} INFO - [2026-09-30T13:12:35.559+0000] {dag.py:3954} INFO - Setting next_dagrun for data_quality_check to 2026-09-30 12:00:00+00:00, run_after=2026-10-01 12:00:00+00:00
[2026-09-30T13:12:35.567+0000] {logging_mixin.py:188} INFO - [2026-09-30T13:12:35.567+0000] {dag.py:3954} INFO - Setting next_dagrun for produce_json to 2026-09-30 12:00:00+00:00, run_after=2026-10-01 12:00:00+00:00
[2026-09-30T13:12:35.570+0000] {logging_mixin.py:188} INFO - [2026-09-30T13:12:35.570+0000] {dag.py:3954} INFO - Setting next_dagrun for update_db to 2026-09-30 12:00:00+00:00, run_after=2026-10-01 12:00:00+00:00
[2026-09-30T13:12:35.590+0000] {processor.py:183} INFO - Processing /opt/airflow/dags/main.py took 0.407 seconds
[2026-09-30T13:13:05.935+0000] {processor.py:161} INFO - Started process (PID=1007) to work on /opt/airflow/dags/main.py
[2026-09-30T13:13:05.938+0000] {processor.py:830} INFO - Processing file /opt/airflow/dags/main.py for tasks to queue
[2026-09-30T13:13:05.941+0000] {logging_mixin.py:188} INFO - [2026-09-30T13:13:05.941+0000] {dagbag.py:545} INFO - Filling up the DagBag from /opt/airflow/dags/main.py
[2026-09-30T13:13:06.250+0000] {processor.py:840} INFO - DAG(s) 'update_db', 'produce_json', 'data_quality_check' retrieved from /opt/airflow/dags/main.py
[2026-09-30T13:13:06.279+0000] {logging_mixin.py:188} INFO - [2026-09-30T13:13:06.278+0000] {dag.py:3096} INFO - Sync 3 DAGs
[2026-09-30T13:13:06.302+0000] {logging_mixin.py:188} INFO - [2026-09-30T13:13:06.302+0000] {dag.py:3954} INFO - Setting next_dagrun for data_quality_check to 2026-09-30 12:00:00+00:00, run_after=2026-10-01 12:00:00+00:00
[2026-09-30T13:13:06.309+0000] {logging_mixin.py:188} INFO - [2026-09-30T13:13:06.309+0000] {dag.py:3954} INFO - Setting next_dagrun for produce_json to 2026-09-30 12:00:00+00:00, run_after=2026-10-01 12:00:00+00:00
[2026-09-30T13:13:06.312+0000] {logging_mixin.py:188} INFO - [2026-09-30T13:13:06.312+0000] {dag.py:3954} INFO - Setting next_dagrun for update_db to 2026-09-30 12:00:00+00:00, run_after=2026-10-01 12:00:00+00:00
[2026-09-30T13:13:06.335+0000] {processor.py:183} INFO - Processing /opt/airflow/dags/main.py took 0.406 seconds
[2026-09-30T13:13:36.675+0000] {processor.py:161} INFO - Started process (PID=1014) to work on /opt/airflow/dags/main.py
[2026-09-30T13:13:36.678+0000] {processor.py:830} INFO - Processing file /opt/airflow/dags/main.py for tasks to queue
[2026-09-30T13:13:36.681+0000] {logging_mixin.py:188} INFO - [2026-09-30T13:13:36.680+0000] {dagbag.py:545} INFO - Filling up the DagBag from /opt/airflow/dags/main.py
[2026-09-30T13:13:36.980+0000] {processor.py:840} INFO - DAG(s) 'produce_json', 'data_quality_check', 'update_db' retrieved from /opt/airflow/dags/main.py
[2026-09-30T13:13:37.008+0000] {logging_mixin.py:188} INFO - [2026-09-30T13:13:37.008+0000] {dag.py:3096} INFO - Sync 3 DAGs
[2026-09-30T13:13:37.027+0000] {logging_mixin.py:188} INFO - [2026-09-30T13:13:37.027+0000] {dag.py:3954} INFO - Setting next_dagrun for data_quality_check to 2026-09-30 12:00:00+00:00, run_after=2026-10-01 12:00:00+00:00
[2026-09-30T13:13:37.034+0000] {logging_mixin.py:188} INFO - [2026-09-30T13:13:37.034+0000] {dag.py:3954} INFO - Setting next_dagrun for produce_json to 2026-09-30 12:00:00+00:00, run_after=2026-10-01 12:00:00+00:00
[2026-09-30T13:13:37.037+0000] {logging_mixin.py:188} INFO - [2026-09-30T13:13:37.037+0000] {dag.py:3954} INFO - Setting next_dagrun for update_db to 2026-09-30 12:00:00+00:00, run_after=2026-10-01 12:00:00+00:00
[2026-09-30T13:13:37.058+0000] {processor.py:183} INFO - Processing /opt/airflow/dags/main.py took 0.389 seconds
[2026-09-30T13:14:07.424+0000] {processor.py:161} INFO - Started process (PID=1021) to work on /opt/airflow/dags/main.py
[2026-09-30T13:14:07.428+0000] {processor.py:830} INFO - Processing file /opt/airflow/dags/main.py for tasks to queue
[2026-09-30T13:14:07.433+0000] {logging_mixin.py:188} INFO - [2026-09-30T13:14:07.432+0000] {dagbag.py:545} INFO - Filling up the DagBag from /opt/airflow/dags/main.py
[2026-09-30T13:14:07.749+0000] {processor.py:840} INFO - DAG(s) 'produce_json', 'update_db', 'data_quality_check' retrieved from /opt/airflow/dags/main.py
[2026-09-30T13:14:07.779+0000] {logging_mixin.py:188} INFO - [2026-09-30T13:14:07.779+0000] {dag.py:3096} INFO - Sync 3 DAGs
[2026-09-30T13:14:07.799+0000] {logging_mixin.py:188} INFO - [2026-09-30T13:14:07.799+0000] {dag.py:3954} INFO - Setting next_dagrun for data_quality_check to 2026-09-30 12:00:00+00:00, run_after=2026-10-01 12:00:00+00:00
[2026-09-30T13:14:07.806+0000] {logging_mixin.py:188} INFO - [2026-09-30T13:14:07.806+0000] {dag.py:3954} INFO - Setting next_dagrun for produce_json to 2026-09-30 12:00:00+00:00, run_after=2026-10-01 12:00:00+00:00
[2026-09-30T13:14:07.810+0000] {logging_mixin.py:188} INFO - [2026-09-30T13:14:07.810+0000] {dag.py:3954} INFO - Setting next_dagrun for update_db to 2026-09-30 12:00:00+00:00, run_after=2026-10-01 12:00:00+00:00
[2026-09-30T13:14:07.833+0000] {processor.py:183} INFO - Processing /opt/airflow/dags/main.py took 0.432 seconds
[2026-09-30T13:14:38.200+0000] {processor.py:161} INFO - Started process (PID=1028) to work on /opt/airflow/dags/main.py
[2026-09-30T13:14:38.203+0000] {processor.py:830} INFO - Processing file /opt/airflow/dags/main.py for tasks to queue
[2026-09-30T13:14:38.207+0000] {logging_mixin.py:188} INFO - [2026-09-30T13:14:38.207+0000] {dagbag.py:545} INFO - Filling up the DagBag from /opt/airflow/dags/main.py
[2026-09-30T13:14:38.510+0000] {processor.py:840} INFO - DAG(s) 'produce_json', 'data_quality_check', 'update_db' retrieved from /opt/airflow/dags/main.py
[2026-09-30T13:14:38.537+0000] {logging_mixin.py:188} INFO - [2026-09-30T13:14:38.537+0000] {dag.py:3096} INFO - Sync 3 DAGs
[2026-09-30T13:14:38.556+0000] {logging_mixin.py:188} INFO - [2026-09-30T13:14:38.555+0000] {dag.py:3954} INFO - Setting next_dagrun for data_quality_check to 2026-09-30 12:00:00+00:00, run_after=2026-10-01 12:00:00+00:00
[2026-09-30T13:14:38.562+0000] {logging_mixin.py:188} INFO - [2026-09-30T13:14:38.562+0000] {dag.py:3954} INFO - Setting next_dagrun for produce_json to 2026-09-30 12:00:00+00:00, run_after=2026-10-01 12:00:00+00:00
[2026-09-30T13:14:38.566+0000] {logging_mixin.py:188} INFO - [2026-09-30T13:14:38.565+0000] {dag.py:3954} INFO - Setting next_dagrun for update_db to 2026-09-30 12:00:00+00:00, run_after=2026-10-01 12:00:00+00:00
[2026-09-30T13:14:38.586+0000] {processor.py:183} INFO - Processing /opt/airflow/dags/main.py took 0.392 seconds
[2026-09-30T13:15:08.926+0000] {processor.py:161} INFO - Started process (PID=1035) to work on /opt/airflow/dags/main.py
[2026-09-30T13:15:08.929+0000] {processor.py:830} INFO - Processing file /opt/airflow/dags/main.py for tasks to queue
[2026-09-30T13:15:08.932+0000] {logging_mixin.py:188} INFO - [2026-09-30T13:15:08.932+0000] {dagbag.py:545} INFO - Filling up the DagBag from /opt/airflow/dags/main.py
[2026-09-30T13:15:09.231+0000] {processor.py:840} INFO - DAG(s) 'data_quality_check', 'produce_json', 'update_db' retrieved from /opt/airflow/dags/main.py
[2026-09-30T13:15:09.258+0000] {logging_mixin.py:188} INFO - [2026-09-30T13:15:09.258+0000] {dag.py:3096} INFO - Sync 3 DAGs
[2026-09-30T13:15:09.278+0000] {logging_mixin.py:188} INFO - [2026-09-30T13:15:09.278+0000] {dag.py:3954} INFO - Setting next_dagrun for data_quality_check to 2026-09-30 12:00:00+00:00, run_after=2026-10-01 12:00:00+00:00
[2026-09-30T13:15:09.286+0000] {logging_mixin.py:188} INFO - [2026-09-30T13:15:09.286+0000] {dag.py:3954} INFO - Setting next_dagrun for produce_json to 2026-09-30 12:00:00+00:00, run_after=2026-10-01 12:00:00+00:00
[2026-09-30T13:15:09.289+0000] {logging_mixin.py:188} INFO - [2026-09-30T13:15:09.289+0000] {dag.py:3954} INFO - Setting next_dagrun for update_db to 2026-09-30 12:00:00+00:00, run_after=2026-10-01 12:00:00+00:00
[2026-09-30T13:15:09.309+0000] {processor.py:183} INFO - Processing /opt/airflow/dags/main.py took 0.388 seconds
[2026-09-30T13:15:39.681+0000] {processor.py:161} INFO - Started process (PID=1042) to work on /opt/airflow/dags/main.py
[2026-09-30T13:15:39.685+0000] {processor.py:830} INFO - Processing file /opt/airflow/dags/main.py for tasks to queue
[2026-09-30T13:15:39.689+0000] {logging_mixin.py:188} INFO - [2026-09-30T13:15:39.689+0000] {dagbag.py:545} INFO - Filling up the DagBag from /opt/airflow/dags/main.py
[2026-09-30T13:15:40.013+0000] {processor.py:840} INFO - DAG(s) 'data_quality_check', 'produce_json', 'update_db' retrieved from /opt/airflow/dags/main.py
[2026-09-30T13:15:40.045+0000] {logging_mixin.py:188} INFO - [2026-09-30T13:15:40.045+0000] {dag.py:3096} INFO - Sync 3 DAGs
[2026-09-30T13:15:40.068+0000] {logging_mixin.py:188} INFO - [2026-09-30T13:15:40.068+0000] {dag.py:3954} INFO - Setting next_dagrun for data_quality_check to 2026-09-30 12:00:00+00:00, run_after=2026-10-01 12:00:00+00:00
[2026-09-30T13:15:40.075+0000] {logging_mixin.py:188} INFO - [2026-09-30T13:15:40.075+0000] {dag.py:3954} INFO - Setting next_dagrun for produce_json to 2026-09-30 12:00:00+00:00, run_after=2026-10-01 12:00:00+00:00
[2026-09-30T13:15:40.080+0000] {logging_mixin.py:188} INFO - [2026-09-30T13:15:40.080+0000] {dag.py:3954} INFO - Setting next_dagrun for update_db to 2026-09-30 12:00:00+00:00, run_after=2026-10-01 12:00:00+00:00
[2026-09-30T13:15:40.107+0000] {processor.py:183} INFO - Processing /opt/airflow/dags/main.py took 0.432 seconds
[2026-09-30T13:16:10.436+0000] {processor.py:161} INFO - Started process (PID=1049) to work on /opt/airflow/dags/main.py
[2026-09-30T13:16:10.439+0000] {processor.py:830} INFO - Processing file /opt/airflow/dags/main.py for tasks to queue
[2026-09-30T13:16:10.443+0000] {logging_mixin.py:188} INFO - [2026-09-30T13:16:10.443+0000] {dagbag.py:545} INFO - Filling up the DagBag from /opt/airflow/dags/main.py
[2026-09-30T13:16:10.768+0000] {processor.py:840} INFO - DAG(s) 'update_db', 'produce_json', 'data_quality_check' retrieved from /opt/airflow/dags/main.py
[2026-09-30T13:16:10.798+0000] {logging_mixin.py:188} INFO - [2026-09-30T13:16:10.798+0000] {dag.py:3096} INFO - Sync 3 DAGs
[2026-09-30T13:16:10.817+0000] {logging_mixin.py:188} INFO - [2026-09-30T13:16:10.817+0000] {dag.py:3954} INFO - Setting next_dagrun for data_quality_check to 2026-09-30 12:00:00+00:00, run_after=2026-10-01 12:00:00+00:00
[2026-09-30T13:16:10.824+0000] {logging_mixin.py:188} INFO - [2026-09-30T13:16:10.824+0000] {dag.py:3954} INFO - Setting next_dagrun for produce_json to 2026-09-30 12:00:00+00:00, run_after=2026-10-01 12:00:00+00:00
[2026-09-30T13:16:10.828+0000] {logging_mixin.py:188} INFO - [2026-09-30T13:16:10.828+0000] {dag.py:3954} INFO - Setting next_dagrun for update_db to 2026-09-30 12:00:00+00:00, run_after=2026-10-01 12:00:00+00:00
[2026-09-30T13:16:10.849+0000] {processor.py:183} INFO - Processing /opt/airflow/dags/main.py took 0.418 seconds
[2026-09-30T13:16:41.212+0000] {processor.py:161} INFO - Started process (PID=1056) to work on /opt/airflow/dags/main.py
[2026-09-30T13:16:41.215+0000] {processor.py:830} INFO - Processing file /opt/airflow/dags/main.py for tasks to queue
[2026-09-30T13:16:41.219+0000] {logging_mixin.py:188} INFO - [2026-09-30T13:16:41.219+0000] {dagbag.py:545} INFO - Filling up the DagBag from /opt/airflow/dags/main.py
[2026-09-30T13:16:41.534+0000] {processor.py:840} INFO - DAG(s) 'update_db', 'data_quality_check', 'produce_json' retrieved from /opt/airflow/dags/main.py
[2026-09-30T13:16:41.564+0000] {logging_mixin.py:188} INFO - [2026-09-30T13:16:41.564+0000] {dag.py:3096} INFO - Sync 3 DAGs
[2026-09-30T13:16:41.588+0000] {logging_mixin.py:188} INFO - [2026-09-30T13:16:41.588+0000] {dag.py:3954} INFO - Setting next_dagrun for data_quality_check to 2026-09-30 12:00:00+00:00, run_after=2026-10-01 12:00:00+00:00
[2026-09-30T13:16:41.594+0000] {logging_mixin.py:188} INFO - [2026-09-30T13:16:41.594+0000] {dag.py:3954} INFO - Setting next_dagrun for produce_json to 2026-09-30 12:00:00+00:00, run_after=2026-10-01 12:00:00+00:00
[2026-09-30T13:16:41.598+0000] {logging_mixin.py:188} INFO - [2026-09-30T13:16:41.597+0000] {dag.py:3954} INFO - Setting next_dagrun for update_db to 2026-09-30 12:00:00+00:00, run_after=2026-10-01 12:00:00+00:00
[2026-09-30T13:16:41.619+0000] {processor.py:183} INFO - Processing /opt/airflow/dags/main.py took 0.412 seconds
[2026-09-30T13:17:11.958+0000] {processor.py:161} INFO - Started process (PID=1063) to work on /opt/airflow/dags/main.py
[2026-09-30T13:17:11.961+0000] {processor.py:830} INFO - Processing file /opt/airflow/dags/main.py for tasks to queue
[2026-09-30T13:17:11.963+0000] {logging_mixin.py:188} INFO - [2026-09-30T13:17:11.963+0000] {dagbag.py:545} INFO - Filling up the DagBag from /opt/airflow/dags/main.py
[2026-09-30T13:17:12.272+0000] {processor.py:840} INFO - DAG(s) 'update_db', 'produce_json', 'data_quality_check' retrieved from /opt/airflow/dags/main.py
[2026-09-30T13:17:12.300+0000] {logging_mixin.py:188} INFO - [2026-09-30T13:17:12.300+0000] {dag.py:3096} INFO - Sync 3 DAGs
[2026-09-30T13:17:12.319+0000] {logging_mixin.py:188} INFO - [2026-09-30T13:17:12.319+0000] {dag.py:3954} INFO - Setting next_dagrun for data_quality_check to 2026-09-30 12:00:00+00:00, run_after=2026-10-01 12:00:00+00:00
[2026-09-30T13:17:12.326+0000] {logging_mixin.py:188} INFO - [2026-09-30T13:17:12.326+0000] {dag.py:3954} INFO - Setting next_dagrun for produce_json to 2026-09-30 12:00:00+00:00, run_after=2026-10-01 12:00:00+00:00
[2026-09-30T13:17:12.329+0000] {logging_mixin.py:188} INFO - [2026-09-30T13:17:12.329+0000] {dag.py:3954} INFO - Setting next_dagrun for update_db to 2026-09-30 12:00:00+00:00, run_after=2026-10-01 12:00:00+00:00
[2026-09-30T13:17:12.350+0000] {processor.py:183} INFO - Processing /opt/airflow/dags/main.py took 0.398 seconds
[2026-09-30T13:17:42.757+0000] {processor.py:161} INFO - Started process (PID=1070) to work on /opt/airflow/dags/main.py
[2026-09-30T13:17:42.759+0000] {processor.py:830} INFO - Processing file /opt/airflow/dags/main.py for tasks to queue
[2026-09-30T13:17:42.762+0000] {logging_mixin.py:188} INFO - [2026-09-30T13:17:42.762+0000] {dagbag.py:545} INFO - Filling up the DagBag from /opt/airflow/dags/main.py
[2026-09-30T13:17:43.041+0000] {processor.py:840} INFO - DAG(s) 'produce_json', 'update_db', 'data_quality_check' retrieved from /opt/airflow/dags/main.py
[2026-09-30T13:17:43.067+0000] {logging_mixin.py:188} INFO - [2026-09-30T13:17:43.067+0000] {dag.py:3096} INFO - Sync 3 DAGs
[2026-09-30T13:17:43.086+0000] {logging_mixin.py:188} INFO - [2026-09-30T13:17:43.086+0000] {dag.py:3954} INFO - Setting next_dagrun for data_quality_check to 2026-09-30 12:00:00+00:00, run_after=2026-10-01 12:00:00+00:00
[2026-09-30T13:17:43.093+0000] {logging_mixin.py:188} INFO - [2026-09-30T13:17:43.093+0000] {dag.py:3954} INFO - Setting next_dagrun for produce_json to 2026-09-30 12:00:00+00:00, run_after=2026-10-01 12:00:00+00:00
[2026-09-30T13:17:43.096+0000] {logging_mixin.py:188} INFO - [2026-09-30T13:17:43.096+0000] {dag.py:3954} INFO - Setting next_dagrun for update_db to 2026-09-30 12:00:00+00:00, run_after=2026-10-01 12:00:00+00:00
[2026-09-30T13:17:43.118+0000] {processor.py:183} INFO - Processing /opt/airflow/dags/main.py took 0.366 seconds
[2026-09-30T13:18:13.475+0000] {processor.py:161} INFO - Started process (PID=1077) to work on /opt/airflow/dags/main.py
[2026-09-30T13:18:13.478+0000] {processor.py:830} INFO - Processing file /opt/airflow/dags/main.py for tasks to queue
[2026-09-30T13:18:13.481+0000] {logging_mixin.py:188} INFO - [2026-09-30T13:18:13.480+0000] {dagbag.py:545} INFO - Filling up the DagBag from /opt/airflow/dags/main.py
[2026-09-30T13:18:13.790+0000] {processor.py:840} INFO - DAG(s) 'data_quality_check', 'produce_json', 'update_db' retrieved from /opt/airflow/dags/main.py
[2026-09-30T13:18:13.818+0000] {logging_mixin.py:188} INFO - [2026-09-30T13:18:13.818+0000] {dag.py:3096} INFO - Sync 3 DAGs
[2026-09-30T13:18:13.839+0000] {logging_mixin.py:188} INFO - [2026-09-30T13:18:13.839+0000] {dag.py:3954} INFO - Setting next_dagrun for data_quality_check to 2026-09-30 12:00:00+00:00, run_after=2026-10-01 12:00:00+00:00
[2026-09-30T13:18:13.845+0000] {logging_mixin.py:188} INFO - [2026-09-30T13:18:13.845+0000] {dag.py:3954} INFO - Setting next_dagrun for produce_json to 2026-09-30 12:00:00+00:00, run_after=2026-10-01 12:00:00+00:00
[2026-09-30T13:18:13.849+0000] {logging_mixin.py:188} INFO - [2026-09-30T13:18:13.849+0000] {dag.py:3954} INFO - Setting next_dagrun for update_db to 2026-09-30 12:00:00+00:00, run_after=2026-10-01 12:00:00+00:00
[2026-09-30T13:18:13.870+0000] {processor.py:183} INFO - Processing /opt/airflow/dags/main.py took 0.401 seconds
[2026-09-30T13:18:44.223+0000] {processor.py:161} INFO - Started process (PID=1084) to work on /opt/airflow/dags/main.py
[2026-09-30T13:18:44.226+0000] {processor.py:830} INFO - Processing file /opt/airflow/dags/main.py for tasks to queue
[2026-09-30T13:18:44.230+0000] {logging_mixin.py:188} INFO - [2026-09-30T13:18:44.230+0000] {dagbag.py:545} INFO - Filling up the DagBag from /opt/airflow/dags/main.py
[2026-09-30T13:18:44.527+0000] {processor.py:840} INFO - DAG(s) 'update_db', 'produce_json', 'data_quality_check' retrieved from /opt/airflow/dags/main.py
[2026-09-30T13:18:44.554+0000] {logging_mixin.py:188} INFO - [2026-09-30T13:18:44.553+0000] {dag.py:3096} INFO - Sync 3 DAGs
[2026-09-30T13:18:44.574+0000] {logging_mixin.py:188} INFO - [2026-09-30T13:18:44.573+0000] {dag.py:3954} INFO - Setting next_dagrun for data_quality_check to 2026-09-30 12:00:00+00:00, run_after=2026-10-01 12:00:00+00:00
[2026-09-30T13:18:44.579+0000] {logging_mixin.py:188} INFO - [2026-09-30T13:18:44.579+0000] {dag.py:3954} INFO - Setting next_dagrun for produce_json to 2026-09-30 12:00:00+00:00, run_after=2026-10-01 12:00:00+00:00
[2026-09-30T13:18:44.583+0000] {logging_mixin.py:188} INFO - [2026-09-30T13:18:44.583+0000] {dag.py:3954} INFO - Setting next_dagrun for update_db to 2026-09-30 12:00:00+00:00, run_after=2026-10-01 12:00:00+00:00
[2026-09-30T13:18:44.603+0000] {processor.py:183} INFO - Processing /opt/airflow/dags/main.py took 0.385 seconds
[2026-09-30T13:19:14.957+0000] {processor.py:161} INFO - Started process (PID=1091) to work on /opt/airflow/dags/main.py
[2026-09-30T13:19:14.960+0000] {processor.py:830} INFO - Processing file /opt/airflow/dags/main.py for tasks to queue
[2026-09-30T13:19:14.964+0000] {logging_mixin.py:188} INFO - [2026-09-30T13:19:14.963+0000] {dagbag.py:545} INFO - Filling up the DagBag from /opt/airflow/dags/main.py
[2026-09-30T13:19:15.270+0000] {processor.py:840} INFO - DAG(s) 'data_quality_check', 'produce_json', 'update_db' retrieved from /opt/airflow/dags/main.py
[2026-09-30T13:19:15.302+0000] {logging_mixin.py:188} INFO - [2026-09-30T13:19:15.301+0000] {dag.py:3096} INFO - Sync 3 DAGs
[2026-09-30T13:19:15.323+0000] {logging_mixin.py:188} INFO - [2026-09-30T13:19:15.323+0000] {dag.py:3954} INFO - Setting next_dagrun for data_quality_check to 2026-09-30 12:00:00+00:00, run_after=2026-10-01 12:00:00+00:00
[2026-09-30T13:19:15.329+0000] {logging_mixin.py:188} INFO - [2026-09-30T13:19:15.329+0000] {dag.py:3954} INFO - Setting next_dagrun for produce_json to 2026-09-30 12:00:00+00:00, run_after=2026-10-01 12:00:00+00:00
[2026-09-30T13:19:15.332+0000] {logging_mixin.py:188} INFO - [2026-09-30T13:19:15.332+0000] {dag.py:3954} INFO - Setting next_dagrun for update_db to 2026-09-30 12:00:00+00:00, run_after=2026-10-01 12:00:00+00:00
[2026-09-30T13:19:15.353+0000] {processor.py:183} INFO - Processing /opt/airflow/dags/main.py took 0.403 seconds
[2026-09-30T13:19:45.721+0000] {processor.py:161} INFO - Started process (PID=1098) to work on /opt/airflow/dags/main.py
[2026-09-30T13:19:45.726+0000] {processor.py:830} INFO - Processing file /opt/airflow/dags/main.py for tasks to queue
[2026-09-30T13:19:45.736+0000] {logging_mixin.py:188} INFO - [2026-09-30T13:19:45.735+0000] {dagbag.py:545} INFO - Filling up the DagBag from /opt/airflow/dags/main.py
[2026-09-30T13:19:46.021+0000] {processor.py:840} INFO - DAG(s) 'data_quality_check', 'produce_json', 'update_db' retrieved from /opt/airflow/dags/main.py
[2026-09-30T13:19:46.049+0000] {logging_mixin.py:188} INFO - [2026-09-30T13:19:46.049+0000] {dag.py:3096} INFO - Sync 3 DAGs
[2026-09-30T13:19:46.068+0000] {logging_mixin.py:188} INFO - [2026-09-30T13:19:46.068+0000] {dag.py:3954} INFO - Setting next_dagrun for data_quality_check to 2026-09-30 12:00:00+00:00, run_after=2026-10-01 12:00:00+00:00
[2026-09-30T13:19:46.075+0000] {logging_mixin.py:188} INFO - [2026-09-30T13:19:46.075+0000] {dag.py:3954} INFO - Setting next_dagrun for produce_json to 2026-09-30 12:00:00+00:00, run_after=2026-10-01 12:00:00+00:00
[2026-09-30T13:19:46.079+0000] {logging_mixin.py:188} INFO - [2026-09-30T13:19:46.078+0000] {dag.py:3954} INFO - Setting next_dagrun for update_db to 2026-09-30 12:00:00+00:00, run_after=2026-10-01 12:00:00+00:00
[2026-09-30T13:19:46.100+0000] {processor.py:183} INFO - Processing /opt/airflow/dags/main.py took 0.399 seconds
[2026-09-30T13:20:16.445+0000] {processor.py:161} INFO - Started process (PID=1105) to work on /opt/airflow/dags/main.py
[2026-09-30T13:20:16.448+0000] {processor.py:830} INFO - Processing file /opt/airflow/dags/main.py for tasks to queue
[2026-09-30T13:20:16.451+0000] {logging_mixin.py:188} INFO - [2026-09-30T13:20:16.450+0000] {dagbag.py:545} INFO - Filling up the DagBag from /opt/airflow/dags/main.py
[2026-09-30T13:20:16.758+0000] {processor.py:840} INFO - DAG(s) 'update_db', 'data_quality_check', 'produce_json' retrieved from /opt/airflow/dags/main.py
[2026-09-30T13:20:16.787+0000] {logging_mixin.py:188} INFO - [2026-09-30T13:20:16.787+0000] {dag.py:3096} INFO - Sync 3 DAGs
[2026-09-30T13:20:16.809+0000] {logging_mixin.py:188} INFO - [2026-09-30T13:20:16.809+0000] {dag.py:3954} INFO - Setting next_dagrun for data_quality_check to 2026-09-30 12:00:00+00:00, run_after=2026-10-01 12:00:00+00:00
[2026-09-30T13:20:16.816+0000] {logging_mixin.py:188} INFO - [2026-09-30T13:20:16.816+0000] {dag.py:3954} INFO - Setting next_dagrun for produce_json to 2026-09-30 12:00:00+00:00, run_after=2026-10-01 12:00:00+00:00
[2026-09-30T13:20:16.819+0000] {logging_mixin.py:188} INFO - [2026-09-30T13:20:16.819+0000] {dag.py:3954} INFO - Setting next_dagrun for update_db to 2026-09-30 12:00:00+00:00, run_after=2026-10-01 12:00:00+00:00
[2026-09-30T13:20:16.838+0000] {processor.py:183} INFO - Processing /opt/airflow/dags/main.py took 0.399 seconds
[2026-09-30T13:20:47.193+0000] {processor.py:161} INFO - Started process (PID=1112) to work on /opt/airflow/dags/main.py
[2026-09-30T13:20:47.197+0000] {processor.py:830} INFO - Processing file /opt/airflow/dags/main.py for tasks to queue
[2026-09-30T13:20:47.201+0000] {logging_mixin.py:188} INFO - [2026-09-30T13:20:47.201+0000] {dagbag.py:545} INFO - Filling up the DagBag from /opt/airflow/dags/main.py
[2026-09-30T13:20:47.499+0000] {processor.py:840} INFO - DAG(s) 'produce_json', 'update_db', 'data_quality_check' retrieved from /opt/airflow/dags/main.py
[2026-09-30T13:20:47.529+0000] {logging_mixin.py:188} INFO - [2026-09-30T13:20:47.529+0000] {dag.py:3096} INFO - Sync 3 DAGs
[2026-09-30T13:20:47.550+0000] {logging_mixin.py:188} INFO - [2026-09-30T13:20:47.550+0000] {dag.py:3954} INFO - Setting next_dagrun for data_quality_check to 2026-09-30 12:00:00+00:00, run_after=2026-10-01 12:00:00+00:00
[2026-09-30T13:20:47.558+0000] {logging_mixin.py:188} INFO - [2026-09-30T13:20:47.557+0000] {dag.py:3954} INFO - Setting next_dagrun for produce_json to 2026-09-30 12:00:00+00:00, run_after=2026-10-01 12:00:00+00:00
[2026-09-30T13:20:47.561+0000] {logging_mixin.py:188} INFO - [2026-09-30T13:20:47.561+0000] {dag.py:3954} INFO - Setting next_dagrun for update_db to 2026-09-30 12:00:00+00:00, run_after=2026-10-01 12:00:00+00:00
[2026-09-30T13:20:47.584+0000] {processor.py:183} INFO - Processing /opt/airflow/dags/main.py took 0.399 seconds
[2026-09-30T13:21:17.919+0000] {processor.py:161} INFO - Started process (PID=1119) to work on /opt/airflow/dags/main.py
[2026-09-30T13:21:17.922+0000] {processor.py:830} INFO - Processing file /opt/airflow/dags/main.py for tasks to queue
[2026-09-30T13:21:17.928+0000] {logging_mixin.py:188} INFO - [2026-09-30T13:21:17.927+0000] {dagbag.py:545} INFO - Filling up the DagBag from /opt/airflow/dags/main.py
[2026-09-30T13:21:18.243+0000] {processor.py:840} INFO - DAG(s) 'data_quality_check', 'update_db', 'produce_json' retrieved from /opt/airflow/dags/main.py
[2026-09-30T13:21:18.283+0000] {logging_mixin.py:188} INFO - [2026-09-30T13:21:18.282+0000] {dag.py:3096} INFO - Sync 3 DAGs
[2026-09-30T13:21:18.307+0000] {logging_mixin.py:188} INFO - [2026-09-30T13:21:18.307+0000] {dag.py:3954} INFO - Setting next_dagrun for data_quality_check to 2026-09-30 12:00:00+00:00, run_after=2026-10-01 12:00:00+00:00
[2026-09-30T13:21:18.313+0000] {logging_mixin.py:188} INFO - [2026-09-30T13:21:18.313+0000] {dag.py:3954} INFO - Setting next_dagrun for produce_json to 2026-09-30 12:00:00+00:00, run_after=2026-10-01 12:00:00+00:00
[2026-09-30T13:21:18.317+0000] {logging_mixin.py:188} INFO - [2026-09-30T13:21:18.317+0000] {dag.py:3954} INFO - Setting next_dagrun for update_db to 2026-09-30 12:00:00+00:00, run_after=2026-10-01 12:00:00+00:00
[2026-09-30T13:21:18.339+0000] {processor.py:183} INFO - Processing /opt/airflow/dags/main.py took 0.431 seconds
[2026-09-30T13:21:48.690+0000] {processor.py:161} INFO - Started process (PID=1126) to work on /opt/airflow/dags/main.py
[2026-09-30T13:21:48.692+0000] {processor.py:830} INFO - Processing file /opt/airflow/dags/main.py for tasks to queue
[2026-09-30T13:21:48.696+0000] {logging_mixin.py:188} INFO - [2026-09-30T13:21:48.695+0000] {dagbag.py:545} INFO - Filling up the DagBag from /opt/airflow/dags/main.py
[2026-09-30T13:21:48.985+0000] {processor.py:840} INFO - DAG(s) 'data_quality_check', 'update_db', 'produce_json' retrieved from /opt/airflow/dags/main.py
[2026-09-30T13:21:49.018+0000] {logging_mixin.py:188} INFO - [2026-09-30T13:21:49.018+0000] {dag.py:3096} INFO - Sync 3 DAGs
[2026-09-30T13:21:49.045+0000] {logging_mixin.py:188} INFO - [2026-09-30T13:21:49.045+0000] {dag.py:3954} INFO - Setting next_dagrun for data_quality_check to 2026-09-30 12:00:00+00:00, run_after=2026-10-01 12:00:00+00:00
[2026-09-30T13:21:49.052+0000] {logging_mixin.py:188} INFO - [2026-09-30T13:21:49.052+0000] {dag.py:3954} INFO - Setting next_dagrun for produce_json to 2026-09-30 12:00:00+00:00, run_after=2026-10-01 12:00:00+00:00
[2026-09-30T13:21:49.056+0000] {logging_mixin.py:188} INFO - [2026-09-30T13:21:49.055+0000] {dag.py:3954} INFO - Setting next_dagrun for update_db to 2026-09-30 12:00:00+00:00, run_after=2026-10-01 12:00:00+00:00
[2026-09-30T13:21:49.080+0000] {processor.py:183} INFO - Processing /opt/airflow/dags/main.py took 0.397 seconds
[2026-09-30T13:22:19.426+0000] {processor.py:161} INFO - Started process (PID=1133) to work on /opt/airflow/dags/main.py
[2026-09-30T13:22:19.429+0000] {processor.py:830} INFO - Processing file /opt/airflow/dags/main.py for tasks to queue
[2026-09-30T13:22:19.434+0000] {logging_mixin.py:188} INFO - [2026-09-30T13:22:19.433+0000] {dagbag.py:545} INFO - Filling up the DagBag from /opt/airflow/dags/main.py
[2026-09-30T13:22:19.724+0000] {processor.py:840} INFO - DAG(s) 'produce_json', 'update_db', 'data_quality_check' retrieved from /opt/airflow/dags/main.py
[2026-09-30T13:22:19.758+0000] {logging_mixin.py:188} INFO - [2026-09-30T13:22:19.758+0000] {dag.py:3096} INFO - Sync 3 DAGs
[2026-09-30T13:22:19.785+0000] {logging_mixin.py:188} INFO - [2026-09-30T13:22:19.785+0000] {dag.py:3954} INFO - Setting next_dagrun for data_quality_check to 2026-09-30 12:00:00+00:00, run_after=2026-10-01 12:00:00+00:00
[2026-09-30T13:22:19.794+0000] {logging_mixin.py:188} INFO - [2026-09-30T13:22:19.793+0000] {dag.py:3954} INFO - Setting next_dagrun for produce_json to 2026-09-30 12:00:00+00:00, run_after=2026-10-01 12:00:00+00:00
[2026-09-30T13:22:19.799+0000] {logging_mixin.py:188} INFO - [2026-09-30T13:22:19.799+0000] {dag.py:3954} INFO - Setting next_dagrun for update_db to 2026-09-30 12:00:00+00:00, run_after=2026-10-01 12:00:00+00:00
[2026-09-30T13:22:19.824+0000] {processor.py:183} INFO - Processing /opt/airflow/dags/main.py took 0.404 seconds
[2026-09-30T13:22:50.290+0000] {processor.py:161} INFO - Started process (PID=1140) to work on /opt/airflow/dags/main.py
[2026-09-30T13:22:50.294+0000] {processor.py:830} INFO - Processing file /opt/airflow/dags/main.py for tasks to queue
[2026-09-30T13:22:50.298+0000] {logging_mixin.py:188} INFO - [2026-09-30T13:22:50.297+0000] {dagbag.py:545} INFO - Filling up the DagBag from /opt/airflow/dags/main.py
[2026-09-30T13:22:50.597+0000] {processor.py:840} INFO - DAG(s) 'produce_json', 'update_db', 'data_quality_check' retrieved from /opt/airflow/dags/main.py
[2026-09-30T13:22:50.626+0000] {logging_mixin.py:188} INFO - [2026-09-30T13:22:50.625+0000] {dag.py:3096} INFO - Sync 3 DAGs
[2026-09-30T13:22:50.646+0000] {logging_mixin.py:188} INFO - [2026-09-30T13:22:50.646+0000] {dag.py:3954} INFO - Setting next_dagrun for data_quality_check to 2026-09-30 12:00:00+00:00, run_after=2026-10-01 12:00:00+00:00
[2026-09-30T13:22:50.653+0000] {logging_mixin.py:188} INFO - [2026-09-30T13:22:50.653+0000] {dag.py:3954} INFO - Setting next_dagrun for produce_json to 2026-09-30 12:00:00+00:00, run_after=2026-10-01 12:00:00+00:00
[2026-09-30T13:22:50.656+0000] {logging_mixin.py:188} INFO - [2026-09-30T13:22:50.656+0000] {dag.py:3954} INFO - Setting next_dagrun for update_db to 2026-09-30 12:00:00+00:00, run_after=2026-10-01 12:00:00+00:00
[2026-09-30T13:22:50.677+0000] {processor.py:183} INFO - Processing /opt/airflow/dags/main.py took 0.395 seconds
[2026-09-30T13:23:21.054+0000] {processor.py:161} INFO - Started process (PID=1147) to work on /opt/airflow/dags/main.py
[2026-09-30T13:23:21.057+0000] {processor.py:830} INFO - Processing file /opt/airflow/dags/main.py for tasks to queue
[2026-09-30T13:23:21.061+0000] {logging_mixin.py:188} INFO - [2026-09-30T13:23:21.061+0000] {dagbag.py:545} INFO - Filling up the DagBag from /opt/airflow/dags/main.py
[2026-09-30T13:23:21.374+0000] {processor.py:840} INFO - DAG(s) 'update_db', 'produce_json', 'data_quality_check' retrieved from /opt/airflow/dags/main.py
[2026-09-30T13:23:21.401+0000] {logging_mixin.py:188} INFO - [2026-09-30T13:23:21.401+0000] {dag.py:3096} INFO - Sync 3 DAGs
[2026-09-30T13:23:21.421+0000] {logging_mixin.py:188} INFO - [2026-09-30T13:23:21.421+0000] {dag.py:3954} INFO - Setting next_dagrun for data_quality_check to 2026-09-30 12:00:00+00:00, run_after=2026-10-01 12:00:00+00:00
[2026-09-30T13:23:21.428+0000] {logging_mixin.py:188} INFO - [2026-09-30T13:23:21.427+0000] {dag.py:3954} INFO - Setting next_dagrun for produce_json to 2026-09-30 12:00:00+00:00, run_after=2026-10-01 12:00:00+00:00
[2026-09-30T13:23:21.431+0000] {logging_mixin.py:188} INFO - [2026-09-30T13:23:21.431+0000] {dag.py:3954} INFO - Setting next_dagrun for update_db to 2026-09-30 12:00:00+00:00, run_after=2026-10-01 12:00:00+00:00
[2026-09-30T13:23:21.454+0000] {processor.py:183} INFO - Processing /opt/airflow/dags/main.py took 0.407 seconds
[2026-09-30T13:23:51.834+0000] {processor.py:161} INFO - Started process (PID=1154) to work on /opt/airflow/dags/main.py
[2026-09-30T13:23:51.838+0000] {processor.py:830} INFO - Processing file /opt/airflow/dags/main.py for tasks to queue
[2026-09-30T13:23:51.842+0000] {logging_mixin.py:188} INFO - [2026-09-30T13:23:51.842+0000] {dagbag.py:545} INFO - Filling up the DagBag from /opt/airflow/dags/main.py
[2026-09-30T13:23:52.170+0000] {processor.py:840} INFO - DAG(s) 'update_db', 'data_quality_check', 'produce_json' retrieved from /opt/airflow/dags/main.py
[2026-09-30T13:23:52.200+0000] {logging_mixin.py:188} INFO - [2026-09-30T13:23:52.200+0000] {dag.py:3096} INFO - Sync 3 DAGs
[2026-09-30T13:23:52.220+0000] {logging_mixin.py:188} INFO - [2026-09-30T13:23:52.220+0000] {dag.py:3954} INFO - Setting next_dagrun for data_quality_check to 2026-09-30 12:00:00+00:00, run_after=2026-10-01 12:00:00+00:00
[2026-09-30T13:23:52.227+0000] {logging_mixin.py:188} INFO - [2026-09-30T13:23:52.227+0000] {dag.py:3954} INFO - Setting next_dagrun for produce_json to 2026-09-30 12:00:00+00:00, run_after=2026-10-01 12:00:00+00:00
[2026-09-30T13:23:52.230+0000] {logging_mixin.py:188} INFO - [2026-09-30T13:23:52.230+0000] {dag.py:3954} INFO - Setting next_dagrun for update_db to 2026-09-30 12:00:00+00:00, run_after=2026-10-01 12:00:00+00:00
[2026-09-30T13:23:52.252+0000] {processor.py:183} INFO - Processing /opt/airflow/dags/main.py took 0.426 seconds
[2026-09-30T13:24:22.641+0000] {processor.py:161} INFO - Started process (PID=1161) to work on /opt/airflow/dags/main.py
[2026-09-30T13:24:22.644+0000] {processor.py:830} INFO - Processing file /opt/airflow/dags/main.py for tasks to queue
[2026-09-30T13:24:22.648+0000] {logging_mixin.py:188} INFO - [2026-09-30T13:24:22.648+0000] {dagbag.py:545} INFO - Filling up the DagBag from /opt/airflow/dags/main.py
[2026-09-30T13:24:23.025+0000] {processor.py:840} INFO - DAG(s) 'update_db', 'produce_json', 'data_quality_check' retrieved from /opt/airflow/dags/main.py
[2026-09-30T13:24:23.050+0000] {logging_mixin.py:188} INFO - [2026-09-30T13:24:23.050+0000] {dag.py:3096} INFO - Sync 3 DAGs
[2026-09-30T13:24:23.068+0000] {logging_mixin.py:188} INFO - [2026-09-30T13:24:23.068+0000] {dag.py:3954} INFO - Setting next_dagrun for data_quality_check to 2026-09-30 12:00:00+00:00, run_after=2026-10-01 12:00:00+00:00
[2026-09-30T13:24:23.074+0000] {logging_mixin.py:188} INFO - [2026-09-30T13:24:23.074+0000] {dag.py:3954} INFO - Setting next_dagrun for produce_json to 2026-09-30 12:00:00+00:00, run_after=2026-10-01 12:00:00+00:00
[2026-09-30T13:24:23.077+0000] {logging_mixin.py:188} INFO - [2026-09-30T13:24:23.077+0000] {dag.py:3954} INFO - Setting next_dagrun for update_db to 2026-09-30 12:00:00+00:00, run_after=2026-10-01 12:00:00+00:00
[2026-09-30T13:24:23.098+0000] {processor.py:183} INFO - Processing /opt/airflow/dags/main.py took 0.463 seconds
[2026-09-30T13:24:53.475+0000] {processor.py:161} INFO - Started process (PID=1168) to work on /opt/airflow/dags/main.py
[2026-09-30T13:24:53.479+0000] {processor.py:830} INFO - Processing file /opt/airflow/dags/main.py for tasks to queue
[2026-09-30T13:24:53.483+0000] {logging_mixin.py:188} INFO - [2026-09-30T13:24:53.482+0000] {dagbag.py:545} INFO - Filling up the DagBag from /opt/airflow/dags/main.py
[2026-09-30T13:24:53.822+0000] {processor.py:840} INFO - DAG(s) 'update_db', 'produce_json', 'data_quality_check' retrieved from /opt/airflow/dags/main.py
[2026-09-30T13:24:53.848+0000] {logging_mixin.py:188} INFO - [2026-09-30T13:24:53.848+0000] {dag.py:3096} INFO - Sync 3 DAGs
[2026-09-30T13:24:53.867+0000] {logging_mixin.py:188} INFO - [2026-09-30T13:24:53.867+0000] {dag.py:3954} INFO - Setting next_dagrun for data_quality_check to 2026-09-30 12:00:00+00:00, run_after=2026-10-01 12:00:00+00:00
[2026-09-30T13:24:53.873+0000] {logging_mixin.py:188} INFO - [2026-09-30T13:24:53.873+0000] {dag.py:3954} INFO - Setting next_dagrun for produce_json to 2026-09-30 12:00:00+00:00, run_after=2026-10-01 12:00:00+00:00
[2026-09-30T13:24:53.876+0000] {logging_mixin.py:188} INFO - [2026-09-30T13:24:53.876+0000] {dag.py:3954} INFO - Setting next_dagrun for update_db to 2026-09-30 12:00:00+00:00, run_after=2026-10-01 12:00:00+00:00
[2026-09-30T13:24:53.897+0000] {processor.py:183} INFO - Processing /opt/airflow/dags/main.py took 0.428 seconds
[2026-09-30T13:25:24.263+0000] {processor.py:161} INFO - Started process (PID=1175) to work on /opt/airflow/dags/main.py
[2026-09-30T13:25:24.265+0000] {processor.py:830} INFO - Processing file /opt/airflow/dags/main.py for tasks to queue
[2026-09-30T13:25:24.269+0000] {logging_mixin.py:188} INFO - [2026-09-30T13:25:24.269+0000] {dagbag.py:545} INFO - Filling up the DagBag from /opt/airflow/dags/main.py
[2026-09-30T13:25:24.587+0000] {processor.py:840} INFO - DAG(s) 'produce_json', 'update_db', 'data_quality_check' retrieved from /opt/airflow/dags/main.py
[2026-09-30T13:25:24.615+0000] {logging_mixin.py:188} INFO - [2026-09-30T13:25:24.614+0000] {dag.py:3096} INFO - Sync 3 DAGs
[2026-09-30T13:25:24.634+0000] {logging_mixin.py:188} INFO - [2026-09-30T13:25:24.634+0000] {dag.py:3954} INFO - Setting next_dagrun for data_quality_check to 2026-09-30 12:00:00+00:00, run_after=2026-10-01 12:00:00+00:00
[2026-09-30T13:25:24.641+0000] {logging_mixin.py:188} INFO - [2026-09-30T13:25:24.640+0000] {dag.py:3954} INFO - Setting next_dagrun for produce_json to 2026-09-30 12:00:00+00:00, run_after=2026-10-01 12:00:00+00:00
[2026-09-30T13:25:24.644+0000] {logging_mixin.py:188} INFO - [2026-09-30T13:25:24.644+0000] {dag.py:3954} INFO - Setting next_dagrun for update_db to 2026-09-30 12:00:00+00:00, run_after=2026-10-01 12:00:00+00:00
[2026-09-30T13:25:24.665+0000] {processor.py:183} INFO - Processing /opt/airflow/dags/main.py took 0.409 seconds
[2026-09-30T13:25:55.018+0000] {processor.py:161} INFO - Started process (PID=1182) to work on /opt/airflow/dags/main.py
[2026-09-30T13:25:55.021+0000] {processor.py:830} INFO - Processing file /opt/airflow/dags/main.py for tasks to queue
[2026-09-30T13:25:55.026+0000] {logging_mixin.py:188} INFO - [2026-09-30T13:25:55.026+0000] {dagbag.py:545} INFO - Filling up the DagBag from /opt/airflow/dags/main.py
[2026-09-30T13:25:55.340+0000] {processor.py:840} INFO - DAG(s) 'update_db', 'data_quality_check', 'produce_json' retrieved from /opt/airflow/dags/main.py
[2026-09-30T13:25:55.367+0000] {logging_mixin.py:188} INFO - [2026-09-30T13:25:55.367+0000] {dag.py:3096} INFO - Sync 3 DAGs
[2026-09-30T13:25:55.387+0000] {logging_mixin.py:188} INFO - [2026-09-30T13:25:55.387+0000] {dag.py:3954} INFO - Setting next_dagrun for data_quality_check to 2026-09-30 12:00:00+00:00, run_after=2026-10-01 12:00:00+00:00
[2026-09-30T13:25:55.393+0000] {logging_mixin.py:188} INFO - [2026-09-30T13:25:55.393+0000] {dag.py:3954} INFO - Setting next_dagrun for produce_json to 2026-09-30 12:00:00+00:00, run_after=2026-10-01 12:00:00+00:00
[2026-09-30T13:25:55.397+0000] {logging_mixin.py:188} INFO - [2026-09-30T13:25:55.396+0000] {dag.py:3954} INFO - Setting next_dagrun for update_db to 2026-09-30 12:00:00+00:00, run_after=2026-10-01 12:00:00+00:00
[2026-09-30T13:25:55.418+0000] {processor.py:183} INFO - Processing /opt/airflow/dags/main.py took 0.406 seconds
[2026-09-30T13:26:25.770+0000] {processor.py:161} INFO - Started process (PID=1190) to work on /opt/airflow/dags/main.py
[2026-09-30T13:26:25.773+0000] {processor.py:830} INFO - Processing file /opt/airflow/dags/main.py for tasks to queue
[2026-09-30T13:26:25.777+0000] {logging_mixin.py:188} INFO - [2026-09-30T13:26:25.776+0000] {dagbag.py:545} INFO - Filling up the DagBag from /opt/airflow/dags/main.py
[2026-09-30T13:26:26.138+0000] {processor.py:840} INFO - DAG(s) 'produce_json', 'update_db', 'data_quality_check' retrieved from /opt/airflow/dags/main.py
[2026-09-30T13:26:26.218+0000] {logging_mixin.py:188} INFO - [2026-09-30T13:26:26.218+0000] {dag.py:3096} INFO - Sync 3 DAGs
[2026-09-30T13:26:26.248+0000] {logging_mixin.py:188} INFO - [2026-09-30T13:26:26.248+0000] {dag.py:3954} INFO - Setting next_dagrun for data_quality_check to 2026-09-30 12:00:00+00:00, run_after=2026-10-01 12:00:00+00:00
[2026-09-30T13:26:26.261+0000] {logging_mixin.py:188} INFO - [2026-09-30T13:26:26.261+0000] {dag.py:3954} INFO - Setting next_dagrun for produce_json to 2026-09-30 12:00:00+00:00, run_after=2026-10-01 12:00:00+00:00
[2026-09-30T13:26:26.266+0000] {logging_mixin.py:188} INFO - [2026-09-30T13:26:26.266+0000] {dag.py:3954} INFO - Setting next_dagrun for update_db to 2026-09-30 12:00:00+00:00, run_after=2026-10-01 12:00:00+00:00
[2026-09-30T13:26:26.298+0000] {processor.py:183} INFO - Processing /opt/airflow/dags/main.py took 0.536 seconds
[2026-09-30T13:26:56.654+0000] {processor.py:161} INFO - Started process (PID=1197) to work on /opt/airflow/dags/main.py
[2026-09-30T13:26:56.657+0000] {processor.py:830} INFO - Processing file /opt/airflow/dags/main.py for tasks to queue
[2026-09-30T13:26:56.661+0000] {logging_mixin.py:188} INFO - [2026-09-30T13:26:56.660+0000] {dagbag.py:545} INFO - Filling up the DagBag from /opt/airflow/dags/main.py
[2026-09-30T13:26:57.066+0000] {processor.py:840} INFO - DAG(s) 'data_quality_check', 'update_db', 'produce_json' retrieved from /opt/airflow/dags/main.py
[2026-09-30T13:26:57.105+0000] {logging_mixin.py:188} INFO - [2026-09-30T13:26:57.105+0000] {dag.py:3096} INFO - Sync 3 DAGs
[2026-09-30T13:26:57.131+0000] {logging_mixin.py:188} INFO - [2026-09-30T13:26:57.131+0000] {dag.py:3954} INFO - Setting next_dagrun for data_quality_check to 2026-09-30 12:00:00+00:00, run_after=2026-10-01 12:00:00+00:00
[2026-09-30T13:26:57.139+0000] {logging_mixin.py:188} INFO - [2026-09-30T13:26:57.139+0000] {dag.py:3954} INFO - Setting next_dagrun for produce_json to 2026-09-30 12:00:00+00:00, run_after=2026-10-01 12:00:00+00:00
[2026-09-30T13:26:57.146+0000] {logging_mixin.py:188} INFO - [2026-09-30T13:26:57.145+0000] {dag.py:3954} INFO - Setting next_dagrun for update_db to 2026-09-30 12:00:00+00:00, run_after=2026-10-01 12:00:00+00:00
[2026-09-30T13:26:57.176+0000] {processor.py:183} INFO - Processing /opt/airflow/dags/main.py took 0.527 seconds
[2026-09-30T13:27:28.127+0000] {processor.py:161} INFO - Started process (PID=1204) to work on /opt/airflow/dags/main.py
[2026-09-30T13:27:28.130+0000] {processor.py:830} INFO - Processing file /opt/airflow/dags/main.py for tasks to queue
[2026-09-30T13:27:28.134+0000] {logging_mixin.py:188} INFO - [2026-09-30T13:27:28.134+0000] {dagbag.py:545} INFO - Filling up the DagBag from /opt/airflow/dags/main.py
[2026-09-30T13:27:28.538+0000] {processor.py:840} INFO - DAG(s) 'update_db', 'produce_json', 'data_quality_check' retrieved from /opt/airflow/dags/main.py
[2026-09-30T13:27:28.565+0000] {logging_mixin.py:188} INFO - [2026-09-30T13:27:28.564+0000] {dag.py:3096} INFO - Sync 3 DAGs
[2026-09-30T13:27:28.593+0000] {logging_mixin.py:188} INFO - [2026-09-30T13:27:28.593+0000] {dag.py:3954} INFO - Setting next_dagrun for data_quality_check to 2026-09-30 12:00:00+00:00, run_after=2026-10-01 12:00:00+00:00
[2026-09-30T13:27:28.601+0000] {logging_mixin.py:188} INFO - [2026-09-30T13:27:28.600+0000] {dag.py:3954} INFO - Setting next_dagrun for produce_json to 2026-09-30 12:00:00+00:00, run_after=2026-10-01 12:00:00+00:00
[2026-09-30T13:27:28.604+0000] {logging_mixin.py:188} INFO - [2026-09-30T13:27:28.604+0000] {dag.py:3954} INFO - Setting next_dagrun for update_db to 2026-09-30 12:00:00+00:00, run_after=2026-10-01 12:00:00+00:00
[2026-09-30T13:27:28.623+0000] {processor.py:183} INFO - Processing /opt/airflow/dags/main.py took 0.501 seconds
[2026-09-30T13:27:58.979+0000] {processor.py:161} INFO - Started process (PID=1211) to work on /opt/airflow/dags/main.py
[2026-09-30T13:27:58.981+0000] {processor.py:830} INFO - Processing file /opt/airflow/dags/main.py for tasks to queue
[2026-09-30T13:27:58.984+0000] {logging_mixin.py:188} INFO - [2026-09-30T13:27:58.984+0000] {dagbag.py:545} INFO - Filling up the DagBag from /opt/airflow/dags/main.py
[2026-09-30T13:27:59.267+0000] {processor.py:840} INFO - DAG(s) 'data_quality_check', 'produce_json', 'update_db' retrieved from /opt/airflow/dags/main.py
[2026-09-30T13:27:59.302+0000] {logging_mixin.py:188} INFO - [2026-09-30T13:27:59.302+0000] {dag.py:3096} INFO - Sync 3 DAGs
[2026-09-30T13:27:59.326+0000] {logging_mixin.py:188} INFO - [2026-09-30T13:27:59.326+0000] {dag.py:3954} INFO - Setting next_dagrun for data_quality_check to 2026-09-30 12:00:00+00:00, run_after=2026-10-01 12:00:00+00:00
[2026-09-30T13:27:59.337+0000] {logging_mixin.py:188} INFO - [2026-09-30T13:27:59.336+0000] {dag.py:3954} INFO - Setting next_dagrun for produce_json to 2026-09-30 12:00:00+00:00, run_after=2026-10-01 12:00:00+00:00
[2026-09-30T13:27:59.340+0000] {logging_mixin.py:188} INFO - [2026-09-30T13:27:59.340+0000] {dag.py:3954} INFO - Setting next_dagrun for update_db to 2026-09-30 12:00:00+00:00, run_after=2026-10-01 12:00:00+00:00
[2026-09-30T13:27:59.365+0000] {processor.py:183} INFO - Processing /opt/airflow/dags/main.py took 0.393 seconds
[2026-09-30T13:28:29.734+0000] {processor.py:161} INFO - Started process (PID=1218) to work on /opt/airflow/dags/main.py
[2026-09-30T13:28:29.737+0000] {processor.py:830} INFO - Processing file /opt/airflow/dags/main.py for tasks to queue
[2026-09-30T13:28:29.741+0000] {logging_mixin.py:188} INFO - [2026-09-30T13:28:29.741+0000] {dagbag.py:545} INFO - Filling up the DagBag from /opt/airflow/dags/main.py
[2026-09-30T13:28:30.089+0000] {processor.py:840} INFO - DAG(s) 'update_db', 'data_quality_check', 'produce_json' retrieved from /opt/airflow/dags/main.py
[2026-09-30T13:28:30.122+0000] {logging_mixin.py:188} INFO - [2026-09-30T13:28:30.122+0000] {dag.py:3096} INFO - Sync 3 DAGs
[2026-09-30T13:28:30.146+0000] {logging_mixin.py:188} INFO - [2026-09-30T13:28:30.146+0000] {dag.py:3954} INFO - Setting next_dagrun for data_quality_check to 2026-09-30 12:00:00+00:00, run_after=2026-10-01 12:00:00+00:00
[2026-09-30T13:28:30.156+0000] {logging_mixin.py:188} INFO - [2026-09-30T13:28:30.155+0000] {dag.py:3954} INFO - Setting next_dagrun for produce_json to 2026-09-30 12:00:00+00:00, run_after=2026-10-01 12:00:00+00:00
[2026-09-30T13:28:30.160+0000] {logging_mixin.py:188} INFO - [2026-09-30T13:28:30.160+0000] {dag.py:3954} INFO - Setting next_dagrun for update_db to 2026-09-30 12:00:00+00:00, run_after=2026-10-01 12:00:00+00:00
[2026-09-30T13:28:30.183+0000] {processor.py:183} INFO - Processing /opt/airflow/dags/main.py took 0.455 seconds
[2026-09-30T13:29:00.522+0000] {processor.py:161} INFO - Started process (PID=1225) to work on /opt/airflow/dags/main.py
[2026-09-30T13:29:00.526+0000] {processor.py:830} INFO - Processing file /opt/airflow/dags/main.py for tasks to queue
[2026-09-30T13:29:00.535+0000] {logging_mixin.py:188} INFO - [2026-09-30T13:29:00.534+0000] {dagbag.py:545} INFO - Filling up the DagBag from /opt/airflow/dags/main.py
[2026-09-30T13:29:00.864+0000] {processor.py:840} INFO - DAG(s) 'data_quality_check', 'produce_json', 'update_db' retrieved from /opt/airflow/dags/main.py
[2026-09-30T13:29:00.901+0000] {logging_mixin.py:188} INFO - [2026-09-30T13:29:00.901+0000] {dag.py:3096} INFO - Sync 3 DAGs
[2026-09-30T13:29:00.927+0000] {logging_mixin.py:188} INFO - [2026-09-30T13:29:00.927+0000] {dag.py:3954} INFO - Setting next_dagrun for data_quality_check to 2026-09-30 12:00:00+00:00, run_after=2026-10-01 12:00:00+00:00
[2026-09-30T13:29:00.935+0000] {logging_mixin.py:188} INFO - [2026-09-30T13:29:00.935+0000] {dag.py:3954} INFO - Setting next_dagrun for produce_json to 2026-09-30 12:00:00+00:00, run_after=2026-10-01 12:00:00+00:00
[2026-09-30T13:29:00.939+0000] {logging_mixin.py:188} INFO - [2026-09-30T13:29:00.939+0000] {dag.py:3954} INFO - Setting next_dagrun for update_db to 2026-09-30 12:00:00+00:00, run_after=2026-10-01 12:00:00+00:00
[2026-09-30T13:29:00.971+0000] {processor.py:183} INFO - Processing /opt/airflow/dags/main.py took 0.460 seconds
[2026-09-30T13:29:31.407+0000] {processor.py:161} INFO - Started process (PID=1232) to work on /opt/airflow/dags/main.py
[2026-09-30T13:29:31.410+0000] {processor.py:830} INFO - Processing file /opt/airflow/dags/main.py for tasks to queue
[2026-09-30T13:29:31.414+0000] {logging_mixin.py:188} INFO - [2026-09-30T13:29:31.413+0000] {dagbag.py:545} INFO - Filling up the DagBag from /opt/airflow/dags/main.py
[2026-09-30T13:29:31.706+0000] {processor.py:840} INFO - DAG(s) 'data_quality_check', 'produce_json', 'update_db' retrieved from /opt/airflow/dags/main.py
[2026-09-30T13:29:31.741+0000] {logging_mixin.py:188} INFO - [2026-09-30T13:29:31.741+0000] {dag.py:3096} INFO - Sync 3 DAGs
[2026-09-30T13:29:31.775+0000] {logging_mixin.py:188} INFO - [2026-09-30T13:29:31.774+0000] {dag.py:3954} INFO - Setting next_dagrun for data_quality_check to 2026-09-30 12:00:00+00:00, run_after=2026-10-01 12:00:00+00:00
[2026-09-30T13:29:31.788+0000] {logging_mixin.py:188} INFO - [2026-09-30T13:29:31.787+0000] {dag.py:3954} INFO - Setting next_dagrun for produce_json to 2026-09-30 12:00:00+00:00, run_after=2026-10-01 12:00:00+00:00
[2026-09-30T13:29:31.797+0000] {logging_mixin.py:188} INFO - [2026-09-30T13:29:31.796+0000] {dag.py:3954} INFO - Setting next_dagrun for update_db to 2026-09-30 12:00:00+00:00, run_after=2026-10-01 12:00:00+00:00
[2026-09-30T13:29:31.828+0000] {processor.py:183} INFO - Processing /opt/airflow/dags/main.py took 0.427 seconds
[2026-09-30T13:30:02.266+0000] {processor.py:161} INFO - Started process (PID=1239) to work on /opt/airflow/dags/main.py
[2026-09-30T13:30:02.269+0000] {processor.py:830} INFO - Processing file /opt/airflow/dags/main.py for tasks to queue
[2026-09-30T13:30:02.274+0000] {logging_mixin.py:188} INFO - [2026-09-30T13:30:02.274+0000] {dagbag.py:545} INFO - Filling up the DagBag from /opt/airflow/dags/main.py
[2026-09-30T13:30:02.603+0000] {processor.py:840} INFO - DAG(s) 'produce_json', 'update_db', 'data_quality_check' retrieved from /opt/airflow/dags/main.py
[2026-09-30T13:30:02.627+0000] {logging_mixin.py:188} INFO - [2026-09-30T13:30:02.627+0000] {dag.py:3096} INFO - Sync 3 DAGs
[2026-09-30T13:30:02.645+0000] {logging_mixin.py:188} INFO - [2026-09-30T13:30:02.644+0000] {dag.py:3954} INFO - Setting next_dagrun for data_quality_check to 2026-09-30 12:00:00+00:00, run_after=2026-10-01 12:00:00+00:00
[2026-09-30T13:30:02.650+0000] {logging_mixin.py:188} INFO - [2026-09-30T13:30:02.650+0000] {dag.py:3954} INFO - Setting next_dagrun for produce_json to 2026-09-30 12:00:00+00:00, run_after=2026-10-01 12:00:00+00:00
[2026-09-30T13:30:02.653+0000] {logging_mixin.py:188} INFO - [2026-09-30T13:30:02.653+0000] {dag.py:3954} INFO - Setting next_dagrun for update_db to 2026-09-30 12:00:00+00:00, run_after=2026-10-01 12:00:00+00:00
[2026-09-30T13:30:02.671+0000] {processor.py:183} INFO - Processing /opt/airflow/dags/main.py took 0.412 seconds
[2026-09-30T13:30:33.006+0000] {processor.py:161} INFO - Started process (PID=1246) to work on /opt/airflow/dags/main.py
[2026-09-30T13:30:33.008+0000] {processor.py:830} INFO - Processing file /opt/airflow/dags/main.py for tasks to queue
[2026-09-30T13:30:33.012+0000] {logging_mixin.py:188} INFO - [2026-09-30T13:30:33.011+0000] {dagbag.py:545} INFO - Filling up the DagBag from /opt/airflow/dags/main.py
[2026-09-30T13:30:33.317+0000] {processor.py:840} INFO - DAG(s) 'data_quality_check', 'produce_json', 'update_db' retrieved from /opt/airflow/dags/main.py
[2026-09-30T13:30:33.351+0000] {logging_mixin.py:188} INFO - [2026-09-30T13:30:33.351+0000] {dag.py:3096} INFO - Sync 3 DAGs
[2026-09-30T13:30:33.379+0000] {logging_mixin.py:188} INFO - [2026-09-30T13:30:33.379+0000] {dag.py:3954} INFO - Setting next_dagrun for data_quality_check to 2026-09-30 12:00:00+00:00, run_after=2026-10-01 12:00:00+00:00
[2026-09-30T13:30:33.388+0000] {logging_mixin.py:188} INFO - [2026-09-30T13:30:33.387+0000] {dag.py:3954} INFO - Setting next_dagrun for produce_json to 2026-09-30 12:00:00+00:00, run_after=2026-10-01 12:00:00+00:00
[2026-09-30T13:30:33.391+0000] {logging_mixin.py:188} INFO - [2026-09-30T13:30:33.391+0000] {dag.py:3954} INFO - Setting next_dagrun for update_db to 2026-09-30 12:00:00+00:00, run_after=2026-10-01 12:00:00+00:00
[2026-09-30T13:30:33.423+0000] {processor.py:183} INFO - Processing /opt/airflow/dags/main.py took 0.423 seconds
[2026-09-30T13:31:03.813+0000] {processor.py:161} INFO - Started process (PID=1253) to work on /opt/airflow/dags/main.py
[2026-09-30T13:31:03.816+0000] {processor.py:830} INFO - Processing file /opt/airflow/dags/main.py for tasks to queue
[2026-09-30T13:31:03.819+0000] {logging_mixin.py:188} INFO - [2026-09-30T13:31:03.819+0000] {dagbag.py:545} INFO - Filling up the DagBag from /opt/airflow/dags/main.py
[2026-09-30T13:31:04.121+0000] {processor.py:840} INFO - DAG(s) 'produce_json', 'data_quality_check', 'update_db' retrieved from /opt/airflow/dags/main.py
[2026-09-30T13:31:04.152+0000] {logging_mixin.py:188} INFO - [2026-09-30T13:31:04.152+0000] {dag.py:3096} INFO - Sync 3 DAGs
[2026-09-30T13:31:04.173+0000] {logging_mixin.py:188} INFO - [2026-09-30T13:31:04.172+0000] {dag.py:3954} INFO - Setting next_dagrun for data_quality_check to 2026-09-30 12:00:00+00:00, run_after=2026-10-01 12:00:00+00:00
[2026-09-30T13:31:04.179+0000] {logging_mixin.py:188} INFO - [2026-09-30T13:31:04.179+0000] {dag.py:3954} INFO - Setting next_dagrun for produce_json to 2026-09-30 12:00:00+00:00, run_after=2026-10-01 12:00:00+00:00
[2026-09-30T13:31:04.182+0000] {logging_mixin.py:188} INFO - [2026-09-30T13:31:04.182+0000] {dag.py:3954} INFO - Setting next_dagrun for update_db to 2026-09-30 12:00:00+00:00, run_after=2026-10-01 12:00:00+00:00
[2026-09-30T13:31:04.206+0000] {processor.py:183} INFO - Processing /opt/airflow/dags/main.py took 0.399 seconds
[2026-09-30T13:31:34.556+0000] {processor.py:161} INFO - Started process (PID=1260) to work on /opt/airflow/dags/main.py
[2026-09-30T13:31:34.560+0000] {processor.py:830} INFO - Processing file /opt/airflow/dags/main.py for tasks to queue
[2026-09-30T13:31:34.563+0000] {logging_mixin.py:188} INFO - [2026-09-30T13:31:34.563+0000] {dagbag.py:545} INFO - Filling up the DagBag from /opt/airflow/dags/main.py
[2026-09-30T13:31:34.913+0000] {processor.py:840} INFO - DAG(s) 'update_db', 'data_quality_check', 'produce_json' retrieved from /opt/airflow/dags/main.py
[2026-09-30T13:31:34.993+0000] {logging_mixin.py:188} INFO - [2026-09-30T13:31:34.992+0000] {dag.py:3096} INFO - Sync 3 DAGs
[2026-09-30T13:31:35.035+0000] {logging_mixin.py:188} INFO - [2026-09-30T13:31:35.035+0000] {dag.py:3954} INFO - Setting next_dagrun for data_quality_check to 2026-09-30 12:00:00+00:00, run_after=2026-10-01 12:00:00+00:00
[2026-09-30T13:31:35.044+0000] {logging_mixin.py:188} INFO - [2026-09-30T13:31:35.043+0000] {dag.py:3954} INFO - Setting next_dagrun for produce_json to 2026-09-30 12:00:00+00:00, run_after=2026-10-01 12:00:00+00:00
[2026-09-30T13:31:35.047+0000] {logging_mixin.py:188} INFO - [2026-09-30T13:31:35.047+0000] {dag.py:3954} INFO - Setting next_dagrun for update_db to 2026-09-30 12:00:00+00:00, run_after=2026-10-01 12:00:00+00:00
[2026-09-30T13:31:35.072+0000] {processor.py:183} INFO - Processing /opt/airflow/dags/main.py took 0.523 seconds
[2026-09-30T13:32:05.370+0000] {processor.py:161} INFO - Started process (PID=1267) to work on /opt/airflow/dags/main.py
[2026-09-30T13:32:05.373+0000] {processor.py:830} INFO - Processing file /opt/airflow/dags/main.py for tasks to queue
[2026-09-30T13:32:05.376+0000] {logging_mixin.py:188} INFO - [2026-09-30T13:32:05.375+0000] {dagbag.py:545} INFO - Filling up the DagBag from /opt/airflow/dags/main.py
[2026-09-30T13:32:05.694+0000] {processor.py:840} INFO - DAG(s) 'produce_json', 'update_db', 'data_quality_check' retrieved from /opt/airflow/dags/main.py
[2026-09-30T13:32:05.727+0000] {logging_mixin.py:188} INFO - [2026-09-30T13:32:05.727+0000] {dag.py:3096} INFO - Sync 3 DAGs
[2026-09-30T13:32:05.749+0000] {logging_mixin.py:188} INFO - [2026-09-30T13:32:05.748+0000] {dag.py:3954} INFO - Setting next_dagrun for data_quality_check to 2026-09-30 12:00:00+00:00, run_after=2026-10-01 12:00:00+00:00
[2026-09-30T13:32:05.756+0000] {logging_mixin.py:188} INFO - [2026-09-30T13:32:05.756+0000] {dag.py:3954} INFO - Setting next_dagrun for produce_json to 2026-09-30 12:00:00+00:00, run_after=2026-10-01 12:00:00+00:00
[2026-09-30T13:32:05.760+0000] {logging_mixin.py:188} INFO - [2026-09-30T13:32:05.760+0000] {dag.py:3954} INFO - Setting next_dagrun for update_db to 2026-09-30 12:00:00+00:00, run_after=2026-10-01 12:00:00+00:00
[2026-09-30T13:32:05.781+0000] {processor.py:183} INFO - Processing /opt/airflow/dags/main.py took 0.416 seconds
[2026-09-30T13:32:36.182+0000] {processor.py:161} INFO - Started process (PID=1274) to work on /opt/airflow/dags/main.py
[2026-09-30T13:32:36.186+0000] {processor.py:830} INFO - Processing file /opt/airflow/dags/main.py for tasks to queue
[2026-09-30T13:32:36.191+0000] {logging_mixin.py:188} INFO - [2026-09-30T13:32:36.191+0000] {dagbag.py:545} INFO - Filling up the DagBag from /opt/airflow/dags/main.py
[2026-09-30T13:32:36.478+0000] {processor.py:840} INFO - DAG(s) 'data_quality_check', 'produce_json', 'update_db' retrieved from /opt/airflow/dags/main.py
[2026-09-30T13:32:36.503+0000] {logging_mixin.py:188} INFO - [2026-09-30T13:32:36.503+0000] {dag.py:3096} INFO - Sync 3 DAGs
[2026-09-30T13:32:36.524+0000] {logging_mixin.py:188} INFO - [2026-09-30T13:32:36.524+0000] {dag.py:3954} INFO - Setting next_dagrun for data_quality_check to 2026-09-30 12:00:00+00:00, run_after=2026-10-01 12:00:00+00:00
[2026-09-30T13:32:36.531+0000] {logging_mixin.py:188} INFO - [2026-09-30T13:32:36.530+0000] {dag.py:3954} INFO - Setting next_dagrun for produce_json to 2026-09-30 12:00:00+00:00, run_after=2026-10-01 12:00:00+00:00
[2026-09-30T13:32:36.534+0000] {logging_mixin.py:188} INFO - [2026-09-30T13:32:36.534+0000] {dag.py:3954} INFO - Setting next_dagrun for update_db to 2026-09-30 12:00:00+00:00, run_after=2026-10-01 12:00:00+00:00
[2026-09-30T13:32:36.555+0000] {processor.py:183} INFO - Processing /opt/airflow/dags/main.py took 0.390 seconds
[2026-09-30T13:33:06.900+0000] {processor.py:161} INFO - Started process (PID=1281) to work on /opt/airflow/dags/main.py
[2026-09-30T13:33:06.903+0000] {processor.py:830} INFO - Processing file /opt/airflow/dags/main.py for tasks to queue
[2026-09-30T13:33:06.908+0000] {logging_mixin.py:188} INFO - [2026-09-30T13:33:06.908+0000] {dagbag.py:545} INFO - Filling up the DagBag from /opt/airflow/dags/main.py
[2026-09-30T13:33:07.183+0000] {processor.py:840} INFO - DAG(s) 'update_db', 'produce_json', 'data_quality_check' retrieved from /opt/airflow/dags/main.py
[2026-09-30T13:33:07.229+0000] {logging_mixin.py:188} INFO - [2026-09-30T13:33:07.228+0000] {dag.py:3096} INFO - Sync 3 DAGs
[2026-09-30T13:33:07.262+0000] {logging_mixin.py:188} INFO - [2026-09-30T13:33:07.261+0000] {dag.py:3954} INFO - Setting next_dagrun for data_quality_check to 2026-09-30 12:00:00+00:00, run_after=2026-10-01 12:00:00+00:00
[2026-09-30T13:33:07.271+0000] {logging_mixin.py:188} INFO - [2026-09-30T13:33:07.270+0000] {dag.py:3954} INFO - Setting next_dagrun for produce_json to 2026-09-30 12:00:00+00:00, run_after=2026-10-01 12:00:00+00:00
[2026-09-30T13:33:07.274+0000] {logging_mixin.py:188} INFO - [2026-09-30T13:33:07.274+0000] {dag.py:3954} INFO - Setting next_dagrun for update_db to 2026-09-30 12:00:00+00:00, run_after=2026-10-01 12:00:00+00:00
[2026-09-30T13:33:07.305+0000] {processor.py:183} INFO - Processing /opt/airflow/dags/main.py took 0.415 seconds
[2026-09-30T13:33:37.639+0000] {processor.py:161} INFO - Started process (PID=1294) to work on /opt/airflow/dags/main.py
[2026-09-30T13:33:37.643+0000] {processor.py:830} INFO - Processing file /opt/airflow/dags/main.py for tasks to queue
[2026-09-30T13:33:37.649+0000] {logging_mixin.py:188} INFO - [2026-09-30T13:33:37.648+0000] {dagbag.py:545} INFO - Filling up the DagBag from /opt/airflow/dags/main.py
[2026-09-30T13:33:37.938+0000] {processor.py:840} INFO - DAG(s) 'data_quality_check', 'produce_json', 'update_db' retrieved from /opt/airflow/dags/main.py
[2026-09-30T13:33:37.992+0000] {logging_mixin.py:188} INFO - [2026-09-30T13:33:37.992+0000] {dag.py:3096} INFO - Sync 3 DAGs
[2026-09-30T13:33:38.026+0000] {logging_mixin.py:188} INFO - [2026-09-30T13:33:38.026+0000] {dag.py:3954} INFO - Setting next_dagrun for data_quality_check to 2026-09-30 12:00:00+00:00, run_after=2026-10-01 12:00:00+00:00
[2026-09-30T13:33:38.034+0000] {logging_mixin.py:188} INFO - [2026-09-30T13:33:38.034+0000] {dag.py:3954} INFO - Setting next_dagrun for produce_json to 2026-09-30 12:00:00+00:00, run_after=2026-10-01 12:00:00+00:00
[2026-09-30T13:33:38.039+0000] {logging_mixin.py:188} INFO - [2026-09-30T13:33:38.039+0000] {dag.py:3954} INFO - Setting next_dagrun for update_db to 2026-09-30 12:00:00+00:00, run_after=2026-10-01 12:00:00+00:00
[2026-09-30T13:33:38.069+0000] {processor.py:183} INFO - Processing /opt/airflow/dags/main.py took 0.438 seconds
[2026-09-30T13:34:08.436+0000] {processor.py:161} INFO - Started process (PID=1301) to work on /opt/airflow/dags/main.py
[2026-09-30T13:34:08.439+0000] {processor.py:830} INFO - Processing file /opt/airflow/dags/main.py for tasks to queue
[2026-09-30T13:34:08.442+0000] {logging_mixin.py:188} INFO - [2026-09-30T13:34:08.442+0000] {dagbag.py:545} INFO - Filling up the DagBag from /opt/airflow/dags/main.py
[2026-09-30T13:34:08.774+0000] {processor.py:840} INFO - DAG(s) 'update_db', 'produce_json', 'data_quality_check' retrieved from /opt/airflow/dags/main.py
[2026-09-30T13:34:08.813+0000] {logging_mixin.py:188} INFO - [2026-09-30T13:34:08.813+0000] {dag.py:3096} INFO - Sync 3 DAGs
[2026-09-30T13:34:08.834+0000] {logging_mixin.py:188} INFO - [2026-09-30T13:34:08.834+0000] {dag.py:3954} INFO - Setting next_dagrun for data_quality_check to 2026-09-30 12:00:00+00:00, run_after=2026-10-01 12:00:00+00:00
[2026-09-30T13:34:08.842+0000] {logging_mixin.py:188} INFO - [2026-09-30T13:34:08.842+0000] {dag.py:3954} INFO - Setting next_dagrun for produce_json to 2026-09-30 12:00:00+00:00, run_after=2026-10-01 12:00:00+00:00
[2026-09-30T13:34:08.846+0000] {logging_mixin.py:188} INFO - [2026-09-30T13:34:08.846+0000] {dag.py:3954} INFO - Setting next_dagrun for update_db to 2026-09-30 12:00:00+00:00, run_after=2026-10-01 12:00:00+00:00
[2026-09-30T13:34:08.863+0000] {processor.py:183} INFO - Processing /opt/airflow/dags/main.py took 0.433 seconds
[2026-09-30T13:34:39.215+0000] {processor.py:161} INFO - Started process (PID=1308) to work on /opt/airflow/dags/main.py
[2026-09-30T13:34:39.218+0000] {processor.py:830} INFO - Processing file /opt/airflow/dags/main.py for tasks to queue
[2026-09-30T13:34:39.222+0000] {logging_mixin.py:188} INFO - [2026-09-30T13:34:39.221+0000] {dagbag.py:545} INFO - Filling up the DagBag from /opt/airflow/dags/main.py
[2026-09-30T13:34:39.575+0000] {processor.py:840} INFO - DAG(s) 'update_db', 'data_quality_check', 'produce_json' retrieved from /opt/airflow/dags/main.py
[2026-09-30T13:34:39.598+0000] {logging_mixin.py:188} INFO - [2026-09-30T13:34:39.598+0000] {dag.py:3096} INFO - Sync 3 DAGs
[2026-09-30T13:34:39.618+0000] {logging_mixin.py:188} INFO - [2026-09-30T13:34:39.617+0000] {dag.py:3954} INFO - Setting next_dagrun for data_quality_check to 2026-09-30 12:00:00+00:00, run_after=2026-10-01 12:00:00+00:00
[2026-09-30T13:34:39.624+0000] {logging_mixin.py:188} INFO - [2026-09-30T13:34:39.624+0000] {dag.py:3954} INFO - Setting next_dagrun for produce_json to 2026-09-30 12:00:00+00:00, run_after=2026-10-01 12:00:00+00:00
[2026-09-30T13:34:39.627+0000] {logging_mixin.py:188} INFO - [2026-09-30T13:34:39.627+0000] {dag.py:3954} INFO - Setting next_dagrun for update_db to 2026-09-30 12:00:00+00:00, run_after=2026-10-01 12:00:00+00:00
[2026-09-30T13:34:39.648+0000] {processor.py:183} INFO - Processing /opt/airflow/dags/main.py took 0.439 seconds
[2026-09-30T13:35:09.989+0000] {processor.py:161} INFO - Started process (PID=1315) to work on /opt/airflow/dags/main.py
[2026-09-30T13:35:09.991+0000] {processor.py:830} INFO - Processing file /opt/airflow/dags/main.py for tasks to queue
[2026-09-30T13:35:09.994+0000] {logging_mixin.py:188} INFO - [2026-09-30T13:35:09.994+0000] {dagbag.py:545} INFO - Filling up the DagBag from /opt/airflow/dags/main.py
[2026-09-30T13:35:10.303+0000] {processor.py:840} INFO - DAG(s) 'data_quality_check', 'produce_json', 'update_db' retrieved from /opt/airflow/dags/main.py
[2026-09-30T13:35:10.354+0000] {logging_mixin.py:188} INFO - [2026-09-30T13:35:10.354+0000] {dag.py:3096} INFO - Sync 3 DAGs
[2026-09-30T13:35:10.396+0000] {logging_mixin.py:188} INFO - [2026-09-30T13:35:10.395+0000] {dag.py:3954} INFO - Setting next_dagrun for data_quality_check to 2026-09-30 12:00:00+00:00, run_after=2026-10-01 12:00:00+00:00
[2026-09-30T13:35:10.409+0000] {logging_mixin.py:188} INFO - [2026-09-30T13:35:10.409+0000] {dag.py:3954} INFO - Setting next_dagrun for produce_json to 2026-09-30 12:00:00+00:00, run_after=2026-10-01 12:00:00+00:00
[2026-09-30T13:35:10.416+0000] {logging_mixin.py:188} INFO - [2026-09-30T13:35:10.415+0000] {dag.py:3954} INFO - Setting next_dagrun for update_db to 2026-09-30 12:00:00+00:00, run_after=2026-10-01 12:00:00+00:00
[2026-09-30T13:35:10.473+0000] {processor.py:183} INFO - Processing /opt/airflow/dags/main.py took 0.490 seconds
[2026-09-30T13:35:40.823+0000] {processor.py:161} INFO - Started process (PID=1322) to work on /opt/airflow/dags/main.py
[2026-09-30T13:35:40.825+0000] {processor.py:830} INFO - Processing file /opt/airflow/dags/main.py for tasks to queue
[2026-09-30T13:35:40.829+0000] {logging_mixin.py:188} INFO - [2026-09-30T13:35:40.829+0000] {dagbag.py:545} INFO - Filling up the DagBag from /opt/airflow/dags/main.py
[2026-09-30T13:35:41.120+0000] {processor.py:840} INFO - DAG(s) 'data_quality_check', 'produce_json', 'update_db' retrieved from /opt/airflow/dags/main.py
[2026-09-30T13:35:41.149+0000] {logging_mixin.py:188} INFO - [2026-09-30T13:35:41.149+0000] {dag.py:3096} INFO - Sync 3 DAGs
[2026-09-30T13:35:41.171+0000] {logging_mixin.py:188} INFO - [2026-09-30T13:35:41.171+0000] {dag.py:3954} INFO - Setting next_dagrun for data_quality_check to 2026-09-30 12:00:00+00:00, run_after=2026-10-01 12:00:00+00:00
[2026-09-30T13:35:41.178+0000] {logging_mixin.py:188} INFO - [2026-09-30T13:35:41.178+0000] {dag.py:3954} INFO - Setting next_dagrun for produce_json to 2026-09-30 12:00:00+00:00, run_after=2026-10-01 12:00:00+00:00
[2026-09-30T13:35:41.182+0000] {logging_mixin.py:188} INFO - [2026-09-30T13:35:41.181+0000] {dag.py:3954} INFO - Setting next_dagrun for update_db to 2026-09-30 12:00:00+00:00, run_after=2026-10-01 12:00:00+00:00
[2026-09-30T13:35:41.202+0000] {processor.py:183} INFO - Processing /opt/airflow/dags/main.py took 0.385 seconds
[2026-09-30T13:36:11.554+0000] {processor.py:161} INFO - Started process (PID=1330) to work on /opt/airflow/dags/main.py
[2026-09-30T13:36:11.558+0000] {processor.py:830} INFO - Processing file /opt/airflow/dags/main.py for tasks to queue
[2026-09-30T13:36:11.565+0000] {logging_mixin.py:188} INFO - [2026-09-30T13:36:11.565+0000] {dagbag.py:545} INFO - Filling up the DagBag from /opt/airflow/dags/main.py
[2026-09-30T13:36:11.871+0000] {processor.py:840} INFO - DAG(s) 'update_db', 'data_quality_check', 'produce_json' retrieved from /opt/airflow/dags/main.py
[2026-09-30T13:36:11.900+0000] {logging_mixin.py:188} INFO - [2026-09-30T13:36:11.900+0000] {dag.py:3096} INFO - Sync 3 DAGs
[2026-09-30T13:36:11.921+0000] {logging_mixin.py:188} INFO - [2026-09-30T13:36:11.921+0000] {dag.py:3954} INFO - Setting next_dagrun for data_quality_check to 2026-09-30 12:00:00+00:00, run_after=2026-10-01 12:00:00+00:00
[2026-09-30T13:36:11.928+0000] {logging_mixin.py:188} INFO - [2026-09-30T13:36:11.927+0000] {dag.py:3954} INFO - Setting next_dagrun for produce_json to 2026-09-30 12:00:00+00:00, run_after=2026-10-01 12:00:00+00:00
[2026-09-30T13:36:11.931+0000] {logging_mixin.py:188} INFO - [2026-09-30T13:36:11.931+0000] {dag.py:3954} INFO - Setting next_dagrun for update_db to 2026-09-30 12:00:00+00:00, run_after=2026-10-01 12:00:00+00:00
[2026-09-30T13:36:11.949+0000] {processor.py:183} INFO - Processing /opt/airflow/dags/main.py took 0.404 seconds
[2026-09-30T13:36:42.324+0000] {processor.py:161} INFO - Started process (PID=1337) to work on /opt/airflow/dags/main.py
[2026-09-30T13:36:42.327+0000] {processor.py:830} INFO - Processing file /opt/airflow/dags/main.py for tasks to queue
[2026-09-30T13:36:42.331+0000] {logging_mixin.py:188} INFO - [2026-09-30T13:36:42.331+0000] {dagbag.py:545} INFO - Filling up the DagBag from /opt/airflow/dags/main.py
[2026-09-30T13:36:42.656+0000] {processor.py:840} INFO - DAG(s) 'update_db', 'data_quality_check', 'produce_json' retrieved from /opt/airflow/dags/main.py
[2026-09-30T13:36:42.683+0000] {logging_mixin.py:188} INFO - [2026-09-30T13:36:42.683+0000] {dag.py:3096} INFO - Sync 3 DAGs
[2026-09-30T13:36:42.701+0000] {logging_mixin.py:188} INFO - [2026-09-30T13:36:42.701+0000] {dag.py:3954} INFO - Setting next_dagrun for data_quality_check to 2026-09-30 12:00:00+00:00, run_after=2026-10-01 12:00:00+00:00
[2026-09-30T13:36:42.707+0000] {logging_mixin.py:188} INFO - [2026-09-30T13:36:42.707+0000] {dag.py:3954} INFO - Setting next_dagrun for produce_json to 2026-09-30 12:00:00+00:00, run_after=2026-10-01 12:00:00+00:00
[2026-09-30T13:36:42.711+0000] {logging_mixin.py:188} INFO - [2026-09-30T13:36:42.710+0000] {dag.py:3954} INFO - Setting next_dagrun for update_db to 2026-09-30 12:00:00+00:00, run_after=2026-10-01 12:00:00+00:00
[2026-09-30T13:36:42.730+0000] {processor.py:183} INFO - Processing /opt/airflow/dags/main.py took 0.413 seconds
[2026-09-30T13:37:13.050+0000] {processor.py:161} INFO - Started process (PID=1344) to work on /opt/airflow/dags/main.py
[2026-09-30T13:37:13.053+0000] {processor.py:830} INFO - Processing file /opt/airflow/dags/main.py for tasks to queue
[2026-09-30T13:37:13.058+0000] {logging_mixin.py:188} INFO - [2026-09-30T13:37:13.058+0000] {dagbag.py:545} INFO - Filling up the DagBag from /opt/airflow/dags/main.py
[2026-09-30T13:37:13.400+0000] {processor.py:840} INFO - DAG(s) 'produce_json', 'data_quality_check', 'update_db' retrieved from /opt/airflow/dags/main.py
[2026-09-30T13:37:13.446+0000] {logging_mixin.py:188} INFO - [2026-09-30T13:37:13.445+0000] {dag.py:3096} INFO - Sync 3 DAGs
[2026-09-30T13:37:13.475+0000] {logging_mixin.py:188} INFO - [2026-09-30T13:37:13.474+0000] {dag.py:3954} INFO - Setting next_dagrun for data_quality_check to 2026-09-30 12:00:00+00:00, run_after=2026-10-01 12:00:00+00:00
[2026-09-30T13:37:13.483+0000] {logging_mixin.py:188} INFO - [2026-09-30T13:37:13.483+0000] {dag.py:3954} INFO - Setting next_dagrun for produce_json to 2026-09-30 12:00:00+00:00, run_after=2026-10-01 12:00:00+00:00
[2026-09-30T13:37:13.487+0000] {logging_mixin.py:188} INFO - [2026-09-30T13:37:13.487+0000] {dag.py:3954} INFO - Setting next_dagrun for update_db to 2026-09-30 12:00:00+00:00, run_after=2026-10-01 12:00:00+00:00
[2026-09-30T13:37:13.525+0000] {processor.py:183} INFO - Processing /opt/airflow/dags/main.py took 0.481 seconds
[2026-09-30T13:37:44.563+0000] {processor.py:161} INFO - Started process (PID=1351) to work on /opt/airflow/dags/main.py
[2026-09-30T13:37:44.565+0000] {processor.py:830} INFO - Processing file /opt/airflow/dags/main.py for tasks to queue
[2026-09-30T13:37:44.569+0000] {logging_mixin.py:188} INFO - [2026-09-30T13:37:44.569+0000] {dagbag.py:545} INFO - Filling up the DagBag from /opt/airflow/dags/main.py
[2026-09-30T13:37:44.871+0000] {processor.py:840} INFO - DAG(s) 'update_db', 'data_quality_check', 'produce_json' retrieved from /opt/airflow/dags/main.py
[2026-09-30T13:37:44.901+0000] {logging_mixin.py:188} INFO - [2026-09-30T13:37:44.901+0000] {dag.py:3096} INFO - Sync 3 DAGs
[2026-09-30T13:37:44.924+0000] {logging_mixin.py:188} INFO - [2026-09-30T13:37:44.924+0000] {dag.py:3954} INFO - Setting next_dagrun for data_quality_check to 2026-09-30 12:00:00+00:00, run_after=2026-10-01 12:00:00+00:00
[2026-09-30T13:37:44.931+0000] {logging_mixin.py:188} INFO - [2026-09-30T13:37:44.931+0000] {dag.py:3954} INFO - Setting next_dagrun for produce_json to 2026-09-30 12:00:00+00:00, run_after=2026-10-01 12:00:00+00:00
[2026-09-30T13:37:44.934+0000] {logging_mixin.py:188} INFO - [2026-09-30T13:37:44.934+0000] {dag.py:3954} INFO - Setting next_dagrun for update_db to 2026-09-30 12:00:00+00:00, run_after=2026-10-01 12:00:00+00:00
[2026-09-30T13:37:44.954+0000] {processor.py:183} INFO - Processing /opt/airflow/dags/main.py took 0.398 seconds
[2026-09-30T13:38:15.308+0000] {processor.py:161} INFO - Started process (PID=1358) to work on /opt/airflow/dags/main.py
[2026-09-30T13:38:15.311+0000] {processor.py:830} INFO - Processing file /opt/airflow/dags/main.py for tasks to queue
[2026-09-30T13:38:15.315+0000] {logging_mixin.py:188} INFO - [2026-09-30T13:38:15.314+0000] {dagbag.py:545} INFO - Filling up the DagBag from /opt/airflow/dags/main.py
[2026-09-30T13:38:15.616+0000] {processor.py:840} INFO - DAG(s) 'produce_json', 'update_db', 'data_quality_check' retrieved from /opt/airflow/dags/main.py
[2026-09-30T13:38:15.644+0000] {logging_mixin.py:188} INFO - [2026-09-30T13:38:15.644+0000] {dag.py:3096} INFO - Sync 3 DAGs
[2026-09-30T13:38:15.670+0000] {logging_mixin.py:188} INFO - [2026-09-30T13:38:15.670+0000] {dag.py:3954} INFO - Setting next_dagrun for data_quality_check to 2026-09-30 12:00:00+00:00, run_after=2026-10-01 12:00:00+00:00
[2026-09-30T13:38:15.676+0000] {logging_mixin.py:188} INFO - [2026-09-30T13:38:15.676+0000] {dag.py:3954} INFO - Setting next_dagrun for produce_json to 2026-09-30 12:00:00+00:00, run_after=2026-10-01 12:00:00+00:00
[2026-09-30T13:38:15.680+0000] {logging_mixin.py:188} INFO - [2026-09-30T13:38:15.679+0000] {dag.py:3954} INFO - Setting next_dagrun for update_db to 2026-09-30 12:00:00+00:00, run_after=2026-10-01 12:00:00+00:00
[2026-09-30T13:38:15.706+0000] {processor.py:183} INFO - Processing /opt/airflow/dags/main.py took 0.405 seconds
[2026-09-30T13:38:46.052+0000] {processor.py:161} INFO - Started process (PID=1365) to work on /opt/airflow/dags/main.py
[2026-09-30T13:38:46.056+0000] {processor.py:830} INFO - Processing file /opt/airflow/dags/main.py for tasks to queue
[2026-09-30T13:38:46.059+0000] {logging_mixin.py:188} INFO - [2026-09-30T13:38:46.059+0000] {dagbag.py:545} INFO - Filling up the DagBag from /opt/airflow/dags/main.py
[2026-09-30T13:38:46.355+0000] {processor.py:840} INFO - DAG(s) 'data_quality_check', 'update_db', 'produce_json' retrieved from /opt/airflow/dags/main.py
[2026-09-30T13:38:46.397+0000] {logging_mixin.py:188} INFO - [2026-09-30T13:38:46.396+0000] {dag.py:3096} INFO - Sync 3 DAGs
[2026-09-30T13:38:46.430+0000] {logging_mixin.py:188} INFO - [2026-09-30T13:38:46.430+0000] {dag.py:3954} INFO - Setting next_dagrun for data_quality_check to 2026-09-30 12:00:00+00:00, run_after=2026-10-01 12:00:00+00:00
[2026-09-30T13:38:46.441+0000] {logging_mixin.py:188} INFO - [2026-09-30T13:38:46.440+0000] {dag.py:3954} INFO - Setting next_dagrun for produce_json to 2026-09-30 12:00:00+00:00, run_after=2026-10-01 12:00:00+00:00
[2026-09-30T13:38:46.446+0000] {logging_mixin.py:188} INFO - [2026-09-30T13:38:46.446+0000] {dag.py:3954} INFO - Setting next_dagrun for update_db to 2026-09-30 12:00:00+00:00, run_after=2026-10-01 12:00:00+00:00
[2026-09-30T13:38:46.493+0000] {processor.py:183} INFO - Processing /opt/airflow/dags/main.py took 0.447 seconds
[2026-09-30T13:39:16.858+0000] {processor.py:161} INFO - Started process (PID=1372) to work on /opt/airflow/dags/main.py
[2026-09-30T13:39:16.861+0000] {processor.py:830} INFO - Processing file /opt/airflow/dags/main.py for tasks to queue
[2026-09-30T13:39:16.865+0000] {logging_mixin.py:188} INFO - [2026-09-30T13:39:16.864+0000] {dagbag.py:545} INFO - Filling up the DagBag from /opt/airflow/dags/main.py
[2026-09-30T13:39:17.156+0000] {processor.py:840} INFO - DAG(s) 'produce_json', 'update_db', 'data_quality_check' retrieved from /opt/airflow/dags/main.py
[2026-09-30T13:39:17.182+0000] {logging_mixin.py:188} INFO - [2026-09-30T13:39:17.182+0000] {dag.py:3096} INFO - Sync 3 DAGs
[2026-09-30T13:39:17.203+0000] {logging_mixin.py:188} INFO - [2026-09-30T13:39:17.203+0000] {dag.py:3954} INFO - Setting next_dagrun for data_quality_check to 2026-09-30 12:00:00+00:00, run_after=2026-10-01 12:00:00+00:00
[2026-09-30T13:39:17.210+0000] {logging_mixin.py:188} INFO - [2026-09-30T13:39:17.210+0000] {dag.py:3954} INFO - Setting next_dagrun for produce_json to 2026-09-30 12:00:00+00:00, run_after=2026-10-01 12:00:00+00:00
[2026-09-30T13:39:17.213+0000] {logging_mixin.py:188} INFO - [2026-09-30T13:39:17.213+0000] {dag.py:3954} INFO - Setting next_dagrun for update_db to 2026-09-30 12:00:00+00:00, run_after=2026-10-01 12:00:00+00:00
[2026-09-30T13:39:17.231+0000] {processor.py:183} INFO - Processing /opt/airflow/dags/main.py took 0.379 seconds
[2026-09-30T13:39:47.582+0000] {processor.py:161} INFO - Started process (PID=1379) to work on /opt/airflow/dags/main.py
[2026-09-30T13:39:47.584+0000] {processor.py:830} INFO - Processing file /opt/airflow/dags/main.py for tasks to queue
[2026-09-30T13:39:47.587+0000] {logging_mixin.py:188} INFO - [2026-09-30T13:39:47.587+0000] {dagbag.py:545} INFO - Filling up the DagBag from /opt/airflow/dags/main.py
[2026-09-30T13:39:47.879+0000] {processor.py:840} INFO - DAG(s) 'update_db', 'produce_json', 'data_quality_check' retrieved from /opt/airflow/dags/main.py
[2026-09-30T13:39:47.905+0000] {logging_mixin.py:188} INFO - [2026-09-30T13:39:47.905+0000] {dag.py:3096} INFO - Sync 3 DAGs
[2026-09-30T13:39:47.924+0000] {logging_mixin.py:188} INFO - [2026-09-30T13:39:47.924+0000] {dag.py:3954} INFO - Setting next_dagrun for data_quality_check to 2026-09-30 12:00:00+00:00, run_after=2026-10-01 12:00:00+00:00
[2026-09-30T13:39:47.930+0000] {logging_mixin.py:188} INFO - [2026-09-30T13:39:47.930+0000] {dag.py:3954} INFO - Setting next_dagrun for produce_json to 2026-09-30 12:00:00+00:00, run_after=2026-10-01 12:00:00+00:00
[2026-09-30T13:39:47.934+0000] {logging_mixin.py:188} INFO - [2026-09-30T13:39:47.933+0000] {dag.py:3954} INFO - Setting next_dagrun for update_db to 2026-09-30 12:00:00+00:00, run_after=2026-10-01 12:00:00+00:00
[2026-09-30T13:39:47.956+0000] {processor.py:183} INFO - Processing /opt/airflow/dags/main.py took 0.381 seconds
[2026-09-30T13:40:18.293+0000] {processor.py:161} INFO - Started process (PID=1386) to work on /opt/airflow/dags/main.py
[2026-09-30T13:40:18.296+0000] {processor.py:830} INFO - Processing file /opt/airflow/dags/main.py for tasks to queue
[2026-09-30T13:40:18.299+0000] {logging_mixin.py:188} INFO - [2026-09-30T13:40:18.299+0000] {dagbag.py:545} INFO - Filling up the DagBag from /opt/airflow/dags/main.py
[2026-09-30T13:40:18.595+0000] {processor.py:840} INFO - DAG(s) 'produce_json', 'update_db', 'data_quality_check' retrieved from /opt/airflow/dags/main.py
[2026-09-30T13:40:18.636+0000] {logging_mixin.py:188} INFO - [2026-09-30T13:40:18.636+0000] {dag.py:3096} INFO - Sync 3 DAGs
[2026-09-30T13:40:18.672+0000] {logging_mixin.py:188} INFO - [2026-09-30T13:40:18.672+0000] {dag.py:3954} INFO - Setting next_dagrun for data_quality_check to 2026-09-30 12:00:00+00:00, run_after=2026-10-01 12:00:00+00:00
[2026-09-30T13:40:18.679+0000] {logging_mixin.py:188} INFO - [2026-09-30T13:40:18.678+0000] {dag.py:3954} INFO - Setting next_dagrun for produce_json to 2026-09-30 12:00:00+00:00, run_after=2026-10-01 12:00:00+00:00
[2026-09-30T13:40:18.683+0000] {logging_mixin.py:188} INFO - [2026-09-30T13:40:18.682+0000] {dag.py:3954} INFO - Setting next_dagrun for update_db to 2026-09-30 12:00:00+00:00, run_after=2026-10-01 12:00:00+00:00
[2026-09-30T13:40:18.710+0000] {processor.py:183} INFO - Processing /opt/airflow/dags/main.py took 0.424 seconds
[2026-09-30T13:40:49.073+0000] {processor.py:161} INFO - Started process (PID=1393) to work on /opt/airflow/dags/main.py
[2026-09-30T13:40:49.077+0000] {processor.py:830} INFO - Processing file /opt/airflow/dags/main.py for tasks to queue
[2026-09-30T13:40:49.080+0000] {logging_mixin.py:188} INFO - [2026-09-30T13:40:49.080+0000] {dagbag.py:545} INFO - Filling up the DagBag from /opt/airflow/dags/main.py
[2026-09-30T13:40:49.442+0000] {processor.py:840} INFO - DAG(s) 'produce_json', 'update_db', 'data_quality_check' retrieved from /opt/airflow/dags/main.py
[2026-09-30T13:40:49.467+0000] {logging_mixin.py:188} INFO - [2026-09-30T13:40:49.467+0000] {dag.py:3096} INFO - Sync 3 DAGs
[2026-09-30T13:40:49.484+0000] {logging_mixin.py:188} INFO - [2026-09-30T13:40:49.484+0000] {dag.py:3954} INFO - Setting next_dagrun for data_quality_check to 2026-09-30 12:00:00+00:00, run_after=2026-10-01 12:00:00+00:00
[2026-09-30T13:40:49.492+0000] {logging_mixin.py:188} INFO - [2026-09-30T13:40:49.492+0000] {dag.py:3954} INFO - Setting next_dagrun for produce_json to 2026-09-30 12:00:00+00:00, run_after=2026-10-01 12:00:00+00:00
[2026-09-30T13:40:49.496+0000] {logging_mixin.py:188} INFO - [2026-09-30T13:40:49.495+0000] {dag.py:3954} INFO - Setting next_dagrun for update_db to 2026-09-30 12:00:00+00:00, run_after=2026-10-01 12:00:00+00:00
[2026-09-30T13:40:49.515+0000] {processor.py:183} INFO - Processing /opt/airflow/dags/main.py took 0.447 seconds
[2026-09-30T13:41:19.919+0000] {processor.py:161} INFO - Started process (PID=1400) to work on /opt/airflow/dags/main.py
[2026-09-30T13:41:19.923+0000] {processor.py:830} INFO - Processing file /opt/airflow/dags/main.py for tasks to queue
[2026-09-30T13:41:19.926+0000] {logging_mixin.py:188} INFO - [2026-09-30T13:41:19.926+0000] {dagbag.py:545} INFO - Filling up the DagBag from /opt/airflow/dags/main.py
[2026-09-30T13:41:20.279+0000] {processor.py:840} INFO - DAG(s) 'data_quality_check', 'produce_json', 'update_db' retrieved from /opt/airflow/dags/main.py
[2026-09-30T13:41:20.304+0000] {logging_mixin.py:188} INFO - [2026-09-30T13:41:20.304+0000] {dag.py:3096} INFO - Sync 3 DAGs
[2026-09-30T13:41:20.323+0000] {logging_mixin.py:188} INFO - [2026-09-30T13:41:20.322+0000] {dag.py:3954} INFO - Setting next_dagrun for data_quality_check to 2026-09-30 12:00:00+00:00, run_after=2026-10-01 12:00:00+00:00
[2026-09-30T13:41:20.329+0000] {logging_mixin.py:188} INFO - [2026-09-30T13:41:20.329+0000] {dag.py:3954} INFO - Setting next_dagrun for produce_json to 2026-09-30 12:00:00+00:00, run_after=2026-10-01 12:00:00+00:00
[2026-09-30T13:41:20.332+0000] {logging_mixin.py:188} INFO - [2026-09-30T13:41:20.332+0000] {dag.py:3954} INFO - Setting next_dagrun for update_db to 2026-09-30 12:00:00+00:00, run_after=2026-10-01 12:00:00+00:00
[2026-09-30T13:41:20.350+0000] {processor.py:183} INFO - Processing /opt/airflow/dags/main.py took 0.437 seconds
[2026-09-30T13:41:50.738+0000] {processor.py:161} INFO - Started process (PID=1407) to work on /opt/airflow/dags/main.py
[2026-09-30T13:41:50.741+0000] {processor.py:830} INFO - Processing file /opt/airflow/dags/main.py for tasks to queue
[2026-09-30T13:41:50.744+0000] {logging_mixin.py:188} INFO - [2026-09-30T13:41:50.744+0000] {dagbag.py:545} INFO - Filling up the DagBag from /opt/airflow/dags/main.py
[2026-09-30T13:41:51.131+0000] {processor.py:840} INFO - DAG(s) 'produce_json', 'data_quality_check', 'update_db' retrieved from /opt/airflow/dags/main.py
[2026-09-30T13:41:51.157+0000] {logging_mixin.py:188} INFO - [2026-09-30T13:41:51.156+0000] {dag.py:3096} INFO - Sync 3 DAGs
[2026-09-30T13:41:51.176+0000] {logging_mixin.py:188} INFO - [2026-09-30T13:41:51.176+0000] {dag.py:3954} INFO - Setting next_dagrun for data_quality_check to 2026-09-30 12:00:00+00:00, run_after=2026-10-01 12:00:00+00:00
[2026-09-30T13:41:51.182+0000] {logging_mixin.py:188} INFO - [2026-09-30T13:41:51.182+0000] {dag.py:3954} INFO - Setting next_dagrun for produce_json to 2026-09-30 12:00:00+00:00, run_after=2026-10-01 12:00:00+00:00
[2026-09-30T13:41:51.186+0000] {logging_mixin.py:188} INFO - [2026-09-30T13:41:51.185+0000] {dag.py:3954} INFO - Setting next_dagrun for update_db to 2026-09-30 12:00:00+00:00, run_after=2026-10-01 12:00:00+00:00
[2026-09-30T13:41:51.204+0000] {processor.py:183} INFO - Processing /opt/airflow/dags/main.py took 0.472 seconds
[2026-09-30T13:42:21.592+0000] {processor.py:161} INFO - Started process (PID=1414) to work on /opt/airflow/dags/main.py
[2026-09-30T13:42:21.595+0000] {processor.py:830} INFO - Processing file /opt/airflow/dags/main.py for tasks to queue
[2026-09-30T13:42:21.597+0000] {logging_mixin.py:188} INFO - [2026-09-30T13:42:21.597+0000] {dagbag.py:545} INFO - Filling up the DagBag from /opt/airflow/dags/main.py
[2026-09-30T13:42:21.915+0000] {processor.py:840} INFO - DAG(s) 'update_db', 'produce_json', 'data_quality_check' retrieved from /opt/airflow/dags/main.py
[2026-09-30T13:42:21.941+0000] {logging_mixin.py:188} INFO - [2026-09-30T13:42:21.941+0000] {dag.py:3096} INFO - Sync 3 DAGs
[2026-09-30T13:42:21.960+0000] {logging_mixin.py:188} INFO - [2026-09-30T13:42:21.959+0000] {dag.py:3954} INFO - Setting next_dagrun for data_quality_check to 2026-09-30 12:00:00+00:00, run_after=2026-10-01 12:00:00+00:00
[2026-09-30T13:42:21.966+0000] {logging_mixin.py:188} INFO - [2026-09-30T13:42:21.966+0000] {dag.py:3954} INFO - Setting next_dagrun for produce_json to 2026-09-30 12:00:00+00:00, run_after=2026-10-01 12:00:00+00:00
[2026-09-30T13:42:21.969+0000] {logging_mixin.py:188} INFO - [2026-09-30T13:42:21.969+0000] {dag.py:3954} INFO - Setting next_dagrun for update_db to 2026-09-30 12:00:00+00:00, run_after=2026-10-01 12:00:00+00:00
[2026-09-30T13:42:21.988+0000] {processor.py:183} INFO - Processing /opt/airflow/dags/main.py took 0.402 seconds
[2026-09-30T13:42:52.911+0000] {processor.py:161} INFO - Started process (PID=1421) to work on /opt/airflow/dags/main.py
[2026-09-30T13:42:52.913+0000] {processor.py:830} INFO - Processing file /opt/airflow/dags/main.py for tasks to queue
[2026-09-30T13:42:52.916+0000] {logging_mixin.py:188} INFO - [2026-09-30T13:42:52.916+0000] {dagbag.py:545} INFO - Filling up the DagBag from /opt/airflow/dags/main.py
[2026-09-30T13:42:53.320+0000] {processor.py:840} INFO - DAG(s) 'update_db', 'produce_json', 'data_quality_check' retrieved from /opt/airflow/dags/main.py
[2026-09-30T13:42:53.344+0000] {logging_mixin.py:188} INFO - [2026-09-30T13:42:53.344+0000] {dag.py:3096} INFO - Sync 3 DAGs
[2026-09-30T13:42:53.361+0000] {logging_mixin.py:188} INFO - [2026-09-30T13:42:53.361+0000] {dag.py:3954} INFO - Setting next_dagrun for data_quality_check to 2026-09-30 12:00:00+00:00, run_after=2026-10-01 12:00:00+00:00
[2026-09-30T13:42:53.367+0000] {logging_mixin.py:188} INFO - [2026-09-30T13:42:53.367+0000] {dag.py:3954} INFO - Setting next_dagrun for produce_json to 2026-09-30 12:00:00+00:00, run_after=2026-10-01 12:00:00+00:00
[2026-09-30T13:42:53.370+0000] {logging_mixin.py:188} INFO - [2026-09-30T13:42:53.370+0000] {dag.py:3954} INFO - Setting next_dagrun for update_db to 2026-09-30 12:00:00+00:00, run_after=2026-10-01 12:00:00+00:00
[2026-09-30T13:42:53.390+0000] {processor.py:183} INFO - Processing /opt/airflow/dags/main.py took 0.484 seconds
[2026-09-30T13:43:23.818+0000] {processor.py:161} INFO - Started process (PID=1428) to work on /opt/airflow/dags/main.py
[2026-09-30T13:43:23.822+0000] {processor.py:830} INFO - Processing file /opt/airflow/dags/main.py for tasks to queue
[2026-09-30T13:43:23.825+0000] {logging_mixin.py:188} INFO - [2026-09-30T13:43:23.825+0000] {dagbag.py:545} INFO - Filling up the DagBag from /opt/airflow/dags/main.py
[2026-09-30T13:43:24.146+0000] {processor.py:840} INFO - DAG(s) 'produce_json', 'data_quality_check', 'update_db' retrieved from /opt/airflow/dags/main.py
[2026-09-30T13:43:24.170+0000] {logging_mixin.py:188} INFO - [2026-09-30T13:43:24.169+0000] {dag.py:3096} INFO - Sync 3 DAGs
[2026-09-30T13:43:24.188+0000] {logging_mixin.py:188} INFO - [2026-09-30T13:43:24.187+0000] {dag.py:3954} INFO - Setting next_dagrun for data_quality_check to 2026-09-30 12:00:00+00:00, run_after=2026-10-01 12:00:00+00:00
[2026-09-30T13:43:24.194+0000] {logging_mixin.py:188} INFO - [2026-09-30T13:43:24.194+0000] {dag.py:3954} INFO - Setting next_dagrun for produce_json to 2026-09-30 12:00:00+00:00, run_after=2026-10-01 12:00:00+00:00
[2026-09-30T13:43:24.197+0000] {logging_mixin.py:188} INFO - [2026-09-30T13:43:24.197+0000] {dag.py:3954} INFO - Setting next_dagrun for update_db to 2026-09-30 12:00:00+00:00, run_after=2026-10-01 12:00:00+00:00
[2026-09-30T13:43:24.215+0000] {processor.py:183} INFO - Processing /opt/airflow/dags/main.py took 0.402 seconds
[2026-09-30T13:43:54.559+0000] {processor.py:161} INFO - Started process (PID=1435) to work on /opt/airflow/dags/main.py
[2026-09-30T13:43:54.562+0000] {processor.py:830} INFO - Processing file /opt/airflow/dags/main.py for tasks to queue
[2026-09-30T13:43:54.565+0000] {logging_mixin.py:188} INFO - [2026-09-30T13:43:54.565+0000] {dagbag.py:545} INFO - Filling up the DagBag from /opt/airflow/dags/main.py
[2026-09-30T13:43:54.908+0000] {processor.py:840} INFO - DAG(s) 'data_quality_check', 'produce_json', 'update_db' retrieved from /opt/airflow/dags/main.py
[2026-09-30T13:43:54.930+0000] {logging_mixin.py:188} INFO - [2026-09-30T13:43:54.930+0000] {dag.py:3096} INFO - Sync 3 DAGs
[2026-09-30T13:43:54.950+0000] {logging_mixin.py:188} INFO - [2026-09-30T13:43:54.950+0000] {dag.py:3954} INFO - Setting next_dagrun for data_quality_check to 2026-09-30 12:00:00+00:00, run_after=2026-10-01 12:00:00+00:00
[2026-09-30T13:43:54.957+0000] {logging_mixin.py:188} INFO - [2026-09-30T13:43:54.957+0000] {dag.py:3954} INFO - Setting next_dagrun for produce_json to 2026-09-30 12:00:00+00:00, run_after=2026-10-01 12:00:00+00:00
[2026-09-30T13:43:54.960+0000] {logging_mixin.py:188} INFO - [2026-09-30T13:43:54.960+0000] {dag.py:3954} INFO - Setting next_dagrun for update_db to 2026-09-30 12:00:00+00:00, run_after=2026-10-01 12:00:00+00:00
[2026-09-30T13:43:54.979+0000] {processor.py:183} INFO - Processing /opt/airflow/dags/main.py took 0.425 seconds
[2026-09-30T13:44:25.349+0000] {processor.py:161} INFO - Started process (PID=1442) to work on /opt/airflow/dags/main.py
[2026-09-30T13:44:25.351+0000] {processor.py:830} INFO - Processing file /opt/airflow/dags/main.py for tasks to queue
[2026-09-30T13:44:25.354+0000] {logging_mixin.py:188} INFO - [2026-09-30T13:44:25.354+0000] {dagbag.py:545} INFO - Filling up the DagBag from /opt/airflow/dags/main.py
[2026-09-30T13:44:25.635+0000] {processor.py:840} INFO - DAG(s) 'data_quality_check', 'update_db', 'produce_json' retrieved from /opt/airflow/dags/main.py
[2026-09-30T13:44:25.663+0000] {logging_mixin.py:188} INFO - [2026-09-30T13:44:25.663+0000] {dag.py:3096} INFO - Sync 3 DAGs
[2026-09-30T13:44:25.686+0000] {logging_mixin.py:188} INFO - [2026-09-30T13:44:25.686+0000] {dag.py:3954} INFO - Setting next_dagrun for data_quality_check to 2026-09-30 12:00:00+00:00, run_after=2026-10-01 12:00:00+00:00
[2026-09-30T13:44:25.693+0000] {logging_mixin.py:188} INFO - [2026-09-30T13:44:25.692+0000] {dag.py:3954} INFO - Setting next_dagrun for produce_json to 2026-09-30 12:00:00+00:00, run_after=2026-10-01 12:00:00+00:00
[2026-09-30T13:44:25.696+0000] {logging_mixin.py:188} INFO - [2026-09-30T13:44:25.696+0000] {dag.py:3954} INFO - Setting next_dagrun for update_db to 2026-09-30 12:00:00+00:00, run_after=2026-10-01 12:00:00+00:00
[2026-09-30T13:44:25.715+0000] {processor.py:183} INFO - Processing /opt/airflow/dags/main.py took 0.373 seconds
[2026-09-30T13:44:56.067+0000] {processor.py:161} INFO - Started process (PID=1449) to work on /opt/airflow/dags/main.py
[2026-09-30T13:44:56.070+0000] {processor.py:830} INFO - Processing file /opt/airflow/dags/main.py for tasks to queue
[2026-09-30T13:44:56.075+0000] {logging_mixin.py:188} INFO - [2026-09-30T13:44:56.074+0000] {dagbag.py:545} INFO - Filling up the DagBag from /opt/airflow/dags/main.py
[2026-09-30T13:44:56.377+0000] {processor.py:840} INFO - DAG(s) 'data_quality_check', 'produce_json', 'update_db' retrieved from /opt/airflow/dags/main.py
[2026-09-30T13:44:56.411+0000] {logging_mixin.py:188} INFO - [2026-09-30T13:44:56.411+0000] {dag.py:3096} INFO - Sync 3 DAGs
[2026-09-30T13:44:56.433+0000] {logging_mixin.py:188} INFO - [2026-09-30T13:44:56.432+0000] {dag.py:3954} INFO - Setting next_dagrun for data_quality_check to 2026-09-30 12:00:00+00:00, run_after=2026-10-01 12:00:00+00:00
[2026-09-30T13:44:56.440+0000] {logging_mixin.py:188} INFO - [2026-09-30T13:44:56.439+0000] {dag.py:3954} INFO - Setting next_dagrun for produce_json to 2026-09-30 12:00:00+00:00, run_after=2026-10-01 12:00:00+00:00
[2026-09-30T13:44:56.443+0000] {logging_mixin.py:188} INFO - [2026-09-30T13:44:56.443+0000] {dag.py:3954} INFO - Setting next_dagrun for update_db to 2026-09-30 12:00:00+00:00, run_after=2026-10-01 12:00:00+00:00
[2026-09-30T13:44:56.463+0000] {processor.py:183} INFO - Processing /opt/airflow/dags/main.py took 0.402 seconds
[2026-09-30T13:45:26.766+0000] {processor.py:161} INFO - Started process (PID=1456) to work on /opt/airflow/dags/main.py
[2026-09-30T13:45:26.770+0000] {processor.py:830} INFO - Processing file /opt/airflow/dags/main.py for tasks to queue
[2026-09-30T13:45:26.777+0000] {logging_mixin.py:188} INFO - [2026-09-30T13:45:26.776+0000] {dagbag.py:545} INFO - Filling up the DagBag from /opt/airflow/dags/main.py
[2026-09-30T13:45:27.406+0000] {processor.py:840} INFO - DAG(s) 'update_db', 'data_quality_check', 'produce_json' retrieved from /opt/airflow/dags/main.py
[2026-09-30T13:45:27.484+0000] {logging_mixin.py:188} INFO - [2026-09-30T13:45:27.484+0000] {dag.py:3096} INFO - Sync 3 DAGs
[2026-09-30T13:45:27.534+0000] {logging_mixin.py:188} INFO - [2026-09-30T13:45:27.533+0000] {dag.py:3954} INFO - Setting next_dagrun for data_quality_check to 2026-09-30 12:00:00+00:00, run_after=2026-10-01 12:00:00+00:00
[2026-09-30T13:45:27.548+0000] {logging_mixin.py:188} INFO - [2026-09-30T13:45:27.547+0000] {dag.py:3954} INFO - Setting next_dagrun for produce_json to 2026-09-30 12:00:00+00:00, run_after=2026-10-01 12:00:00+00:00
[2026-09-30T13:45:27.553+0000] {logging_mixin.py:188} INFO - [2026-09-30T13:45:27.552+0000] {dag.py:3954} INFO - Setting next_dagrun for update_db to 2026-09-30 12:00:00+00:00, run_after=2026-10-01 12:00:00+00:00
[2026-09-30T13:45:27.595+0000] {processor.py:183} INFO - Processing /opt/airflow/dags/main.py took 0.842 seconds
[2026-09-30T13:45:57.963+0000] {processor.py:161} INFO - Started process (PID=1463) to work on /opt/airflow/dags/main.py
[2026-09-30T13:45:57.968+0000] {processor.py:830} INFO - Processing file /opt/airflow/dags/main.py for tasks to queue
[2026-09-30T13:45:57.976+0000] {logging_mixin.py:188} INFO - [2026-09-30T13:45:57.975+0000] {dagbag.py:545} INFO - Filling up the DagBag from /opt/airflow/dags/main.py
[2026-09-30T13:45:58.389+0000] {processor.py:840} INFO - DAG(s) 'produce_json', 'update_db', 'data_quality_check' retrieved from /opt/airflow/dags/main.py
[2026-09-30T13:45:58.467+0000] {logging_mixin.py:188} INFO - [2026-09-30T13:45:58.466+0000] {dag.py:3096} INFO - Sync 3 DAGs
[2026-09-30T13:45:58.513+0000] {logging_mixin.py:188} INFO - [2026-09-30T13:45:58.512+0000] {dag.py:3954} INFO - Setting next_dagrun for data_quality_check to 2026-09-30 12:00:00+00:00, run_after=2026-10-01 12:00:00+00:00
[2026-09-30T13:45:58.530+0000] {logging_mixin.py:188} INFO - [2026-09-30T13:45:58.530+0000] {dag.py:3954} INFO - Setting next_dagrun for produce_json to 2026-09-30 12:00:00+00:00, run_after=2026-10-01 12:00:00+00:00
[2026-09-30T13:45:58.536+0000] {logging_mixin.py:188} INFO - [2026-09-30T13:45:58.535+0000] {dag.py:3954} INFO - Setting next_dagrun for update_db to 2026-09-30 12:00:00+00:00, run_after=2026-10-01 12:00:00+00:00
[2026-09-30T13:45:58.583+0000] {processor.py:183} INFO - Processing /opt/airflow/dags/main.py took 0.633 seconds
[2026-09-30T13:46:28.830+0000] {processor.py:161} INFO - Started process (PID=1470) to work on /opt/airflow/dags/main.py
[2026-09-30T13:46:28.833+0000] {processor.py:830} INFO - Processing file /opt/airflow/dags/main.py for tasks to queue
[2026-09-30T13:46:28.837+0000] {logging_mixin.py:188} INFO - [2026-09-30T13:46:28.837+0000] {dagbag.py:545} INFO - Filling up the DagBag from /opt/airflow/dags/main.py
[2026-09-30T13:46:29.161+0000] {processor.py:840} INFO - DAG(s) 'data_quality_check', 'produce_json', 'update_db' retrieved from /opt/airflow/dags/main.py
[2026-09-30T13:46:29.206+0000] {logging_mixin.py:188} INFO - [2026-09-30T13:46:29.205+0000] {dag.py:3096} INFO - Sync 3 DAGs
[2026-09-30T13:46:29.243+0000] {logging_mixin.py:188} INFO - [2026-09-30T13:46:29.242+0000] {dag.py:3954} INFO - Setting next_dagrun for data_quality_check to 2026-09-30 12:00:00+00:00, run_after=2026-10-01 12:00:00+00:00
[2026-09-30T13:46:29.252+0000] {logging_mixin.py:188} INFO - [2026-09-30T13:46:29.251+0000] {dag.py:3954} INFO - Setting next_dagrun for produce_json to 2026-09-30 12:00:00+00:00, run_after=2026-10-01 12:00:00+00:00
[2026-09-30T13:46:29.256+0000] {logging_mixin.py:188} INFO - [2026-09-30T13:46:29.256+0000] {dag.py:3954} INFO - Setting next_dagrun for update_db to 2026-09-30 12:00:00+00:00, run_after=2026-10-01 12:00:00+00:00
[2026-09-30T13:46:29.285+0000] {processor.py:183} INFO - Processing /opt/airflow/dags/main.py took 0.462 seconds
[2026-09-30T13:46:59.590+0000] {processor.py:161} INFO - Started process (PID=1477) to work on /opt/airflow/dags/main.py
[2026-09-30T13:46:59.592+0000] {processor.py:830} INFO - Processing file /opt/airflow/dags/main.py for tasks to queue
[2026-09-30T13:46:59.597+0000] {logging_mixin.py:188} INFO - [2026-09-30T13:46:59.597+0000] {dagbag.py:545} INFO - Filling up the DagBag from /opt/airflow/dags/main.py
[2026-09-30T13:46:59.935+0000] {processor.py:840} INFO - DAG(s) 'produce_json', 'data_quality_check', 'update_db' retrieved from /opt/airflow/dags/main.py
[2026-09-30T13:46:59.981+0000] {logging_mixin.py:188} INFO - [2026-09-30T13:46:59.981+0000] {dag.py:3096} INFO - Sync 3 DAGs
[2026-09-30T13:47:00.016+0000] {logging_mixin.py:188} INFO - [2026-09-30T13:47:00.016+0000] {dag.py:3954} INFO - Setting next_dagrun for data_quality_check to 2026-09-30 12:00:00+00:00, run_after=2026-10-01 12:00:00+00:00
[2026-09-30T13:47:00.028+0000] {logging_mixin.py:188} INFO - [2026-09-30T13:47:00.027+0000] {dag.py:3954} INFO - Setting next_dagrun for produce_json to 2026-09-30 12:00:00+00:00, run_after=2026-10-01 12:00:00+00:00
[2026-09-30T13:47:00.032+0000] {logging_mixin.py:188} INFO - [2026-09-30T13:47:00.032+0000] {dag.py:3954} INFO - Setting next_dagrun for update_db to 2026-09-30 12:00:00+00:00, run_after=2026-10-01 12:00:00+00:00
[2026-09-30T13:47:00.060+0000] {processor.py:183} INFO - Processing /opt/airflow/dags/main.py took 0.477 seconds
[2026-09-30T13:47:30.954+0000] {processor.py:161} INFO - Started process (PID=1484) to work on /opt/airflow/dags/main.py
[2026-09-30T13:47:30.958+0000] {processor.py:830} INFO - Processing file /opt/airflow/dags/main.py for tasks to queue
[2026-09-30T13:47:30.963+0000] {logging_mixin.py:188} INFO - [2026-09-30T13:47:30.962+0000] {dagbag.py:545} INFO - Filling up the DagBag from /opt/airflow/dags/main.py
[2026-09-30T13:47:31.316+0000] {processor.py:840} INFO - DAG(s) 'data_quality_check', 'update_db', 'produce_json' retrieved from /opt/airflow/dags/main.py
[2026-09-30T13:47:31.366+0000] {logging_mixin.py:188} INFO - [2026-09-30T13:47:31.365+0000] {dag.py:3096} INFO - Sync 3 DAGs
[2026-09-30T13:47:31.403+0000] {logging_mixin.py:188} INFO - [2026-09-30T13:47:31.402+0000] {dag.py:3954} INFO - Setting next_dagrun for data_quality_check to 2026-09-30 12:00:00+00:00, run_after=2026-10-01 12:00:00+00:00
[2026-09-30T13:47:31.414+0000] {logging_mixin.py:188} INFO - [2026-09-30T13:47:31.414+0000] {dag.py:3954} INFO - Setting next_dagrun for produce_json to 2026-09-30 12:00:00+00:00, run_after=2026-10-01 12:00:00+00:00
[2026-09-30T13:47:31.420+0000] {logging_mixin.py:188} INFO - [2026-09-30T13:47:31.419+0000] {dag.py:3954} INFO - Setting next_dagrun for update_db to 2026-09-30 12:00:00+00:00, run_after=2026-10-01 12:00:00+00:00
[2026-09-30T13:47:31.456+0000] {processor.py:183} INFO - Processing /opt/airflow/dags/main.py took 0.511 seconds
[2026-09-30T13:48:01.779+0000] {processor.py:161} INFO - Started process (PID=1491) to work on /opt/airflow/dags/main.py
[2026-09-30T13:48:01.782+0000] {processor.py:830} INFO - Processing file /opt/airflow/dags/main.py for tasks to queue
[2026-09-30T13:48:01.785+0000] {logging_mixin.py:188} INFO - [2026-09-30T13:48:01.785+0000] {dagbag.py:545} INFO - Filling up the DagBag from /opt/airflow/dags/main.py
[2026-09-30T13:48:02.108+0000] {processor.py:840} INFO - DAG(s) 'data_quality_check', 'update_db', 'produce_json' retrieved from /opt/airflow/dags/main.py
[2026-09-30T13:48:02.151+0000] {logging_mixin.py:188} INFO - [2026-09-30T13:48:02.150+0000] {dag.py:3096} INFO - Sync 3 DAGs
[2026-09-30T13:48:02.181+0000] {logging_mixin.py:188} INFO - [2026-09-30T13:48:02.181+0000] {dag.py:3954} INFO - Setting next_dagrun for data_quality_check to 2026-09-30 12:00:00+00:00, run_after=2026-10-01 12:00:00+00:00
[2026-09-30T13:48:02.190+0000] {logging_mixin.py:188} INFO - [2026-09-30T13:48:02.190+0000] {dag.py:3954} INFO - Setting next_dagrun for produce_json to 2026-09-30 12:00:00+00:00, run_after=2026-10-01 12:00:00+00:00
[2026-09-30T13:48:02.194+0000] {logging_mixin.py:188} INFO - [2026-09-30T13:48:02.194+0000] {dag.py:3954} INFO - Setting next_dagrun for update_db to 2026-09-30 12:00:00+00:00, run_after=2026-10-01 12:00:00+00:00
[2026-09-30T13:48:02.221+0000] {processor.py:183} INFO - Processing /opt/airflow/dags/main.py took 0.450 seconds
[2026-09-30T13:48:32.472+0000] {processor.py:161} INFO - Started process (PID=1498) to work on /opt/airflow/dags/main.py
[2026-09-30T13:48:32.476+0000] {processor.py:830} INFO - Processing file /opt/airflow/dags/main.py for tasks to queue
[2026-09-30T13:48:32.482+0000] {logging_mixin.py:188} INFO - [2026-09-30T13:48:32.481+0000] {dagbag.py:545} INFO - Filling up the DagBag from /opt/airflow/dags/main.py
[2026-09-30T13:48:32.854+0000] {processor.py:840} INFO - DAG(s) 'produce_json', 'update_db', 'data_quality_check' retrieved from /opt/airflow/dags/main.py
[2026-09-30T13:48:32.898+0000] {logging_mixin.py:188} INFO - [2026-09-30T13:48:32.898+0000] {dag.py:3096} INFO - Sync 3 DAGs
[2026-09-30T13:48:32.939+0000] {logging_mixin.py:188} INFO - [2026-09-30T13:48:32.938+0000] {dag.py:3954} INFO - Setting next_dagrun for data_quality_check to 2026-09-30 12:00:00+00:00, run_after=2026-10-01 12:00:00+00:00
[2026-09-30T13:48:32.948+0000] {logging_mixin.py:188} INFO - [2026-09-30T13:48:32.948+0000] {dag.py:3954} INFO - Setting next_dagrun for produce_json to 2026-09-30 12:00:00+00:00, run_after=2026-10-01 12:00:00+00:00
[2026-09-30T13:48:32.952+0000] {logging_mixin.py:188} INFO - [2026-09-30T13:48:32.952+0000] {dag.py:3954} INFO - Setting next_dagrun for update_db to 2026-09-30 12:00:00+00:00, run_after=2026-10-01 12:00:00+00:00
[2026-09-30T13:48:32.982+0000] {processor.py:183} INFO - Processing /opt/airflow/dags/main.py took 0.517 seconds
[2026-09-30T13:49:03.298+0000] {processor.py:161} INFO - Started process (PID=1505) to work on /opt/airflow/dags/main.py
[2026-09-30T13:49:03.301+0000] {processor.py:830} INFO - Processing file /opt/airflow/dags/main.py for tasks to queue
[2026-09-30T13:49:03.305+0000] {logging_mixin.py:188} INFO - [2026-09-30T13:49:03.304+0000] {dagbag.py:545} INFO - Filling up the DagBag from /opt/airflow/dags/main.py
[2026-09-30T13:49:03.633+0000] {processor.py:840} INFO - DAG(s) 'update_db', 'produce_json', 'data_quality_check' retrieved from /opt/airflow/dags/main.py
[2026-09-30T13:49:03.672+0000] {logging_mixin.py:188} INFO - [2026-09-30T13:49:03.672+0000] {dag.py:3096} INFO - Sync 3 DAGs
[2026-09-30T13:49:03.701+0000] {logging_mixin.py:188} INFO - [2026-09-30T13:49:03.700+0000] {dag.py:3954} INFO - Setting next_dagrun for data_quality_check to 2026-09-30 12:00:00+00:00, run_after=2026-10-01 12:00:00+00:00
[2026-09-30T13:49:03.711+0000] {logging_mixin.py:188} INFO - [2026-09-30T13:49:03.710+0000] {dag.py:3954} INFO - Setting next_dagrun for produce_json to 2026-09-30 12:00:00+00:00, run_after=2026-10-01 12:00:00+00:00
[2026-09-30T13:49:03.715+0000] {logging_mixin.py:188} INFO - [2026-09-30T13:49:03.714+0000] {dag.py:3954} INFO - Setting next_dagrun for update_db to 2026-09-30 12:00:00+00:00, run_after=2026-10-01 12:00:00+00:00
[2026-09-30T13:49:03.740+0000] {processor.py:183} INFO - Processing /opt/airflow/dags/main.py took 0.450 seconds
[2026-09-30T13:49:33.998+0000] {processor.py:161} INFO - Started process (PID=1512) to work on /opt/airflow/dags/main.py
[2026-09-30T13:49:34.001+0000] {processor.py:830} INFO - Processing file /opt/airflow/dags/main.py for tasks to queue
[2026-09-30T13:49:34.005+0000] {logging_mixin.py:188} INFO - [2026-09-30T13:49:34.004+0000] {dagbag.py:545} INFO - Filling up the DagBag from /opt/airflow/dags/main.py
[2026-09-30T13:49:34.324+0000] {processor.py:840} INFO - DAG(s) 'produce_json', 'data_quality_check', 'update_db' retrieved from /opt/airflow/dags/main.py
[2026-09-30T13:49:34.364+0000] {logging_mixin.py:188} INFO - [2026-09-30T13:49:34.364+0000] {dag.py:3096} INFO - Sync 3 DAGs
[2026-09-30T13:49:34.394+0000] {logging_mixin.py:188} INFO - [2026-09-30T13:49:34.394+0000] {dag.py:3954} INFO - Setting next_dagrun for data_quality_check to 2026-09-30 12:00:00+00:00, run_after=2026-10-01 12:00:00+00:00
[2026-09-30T13:49:34.403+0000] {logging_mixin.py:188} INFO - [2026-09-30T13:49:34.403+0000] {dag.py:3954} INFO - Setting next_dagrun for produce_json to 2026-09-30 12:00:00+00:00, run_after=2026-10-01 12:00:00+00:00
[2026-09-30T13:49:34.407+0000] {logging_mixin.py:188} INFO - [2026-09-30T13:49:34.407+0000] {dag.py:3954} INFO - Setting next_dagrun for update_db to 2026-09-30 12:00:00+00:00, run_after=2026-10-01 12:00:00+00:00
[2026-09-30T13:49:34.435+0000] {processor.py:183} INFO - Processing /opt/airflow/dags/main.py took 0.445 seconds
[2026-09-30T13:50:04.748+0000] {processor.py:161} INFO - Started process (PID=1519) to work on /opt/airflow/dags/main.py
[2026-09-30T13:50:04.751+0000] {processor.py:830} INFO - Processing file /opt/airflow/dags/main.py for tasks to queue
[2026-09-30T13:50:04.757+0000] {logging_mixin.py:188} INFO - [2026-09-30T13:50:04.757+0000] {dagbag.py:545} INFO - Filling up the DagBag from /opt/airflow/dags/main.py
[2026-09-30T13:50:05.052+0000] {processor.py:840} INFO - DAG(s) 'data_quality_check', 'produce_json', 'update_db' retrieved from /opt/airflow/dags/main.py
[2026-09-30T13:50:05.101+0000] {logging_mixin.py:188} INFO - [2026-09-30T13:50:05.101+0000] {dag.py:3096} INFO - Sync 3 DAGs
[2026-09-30T13:50:05.135+0000] {logging_mixin.py:188} INFO - [2026-09-30T13:50:05.135+0000] {dag.py:3954} INFO - Setting next_dagrun for data_quality_check to 2026-09-30 12:00:00+00:00, run_after=2026-10-01 12:00:00+00:00
[2026-09-30T13:50:05.144+0000] {logging_mixin.py:188} INFO - [2026-09-30T13:50:05.144+0000] {dag.py:3954} INFO - Setting next_dagrun for produce_json to 2026-09-30 12:00:00+00:00, run_after=2026-10-01 12:00:00+00:00
[2026-09-30T13:50:05.148+0000] {logging_mixin.py:188} INFO - [2026-09-30T13:50:05.148+0000] {dag.py:3954} INFO - Setting next_dagrun for update_db to 2026-09-30 12:00:00+00:00, run_after=2026-10-01 12:00:00+00:00
[2026-09-30T13:50:05.177+0000] {processor.py:183} INFO - Processing /opt/airflow/dags/main.py took 0.439 seconds
[2026-09-30T13:50:35.488+0000] {processor.py:161} INFO - Started process (PID=1526) to work on /opt/airflow/dags/main.py
[2026-09-30T13:50:35.491+0000] {processor.py:830} INFO - Processing file /opt/airflow/dags/main.py for tasks to queue
[2026-09-30T13:50:35.495+0000] {logging_mixin.py:188} INFO - [2026-09-30T13:50:35.495+0000] {dagbag.py:545} INFO - Filling up the DagBag from /opt/airflow/dags/main.py
[2026-09-30T13:50:35.825+0000] {processor.py:840} INFO - DAG(s) 'data_quality_check', 'update_db', 'produce_json' retrieved from /opt/airflow/dags/main.py
[2026-09-30T13:50:35.871+0000] {logging_mixin.py:188} INFO - [2026-09-30T13:50:35.871+0000] {dag.py:3096} INFO - Sync 3 DAGs
[2026-09-30T13:50:35.902+0000] {logging_mixin.py:188} INFO - [2026-09-30T13:50:35.902+0000] {dag.py:3954} INFO - Setting next_dagrun for data_quality_check to 2026-09-30 12:00:00+00:00, run_after=2026-10-01 12:00:00+00:00
[2026-09-30T13:50:35.911+0000] {logging_mixin.py:188} INFO - [2026-09-30T13:50:35.911+0000] {dag.py:3954} INFO - Setting next_dagrun for produce_json to 2026-09-30 12:00:00+00:00, run_after=2026-10-01 12:00:00+00:00
[2026-09-30T13:50:35.915+0000] {logging_mixin.py:188} INFO - [2026-09-30T13:50:35.915+0000] {dag.py:3954} INFO - Setting next_dagrun for update_db to 2026-09-30 12:00:00+00:00, run_after=2026-10-01 12:00:00+00:00
[2026-09-30T13:50:35.942+0000] {processor.py:183} INFO - Processing /opt/airflow/dags/main.py took 0.461 seconds
[2026-09-30T13:51:06.247+0000] {processor.py:161} INFO - Started process (PID=1533) to work on /opt/airflow/dags/main.py
[2026-09-30T13:51:06.250+0000] {processor.py:830} INFO - Processing file /opt/airflow/dags/main.py for tasks to queue
[2026-09-30T13:51:06.253+0000] {logging_mixin.py:188} INFO - [2026-09-30T13:51:06.253+0000] {dagbag.py:545} INFO - Filling up the DagBag from /opt/airflow/dags/main.py
[2026-09-30T13:51:06.584+0000] {processor.py:840} INFO - DAG(s) 'produce_json', 'update_db', 'data_quality_check' retrieved from /opt/airflow/dags/main.py
[2026-09-30T13:51:06.622+0000] {logging_mixin.py:188} INFO - [2026-09-30T13:51:06.621+0000] {dag.py:3096} INFO - Sync 3 DAGs
[2026-09-30T13:51:06.650+0000] {logging_mixin.py:188} INFO - [2026-09-30T13:51:06.650+0000] {dag.py:3954} INFO - Setting next_dagrun for data_quality_check to 2026-09-30 12:00:00+00:00, run_after=2026-10-01 12:00:00+00:00
[2026-09-30T13:51:06.659+0000] {logging_mixin.py:188} INFO - [2026-09-30T13:51:06.659+0000] {dag.py:3954} INFO - Setting next_dagrun for produce_json to 2026-09-30 12:00:00+00:00, run_after=2026-10-01 12:00:00+00:00
[2026-09-30T13:51:06.663+0000] {logging_mixin.py:188} INFO - [2026-09-30T13:51:06.663+0000] {dag.py:3954} INFO - Setting next_dagrun for update_db to 2026-09-30 12:00:00+00:00, run_after=2026-10-01 12:00:00+00:00
[2026-09-30T13:51:06.690+0000] {processor.py:183} INFO - Processing /opt/airflow/dags/main.py took 0.449 seconds
[2026-09-30T13:51:37.008+0000] {processor.py:161} INFO - Started process (PID=1540) to work on /opt/airflow/dags/main.py
[2026-09-30T13:51:37.011+0000] {processor.py:830} INFO - Processing file /opt/airflow/dags/main.py for tasks to queue
[2026-09-30T13:51:37.019+0000] {logging_mixin.py:188} INFO - [2026-09-30T13:51:37.018+0000] {dagbag.py:545} INFO - Filling up the DagBag from /opt/airflow/dags/main.py
[2026-09-30T13:51:37.573+0000] {processor.py:840} INFO - DAG(s) 'update_db', 'produce_json', 'data_quality_check' retrieved from /opt/airflow/dags/main.py
[2026-09-30T13:51:37.650+0000] {logging_mixin.py:188} INFO - [2026-09-30T13:51:37.649+0000] {dag.py:3096} INFO - Sync 3 DAGs
[2026-09-30T13:51:37.703+0000] {logging_mixin.py:188} INFO - [2026-09-30T13:51:37.702+0000] {dag.py:3954} INFO - Setting next_dagrun for data_quality_check to 2026-09-30 12:00:00+00:00, run_after=2026-10-01 12:00:00+00:00
[2026-09-30T13:51:37.717+0000] {logging_mixin.py:188} INFO - [2026-09-30T13:51:37.716+0000] {dag.py:3954} INFO - Setting next_dagrun for produce_json to 2026-09-30 12:00:00+00:00, run_after=2026-10-01 12:00:00+00:00
[2026-09-30T13:51:37.723+0000] {logging_mixin.py:188} INFO - [2026-09-30T13:51:37.723+0000] {dag.py:3954} INFO - Setting next_dagrun for update_db to 2026-09-30 12:00:00+00:00, run_after=2026-10-01 12:00:00+00:00
[2026-09-30T13:51:37.765+0000] {processor.py:183} INFO - Processing /opt/airflow/dags/main.py took 0.769 seconds
[2026-09-30T13:52:08.080+0000] {processor.py:161} INFO - Started process (PID=1547) to work on /opt/airflow/dags/main.py
[2026-09-30T13:52:08.084+0000] {processor.py:830} INFO - Processing file /opt/airflow/dags/main.py for tasks to queue
[2026-09-30T13:52:08.090+0000] {logging_mixin.py:188} INFO - [2026-09-30T13:52:08.090+0000] {dagbag.py:545} INFO - Filling up the DagBag from /opt/airflow/dags/main.py
[2026-09-30T13:52:08.455+0000] {processor.py:840} INFO - DAG(s) 'update_db', 'produce_json', 'data_quality_check' retrieved from /opt/airflow/dags/main.py
[2026-09-30T13:52:08.520+0000] {logging_mixin.py:188} INFO - [2026-09-30T13:52:08.520+0000] {dag.py:3096} INFO - Sync 3 DAGs
[2026-09-30T13:52:08.573+0000] {logging_mixin.py:188} INFO - [2026-09-30T13:52:08.572+0000] {dag.py:3954} INFO - Setting next_dagrun for data_quality_check to 2026-09-30 12:00:00+00:00, run_after=2026-10-01 12:00:00+00:00
[2026-09-30T13:52:08.590+0000] {logging_mixin.py:188} INFO - [2026-09-30T13:52:08.589+0000] {dag.py:3954} INFO - Setting next_dagrun for produce_json to 2026-09-30 12:00:00+00:00, run_after=2026-10-01 12:00:00+00:00
[2026-09-30T13:52:08.596+0000] {logging_mixin.py:188} INFO - [2026-09-30T13:52:08.596+0000] {dag.py:3954} INFO - Setting next_dagrun for update_db to 2026-09-30 12:00:00+00:00, run_after=2026-10-01 12:00:00+00:00
[2026-09-30T13:52:08.639+0000] {processor.py:183} INFO - Processing /opt/airflow/dags/main.py took 0.571 seconds
[2026-09-30T13:52:39.590+0000] {processor.py:161} INFO - Started process (PID=1554) to work on /opt/airflow/dags/main.py
[2026-09-30T13:52:39.593+0000] {processor.py:830} INFO - Processing file /opt/airflow/dags/main.py for tasks to queue
[2026-09-30T13:52:39.598+0000] {logging_mixin.py:188} INFO - [2026-09-30T13:52:39.597+0000] {dagbag.py:545} INFO - Filling up the DagBag from /opt/airflow/dags/main.py
[2026-09-30T13:52:40.001+0000] {processor.py:840} INFO - DAG(s) 'data_quality_check', 'update_db', 'produce_json' retrieved from /opt/airflow/dags/main.py
[2026-09-30T13:52:40.031+0000] {logging_mixin.py:188} INFO - [2026-09-30T13:52:40.031+0000] {dag.py:3096} INFO - Sync 3 DAGs
[2026-09-30T13:52:40.055+0000] {logging_mixin.py:188} INFO - [2026-09-30T13:52:40.055+0000] {dag.py:3954} INFO - Setting next_dagrun for data_quality_check to 2026-09-30 12:00:00+00:00, run_after=2026-10-01 12:00:00+00:00
[2026-09-30T13:52:40.062+0000] {logging_mixin.py:188} INFO - [2026-09-30T13:52:40.061+0000] {dag.py:3954} INFO - Setting next_dagrun for produce_json to 2026-09-30 12:00:00+00:00, run_after=2026-10-01 12:00:00+00:00
[2026-09-30T13:52:40.065+0000] {logging_mixin.py:188} INFO - [2026-09-30T13:52:40.064+0000] {dag.py:3954} INFO - Setting next_dagrun for update_db to 2026-09-30 12:00:00+00:00, run_after=2026-10-01 12:00:00+00:00
[2026-09-30T13:52:40.084+0000] {processor.py:183} INFO - Processing /opt/airflow/dags/main.py took 0.500 seconds
[2026-09-30T13:53:10.482+0000] {processor.py:161} INFO - Started process (PID=1567) to work on /opt/airflow/dags/main.py
[2026-09-30T13:53:10.486+0000] {processor.py:830} INFO - Processing file /opt/airflow/dags/main.py for tasks to queue
[2026-09-30T13:53:10.490+0000] {logging_mixin.py:188} INFO - [2026-09-30T13:53:10.489+0000] {dagbag.py:545} INFO - Filling up the DagBag from /opt/airflow/dags/main.py
[2026-09-30T13:53:10.854+0000] {processor.py:840} INFO - DAG(s) 'update_db', 'produce_json', 'data_quality_check' retrieved from /opt/airflow/dags/main.py
[2026-09-30T13:53:10.879+0000] {logging_mixin.py:188} INFO - [2026-09-30T13:53:10.879+0000] {dag.py:3096} INFO - Sync 3 DAGs
[2026-09-30T13:53:10.897+0000] {logging_mixin.py:188} INFO - [2026-09-30T13:53:10.897+0000] {dag.py:3954} INFO - Setting next_dagrun for data_quality_check to 2026-09-30 12:00:00+00:00, run_after=2026-10-01 12:00:00+00:00
[2026-09-30T13:53:10.904+0000] {logging_mixin.py:188} INFO - [2026-09-30T13:53:10.903+0000] {dag.py:3954} INFO - Setting next_dagrun for produce_json to 2026-09-30 12:00:00+00:00, run_after=2026-10-01 12:00:00+00:00
[2026-09-30T13:53:10.907+0000] {logging_mixin.py:188} INFO - [2026-09-30T13:53:10.907+0000] {dag.py:3954} INFO - Setting next_dagrun for update_db to 2026-09-30 12:00:00+00:00, run_after=2026-10-01 12:00:00+00:00
[2026-09-30T13:53:10.926+0000] {processor.py:183} INFO - Processing /opt/airflow/dags/main.py took 0.451 seconds
[2026-09-30T13:53:41.284+0000] {processor.py:161} INFO - Started process (PID=1574) to work on /opt/airflow/dags/main.py
[2026-09-30T13:53:41.287+0000] {processor.py:830} INFO - Processing file /opt/airflow/dags/main.py for tasks to queue
[2026-09-30T13:53:41.291+0000] {logging_mixin.py:188} INFO - [2026-09-30T13:53:41.291+0000] {dagbag.py:545} INFO - Filling up the DagBag from /opt/airflow/dags/main.py
[2026-09-30T13:53:41.638+0000] {processor.py:840} INFO - DAG(s) 'data_quality_check', 'update_db', 'produce_json' retrieved from /opt/airflow/dags/main.py
[2026-09-30T13:53:41.663+0000] {logging_mixin.py:188} INFO - [2026-09-30T13:53:41.663+0000] {dag.py:3096} INFO - Sync 3 DAGs
[2026-09-30T13:53:41.680+0000] {logging_mixin.py:188} INFO - [2026-09-30T13:53:41.680+0000] {dag.py:3954} INFO - Setting next_dagrun for data_quality_check to 2026-09-30 12:00:00+00:00, run_after=2026-10-01 12:00:00+00:00
[2026-09-30T13:53:41.686+0000] {logging_mixin.py:188} INFO - [2026-09-30T13:53:41.685+0000] {dag.py:3954} INFO - Setting next_dagrun for produce_json to 2026-09-30 12:00:00+00:00, run_after=2026-10-01 12:00:00+00:00
[2026-09-30T13:53:41.689+0000] {logging_mixin.py:188} INFO - [2026-09-30T13:53:41.688+0000] {dag.py:3954} INFO - Setting next_dagrun for update_db to 2026-09-30 12:00:00+00:00, run_after=2026-10-01 12:00:00+00:00
[2026-09-30T13:53:41.709+0000] {processor.py:183} INFO - Processing /opt/airflow/dags/main.py took 0.431 seconds
[2026-09-30T13:54:12.092+0000] {processor.py:161} INFO - Started process (PID=1581) to work on /opt/airflow/dags/main.py
[2026-09-30T13:54:12.094+0000] {processor.py:830} INFO - Processing file /opt/airflow/dags/main.py for tasks to queue
[2026-09-30T13:54:12.097+0000] {logging_mixin.py:188} INFO - [2026-09-30T13:54:12.097+0000] {dagbag.py:545} INFO - Filling up the DagBag from /opt/airflow/dags/main.py
[2026-09-30T13:54:12.438+0000] {processor.py:840} INFO - DAG(s) 'data_quality_check', 'update_db', 'produce_json' retrieved from /opt/airflow/dags/main.py
[2026-09-30T13:54:12.463+0000] {logging_mixin.py:188} INFO - [2026-09-30T13:54:12.463+0000] {dag.py:3096} INFO - Sync 3 DAGs
[2026-09-30T13:54:12.481+0000] {logging_mixin.py:188} INFO - [2026-09-30T13:54:12.481+0000] {dag.py:3954} INFO - Setting next_dagrun for data_quality_check to 2026-09-30 12:00:00+00:00, run_after=2026-10-01 12:00:00+00:00
[2026-09-30T13:54:12.486+0000] {logging_mixin.py:188} INFO - [2026-09-30T13:54:12.486+0000] {dag.py:3954} INFO - Setting next_dagrun for produce_json to 2026-09-30 12:00:00+00:00, run_after=2026-10-01 12:00:00+00:00
[2026-09-30T13:54:12.490+0000] {logging_mixin.py:188} INFO - [2026-09-30T13:54:12.489+0000] {dag.py:3954} INFO - Setting next_dagrun for update_db to 2026-09-30 12:00:00+00:00, run_after=2026-10-01 12:00:00+00:00
[2026-09-30T13:54:12.509+0000] {processor.py:183} INFO - Processing /opt/airflow/dags/main.py took 0.423 seconds
[2026-09-30T13:54:42.860+0000] {processor.py:161} INFO - Started process (PID=1588) to work on /opt/airflow/dags/main.py
[2026-09-30T13:54:42.862+0000] {processor.py:830} INFO - Processing file /opt/airflow/dags/main.py for tasks to queue
[2026-09-30T13:54:42.865+0000] {logging_mixin.py:188} INFO - [2026-09-30T13:54:42.865+0000] {dagbag.py:545} INFO - Filling up the DagBag from /opt/airflow/dags/main.py
[2026-09-30T13:54:43.178+0000] {processor.py:840} INFO - DAG(s) 'update_db', 'produce_json', 'data_quality_check' retrieved from /opt/airflow/dags/main.py
[2026-09-30T13:54:43.203+0000] {logging_mixin.py:188} INFO - [2026-09-30T13:54:43.203+0000] {dag.py:3096} INFO - Sync 3 DAGs
[2026-09-30T13:54:43.222+0000] {logging_mixin.py:188} INFO - [2026-09-30T13:54:43.222+0000] {dag.py:3954} INFO - Setting next_dagrun for data_quality_check to 2026-09-30 12:00:00+00:00, run_after=2026-10-01 12:00:00+00:00
[2026-09-30T13:54:43.229+0000] {logging_mixin.py:188} INFO - [2026-09-30T13:54:43.228+0000] {dag.py:3954} INFO - Setting next_dagrun for produce_json to 2026-09-30 12:00:00+00:00, run_after=2026-10-01 12:00:00+00:00
[2026-09-30T13:54:43.232+0000] {logging_mixin.py:188} INFO - [2026-09-30T13:54:43.232+0000] {dag.py:3954} INFO - Setting next_dagrun for update_db to 2026-09-30 12:00:00+00:00, run_after=2026-10-01 12:00:00+00:00
[2026-09-30T13:54:43.252+0000] {processor.py:183} INFO - Processing /opt/airflow/dags/main.py took 0.397 seconds
[2026-09-30T13:55:13.602+0000] {processor.py:161} INFO - Started process (PID=1595) to work on /opt/airflow/dags/main.py
[2026-09-30T13:55:13.605+0000] {processor.py:830} INFO - Processing file /opt/airflow/dags/main.py for tasks to queue
[2026-09-30T13:55:13.608+0000] {logging_mixin.py:188} INFO - [2026-09-30T13:55:13.608+0000] {dagbag.py:545} INFO - Filling up the DagBag from /opt/airflow/dags/main.py
[2026-09-30T13:55:13.926+0000] {processor.py:840} INFO - DAG(s) 'produce_json', 'update_db', 'data_quality_check' retrieved from /opt/airflow/dags/main.py
[2026-09-30T13:55:13.950+0000] {logging_mixin.py:188} INFO - [2026-09-30T13:55:13.950+0000] {dag.py:3096} INFO - Sync 3 DAGs
[2026-09-30T13:55:13.969+0000] {logging_mixin.py:188} INFO - [2026-09-30T13:55:13.969+0000] {dag.py:3954} INFO - Setting next_dagrun for data_quality_check to 2026-09-30 12:00:00+00:00, run_after=2026-10-01 12:00:00+00:00
[2026-09-30T13:55:13.975+0000] {logging_mixin.py:188} INFO - [2026-09-30T13:55:13.975+0000] {dag.py:3954} INFO - Setting next_dagrun for produce_json to 2026-09-30 12:00:00+00:00, run_after=2026-10-01 12:00:00+00:00
[2026-09-30T13:55:13.978+0000] {logging_mixin.py:188} INFO - [2026-09-30T13:55:13.978+0000] {dag.py:3954} INFO - Setting next_dagrun for update_db to 2026-09-30 12:00:00+00:00, run_after=2026-10-01 12:00:00+00:00
[2026-09-30T13:55:13.998+0000] {processor.py:183} INFO - Processing /opt/airflow/dags/main.py took 0.400 seconds
[2026-09-30T13:55:44.370+0000] {processor.py:161} INFO - Started process (PID=1602) to work on /opt/airflow/dags/main.py
[2026-09-30T13:55:44.373+0000] {processor.py:830} INFO - Processing file /opt/airflow/dags/main.py for tasks to queue
[2026-09-30T13:55:44.377+0000] {logging_mixin.py:188} INFO - [2026-09-30T13:55:44.376+0000] {dagbag.py:545} INFO - Filling up the DagBag from /opt/airflow/dags/main.py
[2026-09-30T13:55:44.707+0000] {processor.py:840} INFO - DAG(s) 'update_db', 'data_quality_check', 'produce_json' retrieved from /opt/airflow/dags/main.py
[2026-09-30T13:55:44.731+0000] {logging_mixin.py:188} INFO - [2026-09-30T13:55:44.731+0000] {dag.py:3096} INFO - Sync 3 DAGs
[2026-09-30T13:55:44.748+0000] {logging_mixin.py:188} INFO - [2026-09-30T13:55:44.748+0000] {dag.py:3954} INFO - Setting next_dagrun for data_quality_check to 2026-09-30 12:00:00+00:00, run_after=2026-10-01 12:00:00+00:00
[2026-09-30T13:55:44.754+0000] {logging_mixin.py:188} INFO - [2026-09-30T13:55:44.754+0000] {dag.py:3954} INFO - Setting next_dagrun for produce_json to 2026-09-30 12:00:00+00:00, run_after=2026-10-01 12:00:00+00:00
[2026-09-30T13:55:44.757+0000] {logging_mixin.py:188} INFO - [2026-09-30T13:55:44.757+0000] {dag.py:3954} INFO - Setting next_dagrun for update_db to 2026-09-30 12:00:00+00:00, run_after=2026-10-01 12:00:00+00:00
[2026-09-30T13:55:44.775+0000] {processor.py:183} INFO - Processing /opt/airflow/dags/main.py took 0.410 seconds
[2026-09-30T13:56:15.192+0000] {processor.py:161} INFO - Started process (PID=1609) to work on /opt/airflow/dags/main.py
[2026-09-30T13:56:15.195+0000] {processor.py:830} INFO - Processing file /opt/airflow/dags/main.py for tasks to queue
[2026-09-30T13:56:15.198+0000] {logging_mixin.py:188} INFO - [2026-09-30T13:56:15.198+0000] {dagbag.py:545} INFO - Filling up the DagBag from /opt/airflow/dags/main.py
[2026-09-30T13:56:15.485+0000] {processor.py:840} INFO - DAG(s) 'produce_json', 'data_quality_check', 'update_db' retrieved from /opt/airflow/dags/main.py
[2026-09-30T13:56:15.511+0000] {logging_mixin.py:188} INFO - [2026-09-30T13:56:15.511+0000] {dag.py:3096} INFO - Sync 3 DAGs
[2026-09-30T13:56:15.529+0000] {logging_mixin.py:188} INFO - [2026-09-30T13:56:15.529+0000] {dag.py:3954} INFO - Setting next_dagrun for data_quality_check to 2026-09-30 12:00:00+00:00, run_after=2026-10-01 12:00:00+00:00
[2026-09-30T13:56:15.535+0000] {logging_mixin.py:188} INFO - [2026-09-30T13:56:15.534+0000] {dag.py:3954} INFO - Setting next_dagrun for produce_json to 2026-09-30 12:00:00+00:00, run_after=2026-10-01 12:00:00+00:00
[2026-09-30T13:56:15.537+0000] {logging_mixin.py:188} INFO - [2026-09-30T13:56:15.537+0000] {dag.py:3954} INFO - Setting next_dagrun for update_db to 2026-09-30 12:00:00+00:00, run_after=2026-10-01 12:00:00+00:00
[2026-09-30T13:56:15.557+0000] {processor.py:183} INFO - Processing /opt/airflow/dags/main.py took 0.371 seconds
[2026-09-30T13:56:45.957+0000] {processor.py:161} INFO - Started process (PID=1616) to work on /opt/airflow/dags/main.py
[2026-09-30T13:56:45.959+0000] {processor.py:830} INFO - Processing file /opt/airflow/dags/main.py for tasks to queue
[2026-09-30T13:56:45.962+0000] {logging_mixin.py:188} INFO - [2026-09-30T13:56:45.962+0000] {dagbag.py:545} INFO - Filling up the DagBag from /opt/airflow/dags/main.py
[2026-09-30T13:56:46.301+0000] {processor.py:840} INFO - DAG(s) 'produce_json', 'update_db', 'data_quality_check' retrieved from /opt/airflow/dags/main.py
[2026-09-30T13:56:46.327+0000] {logging_mixin.py:188} INFO - [2026-09-30T13:56:46.327+0000] {dag.py:3096} INFO - Sync 3 DAGs
[2026-09-30T13:56:46.345+0000] {logging_mixin.py:188} INFO - [2026-09-30T13:56:46.345+0000] {dag.py:3954} INFO - Setting next_dagrun for data_quality_check to 2026-09-30 12:00:00+00:00, run_after=2026-10-01 12:00:00+00:00
[2026-09-30T13:56:46.351+0000] {logging_mixin.py:188} INFO - [2026-09-30T13:56:46.351+0000] {dag.py:3954} INFO - Setting next_dagrun for produce_json to 2026-09-30 12:00:00+00:00, run_after=2026-10-01 12:00:00+00:00
[2026-09-30T13:56:46.354+0000] {logging_mixin.py:188} INFO - [2026-09-30T13:56:46.354+0000] {dag.py:3954} INFO - Setting next_dagrun for update_db to 2026-09-30 12:00:00+00:00, run_after=2026-10-01 12:00:00+00:00
[2026-09-30T13:56:46.373+0000] {processor.py:183} INFO - Processing /opt/airflow/dags/main.py took 0.422 seconds
[2026-09-30T13:57:16.762+0000] {processor.py:161} INFO - Started process (PID=1623) to work on /opt/airflow/dags/main.py
[2026-09-30T13:57:16.765+0000] {processor.py:830} INFO - Processing file /opt/airflow/dags/main.py for tasks to queue
[2026-09-30T13:57:16.768+0000] {logging_mixin.py:188} INFO - [2026-09-30T13:57:16.768+0000] {dagbag.py:545} INFO - Filling up the DagBag from /opt/airflow/dags/main.py
[2026-09-30T13:57:17.100+0000] {processor.py:840} INFO - DAG(s) 'data_quality_check', 'produce_json', 'update_db' retrieved from /opt/airflow/dags/main.py
[2026-09-30T13:57:17.127+0000] {logging_mixin.py:188} INFO - [2026-09-30T13:57:17.127+0000] {dag.py:3096} INFO - Sync 3 DAGs
[2026-09-30T13:57:17.146+0000] {logging_mixin.py:188} INFO - [2026-09-30T13:57:17.146+0000] {dag.py:3954} INFO - Setting next_dagrun for data_quality_check to 2026-09-30 12:00:00+00:00, run_after=2026-10-01 12:00:00+00:00
[2026-09-30T13:57:17.152+0000] {logging_mixin.py:188} INFO - [2026-09-30T13:57:17.152+0000] {dag.py:3954} INFO - Setting next_dagrun for produce_json to 2026-09-30 12:00:00+00:00, run_after=2026-10-01 12:00:00+00:00
[2026-09-30T13:57:17.155+0000] {logging_mixin.py:188} INFO - [2026-09-30T13:57:17.155+0000] {dag.py:3954} INFO - Setting next_dagrun for update_db to 2026-09-30 12:00:00+00:00, run_after=2026-10-01 12:00:00+00:00
[2026-09-30T13:57:17.176+0000] {processor.py:183} INFO - Processing /opt/airflow/dags/main.py took 0.424 seconds
[2026-09-30T13:57:48.209+0000] {processor.py:161} INFO - Started process (PID=1630) to work on /opt/airflow/dags/main.py
[2026-09-30T13:57:48.212+0000] {processor.py:830} INFO - Processing file /opt/airflow/dags/main.py for tasks to queue
[2026-09-30T13:57:48.215+0000] {logging_mixin.py:188} INFO - [2026-09-30T13:57:48.215+0000] {dagbag.py:545} INFO - Filling up the DagBag from /opt/airflow/dags/main.py
[2026-09-30T13:57:48.571+0000] {processor.py:840} INFO - DAG(s) 'update_db', 'produce_json', 'data_quality_check' retrieved from /opt/airflow/dags/main.py
[2026-09-30T13:57:48.595+0000] {logging_mixin.py:188} INFO - [2026-09-30T13:57:48.595+0000] {dag.py:3096} INFO - Sync 3 DAGs
[2026-09-30T13:57:48.613+0000] {logging_mixin.py:188} INFO - [2026-09-30T13:57:48.613+0000] {dag.py:3954} INFO - Setting next_dagrun for data_quality_check to 2026-09-30 12:00:00+00:00, run_after=2026-10-01 12:00:00+00:00
[2026-09-30T13:57:48.619+0000] {logging_mixin.py:188} INFO - [2026-09-30T13:57:48.619+0000] {dag.py:3954} INFO - Setting next_dagrun for produce_json to 2026-09-30 12:00:00+00:00, run_after=2026-10-01 12:00:00+00:00
[2026-09-30T13:57:48.622+0000] {logging_mixin.py:188} INFO - [2026-09-30T13:57:48.622+0000] {dag.py:3954} INFO - Setting next_dagrun for update_db to 2026-09-30 12:00:00+00:00, run_after=2026-10-01 12:00:00+00:00
[2026-09-30T13:57:48.641+0000] {processor.py:183} INFO - Processing /opt/airflow/dags/main.py took 0.442 seconds
[2026-09-30T13:58:19.024+0000] {processor.py:161} INFO - Started process (PID=1637) to work on /opt/airflow/dags/main.py
[2026-09-30T13:58:19.027+0000] {processor.py:830} INFO - Processing file /opt/airflow/dags/main.py for tasks to queue
[2026-09-30T13:58:19.030+0000] {logging_mixin.py:188} INFO - [2026-09-30T13:58:19.030+0000] {dagbag.py:545} INFO - Filling up the DagBag from /opt/airflow/dags/main.py
[2026-09-30T13:58:19.357+0000] {processor.py:840} INFO - DAG(s) 'update_db', 'data_quality_check', 'produce_json' retrieved from /opt/airflow/dags/main.py
[2026-09-30T13:58:19.381+0000] {logging_mixin.py:188} INFO - [2026-09-30T13:58:19.381+0000] {dag.py:3096} INFO - Sync 3 DAGs
[2026-09-30T13:58:19.397+0000] {logging_mixin.py:188} INFO - [2026-09-30T13:58:19.397+0000] {dag.py:3954} INFO - Setting next_dagrun for data_quality_check to 2026-09-30 12:00:00+00:00, run_after=2026-10-01 12:00:00+00:00
[2026-09-30T13:58:19.404+0000] {logging_mixin.py:188} INFO - [2026-09-30T13:58:19.403+0000] {dag.py:3954} INFO - Setting next_dagrun for produce_json to 2026-09-30 12:00:00+00:00, run_after=2026-10-01 12:00:00+00:00
[2026-09-30T13:58:19.407+0000] {logging_mixin.py:188} INFO - [2026-09-30T13:58:19.406+0000] {dag.py:3954} INFO - Setting next_dagrun for update_db to 2026-09-30 12:00:00+00:00, run_after=2026-10-01 12:00:00+00:00
[2026-09-30T13:58:19.426+0000] {processor.py:183} INFO - Processing /opt/airflow/dags/main.py took 0.408 seconds
[2026-09-30T13:58:49.813+0000] {processor.py:161} INFO - Started process (PID=1644) to work on /opt/airflow/dags/main.py
[2026-09-30T13:58:49.816+0000] {processor.py:830} INFO - Processing file /opt/airflow/dags/main.py for tasks to queue
[2026-09-30T13:58:49.820+0000] {logging_mixin.py:188} INFO - [2026-09-30T13:58:49.820+0000] {dagbag.py:545} INFO - Filling up the DagBag from /opt/airflow/dags/main.py
[2026-09-30T13:58:50.171+0000] {processor.py:840} INFO - DAG(s) 'update_db', 'data_quality_check', 'produce_json' retrieved from /opt/airflow/dags/main.py
[2026-09-30T13:58:50.201+0000] {logging_mixin.py:188} INFO - [2026-09-30T13:58:50.200+0000] {dag.py:3096} INFO - Sync 3 DAGs
[2026-09-30T13:58:50.221+0000] {logging_mixin.py:188} INFO - [2026-09-30T13:58:50.221+0000] {dag.py:3954} INFO - Setting next_dagrun for data_quality_check to 2026-09-30 12:00:00+00:00, run_after=2026-10-01 12:00:00+00:00
[2026-09-30T13:58:50.228+0000] {logging_mixin.py:188} INFO - [2026-09-30T13:58:50.227+0000] {dag.py:3954} INFO - Setting next_dagrun for produce_json to 2026-09-30 12:00:00+00:00, run_after=2026-10-01 12:00:00+00:00
[2026-09-30T13:58:50.231+0000] {logging_mixin.py:188} INFO - [2026-09-30T13:58:50.231+0000] {dag.py:3954} INFO - Setting next_dagrun for update_db to 2026-09-30 12:00:00+00:00, run_after=2026-10-01 12:00:00+00:00
[2026-09-30T13:58:50.252+0000] {processor.py:183} INFO - Processing /opt/airflow/dags/main.py took 0.445 seconds
[2026-09-30T13:59:20.635+0000] {processor.py:161} INFO - Started process (PID=1651) to work on /opt/airflow/dags/main.py
[2026-09-30T13:59:20.637+0000] {processor.py:830} INFO - Processing file /opt/airflow/dags/main.py for tasks to queue
[2026-09-30T13:59:20.640+0000] {logging_mixin.py:188} INFO - [2026-09-30T13:59:20.640+0000] {dagbag.py:545} INFO - Filling up the DagBag from /opt/airflow/dags/main.py
[2026-09-30T13:59:20.982+0000] {processor.py:840} INFO - DAG(s) 'update_db', 'produce_json', 'data_quality_check' retrieved from /opt/airflow/dags/main.py
[2026-09-30T13:59:21.007+0000] {logging_mixin.py:188} INFO - [2026-09-30T13:59:21.007+0000] {dag.py:3096} INFO - Sync 3 DAGs
[2026-09-30T13:59:21.025+0000] {logging_mixin.py:188} INFO - [2026-09-30T13:59:21.025+0000] {dag.py:3954} INFO - Setting next_dagrun for data_quality_check to 2026-09-30 12:00:00+00:00, run_after=2026-10-01 12:00:00+00:00
[2026-09-30T13:59:21.031+0000] {logging_mixin.py:188} INFO - [2026-09-30T13:59:21.031+0000] {dag.py:3954} INFO - Setting next_dagrun for produce_json to 2026-09-30 12:00:00+00:00, run_after=2026-10-01 12:00:00+00:00
[2026-09-30T13:59:21.034+0000] {logging_mixin.py:188} INFO - [2026-09-30T13:59:21.034+0000] {dag.py:3954} INFO - Setting next_dagrun for update_db to 2026-09-30 12:00:00+00:00, run_after=2026-10-01 12:00:00+00:00
[2026-09-30T13:59:21.055+0000] {processor.py:183} INFO - Processing /opt/airflow/dags/main.py took 0.426 seconds
[2026-09-30T13:59:51.462+0000] {processor.py:161} INFO - Started process (PID=1658) to work on /opt/airflow/dags/main.py
[2026-09-30T13:59:51.465+0000] {processor.py:830} INFO - Processing file /opt/airflow/dags/main.py for tasks to queue
[2026-09-30T13:59:51.468+0000] {logging_mixin.py:188} INFO - [2026-09-30T13:59:51.468+0000] {dagbag.py:545} INFO - Filling up the DagBag from /opt/airflow/dags/main.py
[2026-09-30T13:59:51.814+0000] {processor.py:840} INFO - DAG(s) 'update_db', 'produce_json', 'data_quality_check' retrieved from /opt/airflow/dags/main.py
[2026-09-30T13:59:51.838+0000] {logging_mixin.py:188} INFO - [2026-09-30T13:59:51.837+0000] {dag.py:3096} INFO - Sync 3 DAGs
[2026-09-30T13:59:51.855+0000] {logging_mixin.py:188} INFO - [2026-09-30T13:59:51.854+0000] {dag.py:3954} INFO - Setting next_dagrun for data_quality_check to 2026-09-30 12:00:00+00:00, run_after=2026-10-01 12:00:00+00:00
[2026-09-30T13:59:51.861+0000] {logging_mixin.py:188} INFO - [2026-09-30T13:59:51.860+0000] {dag.py:3954} INFO - Setting next_dagrun for produce_json to 2026-09-30 12:00:00+00:00, run_after=2026-10-01 12:00:00+00:00
[2026-09-30T13:59:51.864+0000] {logging_mixin.py:188} INFO - [2026-09-30T13:59:51.864+0000] {dag.py:3954} INFO - Setting next_dagrun for update_db to 2026-09-30 12:00:00+00:00, run_after=2026-10-01 12:00:00+00:00
[2026-09-30T13:59:51.885+0000] {processor.py:183} INFO - Processing /opt/airflow/dags/main.py took 0.429 seconds
[2026-09-30T14:00:22.255+0000] {processor.py:161} INFO - Started process (PID=1665) to work on /opt/airflow/dags/main.py
[2026-09-30T14:00:22.258+0000] {processor.py:830} INFO - Processing file /opt/airflow/dags/main.py for tasks to queue
[2026-09-30T14:00:22.261+0000] {logging_mixin.py:188} INFO - [2026-09-30T14:00:22.261+0000] {dagbag.py:545} INFO - Filling up the DagBag from /opt/airflow/dags/main.py
[2026-09-30T14:00:22.578+0000] {processor.py:840} INFO - DAG(s) 'data_quality_check', 'update_db', 'produce_json' retrieved from /opt/airflow/dags/main.py
[2026-09-30T14:00:22.604+0000] {logging_mixin.py:188} INFO - [2026-09-30T14:00:22.604+0000] {dag.py:3096} INFO - Sync 3 DAGs
[2026-09-30T14:00:22.623+0000] {logging_mixin.py:188} INFO - [2026-09-30T14:00:22.623+0000] {dag.py:3954} INFO - Setting next_dagrun for data_quality_check to 2026-09-30 12:00:00+00:00, run_after=2026-10-01 12:00:00+00:00
[2026-09-30T14:00:22.630+0000] {logging_mixin.py:188} INFO - [2026-09-30T14:00:22.630+0000] {dag.py:3954} INFO - Setting next_dagrun for produce_json to 2026-09-30 12:00:00+00:00, run_after=2026-10-01 12:00:00+00:00
[2026-09-30T14:00:22.633+0000] {logging_mixin.py:188} INFO - [2026-09-30T14:00:22.633+0000] {dag.py:3954} INFO - Setting next_dagrun for update_db to 2026-09-30 12:00:00+00:00, run_after=2026-10-01 12:00:00+00:00
[2026-09-30T14:00:22.654+0000] {processor.py:183} INFO - Processing /opt/airflow/dags/main.py took 0.405 seconds
[2026-09-30T14:00:53.029+0000] {processor.py:161} INFO - Started process (PID=1672) to work on /opt/airflow/dags/main.py
[2026-09-30T14:00:53.032+0000] {processor.py:830} INFO - Processing file /opt/airflow/dags/main.py for tasks to queue
[2026-09-30T14:00:53.036+0000] {logging_mixin.py:188} INFO - [2026-09-30T14:00:53.036+0000] {dagbag.py:545} INFO - Filling up the DagBag from /opt/airflow/dags/main.py
[2026-09-30T14:00:53.400+0000] {processor.py:840} INFO - DAG(s) 'produce_json', 'update_db', 'data_quality_check' retrieved from /opt/airflow/dags/main.py
[2026-09-30T14:00:53.424+0000] {logging_mixin.py:188} INFO - [2026-09-30T14:00:53.424+0000] {dag.py:3096} INFO - Sync 3 DAGs
[2026-09-30T14:00:53.441+0000] {logging_mixin.py:188} INFO - [2026-09-30T14:00:53.441+0000] {dag.py:3954} INFO - Setting next_dagrun for data_quality_check to 2026-09-30 12:00:00+00:00, run_after=2026-10-01 12:00:00+00:00
[2026-09-30T14:00:53.448+0000] {logging_mixin.py:188} INFO - [2026-09-30T14:00:53.447+0000] {dag.py:3954} INFO - Setting next_dagrun for produce_json to 2026-09-30 12:00:00+00:00, run_after=2026-10-01 12:00:00+00:00
[2026-09-30T14:00:53.451+0000] {logging_mixin.py:188} INFO - [2026-09-30T14:00:53.451+0000] {dag.py:3954} INFO - Setting next_dagrun for update_db to 2026-09-30 12:00:00+00:00, run_after=2026-10-01 12:00:00+00:00
[2026-09-30T14:00:53.471+0000] {processor.py:183} INFO - Processing /opt/airflow/dags/main.py took 0.448 seconds
[2026-09-30T14:01:23.860+0000] {processor.py:161} INFO - Started process (PID=1679) to work on /opt/airflow/dags/main.py
[2026-09-30T14:01:23.863+0000] {processor.py:830} INFO - Processing file /opt/airflow/dags/main.py for tasks to queue
[2026-09-30T14:01:23.866+0000] {logging_mixin.py:188} INFO - [2026-09-30T14:01:23.866+0000] {dagbag.py:545} INFO - Filling up the DagBag from /opt/airflow/dags/main.py
[2026-09-30T14:01:24.184+0000] {processor.py:840} INFO - DAG(s) 'produce_json', 'update_db', 'data_quality_check' retrieved from /opt/airflow/dags/main.py
[2026-09-30T14:01:24.212+0000] {logging_mixin.py:188} INFO - [2026-09-30T14:01:24.212+0000] {dag.py:3096} INFO - Sync 3 DAGs
[2026-09-30T14:01:24.231+0000] {logging_mixin.py:188} INFO - [2026-09-30T14:01:24.230+0000] {dag.py:3954} INFO - Setting next_dagrun for data_quality_check to 2026-09-30 12:00:00+00:00, run_after=2026-10-01 12:00:00+00:00
[2026-09-30T14:01:24.236+0000] {logging_mixin.py:188} INFO - [2026-09-30T14:01:24.236+0000] {dag.py:3954} INFO - Setting next_dagrun for produce_json to 2026-09-30 12:00:00+00:00, run_after=2026-10-01 12:00:00+00:00
[2026-09-30T14:01:24.239+0000] {logging_mixin.py:188} INFO - [2026-09-30T14:01:24.239+0000] {dag.py:3954} INFO - Setting next_dagrun for update_db to 2026-09-30 12:00:00+00:00, run_after=2026-10-01 12:00:00+00:00
[2026-09-30T14:01:24.257+0000] {processor.py:183} INFO - Processing /opt/airflow/dags/main.py took 0.403 seconds
[2026-09-30T14:01:54.677+0000] {processor.py:161} INFO - Started process (PID=1686) to work on /opt/airflow/dags/main.py
[2026-09-30T14:01:54.680+0000] {processor.py:830} INFO - Processing file /opt/airflow/dags/main.py for tasks to queue
[2026-09-30T14:01:54.683+0000] {logging_mixin.py:188} INFO - [2026-09-30T14:01:54.683+0000] {dagbag.py:545} INFO - Filling up the DagBag from /opt/airflow/dags/main.py
[2026-09-30T14:01:55.013+0000] {processor.py:840} INFO - DAG(s) 'produce_json', 'update_db', 'data_quality_check' retrieved from /opt/airflow/dags/main.py
[2026-09-30T14:01:55.040+0000] {logging_mixin.py:188} INFO - [2026-09-30T14:01:55.040+0000] {dag.py:3096} INFO - Sync 3 DAGs
[2026-09-30T14:01:55.057+0000] {logging_mixin.py:188} INFO - [2026-09-30T14:01:55.057+0000] {dag.py:3954} INFO - Setting next_dagrun for data_quality_check to 2026-09-30 12:00:00+00:00, run_after=2026-10-01 12:00:00+00:00
[2026-09-30T14:01:55.064+0000] {logging_mixin.py:188} INFO - [2026-09-30T14:01:55.063+0000] {dag.py:3954} INFO - Setting next_dagrun for produce_json to 2026-09-30 12:00:00+00:00, run_after=2026-10-01 12:00:00+00:00
[2026-09-30T14:01:55.067+0000] {logging_mixin.py:188} INFO - [2026-09-30T14:01:55.067+0000] {dag.py:3954} INFO - Setting next_dagrun for update_db to 2026-09-30 12:00:00+00:00, run_after=2026-10-01 12:00:00+00:00
[2026-09-30T14:01:55.085+0000] {processor.py:183} INFO - Processing /opt/airflow/dags/main.py took 0.414 seconds
[2026-09-30T14:02:25.450+0000] {processor.py:161} INFO - Started process (PID=1693) to work on /opt/airflow/dags/main.py
[2026-09-30T14:02:25.452+0000] {processor.py:830} INFO - Processing file /opt/airflow/dags/main.py for tasks to queue
[2026-09-30T14:02:25.455+0000] {logging_mixin.py:188} INFO - [2026-09-30T14:02:25.455+0000] {dagbag.py:545} INFO - Filling up the DagBag from /opt/airflow/dags/main.py
[2026-09-30T14:02:25.817+0000] {processor.py:840} INFO - DAG(s) 'produce_json', 'data_quality_check', 'update_db' retrieved from /opt/airflow/dags/main.py
[2026-09-30T14:02:25.841+0000] {logging_mixin.py:188} INFO - [2026-09-30T14:02:25.840+0000] {dag.py:3096} INFO - Sync 3 DAGs
[2026-09-30T14:02:25.860+0000] {logging_mixin.py:188} INFO - [2026-09-30T14:02:25.860+0000] {dag.py:3954} INFO - Setting next_dagrun for data_quality_check to 2026-09-30 12:00:00+00:00, run_after=2026-10-01 12:00:00+00:00
[2026-09-30T14:02:25.867+0000] {logging_mixin.py:188} INFO - [2026-09-30T14:02:25.867+0000] {dag.py:3954} INFO - Setting next_dagrun for produce_json to 2026-09-30 12:00:00+00:00, run_after=2026-10-01 12:00:00+00:00
[2026-09-30T14:02:25.870+0000] {logging_mixin.py:188} INFO - [2026-09-30T14:02:25.870+0000] {dag.py:3954} INFO - Setting next_dagrun for update_db to 2026-09-30 12:00:00+00:00, run_after=2026-10-01 12:00:00+00:00
[2026-09-30T14:02:25.893+0000] {processor.py:183} INFO - Processing /opt/airflow/dags/main.py took 0.447 seconds
[2026-09-30T14:02:56.235+0000] {processor.py:161} INFO - Started process (PID=1700) to work on /opt/airflow/dags/main.py
[2026-09-30T14:02:56.238+0000] {processor.py:830} INFO - Processing file /opt/airflow/dags/main.py for tasks to queue
[2026-09-30T14:02:56.242+0000] {logging_mixin.py:188} INFO - [2026-09-30T14:02:56.242+0000] {dagbag.py:545} INFO - Filling up the DagBag from /opt/airflow/dags/main.py
[2026-09-30T14:02:56.541+0000] {processor.py:840} INFO - DAG(s) 'update_db', 'data_quality_check', 'produce_json' retrieved from /opt/airflow/dags/main.py
[2026-09-30T14:02:56.565+0000] {logging_mixin.py:188} INFO - [2026-09-30T14:02:56.564+0000] {dag.py:3096} INFO - Sync 3 DAGs
[2026-09-30T14:02:56.583+0000] {logging_mixin.py:188} INFO - [2026-09-30T14:02:56.583+0000] {dag.py:3954} INFO - Setting next_dagrun for data_quality_check to 2026-09-30 12:00:00+00:00, run_after=2026-10-01 12:00:00+00:00
[2026-09-30T14:02:56.588+0000] {logging_mixin.py:188} INFO - [2026-09-30T14:02:56.588+0000] {dag.py:3954} INFO - Setting next_dagrun for produce_json to 2026-09-30 12:00:00+00:00, run_after=2026-10-01 12:00:00+00:00
[2026-09-30T14:02:56.591+0000] {logging_mixin.py:188} INFO - [2026-09-30T14:02:56.591+0000] {dag.py:3954} INFO - Setting next_dagrun for update_db to 2026-09-30 12:00:00+00:00, run_after=2026-10-01 12:00:00+00:00
[2026-09-30T14:02:56.609+0000] {processor.py:183} INFO - Processing /opt/airflow/dags/main.py took 0.379 seconds
[2026-09-30T14:03:26.957+0000] {processor.py:161} INFO - Started process (PID=1707) to work on /opt/airflow/dags/main.py
[2026-09-30T14:03:26.959+0000] {processor.py:830} INFO - Processing file /opt/airflow/dags/main.py for tasks to queue
[2026-09-30T14:03:26.963+0000] {logging_mixin.py:188} INFO - [2026-09-30T14:03:26.963+0000] {dagbag.py:545} INFO - Filling up the DagBag from /opt/airflow/dags/main.py
[2026-09-30T14:03:27.255+0000] {processor.py:840} INFO - DAG(s) 'produce_json', 'data_quality_check', 'update_db' retrieved from /opt/airflow/dags/main.py
[2026-09-30T14:03:27.280+0000] {logging_mixin.py:188} INFO - [2026-09-30T14:03:27.280+0000] {dag.py:3096} INFO - Sync 3 DAGs
[2026-09-30T14:03:27.299+0000] {logging_mixin.py:188} INFO - [2026-09-30T14:03:27.299+0000] {dag.py:3954} INFO - Setting next_dagrun for data_quality_check to 2026-09-30 12:00:00+00:00, run_after=2026-10-01 12:00:00+00:00
[2026-09-30T14:03:27.306+0000] {logging_mixin.py:188} INFO - [2026-09-30T14:03:27.306+0000] {dag.py:3954} INFO - Setting next_dagrun for produce_json to 2026-09-30 12:00:00+00:00, run_after=2026-10-01 12:00:00+00:00
[2026-09-30T14:03:27.310+0000] {logging_mixin.py:188} INFO - [2026-09-30T14:03:27.310+0000] {dag.py:3954} INFO - Setting next_dagrun for update_db to 2026-09-30 12:00:00+00:00, run_after=2026-10-01 12:00:00+00:00
[2026-09-30T14:03:27.329+0000] {processor.py:183} INFO - Processing /opt/airflow/dags/main.py took 0.378 seconds
[2026-09-30T14:03:57.699+0000] {processor.py:161} INFO - Started process (PID=1714) to work on /opt/airflow/dags/main.py
[2026-09-30T14:03:57.703+0000] {processor.py:830} INFO - Processing file /opt/airflow/dags/main.py for tasks to queue
[2026-09-30T14:03:57.708+0000] {logging_mixin.py:188} INFO - [2026-09-30T14:03:57.707+0000] {dagbag.py:545} INFO - Filling up the DagBag from /opt/airflow/dags/main.py
[2026-09-30T14:03:57.999+0000] {processor.py:840} INFO - DAG(s) 'update_db', 'data_quality_check', 'produce_json' retrieved from /opt/airflow/dags/main.py
[2026-09-30T14:03:58.026+0000] {logging_mixin.py:188} INFO - [2026-09-30T14:03:58.026+0000] {dag.py:3096} INFO - Sync 3 DAGs
[2026-09-30T14:03:58.045+0000] {logging_mixin.py:188} INFO - [2026-09-30T14:03:58.045+0000] {dag.py:3954} INFO - Setting next_dagrun for data_quality_check to 2026-09-30 12:00:00+00:00, run_after=2026-10-01 12:00:00+00:00
[2026-09-30T14:03:58.051+0000] {logging_mixin.py:188} INFO - [2026-09-30T14:03:58.051+0000] {dag.py:3954} INFO - Setting next_dagrun for produce_json to 2026-09-30 12:00:00+00:00, run_after=2026-10-01 12:00:00+00:00
[2026-09-30T14:03:58.055+0000] {logging_mixin.py:188} INFO - [2026-09-30T14:03:58.054+0000] {dag.py:3954} INFO - Setting next_dagrun for update_db to 2026-09-30 12:00:00+00:00, run_after=2026-10-01 12:00:00+00:00
[2026-09-30T14:03:58.073+0000] {processor.py:183} INFO - Processing /opt/airflow/dags/main.py took 0.388 seconds
[2026-09-30T14:04:28.438+0000] {processor.py:161} INFO - Started process (PID=1721) to work on /opt/airflow/dags/main.py
[2026-09-30T14:04:28.441+0000] {processor.py:830} INFO - Processing file /opt/airflow/dags/main.py for tasks to queue
[2026-09-30T14:04:28.445+0000] {logging_mixin.py:188} INFO - [2026-09-30T14:04:28.444+0000] {dagbag.py:545} INFO - Filling up the DagBag from /opt/airflow/dags/main.py
[2026-09-30T14:04:28.777+0000] {processor.py:840} INFO - DAG(s) 'produce_json', 'data_quality_check', 'update_db' retrieved from /opt/airflow/dags/main.py
[2026-09-30T14:04:28.809+0000] {logging_mixin.py:188} INFO - [2026-09-30T14:04:28.809+0000] {dag.py:3096} INFO - Sync 3 DAGs
[2026-09-30T14:04:28.828+0000] {logging_mixin.py:188} INFO - [2026-09-30T14:04:28.827+0000] {dag.py:3954} INFO - Setting next_dagrun for data_quality_check to 2026-09-30 12:00:00+00:00, run_after=2026-10-01 12:00:00+00:00
[2026-09-30T14:04:28.834+0000] {logging_mixin.py:188} INFO - [2026-09-30T14:04:28.834+0000] {dag.py:3954} INFO - Setting next_dagrun for produce_json to 2026-09-30 12:00:00+00:00, run_after=2026-10-01 12:00:00+00:00
[2026-09-30T14:04:28.837+0000] {logging_mixin.py:188} INFO - [2026-09-30T14:04:28.837+0000] {dag.py:3954} INFO - Setting next_dagrun for update_db to 2026-09-30 12:00:00+00:00, run_after=2026-10-01 12:00:00+00:00
[2026-09-30T14:04:28.856+0000] {processor.py:183} INFO - Processing /opt/airflow/dags/main.py took 0.424 seconds
[2026-09-30T14:04:59.248+0000] {processor.py:161} INFO - Started process (PID=1728) to work on /opt/airflow/dags/main.py
[2026-09-30T14:04:59.251+0000] {processor.py:830} INFO - Processing file /opt/airflow/dags/main.py for tasks to queue
[2026-09-30T14:04:59.254+0000] {logging_mixin.py:188} INFO - [2026-09-30T14:04:59.254+0000] {dagbag.py:545} INFO - Filling up the DagBag from /opt/airflow/dags/main.py
[2026-09-30T14:04:59.525+0000] {processor.py:840} INFO - DAG(s) 'produce_json', 'update_db', 'data_quality_check' retrieved from /opt/airflow/dags/main.py
[2026-09-30T14:04:59.550+0000] {logging_mixin.py:188} INFO - [2026-09-30T14:04:59.549+0000] {dag.py:3096} INFO - Sync 3 DAGs
[2026-09-30T14:04:59.568+0000] {logging_mixin.py:188} INFO - [2026-09-30T14:04:59.568+0000] {dag.py:3954} INFO - Setting next_dagrun for data_quality_check to 2026-09-30 12:00:00+00:00, run_after=2026-10-01 12:00:00+00:00
[2026-09-30T14:04:59.574+0000] {logging_mixin.py:188} INFO - [2026-09-30T14:04:59.574+0000] {dag.py:3954} INFO - Setting next_dagrun for produce_json to 2026-09-30 12:00:00+00:00, run_after=2026-10-01 12:00:00+00:00
[2026-09-30T14:04:59.577+0000] {logging_mixin.py:188} INFO - [2026-09-30T14:04:59.576+0000] {dag.py:3954} INFO - Setting next_dagrun for update_db to 2026-09-30 12:00:00+00:00, run_after=2026-10-01 12:00:00+00:00
[2026-09-30T14:04:59.597+0000] {processor.py:183} INFO - Processing /opt/airflow/dags/main.py took 0.354 seconds
[2026-09-30T14:05:29.961+0000] {processor.py:161} INFO - Started process (PID=1735) to work on /opt/airflow/dags/main.py
[2026-09-30T14:05:29.964+0000] {processor.py:830} INFO - Processing file /opt/airflow/dags/main.py for tasks to queue
[2026-09-30T14:05:29.968+0000] {logging_mixin.py:188} INFO - [2026-09-30T14:05:29.968+0000] {dagbag.py:545} INFO - Filling up the DagBag from /opt/airflow/dags/main.py
[2026-09-30T14:05:30.286+0000] {processor.py:840} INFO - DAG(s) 'produce_json', 'update_db', 'data_quality_check' retrieved from /opt/airflow/dags/main.py
[2026-09-30T14:05:30.312+0000] {logging_mixin.py:188} INFO - [2026-09-30T14:05:30.312+0000] {dag.py:3096} INFO - Sync 3 DAGs
[2026-09-30T14:05:30.332+0000] {logging_mixin.py:188} INFO - [2026-09-30T14:05:30.332+0000] {dag.py:3954} INFO - Setting next_dagrun for data_quality_check to 2026-09-30 12:00:00+00:00, run_after=2026-10-01 12:00:00+00:00
[2026-09-30T14:05:30.338+0000] {logging_mixin.py:188} INFO - [2026-09-30T14:05:30.338+0000] {dag.py:3954} INFO - Setting next_dagrun for produce_json to 2026-09-30 12:00:00+00:00, run_after=2026-10-01 12:00:00+00:00
[2026-09-30T14:05:30.342+0000] {logging_mixin.py:188} INFO - [2026-09-30T14:05:30.341+0000] {dag.py:3954} INFO - Setting next_dagrun for update_db to 2026-09-30 12:00:00+00:00, run_after=2026-10-01 12:00:00+00:00
[2026-09-30T14:05:30.368+0000] {processor.py:183} INFO - Processing /opt/airflow/dags/main.py took 0.413 seconds
[2026-09-30T14:06:00.787+0000] {processor.py:161} INFO - Started process (PID=1742) to work on /opt/airflow/dags/main.py
[2026-09-30T14:06:00.790+0000] {processor.py:830} INFO - Processing file /opt/airflow/dags/main.py for tasks to queue
[2026-09-30T14:06:00.793+0000] {logging_mixin.py:188} INFO - [2026-09-30T14:06:00.793+0000] {dagbag.py:545} INFO - Filling up the DagBag from /opt/airflow/dags/main.py
[2026-09-30T14:06:01.102+0000] {processor.py:840} INFO - DAG(s) 'produce_json', 'data_quality_check', 'update_db' retrieved from /opt/airflow/dags/main.py
[2026-09-30T14:06:01.127+0000] {logging_mixin.py:188} INFO - [2026-09-30T14:06:01.127+0000] {dag.py:3096} INFO - Sync 3 DAGs
[2026-09-30T14:06:01.145+0000] {logging_mixin.py:188} INFO - [2026-09-30T14:06:01.145+0000] {dag.py:3954} INFO - Setting next_dagrun for data_quality_check to 2026-09-30 12:00:00+00:00, run_after=2026-10-01 12:00:00+00:00
[2026-09-30T14:06:01.151+0000] {logging_mixin.py:188} INFO - [2026-09-30T14:06:01.151+0000] {dag.py:3954} INFO - Setting next_dagrun for produce_json to 2026-09-30 12:00:00+00:00, run_after=2026-10-01 12:00:00+00:00
[2026-09-30T14:06:01.154+0000] {logging_mixin.py:188} INFO - [2026-09-30T14:06:01.154+0000] {dag.py:3954} INFO - Setting next_dagrun for update_db to 2026-09-30 12:00:00+00:00, run_after=2026-10-01 12:00:00+00:00
[2026-09-30T14:06:01.175+0000] {processor.py:183} INFO - Processing /opt/airflow/dags/main.py took 0.393 seconds
[2026-09-30T14:06:31.577+0000] {processor.py:161} INFO - Started process (PID=1749) to work on /opt/airflow/dags/main.py
[2026-09-30T14:06:31.580+0000] {processor.py:830} INFO - Processing file /opt/airflow/dags/main.py for tasks to queue
[2026-09-30T14:06:31.583+0000] {logging_mixin.py:188} INFO - [2026-09-30T14:06:31.583+0000] {dagbag.py:545} INFO - Filling up the DagBag from /opt/airflow/dags/main.py
[2026-09-30T14:06:31.963+0000] {processor.py:840} INFO - DAG(s) 'produce_json', 'update_db', 'data_quality_check' retrieved from /opt/airflow/dags/main.py
[2026-09-30T14:06:31.989+0000] {logging_mixin.py:188} INFO - [2026-09-30T14:06:31.989+0000] {dag.py:3096} INFO - Sync 3 DAGs
[2026-09-30T14:06:32.008+0000] {logging_mixin.py:188} INFO - [2026-09-30T14:06:32.008+0000] {dag.py:3954} INFO - Setting next_dagrun for data_quality_check to 2026-09-30 12:00:00+00:00, run_after=2026-10-01 12:00:00+00:00
[2026-09-30T14:06:32.014+0000] {logging_mixin.py:188} INFO - [2026-09-30T14:06:32.014+0000] {dag.py:3954} INFO - Setting next_dagrun for produce_json to 2026-09-30 12:00:00+00:00, run_after=2026-10-01 12:00:00+00:00
[2026-09-30T14:06:32.017+0000] {logging_mixin.py:188} INFO - [2026-09-30T14:06:32.017+0000] {dag.py:3954} INFO - Setting next_dagrun for update_db to 2026-09-30 12:00:00+00:00, run_after=2026-10-01 12:00:00+00:00
[2026-09-30T14:06:32.036+0000] {processor.py:183} INFO - Processing /opt/airflow/dags/main.py took 0.465 seconds
[2026-09-30T14:07:02.408+0000] {processor.py:161} INFO - Started process (PID=1756) to work on /opt/airflow/dags/main.py
[2026-09-30T14:07:02.411+0000] {processor.py:830} INFO - Processing file /opt/airflow/dags/main.py for tasks to queue
[2026-09-30T14:07:02.415+0000] {logging_mixin.py:188} INFO - [2026-09-30T14:07:02.414+0000] {dagbag.py:545} INFO - Filling up the DagBag from /opt/airflow/dags/main.py
[2026-09-30T14:07:02.741+0000] {processor.py:840} INFO - DAG(s) 'update_db', 'produce_json', 'data_quality_check' retrieved from /opt/airflow/dags/main.py
[2026-09-30T14:07:02.767+0000] {logging_mixin.py:188} INFO - [2026-09-30T14:07:02.767+0000] {dag.py:3096} INFO - Sync 3 DAGs
[2026-09-30T14:07:02.786+0000] {logging_mixin.py:188} INFO - [2026-09-30T14:07:02.786+0000] {dag.py:3954} INFO - Setting next_dagrun for data_quality_check to 2026-09-30 12:00:00+00:00, run_after=2026-10-01 12:00:00+00:00
[2026-09-30T14:07:02.792+0000] {logging_mixin.py:188} INFO - [2026-09-30T14:07:02.792+0000] {dag.py:3954} INFO - Setting next_dagrun for produce_json to 2026-09-30 12:00:00+00:00, run_after=2026-10-01 12:00:00+00:00
[2026-09-30T14:07:02.796+0000] {logging_mixin.py:188} INFO - [2026-09-30T14:07:02.796+0000] {dag.py:3954} INFO - Setting next_dagrun for update_db to 2026-09-30 12:00:00+00:00, run_after=2026-10-01 12:00:00+00:00
[2026-09-30T14:07:02.815+0000] {processor.py:183} INFO - Processing /opt/airflow/dags/main.py took 0.411 seconds
[2026-09-30T14:07:33.178+0000] {processor.py:161} INFO - Started process (PID=1763) to work on /opt/airflow/dags/main.py
[2026-09-30T14:07:33.181+0000] {processor.py:830} INFO - Processing file /opt/airflow/dags/main.py for tasks to queue
[2026-09-30T14:07:33.185+0000] {logging_mixin.py:188} INFO - [2026-09-30T14:07:33.185+0000] {dagbag.py:545} INFO - Filling up the DagBag from /opt/airflow/dags/main.py
[2026-09-30T14:07:33.537+0000] {processor.py:840} INFO - DAG(s) 'produce_json', 'update_db', 'data_quality_check' retrieved from /opt/airflow/dags/main.py
[2026-09-30T14:07:33.562+0000] {logging_mixin.py:188} INFO - [2026-09-30T14:07:33.562+0000] {dag.py:3096} INFO - Sync 3 DAGs
[2026-09-30T14:07:33.581+0000] {logging_mixin.py:188} INFO - [2026-09-30T14:07:33.581+0000] {dag.py:3954} INFO - Setting next_dagrun for data_quality_check to 2026-09-30 12:00:00+00:00, run_after=2026-10-01 12:00:00+00:00
[2026-09-30T14:07:33.587+0000] {logging_mixin.py:188} INFO - [2026-09-30T14:07:33.586+0000] {dag.py:3954} INFO - Setting next_dagrun for produce_json to 2026-09-30 12:00:00+00:00, run_after=2026-10-01 12:00:00+00:00
[2026-09-30T14:07:33.590+0000] {logging_mixin.py:188} INFO - [2026-09-30T14:07:33.590+0000] {dag.py:3954} INFO - Setting next_dagrun for update_db to 2026-09-30 12:00:00+00:00, run_after=2026-10-01 12:00:00+00:00
[2026-09-30T14:07:33.609+0000] {processor.py:183} INFO - Processing /opt/airflow/dags/main.py took 0.436 seconds
[2026-09-30T14:08:03.982+0000] {processor.py:161} INFO - Started process (PID=1770) to work on /opt/airflow/dags/main.py
[2026-09-30T14:08:03.984+0000] {processor.py:830} INFO - Processing file /opt/airflow/dags/main.py for tasks to queue
[2026-09-30T14:08:03.988+0000] {logging_mixin.py:188} INFO - [2026-09-30T14:08:03.987+0000] {dagbag.py:545} INFO - Filling up the DagBag from /opt/airflow/dags/main.py
[2026-09-30T14:08:04.273+0000] {processor.py:840} INFO - DAG(s) 'data_quality_check', 'produce_json', 'update_db' retrieved from /opt/airflow/dags/main.py
[2026-09-30T14:08:04.326+0000] {logging_mixin.py:188} INFO - [2026-09-30T14:08:04.326+0000] {dag.py:3096} INFO - Sync 3 DAGs
[2026-09-30T14:08:04.368+0000] {logging_mixin.py:188} INFO - [2026-09-30T14:08:04.367+0000] {dag.py:3954} INFO - Setting next_dagrun for data_quality_check to 2026-09-30 12:00:00+00:00, run_after=2026-10-01 12:00:00+00:00
[2026-09-30T14:08:04.379+0000] {logging_mixin.py:188} INFO - [2026-09-30T14:08:04.379+0000] {dag.py:3954} INFO - Setting next_dagrun for produce_json to 2026-09-30 12:00:00+00:00, run_after=2026-10-01 12:00:00+00:00
[2026-09-30T14:08:04.383+0000] {logging_mixin.py:188} INFO - [2026-09-30T14:08:04.383+0000] {dag.py:3954} INFO - Setting next_dagrun for update_db to 2026-09-30 12:00:00+00:00, run_after=2026-10-01 12:00:00+00:00
[2026-09-30T14:08:04.418+0000] {processor.py:183} INFO - Processing /opt/airflow/dags/main.py took 0.442 seconds
[2026-09-30T14:08:34.807+0000] {processor.py:161} INFO - Started process (PID=1777) to work on /opt/airflow/dags/main.py
[2026-09-30T14:08:34.810+0000] {processor.py:830} INFO - Processing file /opt/airflow/dags/main.py for tasks to queue
[2026-09-30T14:08:34.813+0000] {logging_mixin.py:188} INFO - [2026-09-30T14:08:34.813+0000] {dagbag.py:545} INFO - Filling up the DagBag from /opt/airflow/dags/main.py
[2026-09-30T14:08:35.148+0000] {processor.py:840} INFO - DAG(s) 'produce_json', 'update_db', 'data_quality_check' retrieved from /opt/airflow/dags/main.py
[2026-09-30T14:08:35.177+0000] {logging_mixin.py:188} INFO - [2026-09-30T14:08:35.177+0000] {dag.py:3096} INFO - Sync 3 DAGs
[2026-09-30T14:08:35.195+0000] {logging_mixin.py:188} INFO - [2026-09-30T14:08:35.195+0000] {dag.py:3954} INFO - Setting next_dagrun for data_quality_check to 2026-09-30 12:00:00+00:00, run_after=2026-10-01 12:00:00+00:00
[2026-09-30T14:08:35.200+0000] {logging_mixin.py:188} INFO - [2026-09-30T14:08:35.200+0000] {dag.py:3954} INFO - Setting next_dagrun for produce_json to 2026-09-30 12:00:00+00:00, run_after=2026-10-01 12:00:00+00:00
[2026-09-30T14:08:35.203+0000] {logging_mixin.py:188} INFO - [2026-09-30T14:08:35.203+0000] {dag.py:3954} INFO - Setting next_dagrun for update_db to 2026-09-30 12:00:00+00:00, run_after=2026-10-01 12:00:00+00:00
[2026-09-30T14:08:35.223+0000] {processor.py:183} INFO - Processing /opt/airflow/dags/main.py took 0.421 seconds
[2026-09-30T14:09:05.607+0000] {processor.py:161} INFO - Started process (PID=1784) to work on /opt/airflow/dags/main.py
[2026-09-30T14:09:05.610+0000] {processor.py:830} INFO - Processing file /opt/airflow/dags/main.py for tasks to queue
[2026-09-30T14:09:05.614+0000] {logging_mixin.py:188} INFO - [2026-09-30T14:09:05.614+0000] {dagbag.py:545} INFO - Filling up the DagBag from /opt/airflow/dags/main.py
[2026-09-30T14:09:05.950+0000] {processor.py:840} INFO - DAG(s) 'update_db', 'produce_json', 'data_quality_check' retrieved from /opt/airflow/dags/main.py
[2026-09-30T14:09:05.977+0000] {logging_mixin.py:188} INFO - [2026-09-30T14:09:05.977+0000] {dag.py:3096} INFO - Sync 3 DAGs
[2026-09-30T14:09:05.998+0000] {logging_mixin.py:188} INFO - [2026-09-30T14:09:05.998+0000] {dag.py:3954} INFO - Setting next_dagrun for data_quality_check to 2026-09-30 12:00:00+00:00, run_after=2026-10-01 12:00:00+00:00
[2026-09-30T14:09:06.006+0000] {logging_mixin.py:188} INFO - [2026-09-30T14:09:06.006+0000] {dag.py:3954} INFO - Setting next_dagrun for produce_json to 2026-09-30 12:00:00+00:00, run_after=2026-10-01 12:00:00+00:00
[2026-09-30T14:09:06.009+0000] {logging_mixin.py:188} INFO - [2026-09-30T14:09:06.009+0000] {dag.py:3954} INFO - Setting next_dagrun for update_db to 2026-09-30 12:00:00+00:00, run_after=2026-10-01 12:00:00+00:00
[2026-09-30T14:09:06.027+0000] {processor.py:183} INFO - Processing /opt/airflow/dags/main.py took 0.427 seconds
[2026-09-30T14:09:36.415+0000] {processor.py:161} INFO - Started process (PID=1791) to work on /opt/airflow/dags/main.py
[2026-09-30T14:09:36.417+0000] {processor.py:830} INFO - Processing file /opt/airflow/dags/main.py for tasks to queue
[2026-09-30T14:09:36.419+0000] {logging_mixin.py:188} INFO - [2026-09-30T14:09:36.419+0000] {dagbag.py:545} INFO - Filling up the DagBag from /opt/airflow/dags/main.py
[2026-09-30T14:09:36.723+0000] {processor.py:840} INFO - DAG(s) 'update_db', 'data_quality_check', 'produce_json' retrieved from /opt/airflow/dags/main.py
[2026-09-30T14:09:36.750+0000] {logging_mixin.py:188} INFO - [2026-09-30T14:09:36.750+0000] {dag.py:3096} INFO - Sync 3 DAGs
[2026-09-30T14:09:36.769+0000] {logging_mixin.py:188} INFO - [2026-09-30T14:09:36.769+0000] {dag.py:3954} INFO - Setting next_dagrun for data_quality_check to 2026-09-30 12:00:00+00:00, run_after=2026-10-01 12:00:00+00:00
[2026-09-30T14:09:36.776+0000] {logging_mixin.py:188} INFO - [2026-09-30T14:09:36.776+0000] {dag.py:3954} INFO - Setting next_dagrun for produce_json to 2026-09-30 12:00:00+00:00, run_after=2026-10-01 12:00:00+00:00
[2026-09-30T14:09:36.779+0000] {logging_mixin.py:188} INFO - [2026-09-30T14:09:36.779+0000] {dag.py:3954} INFO - Setting next_dagrun for update_db to 2026-09-30 12:00:00+00:00, run_after=2026-10-01 12:00:00+00:00
[2026-09-30T14:09:36.797+0000] {processor.py:183} INFO - Processing /opt/airflow/dags/main.py took 0.387 seconds
[2026-09-30T14:10:07.162+0000] {processor.py:161} INFO - Started process (PID=1798) to work on /opt/airflow/dags/main.py
[2026-09-30T14:10:07.165+0000] {processor.py:830} INFO - Processing file /opt/airflow/dags/main.py for tasks to queue
[2026-09-30T14:10:07.169+0000] {logging_mixin.py:188} INFO - [2026-09-30T14:10:07.169+0000] {dagbag.py:545} INFO - Filling up the DagBag from /opt/airflow/dags/main.py
[2026-09-30T14:10:07.616+0000] {processor.py:840} INFO - DAG(s) 'data_quality_check', 'produce_json', 'update_db' retrieved from /opt/airflow/dags/main.py
[2026-09-30T14:10:07.644+0000] {logging_mixin.py:188} INFO - [2026-09-30T14:10:07.644+0000] {dag.py:3096} INFO - Sync 3 DAGs
[2026-09-30T14:10:07.663+0000] {logging_mixin.py:188} INFO - [2026-09-30T14:10:07.663+0000] {dag.py:3954} INFO - Setting next_dagrun for data_quality_check to 2026-09-30 12:00:00+00:00, run_after=2026-10-01 12:00:00+00:00
[2026-09-30T14:10:07.669+0000] {logging_mixin.py:188} INFO - [2026-09-30T14:10:07.669+0000] {dag.py:3954} INFO - Setting next_dagrun for produce_json to 2026-09-30 12:00:00+00:00, run_after=2026-10-01 12:00:00+00:00
[2026-09-30T14:10:07.673+0000] {logging_mixin.py:188} INFO - [2026-09-30T14:10:07.673+0000] {dag.py:3954} INFO - Setting next_dagrun for update_db to 2026-09-30 12:00:00+00:00, run_after=2026-10-01 12:00:00+00:00
[2026-09-30T14:10:07.693+0000] {processor.py:183} INFO - Processing /opt/airflow/dags/main.py took 0.536 seconds
[2026-09-30T14:10:38.053+0000] {processor.py:161} INFO - Started process (PID=1805) to work on /opt/airflow/dags/main.py
[2026-09-30T14:10:38.057+0000] {processor.py:830} INFO - Processing file /opt/airflow/dags/main.py for tasks to queue
[2026-09-30T14:10:38.063+0000] {logging_mixin.py:188} INFO - [2026-09-30T14:10:38.062+0000] {dagbag.py:545} INFO - Filling up the DagBag from /opt/airflow/dags/main.py
[2026-09-30T14:10:38.375+0000] {processor.py:840} INFO - DAG(s) 'data_quality_check', 'update_db', 'produce_json' retrieved from /opt/airflow/dags/main.py
[2026-09-30T14:10:38.405+0000] {logging_mixin.py:188} INFO - [2026-09-30T14:10:38.405+0000] {dag.py:3096} INFO - Sync 3 DAGs
[2026-09-30T14:10:38.426+0000] {logging_mixin.py:188} INFO - [2026-09-30T14:10:38.425+0000] {dag.py:3954} INFO - Setting next_dagrun for data_quality_check to 2026-09-30 12:00:00+00:00, run_after=2026-10-01 12:00:00+00:00
[2026-09-30T14:10:38.432+0000] {logging_mixin.py:188} INFO - [2026-09-30T14:10:38.431+0000] {dag.py:3954} INFO - Setting next_dagrun for produce_json to 2026-09-30 12:00:00+00:00, run_after=2026-10-01 12:00:00+00:00
[2026-09-30T14:10:38.435+0000] {logging_mixin.py:188} INFO - [2026-09-30T14:10:38.435+0000] {dag.py:3954} INFO - Setting next_dagrun for update_db to 2026-09-30 12:00:00+00:00, run_after=2026-10-01 12:00:00+00:00
[2026-09-30T14:10:38.457+0000] {processor.py:183} INFO - Processing /opt/airflow/dags/main.py took 0.420 seconds
[2026-09-30T14:11:08.820+0000] {processor.py:161} INFO - Started process (PID=1812) to work on /opt/airflow/dags/main.py
[2026-09-30T14:11:08.826+0000] {processor.py:830} INFO - Processing file /opt/airflow/dags/main.py for tasks to queue
[2026-09-30T14:11:08.837+0000] {logging_mixin.py:188} INFO - [2026-09-30T14:11:08.835+0000] {dagbag.py:545} INFO - Filling up the DagBag from /opt/airflow/dags/main.py
[2026-09-30T14:11:09.479+0000] {processor.py:840} INFO - DAG(s) 'update_db', 'data_quality_check', 'produce_json' retrieved from /opt/airflow/dags/main.py
[2026-09-30T14:11:09.571+0000] {logging_mixin.py:188} INFO - [2026-09-30T14:11:09.571+0000] {dag.py:3096} INFO - Sync 3 DAGs
[2026-09-30T14:11:09.628+0000] {logging_mixin.py:188} INFO - [2026-09-30T14:11:09.628+0000] {dag.py:3954} INFO - Setting next_dagrun for data_quality_check to 2026-09-30 12:00:00+00:00, run_after=2026-10-01 12:00:00+00:00
[2026-09-30T14:11:09.643+0000] {logging_mixin.py:188} INFO - [2026-09-30T14:11:09.642+0000] {dag.py:3954} INFO - Setting next_dagrun for produce_json to 2026-09-30 12:00:00+00:00, run_after=2026-10-01 12:00:00+00:00
[2026-09-30T14:11:09.648+0000] {logging_mixin.py:188} INFO - [2026-09-30T14:11:09.648+0000] {dag.py:3954} INFO - Setting next_dagrun for update_db to 2026-09-30 12:00:00+00:00, run_after=2026-10-01 12:00:00+00:00
[2026-09-30T14:11:09.698+0000] {processor.py:183} INFO - Processing /opt/airflow/dags/main.py took 0.900 seconds
[2026-09-30T14:11:40.169+0000] {processor.py:161} INFO - Started process (PID=1819) to work on /opt/airflow/dags/main.py
[2026-09-30T14:11:40.173+0000] {processor.py:830} INFO - Processing file /opt/airflow/dags/main.py for tasks to queue
[2026-09-30T14:11:40.180+0000] {logging_mixin.py:188} INFO - [2026-09-30T14:11:40.180+0000] {dagbag.py:545} INFO - Filling up the DagBag from /opt/airflow/dags/main.py
[2026-09-30T14:11:40.787+0000] {processor.py:840} INFO - DAG(s) 'data_quality_check', 'produce_json', 'update_db' retrieved from /opt/airflow/dags/main.py
[2026-09-30T14:11:40.860+0000] {logging_mixin.py:188} INFO - [2026-09-30T14:11:40.859+0000] {dag.py:3096} INFO - Sync 3 DAGs
[2026-09-30T14:11:40.936+0000] {logging_mixin.py:188} INFO - [2026-09-30T14:11:40.935+0000] {dag.py:3954} INFO - Setting next_dagrun for data_quality_check to 2026-09-30 12:00:00+00:00, run_after=2026-10-01 12:00:00+00:00
[2026-09-30T14:11:40.970+0000] {logging_mixin.py:188} INFO - [2026-09-30T14:11:40.969+0000] {dag.py:3954} INFO - Setting next_dagrun for produce_json to 2026-09-30 12:00:00+00:00, run_after=2026-10-01 12:00:00+00:00
[2026-09-30T14:11:40.979+0000] {logging_mixin.py:188} INFO - [2026-09-30T14:11:40.978+0000] {dag.py:3954} INFO - Setting next_dagrun for update_db to 2026-09-30 12:00:00+00:00, run_after=2026-10-01 12:00:00+00:00
[2026-09-30T14:11:41.095+0000] {processor.py:183} INFO - Processing /opt/airflow/dags/main.py took 0.938 seconds
[2026-09-30T14:12:11.738+0000] {processor.py:161} INFO - Started process (PID=1826) to work on /opt/airflow/dags/main.py
[2026-09-30T14:12:11.743+0000] {processor.py:830} INFO - Processing file /opt/airflow/dags/main.py for tasks to queue
[2026-09-30T14:12:11.755+0000] {logging_mixin.py:188} INFO - [2026-09-30T14:12:11.753+0000] {dagbag.py:545} INFO - Filling up the DagBag from /opt/airflow/dags/main.py
[2026-09-30T14:12:12.412+0000] {processor.py:840} INFO - DAG(s) 'update_db', 'data_quality_check', 'produce_json' retrieved from /opt/airflow/dags/main.py
[2026-09-30T14:12:12.560+0000] {logging_mixin.py:188} INFO - [2026-09-30T14:12:12.559+0000] {dag.py:3096} INFO - Sync 3 DAGs
[2026-09-30T14:12:12.645+0000] {logging_mixin.py:188} INFO - [2026-09-30T14:12:12.644+0000] {dag.py:3954} INFO - Setting next_dagrun for data_quality_check to 2026-09-30 12:00:00+00:00, run_after=2026-10-01 12:00:00+00:00
[2026-09-30T14:12:12.663+0000] {logging_mixin.py:188} INFO - [2026-09-30T14:12:12.663+0000] {dag.py:3954} INFO - Setting next_dagrun for produce_json to 2026-09-30 12:00:00+00:00, run_after=2026-10-01 12:00:00+00:00
[2026-09-30T14:12:12.670+0000] {logging_mixin.py:188} INFO - [2026-09-30T14:12:12.670+0000] {dag.py:3954} INFO - Setting next_dagrun for update_db to 2026-09-30 12:00:00+00:00, run_after=2026-10-01 12:00:00+00:00
[2026-09-30T14:12:12.728+0000] {processor.py:183} INFO - Processing /opt/airflow/dags/main.py took 1.010 seconds
[2026-09-30T14:12:43.617+0000] {processor.py:161} INFO - Started process (PID=1839) to work on /opt/airflow/dags/main.py
[2026-09-30T14:12:43.620+0000] {processor.py:830} INFO - Processing file /opt/airflow/dags/main.py for tasks to queue
[2026-09-30T14:12:43.623+0000] {logging_mixin.py:188} INFO - [2026-09-30T14:12:43.623+0000] {dagbag.py:545} INFO - Filling up the DagBag from /opt/airflow/dags/main.py
[2026-09-30T14:12:43.930+0000] {processor.py:840} INFO - DAG(s) 'data_quality_check', 'update_db', 'produce_json' retrieved from /opt/airflow/dags/main.py
[2026-09-30T14:12:43.969+0000] {logging_mixin.py:188} INFO - [2026-09-30T14:12:43.968+0000] {dag.py:3096} INFO - Sync 3 DAGs
[2026-09-30T14:12:44.024+0000] {logging_mixin.py:188} INFO - [2026-09-30T14:12:44.024+0000] {dag.py:3954} INFO - Setting next_dagrun for data_quality_check to 2026-09-30 12:00:00+00:00, run_after=2026-10-01 12:00:00+00:00
[2026-09-30T14:12:44.040+0000] {logging_mixin.py:188} INFO - [2026-09-30T14:12:44.040+0000] {dag.py:3954} INFO - Setting next_dagrun for produce_json to 2026-09-30 12:00:00+00:00, run_after=2026-10-01 12:00:00+00:00
[2026-09-30T14:12:44.044+0000] {logging_mixin.py:188} INFO - [2026-09-30T14:12:44.044+0000] {dag.py:3954} INFO - Setting next_dagrun for update_db to 2026-09-30 12:00:00+00:00, run_after=2026-10-01 12:00:00+00:00
[2026-09-30T14:12:44.074+0000] {processor.py:183} INFO - Processing /opt/airflow/dags/main.py took 0.462 seconds
[2026-09-30T14:13:14.410+0000] {processor.py:161} INFO - Started process (PID=1846) to work on /opt/airflow/dags/main.py
[2026-09-30T14:13:14.414+0000] {processor.py:830} INFO - Processing file /opt/airflow/dags/main.py for tasks to queue
[2026-09-30T14:13:14.418+0000] {logging_mixin.py:188} INFO - [2026-09-30T14:13:14.418+0000] {dagbag.py:545} INFO - Filling up the DagBag from /opt/airflow/dags/main.py
[2026-09-30T14:13:14.746+0000] {processor.py:840} INFO - DAG(s) 'produce_json', 'update_db', 'data_quality_check' retrieved from /opt/airflow/dags/main.py
[2026-09-30T14:13:14.786+0000] {logging_mixin.py:188} INFO - [2026-09-30T14:13:14.785+0000] {dag.py:3096} INFO - Sync 3 DAGs
[2026-09-30T14:13:14.814+0000] {logging_mixin.py:188} INFO - [2026-09-30T14:13:14.814+0000] {dag.py:3954} INFO - Setting next_dagrun for data_quality_check to 2026-09-30 12:00:00+00:00, run_after=2026-10-01 12:00:00+00:00
[2026-09-30T14:13:14.822+0000] {logging_mixin.py:188} INFO - [2026-09-30T14:13:14.822+0000] {dag.py:3954} INFO - Setting next_dagrun for produce_json to 2026-09-30 12:00:00+00:00, run_after=2026-10-01 12:00:00+00:00
[2026-09-30T14:13:14.827+0000] {logging_mixin.py:188} INFO - [2026-09-30T14:13:14.827+0000] {dag.py:3954} INFO - Setting next_dagrun for update_db to 2026-09-30 12:00:00+00:00, run_after=2026-10-01 12:00:00+00:00
[2026-09-30T14:13:14.851+0000] {processor.py:183} INFO - Processing /opt/airflow/dags/main.py took 0.449 seconds
[2026-09-30T14:13:45.193+0000] {processor.py:161} INFO - Started process (PID=1853) to work on /opt/airflow/dags/main.py
[2026-09-30T14:13:45.195+0000] {processor.py:830} INFO - Processing file /opt/airflow/dags/main.py for tasks to queue
[2026-09-30T14:13:45.199+0000] {logging_mixin.py:188} INFO - [2026-09-30T14:13:45.199+0000] {dagbag.py:545} INFO - Filling up the DagBag from /opt/airflow/dags/main.py
[2026-09-30T14:13:45.486+0000] {processor.py:840} INFO - DAG(s) 'update_db', 'produce_json', 'data_quality_check' retrieved from /opt/airflow/dags/main.py
[2026-09-30T14:13:45.515+0000] {logging_mixin.py:188} INFO - [2026-09-30T14:13:45.515+0000] {dag.py:3096} INFO - Sync 3 DAGs
[2026-09-30T14:13:45.535+0000] {logging_mixin.py:188} INFO - [2026-09-30T14:13:45.535+0000] {dag.py:3954} INFO - Setting next_dagrun for data_quality_check to 2026-09-30 12:00:00+00:00, run_after=2026-10-01 12:00:00+00:00
[2026-09-30T14:13:45.542+0000] {logging_mixin.py:188} INFO - [2026-09-30T14:13:45.542+0000] {dag.py:3954} INFO - Setting next_dagrun for produce_json to 2026-09-30 12:00:00+00:00, run_after=2026-10-01 12:00:00+00:00
[2026-09-30T14:13:45.546+0000] {logging_mixin.py:188} INFO - [2026-09-30T14:13:45.546+0000] {dag.py:3954} INFO - Setting next_dagrun for update_db to 2026-09-30 12:00:00+00:00, run_after=2026-10-01 12:00:00+00:00
[2026-09-30T14:13:45.567+0000] {processor.py:183} INFO - Processing /opt/airflow/dags/main.py took 0.382 seconds
[2026-09-30T14:14:15.885+0000] {processor.py:161} INFO - Started process (PID=1860) to work on /opt/airflow/dags/main.py
[2026-09-30T14:14:15.887+0000] {processor.py:830} INFO - Processing file /opt/airflow/dags/main.py for tasks to queue
[2026-09-30T14:14:15.891+0000] {logging_mixin.py:188} INFO - [2026-09-30T14:14:15.891+0000] {dagbag.py:545} INFO - Filling up the DagBag from /opt/airflow/dags/main.py
[2026-09-30T14:14:16.186+0000] {processor.py:840} INFO - DAG(s) 'update_db', 'produce_json', 'data_quality_check' retrieved from /opt/airflow/dags/main.py
[2026-09-30T14:14:16.214+0000] {logging_mixin.py:188} INFO - [2026-09-30T14:14:16.214+0000] {dag.py:3096} INFO - Sync 3 DAGs
[2026-09-30T14:14:16.235+0000] {logging_mixin.py:188} INFO - [2026-09-30T14:14:16.235+0000] {dag.py:3954} INFO - Setting next_dagrun for data_quality_check to 2026-09-30 12:00:00+00:00, run_after=2026-10-01 12:00:00+00:00
[2026-09-30T14:14:16.241+0000] {logging_mixin.py:188} INFO - [2026-09-30T14:14:16.241+0000] {dag.py:3954} INFO - Setting next_dagrun for produce_json to 2026-09-30 12:00:00+00:00, run_after=2026-10-01 12:00:00+00:00
[2026-09-30T14:14:16.244+0000] {logging_mixin.py:188} INFO - [2026-09-30T14:14:16.244+0000] {dag.py:3954} INFO - Setting next_dagrun for update_db to 2026-09-30 12:00:00+00:00, run_after=2026-10-01 12:00:00+00:00
[2026-09-30T14:14:16.266+0000] {processor.py:183} INFO - Processing /opt/airflow/dags/main.py took 0.388 seconds
[2026-09-30T14:14:46.603+0000] {processor.py:161} INFO - Started process (PID=1867) to work on /opt/airflow/dags/main.py
[2026-09-30T14:14:46.606+0000] {processor.py:830} INFO - Processing file /opt/airflow/dags/main.py for tasks to queue
[2026-09-30T14:14:46.610+0000] {logging_mixin.py:188} INFO - [2026-09-30T14:14:46.609+0000] {dagbag.py:545} INFO - Filling up the DagBag from /opt/airflow/dags/main.py
[2026-09-30T14:14:46.901+0000] {processor.py:840} INFO - DAG(s) 'update_db', 'produce_json', 'data_quality_check' retrieved from /opt/airflow/dags/main.py
[2026-09-30T14:14:46.927+0000] {logging_mixin.py:188} INFO - [2026-09-30T14:14:46.927+0000] {dag.py:3096} INFO - Sync 3 DAGs
[2026-09-30T14:14:46.945+0000] {logging_mixin.py:188} INFO - [2026-09-30T14:14:46.945+0000] {dag.py:3954} INFO - Setting next_dagrun for data_quality_check to 2026-09-30 12:00:00+00:00, run_after=2026-10-01 12:00:00+00:00
[2026-09-30T14:14:46.952+0000] {logging_mixin.py:188} INFO - [2026-09-30T14:14:46.952+0000] {dag.py:3954} INFO - Setting next_dagrun for produce_json to 2026-09-30 12:00:00+00:00, run_after=2026-10-01 12:00:00+00:00
[2026-09-30T14:14:46.955+0000] {logging_mixin.py:188} INFO - [2026-09-30T14:14:46.955+0000] {dag.py:3954} INFO - Setting next_dagrun for update_db to 2026-09-30 12:00:00+00:00, run_after=2026-10-01 12:00:00+00:00
[2026-09-30T14:14:46.974+0000] {processor.py:183} INFO - Processing /opt/airflow/dags/main.py took 0.377 seconds
[2026-09-30T14:15:17.279+0000] {processor.py:161} INFO - Started process (PID=1874) to work on /opt/airflow/dags/main.py
[2026-09-30T14:15:17.283+0000] {processor.py:830} INFO - Processing file /opt/airflow/dags/main.py for tasks to queue
[2026-09-30T14:15:17.287+0000] {logging_mixin.py:188} INFO - [2026-09-30T14:15:17.287+0000] {dagbag.py:545} INFO - Filling up the DagBag from /opt/airflow/dags/main.py
[2026-09-30T14:15:17.588+0000] {processor.py:840} INFO - DAG(s) 'update_db', 'produce_json', 'data_quality_check' retrieved from /opt/airflow/dags/main.py
[2026-09-30T14:15:17.614+0000] {logging_mixin.py:188} INFO - [2026-09-30T14:15:17.614+0000] {dag.py:3096} INFO - Sync 3 DAGs
[2026-09-30T14:15:17.634+0000] {logging_mixin.py:188} INFO - [2026-09-30T14:15:17.634+0000] {dag.py:3954} INFO - Setting next_dagrun for data_quality_check to 2026-09-30 12:00:00+00:00, run_after=2026-10-01 12:00:00+00:00
[2026-09-30T14:15:17.641+0000] {logging_mixin.py:188} INFO - [2026-09-30T14:15:17.641+0000] {dag.py:3954} INFO - Setting next_dagrun for produce_json to 2026-09-30 12:00:00+00:00, run_after=2026-10-01 12:00:00+00:00
[2026-09-30T14:15:17.644+0000] {logging_mixin.py:188} INFO - [2026-09-30T14:15:17.644+0000] {dag.py:3954} INFO - Setting next_dagrun for update_db to 2026-09-30 12:00:00+00:00, run_after=2026-10-01 12:00:00+00:00
[2026-09-30T14:15:17.665+0000] {processor.py:183} INFO - Processing /opt/airflow/dags/main.py took 0.392 seconds
[2026-09-30T14:15:47.995+0000] {processor.py:161} INFO - Started process (PID=1881) to work on /opt/airflow/dags/main.py
[2026-09-30T14:15:47.998+0000] {processor.py:830} INFO - Processing file /opt/airflow/dags/main.py for tasks to queue
[2026-09-30T14:15:48.002+0000] {logging_mixin.py:188} INFO - [2026-09-30T14:15:48.002+0000] {dagbag.py:545} INFO - Filling up the DagBag from /opt/airflow/dags/main.py
[2026-09-30T14:15:48.341+0000] {processor.py:840} INFO - DAG(s) 'update_db', 'data_quality_check', 'produce_json' retrieved from /opt/airflow/dags/main.py
[2026-09-30T14:15:48.440+0000] {logging_mixin.py:188} INFO - [2026-09-30T14:15:48.440+0000] {dag.py:3096} INFO - Sync 3 DAGs
[2026-09-30T14:15:48.473+0000] {logging_mixin.py:188} INFO - [2026-09-30T14:15:48.472+0000] {dag.py:3954} INFO - Setting next_dagrun for data_quality_check to 2026-09-30 12:00:00+00:00, run_after=2026-10-01 12:00:00+00:00
[2026-09-30T14:15:48.481+0000] {logging_mixin.py:188} INFO - [2026-09-30T14:15:48.481+0000] {dag.py:3954} INFO - Setting next_dagrun for produce_json to 2026-09-30 12:00:00+00:00, run_after=2026-10-01 12:00:00+00:00
[2026-09-30T14:15:48.484+0000] {logging_mixin.py:188} INFO - [2026-09-30T14:15:48.484+0000] {dag.py:3954} INFO - Setting next_dagrun for update_db to 2026-09-30 12:00:00+00:00, run_after=2026-10-01 12:00:00+00:00
[2026-09-30T14:15:48.512+0000] {processor.py:183} INFO - Processing /opt/airflow/dags/main.py took 0.526 seconds
[2026-09-30T14:16:18.844+0000] {processor.py:161} INFO - Started process (PID=1888) to work on /opt/airflow/dags/main.py
[2026-09-30T14:16:18.847+0000] {processor.py:830} INFO - Processing file /opt/airflow/dags/main.py for tasks to queue
[2026-09-30T14:16:18.852+0000] {logging_mixin.py:188} INFO - [2026-09-30T14:16:18.851+0000] {dagbag.py:545} INFO - Filling up the DagBag from /opt/airflow/dags/main.py
[2026-09-30T14:16:19.142+0000] {processor.py:840} INFO - DAG(s) 'update_db', 'data_quality_check', 'produce_json' retrieved from /opt/airflow/dags/main.py
[2026-09-30T14:16:19.175+0000] {logging_mixin.py:188} INFO - [2026-09-30T14:16:19.175+0000] {dag.py:3096} INFO - Sync 3 DAGs
[2026-09-30T14:16:19.201+0000] {logging_mixin.py:188} INFO - [2026-09-30T14:16:19.201+0000] {dag.py:3954} INFO - Setting next_dagrun for data_quality_check to 2026-09-30 12:00:00+00:00, run_after=2026-10-01 12:00:00+00:00
[2026-09-30T14:16:19.208+0000] {logging_mixin.py:188} INFO - [2026-09-30T14:16:19.207+0000] {dag.py:3954} INFO - Setting next_dagrun for produce_json to 2026-09-30 12:00:00+00:00, run_after=2026-10-01 12:00:00+00:00
[2026-09-30T14:16:19.211+0000] {logging_mixin.py:188} INFO - [2026-09-30T14:16:19.211+0000] {dag.py:3954} INFO - Setting next_dagrun for update_db to 2026-09-30 12:00:00+00:00, run_after=2026-10-01 12:00:00+00:00
[2026-09-30T14:16:19.234+0000] {processor.py:183} INFO - Processing /opt/airflow/dags/main.py took 0.396 seconds
[2026-09-30T14:16:49.578+0000] {processor.py:161} INFO - Started process (PID=1895) to work on /opt/airflow/dags/main.py
[2026-09-30T14:16:49.581+0000] {processor.py:830} INFO - Processing file /opt/airflow/dags/main.py for tasks to queue
[2026-09-30T14:16:49.584+0000] {logging_mixin.py:188} INFO - [2026-09-30T14:16:49.584+0000] {dagbag.py:545} INFO - Filling up the DagBag from /opt/airflow/dags/main.py
[2026-09-30T14:16:49.852+0000] {processor.py:840} INFO - DAG(s) 'data_quality_check', 'update_db', 'produce_json' retrieved from /opt/airflow/dags/main.py
[2026-09-30T14:16:49.880+0000] {logging_mixin.py:188} INFO - [2026-09-30T14:16:49.880+0000] {dag.py:3096} INFO - Sync 3 DAGs
[2026-09-30T14:16:49.900+0000] {logging_mixin.py:188} INFO - [2026-09-30T14:16:49.900+0000] {dag.py:3954} INFO - Setting next_dagrun for data_quality_check to 2026-09-30 12:00:00+00:00, run_after=2026-10-01 12:00:00+00:00
[2026-09-30T14:16:49.906+0000] {logging_mixin.py:188} INFO - [2026-09-30T14:16:49.906+0000] {dag.py:3954} INFO - Setting next_dagrun for produce_json to 2026-09-30 12:00:00+00:00, run_after=2026-10-01 12:00:00+00:00
[2026-09-30T14:16:49.910+0000] {logging_mixin.py:188} INFO - [2026-09-30T14:16:49.910+0000] {dag.py:3954} INFO - Setting next_dagrun for update_db to 2026-09-30 12:00:00+00:00, run_after=2026-10-01 12:00:00+00:00
[2026-09-30T14:16:49.930+0000] {processor.py:183} INFO - Processing /opt/airflow/dags/main.py took 0.358 seconds
[2026-09-30T14:17:20.257+0000] {processor.py:161} INFO - Started process (PID=1902) to work on /opt/airflow/dags/main.py
[2026-09-30T14:17:20.260+0000] {processor.py:830} INFO - Processing file /opt/airflow/dags/main.py for tasks to queue
[2026-09-30T14:17:20.263+0000] {logging_mixin.py:188} INFO - [2026-09-30T14:17:20.263+0000] {dagbag.py:545} INFO - Filling up the DagBag from /opt/airflow/dags/main.py
[2026-09-30T14:17:20.593+0000] {processor.py:840} INFO - DAG(s) 'produce_json', 'update_db', 'data_quality_check' retrieved from /opt/airflow/dags/main.py
[2026-09-30T14:17:20.622+0000] {logging_mixin.py:188} INFO - [2026-09-30T14:17:20.621+0000] {dag.py:3096} INFO - Sync 3 DAGs
[2026-09-30T14:17:20.642+0000] {logging_mixin.py:188} INFO - [2026-09-30T14:17:20.642+0000] {dag.py:3954} INFO - Setting next_dagrun for data_quality_check to 2026-09-30 12:00:00+00:00, run_after=2026-10-01 12:00:00+00:00
[2026-09-30T14:17:20.649+0000] {logging_mixin.py:188} INFO - [2026-09-30T14:17:20.649+0000] {dag.py:3954} INFO - Setting next_dagrun for produce_json to 2026-09-30 12:00:00+00:00, run_after=2026-10-01 12:00:00+00:00
[2026-09-30T14:17:20.653+0000] {logging_mixin.py:188} INFO - [2026-09-30T14:17:20.653+0000] {dag.py:3954} INFO - Setting next_dagrun for update_db to 2026-09-30 12:00:00+00:00, run_after=2026-10-01 12:00:00+00:00
[2026-09-30T14:17:20.676+0000] {processor.py:183} INFO - Processing /opt/airflow/dags/main.py took 0.424 seconds
[2026-09-30T14:17:51.000+0000] {processor.py:161} INFO - Started process (PID=1909) to work on /opt/airflow/dags/main.py
[2026-09-30T14:17:51.003+0000] {processor.py:830} INFO - Processing file /opt/airflow/dags/main.py for tasks to queue
[2026-09-30T14:17:51.006+0000] {logging_mixin.py:188} INFO - [2026-09-30T14:17:51.006+0000] {dagbag.py:545} INFO - Filling up the DagBag from /opt/airflow/dags/main.py
[2026-09-30T14:17:51.334+0000] {processor.py:840} INFO - DAG(s) 'update_db', 'produce_json', 'data_quality_check' retrieved from /opt/airflow/dags/main.py
[2026-09-30T14:17:51.360+0000] {logging_mixin.py:188} INFO - [2026-09-30T14:17:51.360+0000] {dag.py:3096} INFO - Sync 3 DAGs
[2026-09-30T14:17:51.381+0000] {logging_mixin.py:188} INFO - [2026-09-30T14:17:51.381+0000] {dag.py:3954} INFO - Setting next_dagrun for data_quality_check to 2026-09-30 12:00:00+00:00, run_after=2026-10-01 12:00:00+00:00
[2026-09-30T14:17:51.387+0000] {logging_mixin.py:188} INFO - [2026-09-30T14:17:51.387+0000] {dag.py:3954} INFO - Setting next_dagrun for produce_json to 2026-09-30 12:00:00+00:00, run_after=2026-10-01 12:00:00+00:00
[2026-09-30T14:17:51.391+0000] {logging_mixin.py:188} INFO - [2026-09-30T14:17:51.390+0000] {dag.py:3954} INFO - Setting next_dagrun for update_db to 2026-09-30 12:00:00+00:00, run_after=2026-10-01 12:00:00+00:00
[2026-09-30T14:17:51.409+0000] {processor.py:183} INFO - Processing /opt/airflow/dags/main.py took 0.415 seconds
[2026-09-30T14:18:21.745+0000] {processor.py:161} INFO - Started process (PID=1916) to work on /opt/airflow/dags/main.py
[2026-09-30T14:18:21.749+0000] {processor.py:830} INFO - Processing file /opt/airflow/dags/main.py for tasks to queue
[2026-09-30T14:18:21.753+0000] {logging_mixin.py:188} INFO - [2026-09-30T14:18:21.752+0000] {dagbag.py:545} INFO - Filling up the DagBag from /opt/airflow/dags/main.py
[2026-09-30T14:18:22.037+0000] {processor.py:840} INFO - DAG(s) 'produce_json', 'update_db', 'data_quality_check' retrieved from /opt/airflow/dags/main.py
[2026-09-30T14:18:22.065+0000] {logging_mixin.py:188} INFO - [2026-09-30T14:18:22.064+0000] {dag.py:3096} INFO - Sync 3 DAGs
[2026-09-30T14:18:22.084+0000] {logging_mixin.py:188} INFO - [2026-09-30T14:18:22.084+0000] {dag.py:3954} INFO - Setting next_dagrun for data_quality_check to 2026-09-30 12:00:00+00:00, run_after=2026-10-01 12:00:00+00:00
[2026-09-30T14:18:22.090+0000] {logging_mixin.py:188} INFO - [2026-09-30T14:18:22.090+0000] {dag.py:3954} INFO - Setting next_dagrun for produce_json to 2026-09-30 12:00:00+00:00, run_after=2026-10-01 12:00:00+00:00
[2026-09-30T14:18:22.094+0000] {logging_mixin.py:188} INFO - [2026-09-30T14:18:22.094+0000] {dag.py:3954} INFO - Setting next_dagrun for update_db to 2026-09-30 12:00:00+00:00, run_after=2026-10-01 12:00:00+00:00
[2026-09-30T14:18:22.114+0000] {processor.py:183} INFO - Processing /opt/airflow/dags/main.py took 0.382 seconds
[2026-09-30T14:18:52.450+0000] {processor.py:161} INFO - Started process (PID=1923) to work on /opt/airflow/dags/main.py
[2026-09-30T14:18:52.453+0000] {processor.py:830} INFO - Processing file /opt/airflow/dags/main.py for tasks to queue
[2026-09-30T14:18:52.457+0000] {logging_mixin.py:188} INFO - [2026-09-30T14:18:52.457+0000] {dagbag.py:545} INFO - Filling up the DagBag from /opt/airflow/dags/main.py
[2026-09-30T14:18:52.748+0000] {processor.py:840} INFO - DAG(s) 'update_db', 'produce_json', 'data_quality_check' retrieved from /opt/airflow/dags/main.py
[2026-09-30T14:18:52.778+0000] {logging_mixin.py:188} INFO - [2026-09-30T14:18:52.778+0000] {dag.py:3096} INFO - Sync 3 DAGs
[2026-09-30T14:18:52.798+0000] {logging_mixin.py:188} INFO - [2026-09-30T14:18:52.798+0000] {dag.py:3954} INFO - Setting next_dagrun for data_quality_check to 2026-09-30 12:00:00+00:00, run_after=2026-10-01 12:00:00+00:00
[2026-09-30T14:18:52.805+0000] {logging_mixin.py:188} INFO - [2026-09-30T14:18:52.805+0000] {dag.py:3954} INFO - Setting next_dagrun for produce_json to 2026-09-30 12:00:00+00:00, run_after=2026-10-01 12:00:00+00:00
[2026-09-30T14:18:52.808+0000] {logging_mixin.py:188} INFO - [2026-09-30T14:18:52.808+0000] {dag.py:3954} INFO - Setting next_dagrun for update_db to 2026-09-30 12:00:00+00:00, run_after=2026-10-01 12:00:00+00:00
[2026-09-30T14:18:52.829+0000] {processor.py:183} INFO - Processing /opt/airflow/dags/main.py took 0.384 seconds
[2026-09-30T14:19:23.148+0000] {processor.py:161} INFO - Started process (PID=1930) to work on /opt/airflow/dags/main.py
[2026-09-30T14:19:23.150+0000] {processor.py:830} INFO - Processing file /opt/airflow/dags/main.py for tasks to queue
[2026-09-30T14:19:23.154+0000] {logging_mixin.py:188} INFO - [2026-09-30T14:19:23.154+0000] {dagbag.py:545} INFO - Filling up the DagBag from /opt/airflow/dags/main.py
[2026-09-30T14:19:23.415+0000] {processor.py:840} INFO - DAG(s) 'update_db', 'data_quality_check', 'produce_json' retrieved from /opt/airflow/dags/main.py
[2026-09-30T14:19:23.448+0000] {logging_mixin.py:188} INFO - [2026-09-30T14:19:23.448+0000] {dag.py:3096} INFO - Sync 3 DAGs
[2026-09-30T14:19:23.476+0000] {logging_mixin.py:188} INFO - [2026-09-30T14:19:23.476+0000] {dag.py:3954} INFO - Setting next_dagrun for data_quality_check to 2026-09-30 12:00:00+00:00, run_after=2026-10-01 12:00:00+00:00
[2026-09-30T14:19:23.484+0000] {logging_mixin.py:188} INFO - [2026-09-30T14:19:23.484+0000] {dag.py:3954} INFO - Setting next_dagrun for produce_json to 2026-09-30 12:00:00+00:00, run_after=2026-10-01 12:00:00+00:00
[2026-09-30T14:19:23.488+0000] {logging_mixin.py:188} INFO - [2026-09-30T14:19:23.488+0000] {dag.py:3954} INFO - Setting next_dagrun for update_db to 2026-09-30 12:00:00+00:00, run_after=2026-10-01 12:00:00+00:00
[2026-09-30T14:19:23.513+0000] {processor.py:183} INFO - Processing /opt/airflow/dags/main.py took 0.371 seconds
[2026-09-30T14:19:53.848+0000] {processor.py:161} INFO - Started process (PID=1938) to work on /opt/airflow/dags/main.py
[2026-09-30T14:19:53.851+0000] {processor.py:830} INFO - Processing file /opt/airflow/dags/main.py for tasks to queue
[2026-09-30T14:19:53.855+0000] {logging_mixin.py:188} INFO - [2026-09-30T14:19:53.854+0000] {dagbag.py:545} INFO - Filling up the DagBag from /opt/airflow/dags/main.py
[2026-09-30T14:19:54.133+0000] {processor.py:840} INFO - DAG(s) 'produce_json', 'data_quality_check', 'update_db' retrieved from /opt/airflow/dags/main.py
[2026-09-30T14:19:54.169+0000] {logging_mixin.py:188} INFO - [2026-09-30T14:19:54.169+0000] {dag.py:3096} INFO - Sync 3 DAGs
[2026-09-30T14:19:54.196+0000] {logging_mixin.py:188} INFO - [2026-09-30T14:19:54.195+0000] {dag.py:3954} INFO - Setting next_dagrun for data_quality_check to 2026-09-30 12:00:00+00:00, run_after=2026-10-01 12:00:00+00:00
[2026-09-30T14:19:54.203+0000] {logging_mixin.py:188} INFO - [2026-09-30T14:19:54.203+0000] {dag.py:3954} INFO - Setting next_dagrun for produce_json to 2026-09-30 12:00:00+00:00, run_after=2026-10-01 12:00:00+00:00
[2026-09-30T14:19:54.207+0000] {logging_mixin.py:188} INFO - [2026-09-30T14:19:54.207+0000] {dag.py:3954} INFO - Setting next_dagrun for update_db to 2026-09-30 12:00:00+00:00, run_after=2026-10-01 12:00:00+00:00
[2026-09-30T14:19:54.240+0000] {processor.py:183} INFO - Processing /opt/airflow/dags/main.py took 0.397 seconds
[2026-09-30T14:20:24.571+0000] {processor.py:161} INFO - Started process (PID=1945) to work on /opt/airflow/dags/main.py
[2026-09-30T14:20:24.574+0000] {processor.py:830} INFO - Processing file /opt/airflow/dags/main.py for tasks to queue
[2026-09-30T14:20:24.577+0000] {logging_mixin.py:188} INFO - [2026-09-30T14:20:24.577+0000] {dagbag.py:545} INFO - Filling up the DagBag from /opt/airflow/dags/main.py
[2026-09-30T14:20:24.858+0000] {processor.py:840} INFO - DAG(s) 'update_db', 'produce_json', 'data_quality_check' retrieved from /opt/airflow/dags/main.py
[2026-09-30T14:20:24.886+0000] {logging_mixin.py:188} INFO - [2026-09-30T14:20:24.885+0000] {dag.py:3096} INFO - Sync 3 DAGs
[2026-09-30T14:20:24.905+0000] {logging_mixin.py:188} INFO - [2026-09-30T14:20:24.905+0000] {dag.py:3954} INFO - Setting next_dagrun for data_quality_check to 2026-09-30 12:00:00+00:00, run_after=2026-10-01 12:00:00+00:00
[2026-09-30T14:20:24.913+0000] {logging_mixin.py:188} INFO - [2026-09-30T14:20:24.913+0000] {dag.py:3954} INFO - Setting next_dagrun for produce_json to 2026-09-30 12:00:00+00:00, run_after=2026-10-01 12:00:00+00:00
[2026-09-30T14:20:24.916+0000] {logging_mixin.py:188} INFO - [2026-09-30T14:20:24.916+0000] {dag.py:3954} INFO - Setting next_dagrun for update_db to 2026-09-30 12:00:00+00:00, run_after=2026-10-01 12:00:00+00:00
[2026-09-30T14:20:24.937+0000] {processor.py:183} INFO - Processing /opt/airflow/dags/main.py took 0.371 seconds
[2026-09-30T14:20:55.264+0000] {processor.py:161} INFO - Started process (PID=1952) to work on /opt/airflow/dags/main.py
[2026-09-30T14:20:55.267+0000] {processor.py:830} INFO - Processing file /opt/airflow/dags/main.py for tasks to queue
[2026-09-30T14:20:55.270+0000] {logging_mixin.py:188} INFO - [2026-09-30T14:20:55.270+0000] {dagbag.py:545} INFO - Filling up the DagBag from /opt/airflow/dags/main.py
[2026-09-30T14:20:55.551+0000] {processor.py:840} INFO - DAG(s) 'update_db', 'produce_json', 'data_quality_check' retrieved from /opt/airflow/dags/main.py
[2026-09-30T14:20:55.579+0000] {logging_mixin.py:188} INFO - [2026-09-30T14:20:55.579+0000] {dag.py:3096} INFO - Sync 3 DAGs
[2026-09-30T14:20:55.602+0000] {logging_mixin.py:188} INFO - [2026-09-30T14:20:55.602+0000] {dag.py:3954} INFO - Setting next_dagrun for data_quality_check to 2026-09-30 12:00:00+00:00, run_after=2026-10-01 12:00:00+00:00
[2026-09-30T14:20:55.609+0000] {logging_mixin.py:188} INFO - [2026-09-30T14:20:55.608+0000] {dag.py:3954} INFO - Setting next_dagrun for produce_json to 2026-09-30 12:00:00+00:00, run_after=2026-10-01 12:00:00+00:00
[2026-09-30T14:20:55.612+0000] {logging_mixin.py:188} INFO - [2026-09-30T14:20:55.612+0000] {dag.py:3954} INFO - Setting next_dagrun for update_db to 2026-09-30 12:00:00+00:00, run_after=2026-10-01 12:00:00+00:00
[2026-09-30T14:20:55.632+0000] {processor.py:183} INFO - Processing /opt/airflow/dags/main.py took 0.374 seconds
[2026-09-30T14:21:25.963+0000] {processor.py:161} INFO - Started process (PID=1959) to work on /opt/airflow/dags/main.py
[2026-09-30T14:21:25.966+0000] {processor.py:830} INFO - Processing file /opt/airflow/dags/main.py for tasks to queue
[2026-09-30T14:21:25.970+0000] {logging_mixin.py:188} INFO - [2026-09-30T14:21:25.969+0000] {dagbag.py:545} INFO - Filling up the DagBag from /opt/airflow/dags/main.py
[2026-09-30T14:21:26.250+0000] {processor.py:840} INFO - DAG(s) 'produce_json', 'data_quality_check', 'update_db' retrieved from /opt/airflow/dags/main.py
[2026-09-30T14:21:26.278+0000] {logging_mixin.py:188} INFO - [2026-09-30T14:21:26.278+0000] {dag.py:3096} INFO - Sync 3 DAGs
[2026-09-30T14:21:26.299+0000] {logging_mixin.py:188} INFO - [2026-09-30T14:21:26.299+0000] {dag.py:3954} INFO - Setting next_dagrun for data_quality_check to 2026-09-30 12:00:00+00:00, run_after=2026-10-01 12:00:00+00:00
[2026-09-30T14:21:26.305+0000] {logging_mixin.py:188} INFO - [2026-09-30T14:21:26.305+0000] {dag.py:3954} INFO - Setting next_dagrun for produce_json to 2026-09-30 12:00:00+00:00, run_after=2026-10-01 12:00:00+00:00
[2026-09-30T14:21:26.308+0000] {logging_mixin.py:188} INFO - [2026-09-30T14:21:26.308+0000] {dag.py:3954} INFO - Setting next_dagrun for update_db to 2026-09-30 12:00:00+00:00, run_after=2026-10-01 12:00:00+00:00
[2026-09-30T14:21:26.328+0000] {processor.py:183} INFO - Processing /opt/airflow/dags/main.py took 0.374 seconds
[2026-09-30T14:21:56.651+0000] {processor.py:161} INFO - Started process (PID=1966) to work on /opt/airflow/dags/main.py
[2026-09-30T14:21:56.654+0000] {processor.py:830} INFO - Processing file /opt/airflow/dags/main.py for tasks to queue
[2026-09-30T14:21:56.657+0000] {logging_mixin.py:188} INFO - [2026-09-30T14:21:56.656+0000] {dagbag.py:545} INFO - Filling up the DagBag from /opt/airflow/dags/main.py
[2026-09-30T14:21:56.957+0000] {processor.py:840} INFO - DAG(s) 'produce_json', 'data_quality_check', 'update_db' retrieved from /opt/airflow/dags/main.py
[2026-09-30T14:21:56.991+0000] {logging_mixin.py:188} INFO - [2026-09-30T14:21:56.990+0000] {dag.py:3096} INFO - Sync 3 DAGs
[2026-09-30T14:21:57.015+0000] {logging_mixin.py:188} INFO - [2026-09-30T14:21:57.014+0000] {dag.py:3954} INFO - Setting next_dagrun for data_quality_check to 2026-09-30 12:00:00+00:00, run_after=2026-10-01 12:00:00+00:00
[2026-09-30T14:21:57.022+0000] {logging_mixin.py:188} INFO - [2026-09-30T14:21:57.021+0000] {dag.py:3954} INFO - Setting next_dagrun for produce_json to 2026-09-30 12:00:00+00:00, run_after=2026-10-01 12:00:00+00:00
[2026-09-30T14:21:57.025+0000] {logging_mixin.py:188} INFO - [2026-09-30T14:21:57.024+0000] {dag.py:3954} INFO - Setting next_dagrun for update_db to 2026-09-30 12:00:00+00:00, run_after=2026-10-01 12:00:00+00:00
[2026-09-30T14:21:57.048+0000] {processor.py:183} INFO - Processing /opt/airflow/dags/main.py took 0.403 seconds
[2026-09-30T14:22:27.351+0000] {processor.py:161} INFO - Started process (PID=1973) to work on /opt/airflow/dags/main.py
[2026-09-30T14:22:27.354+0000] {processor.py:830} INFO - Processing file /opt/airflow/dags/main.py for tasks to queue
[2026-09-30T14:22:27.358+0000] {logging_mixin.py:188} INFO - [2026-09-30T14:22:27.358+0000] {dagbag.py:545} INFO - Filling up the DagBag from /opt/airflow/dags/main.py
[2026-09-30T14:22:27.660+0000] {processor.py:840} INFO - DAG(s) 'update_db', 'data_quality_check', 'produce_json' retrieved from /opt/airflow/dags/main.py
[2026-09-30T14:22:27.691+0000] {logging_mixin.py:188} INFO - [2026-09-30T14:22:27.691+0000] {dag.py:3096} INFO - Sync 3 DAGs
[2026-09-30T14:22:27.713+0000] {logging_mixin.py:188} INFO - [2026-09-30T14:22:27.712+0000] {dag.py:3954} INFO - Setting next_dagrun for data_quality_check to 2026-09-30 12:00:00+00:00, run_after=2026-10-01 12:00:00+00:00
[2026-09-30T14:22:27.719+0000] {logging_mixin.py:188} INFO - [2026-09-30T14:22:27.719+0000] {dag.py:3954} INFO - Setting next_dagrun for produce_json to 2026-09-30 12:00:00+00:00, run_after=2026-10-01 12:00:00+00:00
[2026-09-30T14:22:27.722+0000] {logging_mixin.py:188} INFO - [2026-09-30T14:22:27.722+0000] {dag.py:3954} INFO - Setting next_dagrun for update_db to 2026-09-30 12:00:00+00:00, run_after=2026-10-01 12:00:00+00:00
[2026-09-30T14:22:27.746+0000] {processor.py:183} INFO - Processing /opt/airflow/dags/main.py took 0.400 seconds
[2026-09-30T14:22:58.138+0000] {processor.py:161} INFO - Started process (PID=1980) to work on /opt/airflow/dags/main.py
[2026-09-30T14:22:58.141+0000] {processor.py:830} INFO - Processing file /opt/airflow/dags/main.py for tasks to queue
[2026-09-30T14:22:58.144+0000] {logging_mixin.py:188} INFO - [2026-09-30T14:22:58.143+0000] {dagbag.py:545} INFO - Filling up the DagBag from /opt/airflow/dags/main.py
[2026-09-30T14:22:58.447+0000] {processor.py:840} INFO - DAG(s) 'data_quality_check', 'update_db', 'produce_json' retrieved from /opt/airflow/dags/main.py
[2026-09-30T14:22:58.502+0000] {logging_mixin.py:188} INFO - [2026-09-30T14:22:58.502+0000] {dag.py:3096} INFO - Sync 3 DAGs
[2026-09-30T14:22:58.548+0000] {logging_mixin.py:188} INFO - [2026-09-30T14:22:58.548+0000] {dag.py:3954} INFO - Setting next_dagrun for data_quality_check to 2026-09-30 12:00:00+00:00, run_after=2026-10-01 12:00:00+00:00
[2026-09-30T14:22:58.560+0000] {logging_mixin.py:188} INFO - [2026-09-30T14:22:58.560+0000] {dag.py:3954} INFO - Setting next_dagrun for produce_json to 2026-09-30 12:00:00+00:00, run_after=2026-10-01 12:00:00+00:00
[2026-09-30T14:22:58.564+0000] {logging_mixin.py:188} INFO - [2026-09-30T14:22:58.564+0000] {dag.py:3954} INFO - Setting next_dagrun for update_db to 2026-09-30 12:00:00+00:00, run_after=2026-10-01 12:00:00+00:00
[2026-09-30T14:22:58.605+0000] {processor.py:183} INFO - Processing /opt/airflow/dags/main.py took 0.471 seconds
[2026-09-30T14:23:28.930+0000] {processor.py:161} INFO - Started process (PID=1987) to work on /opt/airflow/dags/main.py
[2026-09-30T14:23:28.934+0000] {processor.py:830} INFO - Processing file /opt/airflow/dags/main.py for tasks to queue
[2026-09-30T14:23:28.938+0000] {logging_mixin.py:188} INFO - [2026-09-30T14:23:28.938+0000] {dagbag.py:545} INFO - Filling up the DagBag from /opt/airflow/dags/main.py
[2026-09-30T14:23:29.218+0000] {processor.py:840} INFO - DAG(s) 'data_quality_check', 'update_db', 'produce_json' retrieved from /opt/airflow/dags/main.py
[2026-09-30T14:23:29.247+0000] {logging_mixin.py:188} INFO - [2026-09-30T14:23:29.247+0000] {dag.py:3096} INFO - Sync 3 DAGs
[2026-09-30T14:23:29.268+0000] {logging_mixin.py:188} INFO - [2026-09-30T14:23:29.268+0000] {dag.py:3954} INFO - Setting next_dagrun for data_quality_check to 2026-09-30 12:00:00+00:00, run_after=2026-10-01 12:00:00+00:00
[2026-09-30T14:23:29.276+0000] {logging_mixin.py:188} INFO - [2026-09-30T14:23:29.275+0000] {dag.py:3954} INFO - Setting next_dagrun for produce_json to 2026-09-30 12:00:00+00:00, run_after=2026-10-01 12:00:00+00:00
[2026-09-30T14:23:29.279+0000] {logging_mixin.py:188} INFO - [2026-09-30T14:23:29.279+0000] {dag.py:3954} INFO - Setting next_dagrun for update_db to 2026-09-30 12:00:00+00:00, run_after=2026-10-01 12:00:00+00:00
[2026-09-30T14:23:29.301+0000] {processor.py:183} INFO - Processing /opt/airflow/dags/main.py took 0.380 seconds
[2026-09-30T14:23:59.634+0000] {processor.py:161} INFO - Started process (PID=1994) to work on /opt/airflow/dags/main.py
[2026-09-30T14:23:59.637+0000] {processor.py:830} INFO - Processing file /opt/airflow/dags/main.py for tasks to queue
[2026-09-30T14:23:59.640+0000] {logging_mixin.py:188} INFO - [2026-09-30T14:23:59.640+0000] {dagbag.py:545} INFO - Filling up the DagBag from /opt/airflow/dags/main.py
[2026-09-30T14:23:59.944+0000] {processor.py:840} INFO - DAG(s) 'update_db', 'produce_json', 'data_quality_check' retrieved from /opt/airflow/dags/main.py
[2026-09-30T14:23:59.971+0000] {logging_mixin.py:188} INFO - [2026-09-30T14:23:59.971+0000] {dag.py:3096} INFO - Sync 3 DAGs
[2026-09-30T14:23:59.994+0000] {logging_mixin.py:188} INFO - [2026-09-30T14:23:59.994+0000] {dag.py:3954} INFO - Setting next_dagrun for data_quality_check to 2026-09-30 12:00:00+00:00, run_after=2026-10-01 12:00:00+00:00
[2026-09-30T14:24:00.002+0000] {logging_mixin.py:188} INFO - [2026-09-30T14:24:00.002+0000] {dag.py:3954} INFO - Setting next_dagrun for produce_json to 2026-09-30 12:00:00+00:00, run_after=2026-10-01 12:00:00+00:00
[2026-09-30T14:24:00.005+0000] {logging_mixin.py:188} INFO - [2026-09-30T14:24:00.005+0000] {dag.py:3954} INFO - Setting next_dagrun for update_db to 2026-09-30 12:00:00+00:00, run_after=2026-10-01 12:00:00+00:00
[2026-09-30T14:24:00.033+0000] {processor.py:183} INFO - Processing /opt/airflow/dags/main.py took 0.405 seconds
[2026-09-30T14:24:30.364+0000] {processor.py:161} INFO - Started process (PID=2001) to work on /opt/airflow/dags/main.py
[2026-09-30T14:24:30.367+0000] {processor.py:830} INFO - Processing file /opt/airflow/dags/main.py for tasks to queue
[2026-09-30T14:24:30.370+0000] {logging_mixin.py:188} INFO - [2026-09-30T14:24:30.370+0000] {dagbag.py:545} INFO - Filling up the DagBag from /opt/airflow/dags/main.py
[2026-09-30T14:24:30.652+0000] {processor.py:840} INFO - DAG(s) 'update_db', 'data_quality_check', 'produce_json' retrieved from /opt/airflow/dags/main.py
[2026-09-30T14:24:30.681+0000] {logging_mixin.py:188} INFO - [2026-09-30T14:24:30.680+0000] {dag.py:3096} INFO - Sync 3 DAGs
[2026-09-30T14:24:30.700+0000] {logging_mixin.py:188} INFO - [2026-09-30T14:24:30.700+0000] {dag.py:3954} INFO - Setting next_dagrun for data_quality_check to 2026-09-30 12:00:00+00:00, run_after=2026-10-01 12:00:00+00:00
[2026-09-30T14:24:30.706+0000] {logging_mixin.py:188} INFO - [2026-09-30T14:24:30.706+0000] {dag.py:3954} INFO - Setting next_dagrun for produce_json to 2026-09-30 12:00:00+00:00, run_after=2026-10-01 12:00:00+00:00
[2026-09-30T14:24:30.710+0000] {logging_mixin.py:188} INFO - [2026-09-30T14:24:30.710+0000] {dag.py:3954} INFO - Setting next_dagrun for update_db to 2026-09-30 12:00:00+00:00, run_after=2026-10-01 12:00:00+00:00
[2026-09-30T14:24:30.748+0000] {processor.py:183} INFO - Processing /opt/airflow/dags/main.py took 0.389 seconds
[2026-09-30T14:25:01.077+0000] {processor.py:161} INFO - Started process (PID=2008) to work on /opt/airflow/dags/main.py
[2026-09-30T14:25:01.080+0000] {processor.py:830} INFO - Processing file /opt/airflow/dags/main.py for tasks to queue
[2026-09-30T14:25:01.083+0000] {logging_mixin.py:188} INFO - [2026-09-30T14:25:01.083+0000] {dagbag.py:545} INFO - Filling up the DagBag from /opt/airflow/dags/main.py
[2026-09-30T14:25:01.388+0000] {processor.py:840} INFO - DAG(s) 'produce_json', 'data_quality_check', 'update_db' retrieved from /opt/airflow/dags/main.py
[2026-09-30T14:25:01.416+0000] {logging_mixin.py:188} INFO - [2026-09-30T14:25:01.415+0000] {dag.py:3096} INFO - Sync 3 DAGs
[2026-09-30T14:25:01.436+0000] {logging_mixin.py:188} INFO - [2026-09-30T14:25:01.435+0000] {dag.py:3954} INFO - Setting next_dagrun for data_quality_check to 2026-09-30 12:00:00+00:00, run_after=2026-10-01 12:00:00+00:00
[2026-09-30T14:25:01.442+0000] {logging_mixin.py:188} INFO - [2026-09-30T14:25:01.442+0000] {dag.py:3954} INFO - Setting next_dagrun for produce_json to 2026-09-30 12:00:00+00:00, run_after=2026-10-01 12:00:00+00:00
[2026-09-30T14:25:01.445+0000] {logging_mixin.py:188} INFO - [2026-09-30T14:25:01.445+0000] {dag.py:3954} INFO - Setting next_dagrun for update_db to 2026-09-30 12:00:00+00:00, run_after=2026-10-01 12:00:00+00:00
[2026-09-30T14:25:01.466+0000] {processor.py:183} INFO - Processing /opt/airflow/dags/main.py took 0.394 seconds
[2026-09-30T14:25:31.773+0000] {processor.py:161} INFO - Started process (PID=2015) to work on /opt/airflow/dags/main.py
[2026-09-30T14:25:31.776+0000] {processor.py:830} INFO - Processing file /opt/airflow/dags/main.py for tasks to queue
[2026-09-30T14:25:31.779+0000] {logging_mixin.py:188} INFO - [2026-09-30T14:25:31.779+0000] {dagbag.py:545} INFO - Filling up the DagBag from /opt/airflow/dags/main.py
[2026-09-30T14:25:32.069+0000] {processor.py:840} INFO - DAG(s) 'produce_json', 'data_quality_check', 'update_db' retrieved from /opt/airflow/dags/main.py
[2026-09-30T14:25:32.098+0000] {logging_mixin.py:188} INFO - [2026-09-30T14:25:32.098+0000] {dag.py:3096} INFO - Sync 3 DAGs
[2026-09-30T14:25:32.120+0000] {logging_mixin.py:188} INFO - [2026-09-30T14:25:32.120+0000] {dag.py:3954} INFO - Setting next_dagrun for data_quality_check to 2026-09-30 12:00:00+00:00, run_after=2026-10-01 12:00:00+00:00
[2026-09-30T14:25:32.128+0000] {logging_mixin.py:188} INFO - [2026-09-30T14:25:32.128+0000] {dag.py:3954} INFO - Setting next_dagrun for produce_json to 2026-09-30 12:00:00+00:00, run_after=2026-10-01 12:00:00+00:00
[2026-09-30T14:25:32.132+0000] {logging_mixin.py:188} INFO - [2026-09-30T14:25:32.132+0000] {dag.py:3954} INFO - Setting next_dagrun for update_db to 2026-09-30 12:00:00+00:00, run_after=2026-10-01 12:00:00+00:00
[2026-09-30T14:25:32.156+0000] {processor.py:183} INFO - Processing /opt/airflow/dags/main.py took 0.389 seconds
[2026-09-30T14:26:02.486+0000] {processor.py:161} INFO - Started process (PID=2022) to work on /opt/airflow/dags/main.py
[2026-09-30T14:26:02.489+0000] {processor.py:830} INFO - Processing file /opt/airflow/dags/main.py for tasks to queue
[2026-09-30T14:26:02.493+0000] {logging_mixin.py:188} INFO - [2026-09-30T14:26:02.493+0000] {dagbag.py:545} INFO - Filling up the DagBag from /opt/airflow/dags/main.py
[2026-09-30T14:26:02.784+0000] {processor.py:840} INFO - DAG(s) 'data_quality_check', 'update_db', 'produce_json' retrieved from /opt/airflow/dags/main.py
[2026-09-30T14:26:02.809+0000] {logging_mixin.py:188} INFO - [2026-09-30T14:26:02.809+0000] {dag.py:3096} INFO - Sync 3 DAGs
[2026-09-30T14:26:02.826+0000] {logging_mixin.py:188} INFO - [2026-09-30T14:26:02.826+0000] {dag.py:3954} INFO - Setting next_dagrun for data_quality_check to 2026-09-30 12:00:00+00:00, run_after=2026-10-01 12:00:00+00:00
[2026-09-30T14:26:02.832+0000] {logging_mixin.py:188} INFO - [2026-09-30T14:26:02.832+0000] {dag.py:3954} INFO - Setting next_dagrun for produce_json to 2026-09-30 12:00:00+00:00, run_after=2026-10-01 12:00:00+00:00
[2026-09-30T14:26:02.835+0000] {logging_mixin.py:188} INFO - [2026-09-30T14:26:02.835+0000] {dag.py:3954} INFO - Setting next_dagrun for update_db to 2026-09-30 12:00:00+00:00, run_after=2026-10-01 12:00:00+00:00
[2026-09-30T14:26:02.856+0000] {processor.py:183} INFO - Processing /opt/airflow/dags/main.py took 0.375 seconds
[2026-09-30T14:26:33.194+0000] {processor.py:161} INFO - Started process (PID=2029) to work on /opt/airflow/dags/main.py
[2026-09-30T14:26:33.197+0000] {processor.py:830} INFO - Processing file /opt/airflow/dags/main.py for tasks to queue
[2026-09-30T14:26:33.201+0000] {logging_mixin.py:188} INFO - [2026-09-30T14:26:33.201+0000] {dagbag.py:545} INFO - Filling up the DagBag from /opt/airflow/dags/main.py
[2026-09-30T14:26:33.509+0000] {processor.py:840} INFO - DAG(s) 'update_db', 'data_quality_check', 'produce_json' retrieved from /opt/airflow/dags/main.py
[2026-09-30T14:26:33.538+0000] {logging_mixin.py:188} INFO - [2026-09-30T14:26:33.538+0000] {dag.py:3096} INFO - Sync 3 DAGs
[2026-09-30T14:26:33.561+0000] {logging_mixin.py:188} INFO - [2026-09-30T14:26:33.561+0000] {dag.py:3954} INFO - Setting next_dagrun for data_quality_check to 2026-09-30 12:00:00+00:00, run_after=2026-10-01 12:00:00+00:00
[2026-09-30T14:26:33.568+0000] {logging_mixin.py:188} INFO - [2026-09-30T14:26:33.567+0000] {dag.py:3954} INFO - Setting next_dagrun for produce_json to 2026-09-30 12:00:00+00:00, run_after=2026-10-01 12:00:00+00:00
[2026-09-30T14:26:33.571+0000] {logging_mixin.py:188} INFO - [2026-09-30T14:26:33.571+0000] {dag.py:3954} INFO - Setting next_dagrun for update_db to 2026-09-30 12:00:00+00:00, run_after=2026-10-01 12:00:00+00:00
[2026-09-30T14:26:33.594+0000] {processor.py:183} INFO - Processing /opt/airflow/dags/main.py took 0.407 seconds
[2026-09-30T14:27:03.911+0000] {processor.py:161} INFO - Started process (PID=2036) to work on /opt/airflow/dags/main.py
[2026-09-30T14:27:03.914+0000] {processor.py:830} INFO - Processing file /opt/airflow/dags/main.py for tasks to queue
[2026-09-30T14:27:03.917+0000] {logging_mixin.py:188} INFO - [2026-09-30T14:27:03.917+0000] {dagbag.py:545} INFO - Filling up the DagBag from /opt/airflow/dags/main.py
[2026-09-30T14:27:04.263+0000] {processor.py:840} INFO - DAG(s) 'produce_json', 'update_db', 'data_quality_check' retrieved from /opt/airflow/dags/main.py
[2026-09-30T14:27:04.289+0000] {logging_mixin.py:188} INFO - [2026-09-30T14:27:04.289+0000] {dag.py:3096} INFO - Sync 3 DAGs
[2026-09-30T14:27:04.309+0000] {logging_mixin.py:188} INFO - [2026-09-30T14:27:04.309+0000] {dag.py:3954} INFO - Setting next_dagrun for data_quality_check to 2026-09-30 12:00:00+00:00, run_after=2026-10-01 12:00:00+00:00
[2026-09-30T14:27:04.315+0000] {logging_mixin.py:188} INFO - [2026-09-30T14:27:04.315+0000] {dag.py:3954} INFO - Setting next_dagrun for produce_json to 2026-09-30 12:00:00+00:00, run_after=2026-10-01 12:00:00+00:00
[2026-09-30T14:27:04.318+0000] {logging_mixin.py:188} INFO - [2026-09-30T14:27:04.318+0000] {dag.py:3954} INFO - Setting next_dagrun for update_db to 2026-09-30 12:00:00+00:00, run_after=2026-10-01 12:00:00+00:00
[2026-09-30T14:27:04.339+0000] {processor.py:183} INFO - Processing /opt/airflow/dags/main.py took 0.433 seconds
[2026-09-30T14:27:35.146+0000] {processor.py:161} INFO - Started process (PID=2043) to work on /opt/airflow/dags/main.py
[2026-09-30T14:27:35.149+0000] {processor.py:830} INFO - Processing file /opt/airflow/dags/main.py for tasks to queue
[2026-09-30T14:27:35.152+0000] {logging_mixin.py:188} INFO - [2026-09-30T14:27:35.152+0000] {dagbag.py:545} INFO - Filling up the DagBag from /opt/airflow/dags/main.py
[2026-09-30T14:27:35.440+0000] {processor.py:840} INFO - DAG(s) 'data_quality_check', 'produce_json', 'update_db' retrieved from /opt/airflow/dags/main.py
[2026-09-30T14:27:35.469+0000] {logging_mixin.py:188} INFO - [2026-09-30T14:27:35.469+0000] {dag.py:3096} INFO - Sync 3 DAGs
[2026-09-30T14:27:35.490+0000] {logging_mixin.py:188} INFO - [2026-09-30T14:27:35.490+0000] {dag.py:3954} INFO - Setting next_dagrun for data_quality_check to 2026-09-30 12:00:00+00:00, run_after=2026-10-01 12:00:00+00:00
[2026-09-30T14:27:35.496+0000] {logging_mixin.py:188} INFO - [2026-09-30T14:27:35.496+0000] {dag.py:3954} INFO - Setting next_dagrun for produce_json to 2026-09-30 12:00:00+00:00, run_after=2026-10-01 12:00:00+00:00
[2026-09-30T14:27:35.500+0000] {logging_mixin.py:188} INFO - [2026-09-30T14:27:35.500+0000] {dag.py:3954} INFO - Setting next_dagrun for update_db to 2026-09-30 12:00:00+00:00, run_after=2026-10-01 12:00:00+00:00
[2026-09-30T14:27:35.521+0000] {processor.py:183} INFO - Processing /opt/airflow/dags/main.py took 0.380 seconds
[2026-09-30T14:28:05.846+0000] {processor.py:161} INFO - Started process (PID=2050) to work on /opt/airflow/dags/main.py
[2026-09-30T14:28:05.848+0000] {processor.py:830} INFO - Processing file /opt/airflow/dags/main.py for tasks to queue
[2026-09-30T14:28:05.852+0000] {logging_mixin.py:188} INFO - [2026-09-30T14:28:05.851+0000] {dagbag.py:545} INFO - Filling up the DagBag from /opt/airflow/dags/main.py
[2026-09-30T14:28:06.171+0000] {processor.py:840} INFO - DAG(s) 'update_db', 'produce_json', 'data_quality_check' retrieved from /opt/airflow/dags/main.py
[2026-09-30T14:28:06.197+0000] {logging_mixin.py:188} INFO - [2026-09-30T14:28:06.197+0000] {dag.py:3096} INFO - Sync 3 DAGs
[2026-09-30T14:28:06.217+0000] {logging_mixin.py:188} INFO - [2026-09-30T14:28:06.217+0000] {dag.py:3954} INFO - Setting next_dagrun for data_quality_check to 2026-09-30 12:00:00+00:00, run_after=2026-10-01 12:00:00+00:00
[2026-09-30T14:28:06.223+0000] {logging_mixin.py:188} INFO - [2026-09-30T14:28:06.223+0000] {dag.py:3954} INFO - Setting next_dagrun for produce_json to 2026-09-30 12:00:00+00:00, run_after=2026-10-01 12:00:00+00:00
[2026-09-30T14:28:06.227+0000] {logging_mixin.py:188} INFO - [2026-09-30T14:28:06.226+0000] {dag.py:3954} INFO - Setting next_dagrun for update_db to 2026-09-30 12:00:00+00:00, run_after=2026-10-01 12:00:00+00:00
[2026-09-30T14:28:06.247+0000] {processor.py:183} INFO - Processing /opt/airflow/dags/main.py took 0.406 seconds
[2026-09-30T14:28:36.587+0000] {processor.py:161} INFO - Started process (PID=2057) to work on /opt/airflow/dags/main.py
[2026-09-30T14:28:36.590+0000] {processor.py:830} INFO - Processing file /opt/airflow/dags/main.py for tasks to queue
[2026-09-30T14:28:36.595+0000] {logging_mixin.py:188} INFO - [2026-09-30T14:28:36.594+0000] {dagbag.py:545} INFO - Filling up the DagBag from /opt/airflow/dags/main.py
[2026-09-30T14:28:36.906+0000] {processor.py:840} INFO - DAG(s) 'update_db', 'produce_json', 'data_quality_check' retrieved from /opt/airflow/dags/main.py
[2026-09-30T14:28:36.940+0000] {logging_mixin.py:188} INFO - [2026-09-30T14:28:36.940+0000] {dag.py:3096} INFO - Sync 3 DAGs
[2026-09-30T14:28:36.963+0000] {logging_mixin.py:188} INFO - [2026-09-30T14:28:36.963+0000] {dag.py:3954} INFO - Setting next_dagrun for data_quality_check to 2026-09-30 12:00:00+00:00, run_after=2026-10-01 12:00:00+00:00
[2026-09-30T14:28:36.970+0000] {logging_mixin.py:188} INFO - [2026-09-30T14:28:36.970+0000] {dag.py:3954} INFO - Setting next_dagrun for produce_json to 2026-09-30 12:00:00+00:00, run_after=2026-10-01 12:00:00+00:00
[2026-09-30T14:28:36.974+0000] {logging_mixin.py:188} INFO - [2026-09-30T14:28:36.974+0000] {dag.py:3954} INFO - Setting next_dagrun for update_db to 2026-09-30 12:00:00+00:00, run_after=2026-10-01 12:00:00+00:00
[2026-09-30T14:28:36.999+0000] {processor.py:183} INFO - Processing /opt/airflow/dags/main.py took 0.420 seconds
[2026-09-30T14:29:07.312+0000] {processor.py:161} INFO - Started process (PID=2064) to work on /opt/airflow/dags/main.py
[2026-09-30T14:29:07.314+0000] {processor.py:830} INFO - Processing file /opt/airflow/dags/main.py for tasks to queue
[2026-09-30T14:29:07.318+0000] {logging_mixin.py:188} INFO - [2026-09-30T14:29:07.318+0000] {dagbag.py:545} INFO - Filling up the DagBag from /opt/airflow/dags/main.py
[2026-09-30T14:29:07.613+0000] {processor.py:840} INFO - DAG(s) 'data_quality_check', 'produce_json', 'update_db' retrieved from /opt/airflow/dags/main.py
[2026-09-30T14:29:07.640+0000] {logging_mixin.py:188} INFO - [2026-09-30T14:29:07.640+0000] {dag.py:3096} INFO - Sync 3 DAGs
[2026-09-30T14:29:07.661+0000] {logging_mixin.py:188} INFO - [2026-09-30T14:29:07.661+0000] {dag.py:3954} INFO - Setting next_dagrun for data_quality_check to 2026-09-30 12:00:00+00:00, run_after=2026-10-01 12:00:00+00:00
[2026-09-30T14:29:07.667+0000] {logging_mixin.py:188} INFO - [2026-09-30T14:29:07.667+0000] {dag.py:3954} INFO - Setting next_dagrun for produce_json to 2026-09-30 12:00:00+00:00, run_after=2026-10-01 12:00:00+00:00
[2026-09-30T14:29:07.671+0000] {logging_mixin.py:188} INFO - [2026-09-30T14:29:07.671+0000] {dag.py:3954} INFO - Setting next_dagrun for update_db to 2026-09-30 12:00:00+00:00, run_after=2026-10-01 12:00:00+00:00
[2026-09-30T14:29:07.696+0000] {processor.py:183} INFO - Processing /opt/airflow/dags/main.py took 0.390 seconds
[2026-09-30T14:29:38.035+0000] {processor.py:161} INFO - Started process (PID=2071) to work on /opt/airflow/dags/main.py
[2026-09-30T14:29:38.038+0000] {processor.py:830} INFO - Processing file /opt/airflow/dags/main.py for tasks to queue
[2026-09-30T14:29:38.041+0000] {logging_mixin.py:188} INFO - [2026-09-30T14:29:38.041+0000] {dagbag.py:545} INFO - Filling up the DagBag from /opt/airflow/dags/main.py
[2026-09-30T14:29:38.336+0000] {processor.py:840} INFO - DAG(s) 'update_db', 'data_quality_check', 'produce_json' retrieved from /opt/airflow/dags/main.py
[2026-09-30T14:29:38.370+0000] {logging_mixin.py:188} INFO - [2026-09-30T14:29:38.370+0000] {dag.py:3096} INFO - Sync 3 DAGs
[2026-09-30T14:29:38.393+0000] {logging_mixin.py:188} INFO - [2026-09-30T14:29:38.393+0000] {dag.py:3954} INFO - Setting next_dagrun for data_quality_check to 2026-09-30 12:00:00+00:00, run_after=2026-10-01 12:00:00+00:00
[2026-09-30T14:29:38.401+0000] {logging_mixin.py:188} INFO - [2026-09-30T14:29:38.400+0000] {dag.py:3954} INFO - Setting next_dagrun for produce_json to 2026-09-30 12:00:00+00:00, run_after=2026-10-01 12:00:00+00:00
[2026-09-30T14:29:38.403+0000] {logging_mixin.py:188} INFO - [2026-09-30T14:29:38.403+0000] {dag.py:3954} INFO - Setting next_dagrun for update_db to 2026-09-30 12:00:00+00:00, run_after=2026-10-01 12:00:00+00:00
[2026-09-30T14:29:38.422+0000] {processor.py:183} INFO - Processing /opt/airflow/dags/main.py took 0.393 seconds
[2026-09-30T14:30:08.744+0000] {processor.py:161} INFO - Started process (PID=2078) to work on /opt/airflow/dags/main.py
[2026-09-30T14:30:08.746+0000] {processor.py:830} INFO - Processing file /opt/airflow/dags/main.py for tasks to queue
[2026-09-30T14:30:08.750+0000] {logging_mixin.py:188} INFO - [2026-09-30T14:30:08.749+0000] {dagbag.py:545} INFO - Filling up the DagBag from /opt/airflow/dags/main.py
[2026-09-30T14:30:09.051+0000] {processor.py:840} INFO - DAG(s) 'update_db', 'produce_json', 'data_quality_check' retrieved from /opt/airflow/dags/main.py
[2026-09-30T14:30:09.090+0000] {logging_mixin.py:188} INFO - [2026-09-30T14:30:09.090+0000] {dag.py:3096} INFO - Sync 3 DAGs
[2026-09-30T14:30:09.115+0000] {logging_mixin.py:188} INFO - [2026-09-30T14:30:09.115+0000] {dag.py:3954} INFO - Setting next_dagrun for data_quality_check to 2026-09-30 12:00:00+00:00, run_after=2026-10-01 12:00:00+00:00
[2026-09-30T14:30:09.122+0000] {logging_mixin.py:188} INFO - [2026-09-30T14:30:09.122+0000] {dag.py:3954} INFO - Setting next_dagrun for produce_json to 2026-09-30 12:00:00+00:00, run_after=2026-10-01 12:00:00+00:00
[2026-09-30T14:30:09.126+0000] {logging_mixin.py:188} INFO - [2026-09-30T14:30:09.125+0000] {dag.py:3954} INFO - Setting next_dagrun for update_db to 2026-09-30 12:00:00+00:00, run_after=2026-10-01 12:00:00+00:00
[2026-09-30T14:30:09.155+0000] {processor.py:183} INFO - Processing /opt/airflow/dags/main.py took 0.417 seconds
[2026-09-30T14:30:39.484+0000] {processor.py:161} INFO - Started process (PID=2085) to work on /opt/airflow/dags/main.py
[2026-09-30T14:30:39.487+0000] {processor.py:830} INFO - Processing file /opt/airflow/dags/main.py for tasks to queue
[2026-09-30T14:30:39.491+0000] {logging_mixin.py:188} INFO - [2026-09-30T14:30:39.490+0000] {dagbag.py:545} INFO - Filling up the DagBag from /opt/airflow/dags/main.py
[2026-09-30T14:30:39.773+0000] {processor.py:840} INFO - DAG(s) 'produce_json', 'update_db', 'data_quality_check' retrieved from /opt/airflow/dags/main.py
[2026-09-30T14:30:39.802+0000] {logging_mixin.py:188} INFO - [2026-09-30T14:30:39.802+0000] {dag.py:3096} INFO - Sync 3 DAGs
[2026-09-30T14:30:39.822+0000] {logging_mixin.py:188} INFO - [2026-09-30T14:30:39.822+0000] {dag.py:3954} INFO - Setting next_dagrun for data_quality_check to 2026-09-30 12:00:00+00:00, run_after=2026-10-01 12:00:00+00:00
[2026-09-30T14:30:39.828+0000] {logging_mixin.py:188} INFO - [2026-09-30T14:30:39.828+0000] {dag.py:3954} INFO - Setting next_dagrun for produce_json to 2026-09-30 12:00:00+00:00, run_after=2026-10-01 12:00:00+00:00
[2026-09-30T14:30:39.831+0000] {logging_mixin.py:188} INFO - [2026-09-30T14:30:39.831+0000] {dag.py:3954} INFO - Setting next_dagrun for update_db to 2026-09-30 12:00:00+00:00, run_after=2026-10-01 12:00:00+00:00
[2026-09-30T14:30:39.852+0000] {processor.py:183} INFO - Processing /opt/airflow/dags/main.py took 0.373 seconds
[2026-09-30T14:31:10.182+0000] {processor.py:161} INFO - Started process (PID=2092) to work on /opt/airflow/dags/main.py
[2026-09-30T14:31:10.185+0000] {processor.py:830} INFO - Processing file /opt/airflow/dags/main.py for tasks to queue
[2026-09-30T14:31:10.190+0000] {logging_mixin.py:188} INFO - [2026-09-30T14:31:10.189+0000] {dagbag.py:545} INFO - Filling up the DagBag from /opt/airflow/dags/main.py
[2026-09-30T14:31:10.479+0000] {processor.py:840} INFO - DAG(s) 'produce_json', 'data_quality_check', 'update_db' retrieved from /opt/airflow/dags/main.py
[2026-09-30T14:31:10.510+0000] {logging_mixin.py:188} INFO - [2026-09-30T14:31:10.510+0000] {dag.py:3096} INFO - Sync 3 DAGs
[2026-09-30T14:31:10.533+0000] {logging_mixin.py:188} INFO - [2026-09-30T14:31:10.532+0000] {dag.py:3954} INFO - Setting next_dagrun for data_quality_check to 2026-09-30 12:00:00+00:00, run_after=2026-10-01 12:00:00+00:00
[2026-09-30T14:31:10.540+0000] {logging_mixin.py:188} INFO - [2026-09-30T14:31:10.540+0000] {dag.py:3954} INFO - Setting next_dagrun for produce_json to 2026-09-30 12:00:00+00:00, run_after=2026-10-01 12:00:00+00:00
[2026-09-30T14:31:10.543+0000] {logging_mixin.py:188} INFO - [2026-09-30T14:31:10.543+0000] {dag.py:3954} INFO - Setting next_dagrun for update_db to 2026-09-30 12:00:00+00:00, run_after=2026-10-01 12:00:00+00:00
[2026-09-30T14:31:10.564+0000] {processor.py:183} INFO - Processing /opt/airflow/dags/main.py took 0.389 seconds
[2026-09-30T14:31:40.955+0000] {processor.py:161} INFO - Started process (PID=2099) to work on /opt/airflow/dags/main.py
[2026-09-30T14:31:40.959+0000] {processor.py:830} INFO - Processing file /opt/airflow/dags/main.py for tasks to queue
[2026-09-30T14:31:40.964+0000] {logging_mixin.py:188} INFO - [2026-09-30T14:31:40.963+0000] {dagbag.py:545} INFO - Filling up the DagBag from /opt/airflow/dags/main.py
[2026-09-30T14:31:41.328+0000] {processor.py:840} INFO - DAG(s) 'produce_json', 'update_db', 'data_quality_check' retrieved from /opt/airflow/dags/main.py
[2026-09-30T14:31:41.377+0000] {logging_mixin.py:188} INFO - [2026-09-30T14:31:41.376+0000] {dag.py:3096} INFO - Sync 3 DAGs
[2026-09-30T14:31:41.413+0000] {logging_mixin.py:188} INFO - [2026-09-30T14:31:41.413+0000] {dag.py:3954} INFO - Setting next_dagrun for data_quality_check to 2026-09-30 12:00:00+00:00, run_after=2026-10-01 12:00:00+00:00
[2026-09-30T14:31:41.427+0000] {logging_mixin.py:188} INFO - [2026-09-30T14:31:41.427+0000] {dag.py:3954} INFO - Setting next_dagrun for produce_json to 2026-09-30 12:00:00+00:00, run_after=2026-10-01 12:00:00+00:00
[2026-09-30T14:31:41.433+0000] {logging_mixin.py:188} INFO - [2026-09-30T14:31:41.433+0000] {dag.py:3954} INFO - Setting next_dagrun for update_db to 2026-09-30 12:00:00+00:00, run_after=2026-10-01 12:00:00+00:00
[2026-09-30T14:31:41.466+0000] {processor.py:183} INFO - Processing /opt/airflow/dags/main.py took 0.526 seconds
[2026-09-30T14:32:11.749+0000] {processor.py:161} INFO - Started process (PID=2106) to work on /opt/airflow/dags/main.py
[2026-09-30T14:32:11.753+0000] {processor.py:830} INFO - Processing file /opt/airflow/dags/main.py for tasks to queue
[2026-09-30T14:32:11.756+0000] {logging_mixin.py:188} INFO - [2026-09-30T14:32:11.756+0000] {dagbag.py:545} INFO - Filling up the DagBag from /opt/airflow/dags/main.py
[2026-09-30T14:32:12.043+0000] {processor.py:840} INFO - DAG(s) 'update_db', 'produce_json', 'data_quality_check' retrieved from /opt/airflow/dags/main.py
[2026-09-30T14:32:12.072+0000] {logging_mixin.py:188} INFO - [2026-09-30T14:32:12.072+0000] {dag.py:3096} INFO - Sync 3 DAGs
[2026-09-30T14:32:12.098+0000] {logging_mixin.py:188} INFO - [2026-09-30T14:32:12.097+0000] {dag.py:3954} INFO - Setting next_dagrun for data_quality_check to 2026-09-30 12:00:00+00:00, run_after=2026-10-01 12:00:00+00:00
[2026-09-30T14:32:12.105+0000] {logging_mixin.py:188} INFO - [2026-09-30T14:32:12.105+0000] {dag.py:3954} INFO - Setting next_dagrun for produce_json to 2026-09-30 12:00:00+00:00, run_after=2026-10-01 12:00:00+00:00
[2026-09-30T14:32:12.113+0000] {logging_mixin.py:188} INFO - [2026-09-30T14:32:12.113+0000] {dag.py:3954} INFO - Setting next_dagrun for update_db to 2026-09-30 12:00:00+00:00, run_after=2026-10-01 12:00:00+00:00
[2026-09-30T14:32:12.138+0000] {processor.py:183} INFO - Processing /opt/airflow/dags/main.py took 0.396 seconds
[2026-09-30T14:32:42.875+0000] {processor.py:161} INFO - Started process (PID=2113) to work on /opt/airflow/dags/main.py
[2026-09-30T14:32:42.878+0000] {processor.py:830} INFO - Processing file /opt/airflow/dags/main.py for tasks to queue
[2026-09-30T14:32:42.882+0000] {logging_mixin.py:188} INFO - [2026-09-30T14:32:42.882+0000] {dagbag.py:545} INFO - Filling up the DagBag from /opt/airflow/dags/main.py
[2026-09-30T14:32:43.143+0000] {processor.py:840} INFO - DAG(s) 'produce_json', 'update_db', 'data_quality_check' retrieved from /opt/airflow/dags/main.py
[2026-09-30T14:32:43.173+0000] {logging_mixin.py:188} INFO - [2026-09-30T14:32:43.172+0000] {dag.py:3096} INFO - Sync 3 DAGs
[2026-09-30T14:32:43.195+0000] {logging_mixin.py:188} INFO - [2026-09-30T14:32:43.195+0000] {dag.py:3954} INFO - Setting next_dagrun for data_quality_check to 2026-09-30 12:00:00+00:00, run_after=2026-10-01 12:00:00+00:00
[2026-09-30T14:32:43.203+0000] {logging_mixin.py:188} INFO - [2026-09-30T14:32:43.203+0000] {dag.py:3954} INFO - Setting next_dagrun for produce_json to 2026-09-30 12:00:00+00:00, run_after=2026-10-01 12:00:00+00:00
[2026-09-30T14:32:43.206+0000] {logging_mixin.py:188} INFO - [2026-09-30T14:32:43.206+0000] {dag.py:3954} INFO - Setting next_dagrun for update_db to 2026-09-30 12:00:00+00:00, run_after=2026-10-01 12:00:00+00:00
[2026-09-30T14:32:43.230+0000] {processor.py:183} INFO - Processing /opt/airflow/dags/main.py took 0.362 seconds
[2026-09-30T14:33:13.568+0000] {processor.py:161} INFO - Started process (PID=2120) to work on /opt/airflow/dags/main.py
[2026-09-30T14:33:13.571+0000] {processor.py:830} INFO - Processing file /opt/airflow/dags/main.py for tasks to queue
[2026-09-30T14:33:13.574+0000] {logging_mixin.py:188} INFO - [2026-09-30T14:33:13.574+0000] {dagbag.py:545} INFO - Filling up the DagBag from /opt/airflow/dags/main.py
[2026-09-30T14:33:13.869+0000] {processor.py:840} INFO - DAG(s) 'produce_json', 'data_quality_check', 'update_db' retrieved from /opt/airflow/dags/main.py
[2026-09-30T14:33:13.900+0000] {logging_mixin.py:188} INFO - [2026-09-30T14:33:13.900+0000] {dag.py:3096} INFO - Sync 3 DAGs
[2026-09-30T14:33:13.932+0000] {logging_mixin.py:188} INFO - [2026-09-30T14:33:13.932+0000] {dag.py:3954} INFO - Setting next_dagrun for data_quality_check to 2026-09-30 12:00:00+00:00, run_after=2026-10-01 12:00:00+00:00
[2026-09-30T14:33:13.939+0000] {logging_mixin.py:188} INFO - [2026-09-30T14:33:13.939+0000] {dag.py:3954} INFO - Setting next_dagrun for produce_json to 2026-09-30 12:00:00+00:00, run_after=2026-10-01 12:00:00+00:00
[2026-09-30T14:33:13.943+0000] {logging_mixin.py:188} INFO - [2026-09-30T14:33:13.943+0000] {dag.py:3954} INFO - Setting next_dagrun for update_db to 2026-09-30 12:00:00+00:00, run_after=2026-10-01 12:00:00+00:00
[2026-09-30T14:33:13.966+0000] {processor.py:183} INFO - Processing /opt/airflow/dags/main.py took 0.406 seconds
[2026-09-30T14:33:44.344+0000] {processor.py:161} INFO - Started process (PID=2127) to work on /opt/airflow/dags/main.py
[2026-09-30T14:33:44.347+0000] {processor.py:830} INFO - Processing file /opt/airflow/dags/main.py for tasks to queue
[2026-09-30T14:33:44.351+0000] {logging_mixin.py:188} INFO - [2026-09-30T14:33:44.351+0000] {dagbag.py:545} INFO - Filling up the DagBag from /opt/airflow/dags/main.py
[2026-09-30T14:33:44.651+0000] {processor.py:840} INFO - DAG(s) 'update_db', 'produce_json', 'data_quality_check' retrieved from /opt/airflow/dags/main.py
[2026-09-30T14:33:44.682+0000] {logging_mixin.py:188} INFO - [2026-09-30T14:33:44.682+0000] {dag.py:3096} INFO - Sync 3 DAGs
[2026-09-30T14:33:44.703+0000] {logging_mixin.py:188} INFO - [2026-09-30T14:33:44.702+0000] {dag.py:3954} INFO - Setting next_dagrun for data_quality_check to 2026-09-30 12:00:00+00:00, run_after=2026-10-01 12:00:00+00:00
[2026-09-30T14:33:44.709+0000] {logging_mixin.py:188} INFO - [2026-09-30T14:33:44.709+0000] {dag.py:3954} INFO - Setting next_dagrun for produce_json to 2026-09-30 12:00:00+00:00, run_after=2026-10-01 12:00:00+00:00
[2026-09-30T14:33:44.713+0000] {logging_mixin.py:188} INFO - [2026-09-30T14:33:44.713+0000] {dag.py:3954} INFO - Setting next_dagrun for update_db to 2026-09-30 12:00:00+00:00, run_after=2026-10-01 12:00:00+00:00
[2026-09-30T14:33:44.734+0000] {processor.py:183} INFO - Processing /opt/airflow/dags/main.py took 0.397 seconds
[2026-09-30T14:34:15.067+0000] {processor.py:161} INFO - Started process (PID=2135) to work on /opt/airflow/dags/main.py
[2026-09-30T14:34:15.070+0000] {processor.py:830} INFO - Processing file /opt/airflow/dags/main.py for tasks to queue
[2026-09-30T14:34:15.073+0000] {logging_mixin.py:188} INFO - [2026-09-30T14:34:15.073+0000] {dagbag.py:545} INFO - Filling up the DagBag from /opt/airflow/dags/main.py
[2026-09-30T14:34:15.364+0000] {processor.py:840} INFO - DAG(s) 'data_quality_check', 'update_db', 'produce_json' retrieved from /opt/airflow/dags/main.py
[2026-09-30T14:34:15.397+0000] {logging_mixin.py:188} INFO - [2026-09-30T14:34:15.397+0000] {dag.py:3096} INFO - Sync 3 DAGs
[2026-09-30T14:34:15.417+0000] {logging_mixin.py:188} INFO - [2026-09-30T14:34:15.417+0000] {dag.py:3954} INFO - Setting next_dagrun for data_quality_check to 2026-09-30 12:00:00+00:00, run_after=2026-10-01 12:00:00+00:00
[2026-09-30T14:34:15.427+0000] {logging_mixin.py:188} INFO - [2026-09-30T14:34:15.427+0000] {dag.py:3954} INFO - Setting next_dagrun for produce_json to 2026-09-30 12:00:00+00:00, run_after=2026-10-01 12:00:00+00:00
[2026-09-30T14:34:15.432+0000] {logging_mixin.py:188} INFO - [2026-09-30T14:34:15.432+0000] {dag.py:3954} INFO - Setting next_dagrun for update_db to 2026-09-30 12:00:00+00:00, run_after=2026-10-01 12:00:00+00:00
[2026-09-30T14:34:15.502+0000] {processor.py:183} INFO - Processing /opt/airflow/dags/main.py took 0.441 seconds
[2026-09-30T14:34:45.926+0000] {processor.py:161} INFO - Started process (PID=2148) to work on /opt/airflow/dags/main.py
[2026-09-30T14:34:45.929+0000] {processor.py:830} INFO - Processing file /opt/airflow/dags/main.py for tasks to queue
[2026-09-30T14:34:45.933+0000] {logging_mixin.py:188} INFO - [2026-09-30T14:34:45.933+0000] {dagbag.py:545} INFO - Filling up the DagBag from /opt/airflow/dags/main.py
[2026-09-30T14:34:46.221+0000] {processor.py:840} INFO - DAG(s) 'update_db', 'produce_json', 'data_quality_check' retrieved from /opt/airflow/dags/main.py
[2026-09-30T14:34:46.249+0000] {logging_mixin.py:188} INFO - [2026-09-30T14:34:46.249+0000] {dag.py:3096} INFO - Sync 3 DAGs
[2026-09-30T14:34:46.270+0000] {logging_mixin.py:188} INFO - [2026-09-30T14:34:46.270+0000] {dag.py:3954} INFO - Setting next_dagrun for data_quality_check to 2026-09-30 12:00:00+00:00, run_after=2026-10-01 12:00:00+00:00
[2026-09-30T14:34:46.276+0000] {logging_mixin.py:188} INFO - [2026-09-30T14:34:46.276+0000] {dag.py:3954} INFO - Setting next_dagrun for produce_json to 2026-09-30 12:00:00+00:00, run_after=2026-10-01 12:00:00+00:00
[2026-09-30T14:34:46.279+0000] {logging_mixin.py:188} INFO - [2026-09-30T14:34:46.279+0000] {dag.py:3954} INFO - Setting next_dagrun for update_db to 2026-09-30 12:00:00+00:00, run_after=2026-10-01 12:00:00+00:00
[2026-09-30T14:34:46.302+0000] {processor.py:183} INFO - Processing /opt/airflow/dags/main.py took 0.384 seconds
[2026-09-30T14:35:16.635+0000] {processor.py:161} INFO - Started process (PID=2155) to work on /opt/airflow/dags/main.py
[2026-09-30T14:35:16.638+0000] {processor.py:830} INFO - Processing file /opt/airflow/dags/main.py for tasks to queue
[2026-09-30T14:35:16.643+0000] {logging_mixin.py:188} INFO - [2026-09-30T14:35:16.642+0000] {dagbag.py:545} INFO - Filling up the DagBag from /opt/airflow/dags/main.py
[2026-09-30T14:35:16.952+0000] {processor.py:840} INFO - DAG(s) 'update_db', 'produce_json', 'data_quality_check' retrieved from /opt/airflow/dags/main.py
[2026-09-30T14:35:16.996+0000] {logging_mixin.py:188} INFO - [2026-09-30T14:35:16.996+0000] {dag.py:3096} INFO - Sync 3 DAGs
[2026-09-30T14:35:17.029+0000] {logging_mixin.py:188} INFO - [2026-09-30T14:35:17.028+0000] {dag.py:3954} INFO - Setting next_dagrun for data_quality_check to 2026-09-30 12:00:00+00:00, run_after=2026-10-01 12:00:00+00:00
[2026-09-30T14:35:17.036+0000] {logging_mixin.py:188} INFO - [2026-09-30T14:35:17.036+0000] {dag.py:3954} INFO - Setting next_dagrun for produce_json to 2026-09-30 12:00:00+00:00, run_after=2026-10-01 12:00:00+00:00
[2026-09-30T14:35:17.039+0000] {logging_mixin.py:188} INFO - [2026-09-30T14:35:17.039+0000] {dag.py:3954} INFO - Setting next_dagrun for update_db to 2026-09-30 12:00:00+00:00, run_after=2026-10-01 12:00:00+00:00
[2026-09-30T14:35:17.064+0000] {processor.py:183} INFO - Processing /opt/airflow/dags/main.py took 0.435 seconds
[2026-09-30T14:35:47.444+0000] {processor.py:161} INFO - Started process (PID=2162) to work on /opt/airflow/dags/main.py
[2026-09-30T14:35:47.450+0000] {processor.py:830} INFO - Processing file /opt/airflow/dags/main.py for tasks to queue
[2026-09-30T14:35:47.457+0000] {logging_mixin.py:188} INFO - [2026-09-30T14:35:47.456+0000] {dagbag.py:545} INFO - Filling up the DagBag from /opt/airflow/dags/main.py
[2026-09-30T14:35:47.755+0000] {processor.py:840} INFO - DAG(s) 'data_quality_check', 'produce_json', 'update_db' retrieved from /opt/airflow/dags/main.py
[2026-09-30T14:35:47.793+0000] {logging_mixin.py:188} INFO - [2026-09-30T14:35:47.793+0000] {dag.py:3096} INFO - Sync 3 DAGs
[2026-09-30T14:35:47.820+0000] {logging_mixin.py:188} INFO - [2026-09-30T14:35:47.819+0000] {dag.py:3954} INFO - Setting next_dagrun for data_quality_check to 2026-09-30 12:00:00+00:00, run_after=2026-10-01 12:00:00+00:00
[2026-09-30T14:35:47.828+0000] {logging_mixin.py:188} INFO - [2026-09-30T14:35:47.827+0000] {dag.py:3954} INFO - Setting next_dagrun for produce_json to 2026-09-30 12:00:00+00:00, run_after=2026-10-01 12:00:00+00:00
[2026-09-30T14:35:47.832+0000] {logging_mixin.py:188} INFO - [2026-09-30T14:35:47.832+0000] {dag.py:3954} INFO - Setting next_dagrun for update_db to 2026-09-30 12:00:00+00:00, run_after=2026-10-01 12:00:00+00:00
[2026-09-30T14:35:47.860+0000] {processor.py:183} INFO - Processing /opt/airflow/dags/main.py took 0.433 seconds
[2026-09-30T14:36:18.194+0000] {processor.py:161} INFO - Started process (PID=2169) to work on /opt/airflow/dags/main.py
[2026-09-30T14:36:18.197+0000] {processor.py:830} INFO - Processing file /opt/airflow/dags/main.py for tasks to queue
[2026-09-30T14:36:18.201+0000] {logging_mixin.py:188} INFO - [2026-09-30T14:36:18.200+0000] {dagbag.py:545} INFO - Filling up the DagBag from /opt/airflow/dags/main.py
[2026-09-30T14:36:18.469+0000] {processor.py:840} INFO - DAG(s) 'data_quality_check', 'produce_json', 'update_db' retrieved from /opt/airflow/dags/main.py
[2026-09-30T14:36:18.496+0000] {logging_mixin.py:188} INFO - [2026-09-30T14:36:18.496+0000] {dag.py:3096} INFO - Sync 3 DAGs
[2026-09-30T14:36:18.516+0000] {logging_mixin.py:188} INFO - [2026-09-30T14:36:18.516+0000] {dag.py:3954} INFO - Setting next_dagrun for data_quality_check to 2026-09-30 12:00:00+00:00, run_after=2026-10-01 12:00:00+00:00
[2026-09-30T14:36:18.522+0000] {logging_mixin.py:188} INFO - [2026-09-30T14:36:18.522+0000] {dag.py:3954} INFO - Setting next_dagrun for produce_json to 2026-09-30 12:00:00+00:00, run_after=2026-10-01 12:00:00+00:00
[2026-09-30T14:36:18.526+0000] {logging_mixin.py:188} INFO - [2026-09-30T14:36:18.525+0000] {dag.py:3954} INFO - Setting next_dagrun for update_db to 2026-09-30 12:00:00+00:00, run_after=2026-10-01 12:00:00+00:00
[2026-09-30T14:36:18.547+0000] {processor.py:183} INFO - Processing /opt/airflow/dags/main.py took 0.364 seconds
[2026-09-30T14:36:48.909+0000] {processor.py:161} INFO - Started process (PID=2176) to work on /opt/airflow/dags/main.py
[2026-09-30T14:36:48.912+0000] {processor.py:830} INFO - Processing file /opt/airflow/dags/main.py for tasks to queue
[2026-09-30T14:36:48.916+0000] {logging_mixin.py:188} INFO - [2026-09-30T14:36:48.916+0000] {dagbag.py:545} INFO - Filling up the DagBag from /opt/airflow/dags/main.py
[2026-09-30T14:36:49.292+0000] {processor.py:840} INFO - DAG(s) 'produce_json', 'data_quality_check', 'update_db' retrieved from /opt/airflow/dags/main.py
[2026-09-30T14:36:49.352+0000] {logging_mixin.py:188} INFO - [2026-09-30T14:36:49.352+0000] {dag.py:3096} INFO - Sync 3 DAGs
[2026-09-30T14:36:49.399+0000] {logging_mixin.py:188} INFO - [2026-09-30T14:36:49.398+0000] {dag.py:3954} INFO - Setting next_dagrun for data_quality_check to 2026-09-30 12:00:00+00:00, run_after=2026-10-01 12:00:00+00:00
[2026-09-30T14:36:49.416+0000] {logging_mixin.py:188} INFO - [2026-09-30T14:36:49.415+0000] {dag.py:3954} INFO - Setting next_dagrun for produce_json to 2026-09-30 12:00:00+00:00, run_after=2026-10-01 12:00:00+00:00
[2026-09-30T14:36:49.427+0000] {logging_mixin.py:188} INFO - [2026-09-30T14:36:49.426+0000] {dag.py:3954} INFO - Setting next_dagrun for update_db to 2026-09-30 12:00:00+00:00, run_after=2026-10-01 12:00:00+00:00
[2026-09-30T14:36:49.463+0000] {processor.py:183} INFO - Processing /opt/airflow/dags/main.py took 0.560 seconds
[2026-09-30T14:37:19.801+0000] {processor.py:161} INFO - Started process (PID=2183) to work on /opt/airflow/dags/main.py
[2026-09-30T14:37:19.804+0000] {processor.py:830} INFO - Processing file /opt/airflow/dags/main.py for tasks to queue
[2026-09-30T14:37:19.807+0000] {logging_mixin.py:188} INFO - [2026-09-30T14:37:19.807+0000] {dagbag.py:545} INFO - Filling up the DagBag from /opt/airflow/dags/main.py
[2026-09-30T14:37:20.107+0000] {processor.py:840} INFO - DAG(s) 'update_db', 'produce_json', 'data_quality_check' retrieved from /opt/airflow/dags/main.py
[2026-09-30T14:37:20.131+0000] {logging_mixin.py:188} INFO - [2026-09-30T14:37:20.131+0000] {dag.py:3096} INFO - Sync 3 DAGs
[2026-09-30T14:37:20.149+0000] {logging_mixin.py:188} INFO - [2026-09-30T14:37:20.149+0000] {dag.py:3954} INFO - Setting next_dagrun for data_quality_check to 2026-09-30 12:00:00+00:00, run_after=2026-10-01 12:00:00+00:00
[2026-09-30T14:37:20.155+0000] {logging_mixin.py:188} INFO - [2026-09-30T14:37:20.155+0000] {dag.py:3954} INFO - Setting next_dagrun for produce_json to 2026-09-30 12:00:00+00:00, run_after=2026-10-01 12:00:00+00:00
[2026-09-30T14:37:20.158+0000] {logging_mixin.py:188} INFO - [2026-09-30T14:37:20.158+0000] {dag.py:3954} INFO - Setting next_dagrun for update_db to 2026-09-30 12:00:00+00:00, run_after=2026-10-01 12:00:00+00:00
[2026-09-30T14:37:20.178+0000] {processor.py:183} INFO - Processing /opt/airflow/dags/main.py took 0.382 seconds
[2026-09-30T14:37:51.021+0000] {processor.py:161} INFO - Started process (PID=2190) to work on /opt/airflow/dags/main.py
[2026-09-30T14:37:51.023+0000] {processor.py:830} INFO - Processing file /opt/airflow/dags/main.py for tasks to queue
[2026-09-30T14:37:51.026+0000] {logging_mixin.py:188} INFO - [2026-09-30T14:37:51.026+0000] {dagbag.py:545} INFO - Filling up the DagBag from /opt/airflow/dags/main.py
[2026-09-30T14:37:51.325+0000] {processor.py:840} INFO - DAG(s) 'update_db', 'produce_json', 'data_quality_check' retrieved from /opt/airflow/dags/main.py
[2026-09-30T14:37:51.348+0000] {logging_mixin.py:188} INFO - [2026-09-30T14:37:51.348+0000] {dag.py:3096} INFO - Sync 3 DAGs
[2026-09-30T14:37:51.365+0000] {logging_mixin.py:188} INFO - [2026-09-30T14:37:51.364+0000] {dag.py:3954} INFO - Setting next_dagrun for data_quality_check to 2026-09-30 12:00:00+00:00, run_after=2026-10-01 12:00:00+00:00
[2026-09-30T14:37:51.370+0000] {logging_mixin.py:188} INFO - [2026-09-30T14:37:51.370+0000] {dag.py:3954} INFO - Setting next_dagrun for produce_json to 2026-09-30 12:00:00+00:00, run_after=2026-10-01 12:00:00+00:00
[2026-09-30T14:37:51.373+0000] {logging_mixin.py:188} INFO - [2026-09-30T14:37:51.373+0000] {dag.py:3954} INFO - Setting next_dagrun for update_db to 2026-09-30 12:00:00+00:00, run_after=2026-10-01 12:00:00+00:00
[2026-09-30T14:37:51.391+0000] {processor.py:183} INFO - Processing /opt/airflow/dags/main.py took 0.377 seconds
[2026-09-30T14:38:21.768+0000] {processor.py:161} INFO - Started process (PID=2197) to work on /opt/airflow/dags/main.py
[2026-09-30T14:38:21.770+0000] {processor.py:830} INFO - Processing file /opt/airflow/dags/main.py for tasks to queue
[2026-09-30T14:38:21.774+0000] {logging_mixin.py:188} INFO - [2026-09-30T14:38:21.774+0000] {dagbag.py:545} INFO - Filling up the DagBag from /opt/airflow/dags/main.py
[2026-09-30T14:38:22.106+0000] {processor.py:840} INFO - DAG(s) 'produce_json', 'update_db', 'data_quality_check' retrieved from /opt/airflow/dags/main.py
[2026-09-30T14:38:22.136+0000] {logging_mixin.py:188} INFO - [2026-09-30T14:38:22.136+0000] {dag.py:3096} INFO - Sync 3 DAGs
[2026-09-30T14:38:22.153+0000] {logging_mixin.py:188} INFO - [2026-09-30T14:38:22.153+0000] {dag.py:3954} INFO - Setting next_dagrun for data_quality_check to 2026-09-30 12:00:00+00:00, run_after=2026-10-01 12:00:00+00:00
[2026-09-30T14:38:22.159+0000] {logging_mixin.py:188} INFO - [2026-09-30T14:38:22.159+0000] {dag.py:3954} INFO - Setting next_dagrun for produce_json to 2026-09-30 12:00:00+00:00, run_after=2026-10-01 12:00:00+00:00
[2026-09-30T14:38:22.162+0000] {logging_mixin.py:188} INFO - [2026-09-30T14:38:22.162+0000] {dag.py:3954} INFO - Setting next_dagrun for update_db to 2026-09-30 12:00:00+00:00, run_after=2026-10-01 12:00:00+00:00
[2026-09-30T14:38:22.181+0000] {processor.py:183} INFO - Processing /opt/airflow/dags/main.py took 0.419 seconds
[2026-09-30T14:38:52.566+0000] {processor.py:161} INFO - Started process (PID=2204) to work on /opt/airflow/dags/main.py
[2026-09-30T14:38:52.569+0000] {processor.py:830} INFO - Processing file /opt/airflow/dags/main.py for tasks to queue
[2026-09-30T14:38:52.572+0000] {logging_mixin.py:188} INFO - [2026-09-30T14:38:52.572+0000] {dagbag.py:545} INFO - Filling up the DagBag from /opt/airflow/dags/main.py
[2026-09-30T14:38:52.864+0000] {processor.py:840} INFO - DAG(s) 'produce_json', 'data_quality_check', 'update_db' retrieved from /opt/airflow/dags/main.py
[2026-09-30T14:38:52.890+0000] {logging_mixin.py:188} INFO - [2026-09-30T14:38:52.890+0000] {dag.py:3096} INFO - Sync 3 DAGs
[2026-09-30T14:38:52.907+0000] {logging_mixin.py:188} INFO - [2026-09-30T14:38:52.907+0000] {dag.py:3954} INFO - Setting next_dagrun for data_quality_check to 2026-09-30 12:00:00+00:00, run_after=2026-10-01 12:00:00+00:00
[2026-09-30T14:38:52.913+0000] {logging_mixin.py:188} INFO - [2026-09-30T14:38:52.913+0000] {dag.py:3954} INFO - Setting next_dagrun for produce_json to 2026-09-30 12:00:00+00:00, run_after=2026-10-01 12:00:00+00:00
[2026-09-30T14:38:52.917+0000] {logging_mixin.py:188} INFO - [2026-09-30T14:38:52.917+0000] {dag.py:3954} INFO - Setting next_dagrun for update_db to 2026-09-30 12:00:00+00:00, run_after=2026-10-01 12:00:00+00:00
[2026-09-30T14:38:52.938+0000] {processor.py:183} INFO - Processing /opt/airflow/dags/main.py took 0.377 seconds
[2026-09-30T14:39:23.308+0000] {processor.py:161} INFO - Started process (PID=2211) to work on /opt/airflow/dags/main.py
[2026-09-30T14:39:23.311+0000] {processor.py:830} INFO - Processing file /opt/airflow/dags/main.py for tasks to queue
[2026-09-30T14:39:23.314+0000] {logging_mixin.py:188} INFO - [2026-09-30T14:39:23.314+0000] {dagbag.py:545} INFO - Filling up the DagBag from /opt/airflow/dags/main.py
[2026-09-30T14:39:23.646+0000] {processor.py:840} INFO - DAG(s) 'data_quality_check', 'update_db', 'produce_json' retrieved from /opt/airflow/dags/main.py
[2026-09-30T14:39:23.672+0000] {logging_mixin.py:188} INFO - [2026-09-30T14:39:23.671+0000] {dag.py:3096} INFO - Sync 3 DAGs
[2026-09-30T14:39:23.689+0000] {logging_mixin.py:188} INFO - [2026-09-30T14:39:23.689+0000] {dag.py:3954} INFO - Setting next_dagrun for data_quality_check to 2026-09-30 12:00:00+00:00, run_after=2026-10-01 12:00:00+00:00
[2026-09-30T14:39:23.695+0000] {logging_mixin.py:188} INFO - [2026-09-30T14:39:23.695+0000] {dag.py:3954} INFO - Setting next_dagrun for produce_json to 2026-09-30 12:00:00+00:00, run_after=2026-10-01 12:00:00+00:00
[2026-09-30T14:39:23.698+0000] {logging_mixin.py:188} INFO - [2026-09-30T14:39:23.698+0000] {dag.py:3954} INFO - Setting next_dagrun for update_db to 2026-09-30 12:00:00+00:00, run_after=2026-10-01 12:00:00+00:00
[2026-09-30T14:39:23.717+0000] {processor.py:183} INFO - Processing /opt/airflow/dags/main.py took 0.414 seconds
[2026-09-30T14:39:54.107+0000] {processor.py:161} INFO - Started process (PID=2218) to work on /opt/airflow/dags/main.py
[2026-09-30T14:39:54.110+0000] {processor.py:830} INFO - Processing file /opt/airflow/dags/main.py for tasks to queue
[2026-09-30T14:39:54.114+0000] {logging_mixin.py:188} INFO - [2026-09-30T14:39:54.113+0000] {dagbag.py:545} INFO - Filling up the DagBag from /opt/airflow/dags/main.py
[2026-09-30T14:39:54.445+0000] {processor.py:840} INFO - DAG(s) 'produce_json', 'update_db', 'data_quality_check' retrieved from /opt/airflow/dags/main.py
[2026-09-30T14:39:54.473+0000] {logging_mixin.py:188} INFO - [2026-09-30T14:39:54.473+0000] {dag.py:3096} INFO - Sync 3 DAGs
[2026-09-30T14:39:54.491+0000] {logging_mixin.py:188} INFO - [2026-09-30T14:39:54.491+0000] {dag.py:3954} INFO - Setting next_dagrun for data_quality_check to 2026-09-30 12:00:00+00:00, run_after=2026-10-01 12:00:00+00:00
[2026-09-30T14:39:54.498+0000] {logging_mixin.py:188} INFO - [2026-09-30T14:39:54.498+0000] {dag.py:3954} INFO - Setting next_dagrun for produce_json to 2026-09-30 12:00:00+00:00, run_after=2026-10-01 12:00:00+00:00
[2026-09-30T14:39:54.501+0000] {logging_mixin.py:188} INFO - [2026-09-30T14:39:54.501+0000] {dag.py:3954} INFO - Setting next_dagrun for update_db to 2026-09-30 12:00:00+00:00, run_after=2026-10-01 12:00:00+00:00
[2026-09-30T14:39:54.519+0000] {processor.py:183} INFO - Processing /opt/airflow/dags/main.py took 0.419 seconds
[2026-09-30T14:40:24.869+0000] {processor.py:161} INFO - Started process (PID=2225) to work on /opt/airflow/dags/main.py
[2026-09-30T14:40:24.872+0000] {processor.py:830} INFO - Processing file /opt/airflow/dags/main.py for tasks to queue
[2026-09-30T14:40:24.875+0000] {logging_mixin.py:188} INFO - [2026-09-30T14:40:24.875+0000] {dagbag.py:545} INFO - Filling up the DagBag from /opt/airflow/dags/main.py
[2026-09-30T14:40:25.215+0000] {processor.py:840} INFO - DAG(s) 'produce_json', 'data_quality_check', 'update_db' retrieved from /opt/airflow/dags/main.py
[2026-09-30T14:40:25.240+0000] {logging_mixin.py:188} INFO - [2026-09-30T14:40:25.240+0000] {dag.py:3096} INFO - Sync 3 DAGs
[2026-09-30T14:40:25.259+0000] {logging_mixin.py:188} INFO - [2026-09-30T14:40:25.259+0000] {dag.py:3954} INFO - Setting next_dagrun for data_quality_check to 2026-09-30 12:00:00+00:00, run_after=2026-10-01 12:00:00+00:00
[2026-09-30T14:40:25.266+0000] {logging_mixin.py:188} INFO - [2026-09-30T14:40:25.266+0000] {dag.py:3954} INFO - Setting next_dagrun for produce_json to 2026-09-30 12:00:00+00:00, run_after=2026-10-01 12:00:00+00:00
[2026-09-30T14:40:25.269+0000] {logging_mixin.py:188} INFO - [2026-09-30T14:40:25.269+0000] {dag.py:3954} INFO - Setting next_dagrun for update_db to 2026-09-30 12:00:00+00:00, run_after=2026-10-01 12:00:00+00:00
[2026-09-30T14:40:25.289+0000] {processor.py:183} INFO - Processing /opt/airflow/dags/main.py took 0.425 seconds
[2026-09-30T14:40:55.679+0000] {processor.py:161} INFO - Started process (PID=2232) to work on /opt/airflow/dags/main.py
[2026-09-30T14:40:55.682+0000] {processor.py:830} INFO - Processing file /opt/airflow/dags/main.py for tasks to queue
[2026-09-30T14:40:55.688+0000] {logging_mixin.py:188} INFO - [2026-09-30T14:40:55.687+0000] {dagbag.py:545} INFO - Filling up the DagBag from /opt/airflow/dags/main.py
[2026-09-30T14:40:55.988+0000] {processor.py:840} INFO - DAG(s) 'data_quality_check', 'update_db', 'produce_json' retrieved from /opt/airflow/dags/main.py
[2026-09-30T14:40:56.037+0000] {logging_mixin.py:188} INFO - [2026-09-30T14:40:56.037+0000] {dag.py:3096} INFO - Sync 3 DAGs
[2026-09-30T14:40:56.073+0000] {logging_mixin.py:188} INFO - [2026-09-30T14:40:56.073+0000] {dag.py:3954} INFO - Setting next_dagrun for data_quality_check to 2026-09-30 12:00:00+00:00, run_after=2026-10-01 12:00:00+00:00
[2026-09-30T14:40:56.081+0000] {logging_mixin.py:188} INFO - [2026-09-30T14:40:56.080+0000] {dag.py:3954} INFO - Setting next_dagrun for produce_json to 2026-09-30 12:00:00+00:00, run_after=2026-10-01 12:00:00+00:00
[2026-09-30T14:40:56.084+0000] {logging_mixin.py:188} INFO - [2026-09-30T14:40:56.084+0000] {dag.py:3954} INFO - Setting next_dagrun for update_db to 2026-09-30 12:00:00+00:00, run_after=2026-10-01 12:00:00+00:00
[2026-09-30T14:40:56.111+0000] {processor.py:183} INFO - Processing /opt/airflow/dags/main.py took 0.444 seconds
[2026-09-30T14:41:26.491+0000] {processor.py:161} INFO - Started process (PID=2239) to work on /opt/airflow/dags/main.py
[2026-09-30T14:41:26.494+0000] {processor.py:830} INFO - Processing file /opt/airflow/dags/main.py for tasks to queue
[2026-09-30T14:41:26.498+0000] {logging_mixin.py:188} INFO - [2026-09-30T14:41:26.497+0000] {dagbag.py:545} INFO - Filling up the DagBag from /opt/airflow/dags/main.py
[2026-09-30T14:41:26.791+0000] {processor.py:840} INFO - DAG(s) 'update_db', 'produce_json', 'data_quality_check' retrieved from /opt/airflow/dags/main.py
[2026-09-30T14:41:26.825+0000] {logging_mixin.py:188} INFO - [2026-09-30T14:41:26.825+0000] {dag.py:3096} INFO - Sync 3 DAGs
[2026-09-30T14:41:26.848+0000] {logging_mixin.py:188} INFO - [2026-09-30T14:41:26.848+0000] {dag.py:3954} INFO - Setting next_dagrun for data_quality_check to 2026-09-30 12:00:00+00:00, run_after=2026-10-01 12:00:00+00:00
[2026-09-30T14:41:26.855+0000] {logging_mixin.py:188} INFO - [2026-09-30T14:41:26.855+0000] {dag.py:3954} INFO - Setting next_dagrun for produce_json to 2026-09-30 12:00:00+00:00, run_after=2026-10-01 12:00:00+00:00
[2026-09-30T14:41:26.859+0000] {logging_mixin.py:188} INFO - [2026-09-30T14:41:26.858+0000] {dag.py:3954} INFO - Setting next_dagrun for update_db to 2026-09-30 12:00:00+00:00, run_after=2026-10-01 12:00:00+00:00
[2026-09-30T14:41:26.883+0000] {processor.py:183} INFO - Processing /opt/airflow/dags/main.py took 0.402 seconds
[2026-09-30T14:41:57.270+0000] {processor.py:161} INFO - Started process (PID=2246) to work on /opt/airflow/dags/main.py
[2026-09-30T14:41:57.273+0000] {processor.py:830} INFO - Processing file /opt/airflow/dags/main.py for tasks to queue
[2026-09-30T14:41:57.277+0000] {logging_mixin.py:188} INFO - [2026-09-30T14:41:57.276+0000] {dagbag.py:545} INFO - Filling up the DagBag from /opt/airflow/dags/main.py
[2026-09-30T14:41:57.661+0000] {processor.py:840} INFO - DAG(s) 'produce_json', 'update_db', 'data_quality_check' retrieved from /opt/airflow/dags/main.py
[2026-09-30T14:41:57.690+0000] {logging_mixin.py:188} INFO - [2026-09-30T14:41:57.690+0000] {dag.py:3096} INFO - Sync 3 DAGs
[2026-09-30T14:41:57.711+0000] {logging_mixin.py:188} INFO - [2026-09-30T14:41:57.711+0000] {dag.py:3954} INFO - Setting next_dagrun for data_quality_check to 2026-09-30 12:00:00+00:00, run_after=2026-10-01 12:00:00+00:00
[2026-09-30T14:41:57.717+0000] {logging_mixin.py:188} INFO - [2026-09-30T14:41:57.717+0000] {dag.py:3954} INFO - Setting next_dagrun for produce_json to 2026-09-30 12:00:00+00:00, run_after=2026-10-01 12:00:00+00:00
[2026-09-30T14:41:57.720+0000] {logging_mixin.py:188} INFO - [2026-09-30T14:41:57.720+0000] {dag.py:3954} INFO - Setting next_dagrun for update_db to 2026-09-30 12:00:00+00:00, run_after=2026-10-01 12:00:00+00:00
[2026-09-30T14:41:57.739+0000] {processor.py:183} INFO - Processing /opt/airflow/dags/main.py took 0.477 seconds
[2026-09-30T14:42:28.051+0000] {processor.py:161} INFO - Started process (PID=2253) to work on /opt/airflow/dags/main.py
[2026-09-30T14:42:28.054+0000] {processor.py:830} INFO - Processing file /opt/airflow/dags/main.py for tasks to queue
[2026-09-30T14:42:28.059+0000] {logging_mixin.py:188} INFO - [2026-09-30T14:42:28.059+0000] {dagbag.py:545} INFO - Filling up the DagBag from /opt/airflow/dags/main.py
[2026-09-30T14:42:28.537+0000] {processor.py:840} INFO - DAG(s) 'update_db', 'produce_json', 'data_quality_check' retrieved from /opt/airflow/dags/main.py
[2026-09-30T14:42:28.572+0000] {logging_mixin.py:188} INFO - [2026-09-30T14:42:28.571+0000] {dag.py:3096} INFO - Sync 3 DAGs
[2026-09-30T14:42:28.597+0000] {logging_mixin.py:188} INFO - [2026-09-30T14:42:28.596+0000] {dag.py:3954} INFO - Setting next_dagrun for data_quality_check to 2026-09-30 12:00:00+00:00, run_after=2026-10-01 12:00:00+00:00
[2026-09-30T14:42:28.605+0000] {logging_mixin.py:188} INFO - [2026-09-30T14:42:28.604+0000] {dag.py:3954} INFO - Setting next_dagrun for produce_json to 2026-09-30 12:00:00+00:00, run_after=2026-10-01 12:00:00+00:00
[2026-09-30T14:42:28.609+0000] {logging_mixin.py:188} INFO - [2026-09-30T14:42:28.608+0000] {dag.py:3954} INFO - Setting next_dagrun for update_db to 2026-09-30 12:00:00+00:00, run_after=2026-10-01 12:00:00+00:00
[2026-09-30T14:42:28.633+0000] {processor.py:183} INFO - Processing /opt/airflow/dags/main.py took 0.589 seconds
[2026-09-30T14:42:59.687+0000] {processor.py:161} INFO - Started process (PID=2260) to work on /opt/airflow/dags/main.py
[2026-09-30T14:42:59.694+0000] {processor.py:830} INFO - Processing file /opt/airflow/dags/main.py for tasks to queue
[2026-09-30T14:42:59.707+0000] {logging_mixin.py:188} INFO - [2026-09-30T14:42:59.705+0000] {dagbag.py:545} INFO - Filling up the DagBag from /opt/airflow/dags/main.py
[2026-09-30T14:43:00.033+0000] {processor.py:840} INFO - DAG(s) 'update_db', 'data_quality_check', 'produce_json' retrieved from /opt/airflow/dags/main.py
[2026-09-30T14:43:00.070+0000] {logging_mixin.py:188} INFO - [2026-09-30T14:43:00.070+0000] {dag.py:3096} INFO - Sync 3 DAGs
[2026-09-30T14:43:00.093+0000] {logging_mixin.py:188} INFO - [2026-09-30T14:43:00.093+0000] {dag.py:3954} INFO - Setting next_dagrun for data_quality_check to 2026-09-30 12:00:00+00:00, run_after=2026-10-01 12:00:00+00:00
[2026-09-30T14:43:00.101+0000] {logging_mixin.py:188} INFO - [2026-09-30T14:43:00.101+0000] {dag.py:3954} INFO - Setting next_dagrun for produce_json to 2026-09-30 12:00:00+00:00, run_after=2026-10-01 12:00:00+00:00
[2026-09-30T14:43:00.104+0000] {logging_mixin.py:188} INFO - [2026-09-30T14:43:00.104+0000] {dag.py:3954} INFO - Setting next_dagrun for update_db to 2026-09-30 12:00:00+00:00, run_after=2026-10-01 12:00:00+00:00
[2026-09-30T14:43:00.124+0000] {processor.py:183} INFO - Processing /opt/airflow/dags/main.py took 0.456 seconds
[2026-09-30T14:43:30.497+0000] {processor.py:161} INFO - Started process (PID=2267) to work on /opt/airflow/dags/main.py
[2026-09-30T14:43:30.501+0000] {processor.py:830} INFO - Processing file /opt/airflow/dags/main.py for tasks to queue
[2026-09-30T14:43:30.507+0000] {logging_mixin.py:188} INFO - [2026-09-30T14:43:30.506+0000] {dagbag.py:545} INFO - Filling up the DagBag from /opt/airflow/dags/main.py
[2026-09-30T14:43:30.859+0000] {processor.py:840} INFO - DAG(s) 'data_quality_check', 'produce_json', 'update_db' retrieved from /opt/airflow/dags/main.py
[2026-09-30T14:43:30.899+0000] {logging_mixin.py:188} INFO - [2026-09-30T14:43:30.899+0000] {dag.py:3096} INFO - Sync 3 DAGs
[2026-09-30T14:43:30.929+0000] {logging_mixin.py:188} INFO - [2026-09-30T14:43:30.928+0000] {dag.py:3954} INFO - Setting next_dagrun for data_quality_check to 2026-09-30 12:00:00+00:00, run_after=2026-10-01 12:00:00+00:00
[2026-09-30T14:43:30.937+0000] {logging_mixin.py:188} INFO - [2026-09-30T14:43:30.937+0000] {dag.py:3954} INFO - Setting next_dagrun for produce_json to 2026-09-30 12:00:00+00:00, run_after=2026-10-01 12:00:00+00:00
[2026-09-30T14:43:30.940+0000] {logging_mixin.py:188} INFO - [2026-09-30T14:43:30.940+0000] {dag.py:3954} INFO - Setting next_dagrun for update_db to 2026-09-30 12:00:00+00:00, run_after=2026-10-01 12:00:00+00:00
[2026-09-30T14:43:30.964+0000] {processor.py:183} INFO - Processing /opt/airflow/dags/main.py took 0.484 seconds
[2026-09-30T14:44:01.307+0000] {processor.py:161} INFO - Started process (PID=2275) to work on /opt/airflow/dags/main.py
[2026-09-30T14:44:01.310+0000] {processor.py:830} INFO - Processing file /opt/airflow/dags/main.py for tasks to queue
[2026-09-30T14:44:01.313+0000] {logging_mixin.py:188} INFO - [2026-09-30T14:44:01.313+0000] {dagbag.py:545} INFO - Filling up the DagBag from /opt/airflow/dags/main.py
[2026-09-30T14:44:01.608+0000] {processor.py:840} INFO - DAG(s) 'data_quality_check', 'produce_json', 'update_db' retrieved from /opt/airflow/dags/main.py
[2026-09-30T14:44:01.634+0000] {logging_mixin.py:188} INFO - [2026-09-30T14:44:01.634+0000] {dag.py:3096} INFO - Sync 3 DAGs
[2026-09-30T14:44:01.654+0000] {logging_mixin.py:188} INFO - [2026-09-30T14:44:01.653+0000] {dag.py:3954} INFO - Setting next_dagrun for data_quality_check to 2026-09-30 12:00:00+00:00, run_after=2026-10-01 12:00:00+00:00
[2026-09-30T14:44:01.661+0000] {logging_mixin.py:188} INFO - [2026-09-30T14:44:01.661+0000] {dag.py:3954} INFO - Setting next_dagrun for produce_json to 2026-09-30 12:00:00+00:00, run_after=2026-10-01 12:00:00+00:00
[2026-09-30T14:44:01.665+0000] {logging_mixin.py:188} INFO - [2026-09-30T14:44:01.665+0000] {dag.py:3954} INFO - Setting next_dagrun for update_db to 2026-09-30 12:00:00+00:00, run_after=2026-10-01 12:00:00+00:00
[2026-09-30T14:44:01.685+0000] {processor.py:183} INFO - Processing /opt/airflow/dags/main.py took 0.384 seconds
[2026-09-30T14:44:32.025+0000] {processor.py:161} INFO - Started process (PID=2282) to work on /opt/airflow/dags/main.py
[2026-09-30T14:44:32.029+0000] {processor.py:830} INFO - Processing file /opt/airflow/dags/main.py for tasks to queue
[2026-09-30T14:44:32.035+0000] {logging_mixin.py:188} INFO - [2026-09-30T14:44:32.034+0000] {dagbag.py:545} INFO - Filling up the DagBag from /opt/airflow/dags/main.py
[2026-09-30T14:44:32.329+0000] {processor.py:840} INFO - DAG(s) 'produce_json', 'data_quality_check', 'update_db' retrieved from /opt/airflow/dags/main.py
[2026-09-30T14:44:32.363+0000] {logging_mixin.py:188} INFO - [2026-09-30T14:44:32.363+0000] {dag.py:3096} INFO - Sync 3 DAGs
[2026-09-30T14:44:32.398+0000] {logging_mixin.py:188} INFO - [2026-09-30T14:44:32.398+0000] {dag.py:3954} INFO - Setting next_dagrun for data_quality_check to 2026-09-30 12:00:00+00:00, run_after=2026-10-01 12:00:00+00:00
[2026-09-30T14:44:32.405+0000] {logging_mixin.py:188} INFO - [2026-09-30T14:44:32.405+0000] {dag.py:3954} INFO - Setting next_dagrun for produce_json to 2026-09-30 12:00:00+00:00, run_after=2026-10-01 12:00:00+00:00
[2026-09-30T14:44:32.408+0000] {logging_mixin.py:188} INFO - [2026-09-30T14:44:32.408+0000] {dag.py:3954} INFO - Setting next_dagrun for update_db to 2026-09-30 12:00:00+00:00, run_after=2026-10-01 12:00:00+00:00
[2026-09-30T14:44:32.430+0000] {processor.py:183} INFO - Processing /opt/airflow/dags/main.py took 0.418 seconds
[2026-09-30T14:45:02.792+0000] {processor.py:161} INFO - Started process (PID=2289) to work on /opt/airflow/dags/main.py
[2026-09-30T14:45:02.795+0000] {processor.py:830} INFO - Processing file /opt/airflow/dags/main.py for tasks to queue
[2026-09-30T14:45:02.799+0000] {logging_mixin.py:188} INFO - [2026-09-30T14:45:02.798+0000] {dagbag.py:545} INFO - Filling up the DagBag from /opt/airflow/dags/main.py
[2026-09-30T14:45:03.078+0000] {processor.py:840} INFO - DAG(s) 'update_db', 'data_quality_check', 'produce_json' retrieved from /opt/airflow/dags/main.py
[2026-09-30T14:45:03.116+0000] {logging_mixin.py:188} INFO - [2026-09-30T14:45:03.116+0000] {dag.py:3096} INFO - Sync 3 DAGs
[2026-09-30T14:45:03.145+0000] {logging_mixin.py:188} INFO - [2026-09-30T14:45:03.145+0000] {dag.py:3954} INFO - Setting next_dagrun for data_quality_check to 2026-09-30 12:00:00+00:00, run_after=2026-10-01 12:00:00+00:00
[2026-09-30T14:45:03.159+0000] {logging_mixin.py:188} INFO - [2026-09-30T14:45:03.159+0000] {dag.py:3954} INFO - Setting next_dagrun for produce_json to 2026-09-30 12:00:00+00:00, run_after=2026-10-01 12:00:00+00:00
[2026-09-30T14:45:03.163+0000] {logging_mixin.py:188} INFO - [2026-09-30T14:45:03.163+0000] {dag.py:3954} INFO - Setting next_dagrun for update_db to 2026-09-30 12:00:00+00:00, run_after=2026-10-01 12:00:00+00:00
[2026-09-30T14:45:03.190+0000] {processor.py:183} INFO - Processing /opt/airflow/dags/main.py took 0.405 seconds
[2026-09-30T14:45:33.555+0000] {processor.py:161} INFO - Started process (PID=2296) to work on /opt/airflow/dags/main.py
[2026-09-30T14:45:33.559+0000] {processor.py:830} INFO - Processing file /opt/airflow/dags/main.py for tasks to queue
[2026-09-30T14:45:33.566+0000] {logging_mixin.py:188} INFO - [2026-09-30T14:45:33.565+0000] {dagbag.py:545} INFO - Filling up the DagBag from /opt/airflow/dags/main.py
[2026-09-30T14:45:33.935+0000] {processor.py:840} INFO - DAG(s) 'produce_json', 'update_db', 'data_quality_check' retrieved from /opt/airflow/dags/main.py
[2026-09-30T14:45:33.988+0000] {logging_mixin.py:188} INFO - [2026-09-30T14:45:33.987+0000] {dag.py:3096} INFO - Sync 3 DAGs
[2026-09-30T14:45:34.043+0000] {logging_mixin.py:188} INFO - [2026-09-30T14:45:34.043+0000] {dag.py:3954} INFO - Setting next_dagrun for data_quality_check to 2026-09-30 12:00:00+00:00, run_after=2026-10-01 12:00:00+00:00
[2026-09-30T14:45:34.053+0000] {logging_mixin.py:188} INFO - [2026-09-30T14:45:34.053+0000] {dag.py:3954} INFO - Setting next_dagrun for produce_json to 2026-09-30 12:00:00+00:00, run_after=2026-10-01 12:00:00+00:00
[2026-09-30T14:45:34.058+0000] {logging_mixin.py:188} INFO - [2026-09-30T14:45:34.058+0000] {dag.py:3954} INFO - Setting next_dagrun for update_db to 2026-09-30 12:00:00+00:00, run_after=2026-10-01 12:00:00+00:00
[2026-09-30T14:45:34.091+0000] {processor.py:183} INFO - Processing /opt/airflow/dags/main.py took 0.546 seconds
[2026-09-30T14:46:04.459+0000] {processor.py:161} INFO - Started process (PID=2303) to work on /opt/airflow/dags/main.py
[2026-09-30T14:46:04.462+0000] {processor.py:830} INFO - Processing file /opt/airflow/dags/main.py for tasks to queue
[2026-09-30T14:46:04.467+0000] {logging_mixin.py:188} INFO - [2026-09-30T14:46:04.467+0000] {dagbag.py:545} INFO - Filling up the DagBag from /opt/airflow/dags/main.py
[2026-09-30T14:46:04.760+0000] {processor.py:840} INFO - DAG(s) 'data_quality_check', 'update_db', 'produce_json' retrieved from /opt/airflow/dags/main.py
[2026-09-30T14:46:04.785+0000] {logging_mixin.py:188} INFO - [2026-09-30T14:46:04.785+0000] {dag.py:3096} INFO - Sync 3 DAGs
[2026-09-30T14:46:04.806+0000] {logging_mixin.py:188} INFO - [2026-09-30T14:46:04.806+0000] {dag.py:3954} INFO - Setting next_dagrun for data_quality_check to 2026-09-30 12:00:00+00:00, run_after=2026-10-01 12:00:00+00:00
[2026-09-30T14:46:04.814+0000] {logging_mixin.py:188} INFO - [2026-09-30T14:46:04.814+0000] {dag.py:3954} INFO - Setting next_dagrun for produce_json to 2026-09-30 12:00:00+00:00, run_after=2026-10-01 12:00:00+00:00
[2026-09-30T14:46:04.817+0000] {logging_mixin.py:188} INFO - [2026-09-30T14:46:04.817+0000] {dag.py:3954} INFO - Setting next_dagrun for update_db to 2026-09-30 12:00:00+00:00, run_after=2026-10-01 12:00:00+00:00
[2026-09-30T14:46:04.853+0000] {processor.py:183} INFO - Processing /opt/airflow/dags/main.py took 0.401 seconds
[2026-09-30T14:46:35.240+0000] {processor.py:161} INFO - Started process (PID=2310) to work on /opt/airflow/dags/main.py
[2026-09-30T14:46:35.243+0000] {processor.py:830} INFO - Processing file /opt/airflow/dags/main.py for tasks to queue
[2026-09-30T14:46:35.246+0000] {logging_mixin.py:188} INFO - [2026-09-30T14:46:35.246+0000] {dagbag.py:545} INFO - Filling up the DagBag from /opt/airflow/dags/main.py
[2026-09-30T14:46:35.589+0000] {processor.py:840} INFO - DAG(s) 'update_db', 'data_quality_check', 'produce_json' retrieved from /opt/airflow/dags/main.py
[2026-09-30T14:46:35.670+0000] {logging_mixin.py:188} INFO - [2026-09-30T14:46:35.669+0000] {dag.py:3096} INFO - Sync 3 DAGs
[2026-09-30T14:46:35.713+0000] {logging_mixin.py:188} INFO - [2026-09-30T14:46:35.712+0000] {dag.py:3954} INFO - Setting next_dagrun for data_quality_check to 2026-09-30 12:00:00+00:00, run_after=2026-10-01 12:00:00+00:00
[2026-09-30T14:46:35.722+0000] {logging_mixin.py:188} INFO - [2026-09-30T14:46:35.722+0000] {dag.py:3954} INFO - Setting next_dagrun for produce_json to 2026-09-30 12:00:00+00:00, run_after=2026-10-01 12:00:00+00:00
[2026-09-30T14:46:35.727+0000] {logging_mixin.py:188} INFO - [2026-09-30T14:46:35.726+0000] {dag.py:3954} INFO - Setting next_dagrun for update_db to 2026-09-30 12:00:00+00:00, run_after=2026-10-01 12:00:00+00:00
[2026-09-30T14:46:35.756+0000] {processor.py:183} INFO - Processing /opt/airflow/dags/main.py took 0.521 seconds
[2026-09-30T14:47:06.060+0000] {processor.py:161} INFO - Started process (PID=2317) to work on /opt/airflow/dags/main.py
[2026-09-30T14:47:06.064+0000] {processor.py:830} INFO - Processing file /opt/airflow/dags/main.py for tasks to queue
[2026-09-30T14:47:06.067+0000] {logging_mixin.py:188} INFO - [2026-09-30T14:47:06.067+0000] {dagbag.py:545} INFO - Filling up the DagBag from /opt/airflow/dags/main.py
[2026-09-30T14:47:06.399+0000] {processor.py:840} INFO - DAG(s) 'produce_json', 'data_quality_check', 'update_db' retrieved from /opt/airflow/dags/main.py
[2026-09-30T14:47:06.425+0000] {logging_mixin.py:188} INFO - [2026-09-30T14:47:06.424+0000] {dag.py:3096} INFO - Sync 3 DAGs
[2026-09-30T14:47:06.444+0000] {logging_mixin.py:188} INFO - [2026-09-30T14:47:06.444+0000] {dag.py:3954} INFO - Setting next_dagrun for data_quality_check to 2026-09-30 12:00:00+00:00, run_after=2026-10-01 12:00:00+00:00
[2026-09-30T14:47:06.450+0000] {logging_mixin.py:188} INFO - [2026-09-30T14:47:06.450+0000] {dag.py:3954} INFO - Setting next_dagrun for produce_json to 2026-09-30 12:00:00+00:00, run_after=2026-10-01 12:00:00+00:00
[2026-09-30T14:47:06.453+0000] {logging_mixin.py:188} INFO - [2026-09-30T14:47:06.453+0000] {dag.py:3954} INFO - Setting next_dagrun for update_db to 2026-09-30 12:00:00+00:00, run_after=2026-10-01 12:00:00+00:00
[2026-09-30T14:47:06.473+0000] {processor.py:183} INFO - Processing /opt/airflow/dags/main.py took 0.419 seconds
[2026-09-30T14:47:37.308+0000] {processor.py:161} INFO - Started process (PID=2324) to work on /opt/airflow/dags/main.py
[2026-09-30T14:47:37.311+0000] {processor.py:830} INFO - Processing file /opt/airflow/dags/main.py for tasks to queue
[2026-09-30T14:47:37.314+0000] {logging_mixin.py:188} INFO - [2026-09-30T14:47:37.314+0000] {dagbag.py:545} INFO - Filling up the DagBag from /opt/airflow/dags/main.py
[2026-09-30T14:47:37.620+0000] {processor.py:840} INFO - DAG(s) 'produce_json', 'update_db', 'data_quality_check' retrieved from /opt/airflow/dags/main.py
[2026-09-30T14:47:37.643+0000] {logging_mixin.py:188} INFO - [2026-09-30T14:47:37.643+0000] {dag.py:3096} INFO - Sync 3 DAGs
[2026-09-30T14:47:37.661+0000] {logging_mixin.py:188} INFO - [2026-09-30T14:47:37.661+0000] {dag.py:3954} INFO - Setting next_dagrun for data_quality_check to 2026-09-30 12:00:00+00:00, run_after=2026-10-01 12:00:00+00:00
[2026-09-30T14:47:37.666+0000] {logging_mixin.py:188} INFO - [2026-09-30T14:47:37.666+0000] {dag.py:3954} INFO - Setting next_dagrun for produce_json to 2026-09-30 12:00:00+00:00, run_after=2026-10-01 12:00:00+00:00
[2026-09-30T14:47:37.669+0000] {logging_mixin.py:188} INFO - [2026-09-30T14:47:37.669+0000] {dag.py:3954} INFO - Setting next_dagrun for update_db to 2026-09-30 12:00:00+00:00, run_after=2026-10-01 12:00:00+00:00
[2026-09-30T14:47:37.689+0000] {processor.py:183} INFO - Processing /opt/airflow/dags/main.py took 0.387 seconds
[2026-09-30T14:48:07.993+0000] {processor.py:161} INFO - Started process (PID=2331) to work on /opt/airflow/dags/main.py
[2026-09-30T14:48:07.996+0000] {processor.py:830} INFO - Processing file /opt/airflow/dags/main.py for tasks to queue
[2026-09-30T14:48:08.000+0000] {logging_mixin.py:188} INFO - [2026-09-30T14:48:07.999+0000] {dagbag.py:545} INFO - Filling up the DagBag from /opt/airflow/dags/main.py
[2026-09-30T14:48:08.292+0000] {processor.py:840} INFO - DAG(s) 'data_quality_check', 'update_db', 'produce_json' retrieved from /opt/airflow/dags/main.py
[2026-09-30T14:48:08.315+0000] {logging_mixin.py:188} INFO - [2026-09-30T14:48:08.315+0000] {dag.py:3096} INFO - Sync 3 DAGs
[2026-09-30T14:48:08.331+0000] {logging_mixin.py:188} INFO - [2026-09-30T14:48:08.331+0000] {dag.py:3954} INFO - Setting next_dagrun for data_quality_check to 2026-09-30 12:00:00+00:00, run_after=2026-10-01 12:00:00+00:00
[2026-09-30T14:48:08.337+0000] {logging_mixin.py:188} INFO - [2026-09-30T14:48:08.337+0000] {dag.py:3954} INFO - Setting next_dagrun for produce_json to 2026-09-30 12:00:00+00:00, run_after=2026-10-01 12:00:00+00:00
[2026-09-30T14:48:08.340+0000] {logging_mixin.py:188} INFO - [2026-09-30T14:48:08.340+0000] {dag.py:3954} INFO - Setting next_dagrun for update_db to 2026-09-30 12:00:00+00:00, run_after=2026-10-01 12:00:00+00:00
[2026-09-30T14:48:08.358+0000] {processor.py:183} INFO - Processing /opt/airflow/dags/main.py took 0.371 seconds
[2026-09-30T14:48:38.763+0000] {processor.py:161} INFO - Started process (PID=2338) to work on /opt/airflow/dags/main.py
[2026-09-30T14:48:38.766+0000] {processor.py:830} INFO - Processing file /opt/airflow/dags/main.py for tasks to queue
[2026-09-30T14:48:38.768+0000] {logging_mixin.py:188} INFO - [2026-09-30T14:48:38.768+0000] {dagbag.py:545} INFO - Filling up the DagBag from /opt/airflow/dags/main.py
[2026-09-30T14:48:39.071+0000] {processor.py:840} INFO - DAG(s) 'update_db', 'data_quality_check', 'produce_json' retrieved from /opt/airflow/dags/main.py
[2026-09-30T14:48:39.095+0000] {logging_mixin.py:188} INFO - [2026-09-30T14:48:39.095+0000] {dag.py:3096} INFO - Sync 3 DAGs
[2026-09-30T14:48:39.111+0000] {logging_mixin.py:188} INFO - [2026-09-30T14:48:39.111+0000] {dag.py:3954} INFO - Setting next_dagrun for data_quality_check to 2026-09-30 12:00:00+00:00, run_after=2026-10-01 12:00:00+00:00
[2026-09-30T14:48:39.117+0000] {logging_mixin.py:188} INFO - [2026-09-30T14:48:39.117+0000] {dag.py:3954} INFO - Setting next_dagrun for produce_json to 2026-09-30 12:00:00+00:00, run_after=2026-10-01 12:00:00+00:00
[2026-09-30T14:48:39.120+0000] {logging_mixin.py:188} INFO - [2026-09-30T14:48:39.120+0000] {dag.py:3954} INFO - Setting next_dagrun for update_db to 2026-09-30 12:00:00+00:00, run_after=2026-10-01 12:00:00+00:00
[2026-09-30T14:48:39.141+0000] {processor.py:183} INFO - Processing /opt/airflow/dags/main.py took 0.383 seconds
[2026-09-30T14:49:09.479+0000] {processor.py:161} INFO - Started process (PID=2345) to work on /opt/airflow/dags/main.py
[2026-09-30T14:49:09.482+0000] {processor.py:830} INFO - Processing file /opt/airflow/dags/main.py for tasks to queue
[2026-09-30T14:49:09.485+0000] {logging_mixin.py:188} INFO - [2026-09-30T14:49:09.485+0000] {dagbag.py:545} INFO - Filling up the DagBag from /opt/airflow/dags/main.py
[2026-09-30T14:49:09.855+0000] {processor.py:840} INFO - DAG(s) 'update_db', 'data_quality_check', 'produce_json' retrieved from /opt/airflow/dags/main.py
[2026-09-30T14:49:09.935+0000] {logging_mixin.py:188} INFO - [2026-09-30T14:49:09.934+0000] {dag.py:3096} INFO - Sync 3 DAGs
[2026-09-30T14:49:09.995+0000] {logging_mixin.py:188} INFO - [2026-09-30T14:49:09.994+0000] {dag.py:3954} INFO - Setting next_dagrun for data_quality_check to 2026-09-30 12:00:00+00:00, run_after=2026-10-01 12:00:00+00:00
[2026-09-30T14:49:10.010+0000] {logging_mixin.py:188} INFO - [2026-09-30T14:49:10.009+0000] {dag.py:3954} INFO - Setting next_dagrun for produce_json to 2026-09-30 12:00:00+00:00, run_after=2026-10-01 12:00:00+00:00
[2026-09-30T14:49:10.014+0000] {logging_mixin.py:188} INFO - [2026-09-30T14:49:10.014+0000] {dag.py:3954} INFO - Setting next_dagrun for update_db to 2026-09-30 12:00:00+00:00, run_after=2026-10-01 12:00:00+00:00
[2026-09-30T14:49:10.068+0000] {processor.py:183} INFO - Processing /opt/airflow/dags/main.py took 0.595 seconds
[2026-09-30T14:49:40.535+0000] {processor.py:161} INFO - Started process (PID=2352) to work on /opt/airflow/dags/main.py
[2026-09-30T14:49:40.543+0000] {processor.py:830} INFO - Processing file /opt/airflow/dags/main.py for tasks to queue
[2026-09-30T14:49:40.560+0000] {logging_mixin.py:188} INFO - [2026-09-30T14:49:40.558+0000] {dagbag.py:545} INFO - Filling up the DagBag from /opt/airflow/dags/main.py
[2026-09-30T14:49:40.986+0000] {processor.py:840} INFO - DAG(s) 'produce_json', 'update_db', 'data_quality_check' retrieved from /opt/airflow/dags/main.py
[2026-09-30T14:49:41.059+0000] {logging_mixin.py:188} INFO - [2026-09-30T14:49:41.058+0000] {dag.py:3096} INFO - Sync 3 DAGs
[2026-09-30T14:49:41.111+0000] {logging_mixin.py:188} INFO - [2026-09-30T14:49:41.110+0000] {dag.py:3954} INFO - Setting next_dagrun for data_quality_check to 2026-09-30 12:00:00+00:00, run_after=2026-10-01 12:00:00+00:00
[2026-09-30T14:49:41.123+0000] {logging_mixin.py:188} INFO - [2026-09-30T14:49:41.123+0000] {dag.py:3954} INFO - Setting next_dagrun for produce_json to 2026-09-30 12:00:00+00:00, run_after=2026-10-01 12:00:00+00:00
[2026-09-30T14:49:41.129+0000] {logging_mixin.py:188} INFO - [2026-09-30T14:49:41.129+0000] {dag.py:3954} INFO - Setting next_dagrun for update_db to 2026-09-30 12:00:00+00:00, run_after=2026-10-01 12:00:00+00:00
[2026-09-30T14:49:41.165+0000] {processor.py:183} INFO - Processing /opt/airflow/dags/main.py took 0.670 seconds
[2026-09-30T14:50:11.542+0000] {processor.py:161} INFO - Started process (PID=2359) to work on /opt/airflow/dags/main.py
[2026-09-30T14:50:11.547+0000] {processor.py:830} INFO - Processing file /opt/airflow/dags/main.py for tasks to queue
[2026-09-30T14:50:11.552+0000] {logging_mixin.py:188} INFO - [2026-09-30T14:50:11.551+0000] {dagbag.py:545} INFO - Filling up the DagBag from /opt/airflow/dags/main.py
[2026-09-30T14:50:11.887+0000] {processor.py:840} INFO - DAG(s) 'produce_json', 'data_quality_check', 'update_db' retrieved from /opt/airflow/dags/main.py
[2026-09-30T14:50:11.938+0000] {logging_mixin.py:188} INFO - [2026-09-30T14:50:11.937+0000] {dag.py:3096} INFO - Sync 3 DAGs
[2026-09-30T14:50:11.970+0000] {logging_mixin.py:188} INFO - [2026-09-30T14:50:11.970+0000] {dag.py:3954} INFO - Setting next_dagrun for data_quality_check to 2026-09-30 12:00:00+00:00, run_after=2026-10-01 12:00:00+00:00
[2026-09-30T14:50:11.979+0000] {logging_mixin.py:188} INFO - [2026-09-30T14:50:11.979+0000] {dag.py:3954} INFO - Setting next_dagrun for produce_json to 2026-09-30 12:00:00+00:00, run_after=2026-10-01 12:00:00+00:00
[2026-09-30T14:50:11.984+0000] {logging_mixin.py:188} INFO - [2026-09-30T14:50:11.984+0000] {dag.py:3954} INFO - Setting next_dagrun for update_db to 2026-09-30 12:00:00+00:00, run_after=2026-10-01 12:00:00+00:00
[2026-09-30T14:50:12.014+0000] {processor.py:183} INFO - Processing /opt/airflow/dags/main.py took 0.484 seconds
[2026-09-30T14:50:42.358+0000] {processor.py:161} INFO - Started process (PID=2366) to work on /opt/airflow/dags/main.py
[2026-09-30T14:50:42.362+0000] {processor.py:830} INFO - Processing file /opt/airflow/dags/main.py for tasks to queue
[2026-09-30T14:50:42.367+0000] {logging_mixin.py:188} INFO - [2026-09-30T14:50:42.366+0000] {dagbag.py:545} INFO - Filling up the DagBag from /opt/airflow/dags/main.py
[2026-09-30T14:50:42.770+0000] {processor.py:840} INFO - DAG(s) 'data_quality_check', 'produce_json', 'update_db' retrieved from /opt/airflow/dags/main.py
[2026-09-30T14:50:42.854+0000] {logging_mixin.py:188} INFO - [2026-09-30T14:50:42.853+0000] {dag.py:3096} INFO - Sync 3 DAGs
[2026-09-30T14:50:42.920+0000] {logging_mixin.py:188} INFO - [2026-09-30T14:50:42.919+0000] {dag.py:3954} INFO - Setting next_dagrun for data_quality_check to 2026-09-30 12:00:00+00:00, run_after=2026-10-01 12:00:00+00:00
[2026-09-30T14:50:42.934+0000] {logging_mixin.py:188} INFO - [2026-09-30T14:50:42.933+0000] {dag.py:3954} INFO - Setting next_dagrun for produce_json to 2026-09-30 12:00:00+00:00, run_after=2026-10-01 12:00:00+00:00
[2026-09-30T14:50:42.941+0000] {logging_mixin.py:188} INFO - [2026-09-30T14:50:42.940+0000] {dag.py:3954} INFO - Setting next_dagrun for update_db to 2026-09-30 12:00:00+00:00, run_after=2026-10-01 12:00:00+00:00
[2026-09-30T14:50:42.982+0000] {processor.py:183} INFO - Processing /opt/airflow/dags/main.py took 0.637 seconds
[2026-09-30T14:51:13.521+0000] {processor.py:161} INFO - Started process (PID=2373) to work on /opt/airflow/dags/main.py
[2026-09-30T14:51:13.528+0000] {processor.py:830} INFO - Processing file /opt/airflow/dags/main.py for tasks to queue
[2026-09-30T14:51:13.546+0000] {logging_mixin.py:188} INFO - [2026-09-30T14:51:13.543+0000] {dagbag.py:545} INFO - Filling up the DagBag from /opt/airflow/dags/main.py
[2026-09-30T14:51:14.262+0000] {processor.py:840} INFO - DAG(s) 'produce_json', 'data_quality_check', 'update_db' retrieved from /opt/airflow/dags/main.py
[2026-09-30T14:51:14.358+0000] {logging_mixin.py:188} INFO - [2026-09-30T14:51:14.357+0000] {dag.py:3096} INFO - Sync 3 DAGs
[2026-09-30T14:51:14.416+0000] {logging_mixin.py:188} INFO - [2026-09-30T14:51:14.416+0000] {dag.py:3954} INFO - Setting next_dagrun for data_quality_check to 2026-09-30 12:00:00+00:00, run_after=2026-10-01 12:00:00+00:00
[2026-09-30T14:51:14.452+0000] {logging_mixin.py:188} INFO - [2026-09-30T14:51:14.452+0000] {dag.py:3954} INFO - Setting next_dagrun for produce_json to 2026-09-30 12:00:00+00:00, run_after=2026-10-01 12:00:00+00:00
[2026-09-30T14:51:14.465+0000] {logging_mixin.py:188} INFO - [2026-09-30T14:51:14.464+0000] {dag.py:3954} INFO - Setting next_dagrun for update_db to 2026-09-30 12:00:00+00:00, run_after=2026-10-01 12:00:00+00:00
[2026-09-30T14:51:14.545+0000] {processor.py:183} INFO - Processing /opt/airflow/dags/main.py took 1.054 seconds
[2026-09-30T14:51:44.777+0000] {processor.py:161} INFO - Started process (PID=2380) to work on /opt/airflow/dags/main.py
[2026-09-30T14:51:44.780+0000] {processor.py:830} INFO - Processing file /opt/airflow/dags/main.py for tasks to queue
[2026-09-30T14:51:44.785+0000] {logging_mixin.py:188} INFO - [2026-09-30T14:51:44.785+0000] {dagbag.py:545} INFO - Filling up the DagBag from /opt/airflow/dags/main.py
[2026-09-30T14:51:45.087+0000] {processor.py:840} INFO - DAG(s) 'update_db', 'produce_json', 'data_quality_check' retrieved from /opt/airflow/dags/main.py
[2026-09-30T14:51:45.121+0000] {logging_mixin.py:188} INFO - [2026-09-30T14:51:45.121+0000] {dag.py:3096} INFO - Sync 3 DAGs
[2026-09-30T14:51:45.148+0000] {logging_mixin.py:188} INFO - [2026-09-30T14:51:45.147+0000] {dag.py:3954} INFO - Setting next_dagrun for data_quality_check to 2026-09-30 12:00:00+00:00, run_after=2026-10-01 12:00:00+00:00
[2026-09-30T14:51:45.155+0000] {logging_mixin.py:188} INFO - [2026-09-30T14:51:45.154+0000] {dag.py:3954} INFO - Setting next_dagrun for produce_json to 2026-09-30 12:00:00+00:00, run_after=2026-10-01 12:00:00+00:00
[2026-09-30T14:51:45.160+0000] {logging_mixin.py:188} INFO - [2026-09-30T14:51:45.159+0000] {dag.py:3954} INFO - Setting next_dagrun for update_db to 2026-09-30 12:00:00+00:00, run_after=2026-10-01 12:00:00+00:00
[2026-09-30T14:51:45.188+0000] {processor.py:183} INFO - Processing /opt/airflow/dags/main.py took 0.420 seconds
[2026-09-30T14:52:15.573+0000] {processor.py:161} INFO - Started process (PID=2387) to work on /opt/airflow/dags/main.py
[2026-09-30T14:52:15.576+0000] {processor.py:830} INFO - Processing file /opt/airflow/dags/main.py for tasks to queue
[2026-09-30T14:52:15.580+0000] {logging_mixin.py:188} INFO - [2026-09-30T14:52:15.580+0000] {dagbag.py:545} INFO - Filling up the DagBag from /opt/airflow/dags/main.py
[2026-09-30T14:52:15.867+0000] {processor.py:840} INFO - DAG(s) 'update_db', 'data_quality_check', 'produce_json' retrieved from /opt/airflow/dags/main.py
[2026-09-30T14:52:15.897+0000] {logging_mixin.py:188} INFO - [2026-09-30T14:52:15.897+0000] {dag.py:3096} INFO - Sync 3 DAGs
[2026-09-30T14:52:15.919+0000] {logging_mixin.py:188} INFO - [2026-09-30T14:52:15.918+0000] {dag.py:3954} INFO - Setting next_dagrun for data_quality_check to 2026-09-30 12:00:00+00:00, run_after=2026-10-01 12:00:00+00:00
[2026-09-30T14:52:15.925+0000] {logging_mixin.py:188} INFO - [2026-09-30T14:52:15.925+0000] {dag.py:3954} INFO - Setting next_dagrun for produce_json to 2026-09-30 12:00:00+00:00, run_after=2026-10-01 12:00:00+00:00
[2026-09-30T14:52:15.929+0000] {logging_mixin.py:188} INFO - [2026-09-30T14:52:15.929+0000] {dag.py:3954} INFO - Setting next_dagrun for update_db to 2026-09-30 12:00:00+00:00, run_after=2026-10-01 12:00:00+00:00
[2026-09-30T14:52:15.955+0000] {processor.py:183} INFO - Processing /opt/airflow/dags/main.py took 0.388 seconds
[2026-09-30T14:52:46.763+0000] {processor.py:161} INFO - Started process (PID=2394) to work on /opt/airflow/dags/main.py
[2026-09-30T14:52:46.765+0000] {processor.py:830} INFO - Processing file /opt/airflow/dags/main.py for tasks to queue
[2026-09-30T14:52:46.769+0000] {logging_mixin.py:188} INFO - [2026-09-30T14:52:46.769+0000] {dagbag.py:545} INFO - Filling up the DagBag from /opt/airflow/dags/main.py
[2026-09-30T14:52:47.058+0000] {processor.py:840} INFO - DAG(s) 'produce_json', 'update_db', 'data_quality_check' retrieved from /opt/airflow/dags/main.py
[2026-09-30T14:52:47.086+0000] {logging_mixin.py:188} INFO - [2026-09-30T14:52:47.085+0000] {dag.py:3096} INFO - Sync 3 DAGs
[2026-09-30T14:52:47.104+0000] {logging_mixin.py:188} INFO - [2026-09-30T14:52:47.104+0000] {dag.py:3954} INFO - Setting next_dagrun for data_quality_check to 2026-09-30 12:00:00+00:00, run_after=2026-10-01 12:00:00+00:00
[2026-09-30T14:52:47.111+0000] {logging_mixin.py:188} INFO - [2026-09-30T14:52:47.110+0000] {dag.py:3954} INFO - Setting next_dagrun for produce_json to 2026-09-30 12:00:00+00:00, run_after=2026-10-01 12:00:00+00:00
[2026-09-30T14:52:47.114+0000] {logging_mixin.py:188} INFO - [2026-09-30T14:52:47.114+0000] {dag.py:3954} INFO - Setting next_dagrun for update_db to 2026-09-30 12:00:00+00:00, run_after=2026-10-01 12:00:00+00:00
[2026-09-30T14:52:47.135+0000] {processor.py:183} INFO - Processing /opt/airflow/dags/main.py took 0.378 seconds
[2026-09-30T14:53:17.467+0000] {processor.py:161} INFO - Started process (PID=2401) to work on /opt/airflow/dags/main.py
[2026-09-30T14:53:17.470+0000] {processor.py:830} INFO - Processing file /opt/airflow/dags/main.py for tasks to queue
[2026-09-30T14:53:17.473+0000] {logging_mixin.py:188} INFO - [2026-09-30T14:53:17.473+0000] {dagbag.py:545} INFO - Filling up the DagBag from /opt/airflow/dags/main.py
[2026-09-30T14:53:17.751+0000] {processor.py:840} INFO - DAG(s) 'produce_json', 'data_quality_check', 'update_db' retrieved from /opt/airflow/dags/main.py
[2026-09-30T14:53:17.779+0000] {logging_mixin.py:188} INFO - [2026-09-30T14:53:17.779+0000] {dag.py:3096} INFO - Sync 3 DAGs
[2026-09-30T14:53:17.799+0000] {logging_mixin.py:188} INFO - [2026-09-30T14:53:17.798+0000] {dag.py:3954} INFO - Setting next_dagrun for data_quality_check to 2026-09-30 12:00:00+00:00, run_after=2026-10-01 12:00:00+00:00
[2026-09-30T14:53:17.805+0000] {logging_mixin.py:188} INFO - [2026-09-30T14:53:17.805+0000] {dag.py:3954} INFO - Setting next_dagrun for produce_json to 2026-09-30 12:00:00+00:00, run_after=2026-10-01 12:00:00+00:00
[2026-09-30T14:53:17.809+0000] {logging_mixin.py:188} INFO - [2026-09-30T14:53:17.808+0000] {dag.py:3954} INFO - Setting next_dagrun for update_db to 2026-09-30 12:00:00+00:00, run_after=2026-10-01 12:00:00+00:00
[2026-09-30T14:53:17.835+0000] {processor.py:183} INFO - Processing /opt/airflow/dags/main.py took 0.377 seconds
[2026-09-30T14:53:48.168+0000] {processor.py:161} INFO - Started process (PID=2408) to work on /opt/airflow/dags/main.py
[2026-09-30T14:53:48.171+0000] {processor.py:830} INFO - Processing file /opt/airflow/dags/main.py for tasks to queue
[2026-09-30T14:53:48.174+0000] {logging_mixin.py:188} INFO - [2026-09-30T14:53:48.174+0000] {dagbag.py:545} INFO - Filling up the DagBag from /opt/airflow/dags/main.py
[2026-09-30T14:53:48.477+0000] {processor.py:840} INFO - DAG(s) 'data_quality_check', 'produce_json', 'update_db' retrieved from /opt/airflow/dags/main.py
[2026-09-30T14:53:48.514+0000] {logging_mixin.py:188} INFO - [2026-09-30T14:53:48.513+0000] {dag.py:3096} INFO - Sync 3 DAGs
[2026-09-30T14:53:48.536+0000] {logging_mixin.py:188} INFO - [2026-09-30T14:53:48.536+0000] {dag.py:3954} INFO - Setting next_dagrun for data_quality_check to 2026-09-30 12:00:00+00:00, run_after=2026-10-01 12:00:00+00:00
[2026-09-30T14:53:48.543+0000] {logging_mixin.py:188} INFO - [2026-09-30T14:53:48.543+0000] {dag.py:3954} INFO - Setting next_dagrun for produce_json to 2026-09-30 12:00:00+00:00, run_after=2026-10-01 12:00:00+00:00
[2026-09-30T14:53:48.547+0000] {logging_mixin.py:188} INFO - [2026-09-30T14:53:48.546+0000] {dag.py:3954} INFO - Setting next_dagrun for update_db to 2026-09-30 12:00:00+00:00, run_after=2026-10-01 12:00:00+00:00
[2026-09-30T14:53:48.569+0000] {processor.py:183} INFO - Processing /opt/airflow/dags/main.py took 0.409 seconds
[2026-09-30T14:54:18.915+0000] {processor.py:161} INFO - Started process (PID=2421) to work on /opt/airflow/dags/main.py
[2026-09-30T14:54:18.918+0000] {processor.py:830} INFO - Processing file /opt/airflow/dags/main.py for tasks to queue
[2026-09-30T14:54:18.922+0000] {logging_mixin.py:188} INFO - [2026-09-30T14:54:18.921+0000] {dagbag.py:545} INFO - Filling up the DagBag from /opt/airflow/dags/main.py
[2026-09-30T14:54:19.197+0000] {processor.py:840} INFO - DAG(s) 'update_db', 'produce_json', 'data_quality_check' retrieved from /opt/airflow/dags/main.py
[2026-09-30T14:54:19.226+0000] {logging_mixin.py:188} INFO - [2026-09-30T14:54:19.226+0000] {dag.py:3096} INFO - Sync 3 DAGs
[2026-09-30T14:54:19.247+0000] {logging_mixin.py:188} INFO - [2026-09-30T14:54:19.247+0000] {dag.py:3954} INFO - Setting next_dagrun for data_quality_check to 2026-09-30 12:00:00+00:00, run_after=2026-10-01 12:00:00+00:00
[2026-09-30T14:54:19.255+0000] {logging_mixin.py:188} INFO - [2026-09-30T14:54:19.255+0000] {dag.py:3954} INFO - Setting next_dagrun for produce_json to 2026-09-30 12:00:00+00:00, run_after=2026-10-01 12:00:00+00:00
[2026-09-30T14:54:19.259+0000] {logging_mixin.py:188} INFO - [2026-09-30T14:54:19.258+0000] {dag.py:3954} INFO - Setting next_dagrun for update_db to 2026-09-30 12:00:00+00:00, run_after=2026-10-01 12:00:00+00:00
[2026-09-30T14:54:19.278+0000] {processor.py:183} INFO - Processing /opt/airflow/dags/main.py took 0.369 seconds
[2026-09-30T14:54:49.624+0000] {processor.py:161} INFO - Started process (PID=2428) to work on /opt/airflow/dags/main.py
[2026-09-30T14:54:49.627+0000] {processor.py:830} INFO - Processing file /opt/airflow/dags/main.py for tasks to queue
[2026-09-30T14:54:49.634+0000] {logging_mixin.py:188} INFO - [2026-09-30T14:54:49.634+0000] {dagbag.py:545} INFO - Filling up the DagBag from /opt/airflow/dags/main.py
[2026-09-30T14:54:49.944+0000] {processor.py:840} INFO - DAG(s) 'update_db', 'produce_json', 'data_quality_check' retrieved from /opt/airflow/dags/main.py
[2026-09-30T14:54:49.981+0000] {logging_mixin.py:188} INFO - [2026-09-30T14:54:49.980+0000] {dag.py:3096} INFO - Sync 3 DAGs
[2026-09-30T14:54:50.007+0000] {logging_mixin.py:188} INFO - [2026-09-30T14:54:50.006+0000] {dag.py:3954} INFO - Setting next_dagrun for data_quality_check to 2026-09-30 12:00:00+00:00, run_after=2026-10-01 12:00:00+00:00
[2026-09-30T14:54:50.015+0000] {logging_mixin.py:188} INFO - [2026-09-30T14:54:50.015+0000] {dag.py:3954} INFO - Setting next_dagrun for produce_json to 2026-09-30 12:00:00+00:00, run_after=2026-10-01 12:00:00+00:00
[2026-09-30T14:54:50.019+0000] {logging_mixin.py:188} INFO - [2026-09-30T14:54:50.019+0000] {dag.py:3954} INFO - Setting next_dagrun for update_db to 2026-09-30 12:00:00+00:00, run_after=2026-10-01 12:00:00+00:00
[2026-09-30T14:54:50.047+0000] {processor.py:183} INFO - Processing /opt/airflow/dags/main.py took 0.432 seconds
[2026-09-30T14:55:20.410+0000] {processor.py:161} INFO - Started process (PID=2435) to work on /opt/airflow/dags/main.py
[2026-09-30T14:55:20.413+0000] {processor.py:830} INFO - Processing file /opt/airflow/dags/main.py for tasks to queue
[2026-09-30T14:55:20.417+0000] {logging_mixin.py:188} INFO - [2026-09-30T14:55:20.416+0000] {dagbag.py:545} INFO - Filling up the DagBag from /opt/airflow/dags/main.py
[2026-09-30T14:55:20.679+0000] {processor.py:840} INFO - DAG(s) 'data_quality_check', 'update_db', 'produce_json' retrieved from /opt/airflow/dags/main.py
[2026-09-30T14:55:20.711+0000] {logging_mixin.py:188} INFO - [2026-09-30T14:55:20.711+0000] {dag.py:3096} INFO - Sync 3 DAGs
[2026-09-30T14:55:20.738+0000] {logging_mixin.py:188} INFO - [2026-09-30T14:55:20.738+0000] {dag.py:3954} INFO - Setting next_dagrun for data_quality_check to 2026-09-30 12:00:00+00:00, run_after=2026-10-01 12:00:00+00:00
[2026-09-30T14:55:20.746+0000] {logging_mixin.py:188} INFO - [2026-09-30T14:55:20.745+0000] {dag.py:3954} INFO - Setting next_dagrun for produce_json to 2026-09-30 12:00:00+00:00, run_after=2026-10-01 12:00:00+00:00
[2026-09-30T14:55:20.750+0000] {logging_mixin.py:188} INFO - [2026-09-30T14:55:20.749+0000] {dag.py:3954} INFO - Setting next_dagrun for update_db to 2026-09-30 12:00:00+00:00, run_after=2026-10-01 12:00:00+00:00
[2026-09-30T14:55:20.772+0000] {processor.py:183} INFO - Processing /opt/airflow/dags/main.py took 0.371 seconds
[2026-09-30T14:55:51.099+0000] {processor.py:161} INFO - Started process (PID=2442) to work on /opt/airflow/dags/main.py
[2026-09-30T14:55:51.102+0000] {processor.py:830} INFO - Processing file /opt/airflow/dags/main.py for tasks to queue
[2026-09-30T14:55:51.105+0000] {logging_mixin.py:188} INFO - [2026-09-30T14:55:51.105+0000] {dagbag.py:545} INFO - Filling up the DagBag from /opt/airflow/dags/main.py
[2026-09-30T14:55:51.407+0000] {processor.py:840} INFO - DAG(s) 'data_quality_check', 'update_db', 'produce_json' retrieved from /opt/airflow/dags/main.py
[2026-09-30T14:55:51.465+0000] {logging_mixin.py:188} INFO - [2026-09-30T14:55:51.465+0000] {dag.py:3096} INFO - Sync 3 DAGs
[2026-09-30T14:55:51.504+0000] {logging_mixin.py:188} INFO - [2026-09-30T14:55:51.503+0000] {dag.py:3954} INFO - Setting next_dagrun for data_quality_check to 2026-09-30 12:00:00+00:00, run_after=2026-10-01 12:00:00+00:00
[2026-09-30T14:55:51.513+0000] {logging_mixin.py:188} INFO - [2026-09-30T14:55:51.512+0000] {dag.py:3954} INFO - Setting next_dagrun for produce_json to 2026-09-30 12:00:00+00:00, run_after=2026-10-01 12:00:00+00:00
[2026-09-30T14:55:51.516+0000] {logging_mixin.py:188} INFO - [2026-09-30T14:55:51.516+0000] {dag.py:3954} INFO - Setting next_dagrun for update_db to 2026-09-30 12:00:00+00:00, run_after=2026-10-01 12:00:00+00:00
[2026-09-30T14:55:51.545+0000] {processor.py:183} INFO - Processing /opt/airflow/dags/main.py took 0.452 seconds
[2026-09-30T14:56:21.907+0000] {processor.py:161} INFO - Started process (PID=2449) to work on /opt/airflow/dags/main.py
[2026-09-30T14:56:21.911+0000] {processor.py:830} INFO - Processing file /opt/airflow/dags/main.py for tasks to queue
[2026-09-30T14:56:21.914+0000] {logging_mixin.py:188} INFO - [2026-09-30T14:56:21.914+0000] {dagbag.py:545} INFO - Filling up the DagBag from /opt/airflow/dags/main.py
[2026-09-30T14:56:22.237+0000] {processor.py:840} INFO - DAG(s) 'produce_json', 'data_quality_check', 'update_db' retrieved from /opt/airflow/dags/main.py
[2026-09-30T14:56:22.266+0000] {logging_mixin.py:188} INFO - [2026-09-30T14:56:22.266+0000] {dag.py:3096} INFO - Sync 3 DAGs
[2026-09-30T14:56:22.285+0000] {logging_mixin.py:188} INFO - [2026-09-30T14:56:22.285+0000] {dag.py:3954} INFO - Setting next_dagrun for data_quality_check to 2026-09-30 12:00:00+00:00, run_after=2026-10-01 12:00:00+00:00
[2026-09-30T14:56:22.292+0000] {logging_mixin.py:188} INFO - [2026-09-30T14:56:22.292+0000] {dag.py:3954} INFO - Setting next_dagrun for produce_json to 2026-09-30 12:00:00+00:00, run_after=2026-10-01 12:00:00+00:00
[2026-09-30T14:56:22.295+0000] {logging_mixin.py:188} INFO - [2026-09-30T14:56:22.295+0000] {dag.py:3954} INFO - Setting next_dagrun for update_db to 2026-09-30 12:00:00+00:00, run_after=2026-10-01 12:00:00+00:00
[2026-09-30T14:56:22.316+0000] {processor.py:183} INFO - Processing /opt/airflow/dags/main.py took 0.415 seconds
[2026-09-30T14:56:52.642+0000] {processor.py:161} INFO - Started process (PID=2456) to work on /opt/airflow/dags/main.py
[2026-09-30T14:56:52.645+0000] {processor.py:830} INFO - Processing file /opt/airflow/dags/main.py for tasks to queue
[2026-09-30T14:56:52.650+0000] {logging_mixin.py:188} INFO - [2026-09-30T14:56:52.650+0000] {dagbag.py:545} INFO - Filling up the DagBag from /opt/airflow/dags/main.py
[2026-09-30T14:56:52.956+0000] {processor.py:840} INFO - DAG(s) 'data_quality_check', 'update_db', 'produce_json' retrieved from /opt/airflow/dags/main.py
[2026-09-30T14:56:53.009+0000] {logging_mixin.py:188} INFO - [2026-09-30T14:56:53.008+0000] {dag.py:3096} INFO - Sync 3 DAGs
[2026-09-30T14:56:53.044+0000] {logging_mixin.py:188} INFO - [2026-09-30T14:56:53.044+0000] {dag.py:3954} INFO - Setting next_dagrun for data_quality_check to 2026-09-30 12:00:00+00:00, run_after=2026-10-01 12:00:00+00:00
[2026-09-30T14:56:53.052+0000] {logging_mixin.py:188} INFO - [2026-09-30T14:56:53.052+0000] {dag.py:3954} INFO - Setting next_dagrun for produce_json to 2026-09-30 12:00:00+00:00, run_after=2026-10-01 12:00:00+00:00
[2026-09-30T14:56:53.056+0000] {logging_mixin.py:188} INFO - [2026-09-30T14:56:53.056+0000] {dag.py:3954} INFO - Setting next_dagrun for update_db to 2026-09-30 12:00:00+00:00, run_after=2026-10-01 12:00:00+00:00
[2026-09-30T14:56:53.082+0000] {processor.py:183} INFO - Processing /opt/airflow/dags/main.py took 0.448 seconds
[2026-09-30T14:57:23.420+0000] {processor.py:161} INFO - Started process (PID=2463) to work on /opt/airflow/dags/main.py
[2026-09-30T14:57:23.422+0000] {processor.py:830} INFO - Processing file /opt/airflow/dags/main.py for tasks to queue
[2026-09-30T14:57:23.427+0000] {logging_mixin.py:188} INFO - [2026-09-30T14:57:23.426+0000] {dagbag.py:545} INFO - Filling up the DagBag from /opt/airflow/dags/main.py
[2026-09-30T14:57:23.712+0000] {processor.py:840} INFO - DAG(s) 'update_db', 'produce_json', 'data_quality_check' retrieved from /opt/airflow/dags/main.py
[2026-09-30T14:57:23.739+0000] {logging_mixin.py:188} INFO - [2026-09-30T14:57:23.739+0000] {dag.py:3096} INFO - Sync 3 DAGs
[2026-09-30T14:57:23.759+0000] {logging_mixin.py:188} INFO - [2026-09-30T14:57:23.759+0000] {dag.py:3954} INFO - Setting next_dagrun for data_quality_check to 2026-09-30 12:00:00+00:00, run_after=2026-10-01 12:00:00+00:00
[2026-09-30T14:57:23.766+0000] {logging_mixin.py:188} INFO - [2026-09-30T14:57:23.765+0000] {dag.py:3954} INFO - Setting next_dagrun for produce_json to 2026-09-30 12:00:00+00:00, run_after=2026-10-01 12:00:00+00:00
[2026-09-30T14:57:23.769+0000] {logging_mixin.py:188} INFO - [2026-09-30T14:57:23.769+0000] {dag.py:3954} INFO - Setting next_dagrun for update_db to 2026-09-30 12:00:00+00:00, run_after=2026-10-01 12:00:00+00:00
[2026-09-30T14:57:23.789+0000] {processor.py:183} INFO - Processing /opt/airflow/dags/main.py took 0.376 seconds
[2026-09-30T14:57:54.302+0000] {processor.py:161} INFO - Started process (PID=2470) to work on /opt/airflow/dags/main.py
[2026-09-30T14:57:54.304+0000] {processor.py:830} INFO - Processing file /opt/airflow/dags/main.py for tasks to queue
[2026-09-30T14:57:54.307+0000] {logging_mixin.py:188} INFO - [2026-09-30T14:57:54.307+0000] {dagbag.py:545} INFO - Filling up the DagBag from /opt/airflow/dags/main.py
[2026-09-30T14:57:54.577+0000] {processor.py:840} INFO - DAG(s) 'produce_json', 'update_db', 'data_quality_check' retrieved from /opt/airflow/dags/main.py
[2026-09-30T14:57:54.609+0000] {logging_mixin.py:188} INFO - [2026-09-30T14:57:54.609+0000] {dag.py:3096} INFO - Sync 3 DAGs
[2026-09-30T14:57:54.631+0000] {logging_mixin.py:188} INFO - [2026-09-30T14:57:54.631+0000] {dag.py:3954} INFO - Setting next_dagrun for data_quality_check to 2026-09-30 12:00:00+00:00, run_after=2026-10-01 12:00:00+00:00
[2026-09-30T14:57:54.637+0000] {logging_mixin.py:188} INFO - [2026-09-30T14:57:54.637+0000] {dag.py:3954} INFO - Setting next_dagrun for produce_json to 2026-09-30 12:00:00+00:00, run_after=2026-10-01 12:00:00+00:00
[2026-09-30T14:57:54.641+0000] {logging_mixin.py:188} INFO - [2026-09-30T14:57:54.641+0000] {dag.py:3954} INFO - Setting next_dagrun for update_db to 2026-09-30 12:00:00+00:00, run_after=2026-10-01 12:00:00+00:00
[2026-09-30T14:57:54.662+0000] {processor.py:183} INFO - Processing /opt/airflow/dags/main.py took 0.366 seconds
[2026-09-30T14:58:24.985+0000] {processor.py:161} INFO - Started process (PID=2477) to work on /opt/airflow/dags/main.py
[2026-09-30T14:58:24.989+0000] {processor.py:830} INFO - Processing file /opt/airflow/dags/main.py for tasks to queue
[2026-09-30T14:58:24.993+0000] {logging_mixin.py:188} INFO - [2026-09-30T14:58:24.993+0000] {dagbag.py:545} INFO - Filling up the DagBag from /opt/airflow/dags/main.py
[2026-09-30T14:58:25.288+0000] {processor.py:840} INFO - DAG(s) 'update_db', 'produce_json', 'data_quality_check' retrieved from /opt/airflow/dags/main.py
[2026-09-30T14:58:25.322+0000] {logging_mixin.py:188} INFO - [2026-09-30T14:58:25.322+0000] {dag.py:3096} INFO - Sync 3 DAGs
[2026-09-30T14:58:25.373+0000] {logging_mixin.py:188} INFO - [2026-09-30T14:58:25.372+0000] {dag.py:3954} INFO - Setting next_dagrun for data_quality_check to 2026-09-30 12:00:00+00:00, run_after=2026-10-01 12:00:00+00:00
[2026-09-30T14:58:25.385+0000] {logging_mixin.py:188} INFO - [2026-09-30T14:58:25.385+0000] {dag.py:3954} INFO - Setting next_dagrun for produce_json to 2026-09-30 12:00:00+00:00, run_after=2026-10-01 12:00:00+00:00
[2026-09-30T14:58:25.389+0000] {logging_mixin.py:188} INFO - [2026-09-30T14:58:25.389+0000] {dag.py:3954} INFO - Setting next_dagrun for update_db to 2026-09-30 12:00:00+00:00, run_after=2026-10-01 12:00:00+00:00
[2026-09-30T14:58:25.418+0000] {processor.py:183} INFO - Processing /opt/airflow/dags/main.py took 0.439 seconds
[2026-09-30T14:58:55.745+0000] {processor.py:161} INFO - Started process (PID=2484) to work on /opt/airflow/dags/main.py
[2026-09-30T14:58:55.748+0000] {processor.py:830} INFO - Processing file /opt/airflow/dags/main.py for tasks to queue
[2026-09-30T14:58:55.751+0000] {logging_mixin.py:188} INFO - [2026-09-30T14:58:55.751+0000] {dagbag.py:545} INFO - Filling up the DagBag from /opt/airflow/dags/main.py
[2026-09-30T14:58:56.037+0000] {processor.py:840} INFO - DAG(s) 'produce_json', 'update_db', 'data_quality_check' retrieved from /opt/airflow/dags/main.py
[2026-09-30T14:58:56.063+0000] {logging_mixin.py:188} INFO - [2026-09-30T14:58:56.062+0000] {dag.py:3096} INFO - Sync 3 DAGs
[2026-09-30T14:58:56.080+0000] {logging_mixin.py:188} INFO - [2026-09-30T14:58:56.080+0000] {dag.py:3954} INFO - Setting next_dagrun for data_quality_check to 2026-09-30 12:00:00+00:00, run_after=2026-10-01 12:00:00+00:00
[2026-09-30T14:58:56.087+0000] {logging_mixin.py:188} INFO - [2026-09-30T14:58:56.087+0000] {dag.py:3954} INFO - Setting next_dagrun for produce_json to 2026-09-30 12:00:00+00:00, run_after=2026-10-01 12:00:00+00:00
[2026-09-30T14:58:56.090+0000] {logging_mixin.py:188} INFO - [2026-09-30T14:58:56.090+0000] {dag.py:3954} INFO - Setting next_dagrun for update_db to 2026-09-30 12:00:00+00:00, run_after=2026-10-01 12:00:00+00:00
[2026-09-30T14:58:56.112+0000] {processor.py:183} INFO - Processing /opt/airflow/dags/main.py took 0.372 seconds
[2026-09-30T14:59:26.489+0000] {processor.py:161} INFO - Started process (PID=2491) to work on /opt/airflow/dags/main.py
[2026-09-30T14:59:26.493+0000] {processor.py:830} INFO - Processing file /opt/airflow/dags/main.py for tasks to queue
[2026-09-30T14:59:26.499+0000] {logging_mixin.py:188} INFO - [2026-09-30T14:59:26.498+0000] {dagbag.py:545} INFO - Filling up the DagBag from /opt/airflow/dags/main.py
[2026-09-30T14:59:26.856+0000] {processor.py:840} INFO - DAG(s) 'update_db', 'produce_json', 'data_quality_check' retrieved from /opt/airflow/dags/main.py
[2026-09-30T14:59:26.902+0000] {logging_mixin.py:188} INFO - [2026-09-30T14:59:26.901+0000] {dag.py:3096} INFO - Sync 3 DAGs
[2026-09-30T14:59:26.933+0000] {logging_mixin.py:188} INFO - [2026-09-30T14:59:26.933+0000] {dag.py:3954} INFO - Setting next_dagrun for data_quality_check to 2026-09-30 12:00:00+00:00, run_after=2026-10-01 12:00:00+00:00
[2026-09-30T14:59:26.945+0000] {logging_mixin.py:188} INFO - [2026-09-30T14:59:26.944+0000] {dag.py:3954} INFO - Setting next_dagrun for produce_json to 2026-09-30 12:00:00+00:00, run_after=2026-10-01 12:00:00+00:00
[2026-09-30T14:59:26.949+0000] {logging_mixin.py:188} INFO - [2026-09-30T14:59:26.948+0000] {dag.py:3954} INFO - Setting next_dagrun for update_db to 2026-09-30 12:00:00+00:00, run_after=2026-10-01 12:00:00+00:00
[2026-09-30T14:59:26.978+0000] {processor.py:183} INFO - Processing /opt/airflow/dags/main.py took 0.500 seconds
[2026-09-30T14:59:57.382+0000] {processor.py:161} INFO - Started process (PID=2498) to work on /opt/airflow/dags/main.py
[2026-09-30T14:59:57.386+0000] {processor.py:830} INFO - Processing file /opt/airflow/dags/main.py for tasks to queue
[2026-09-30T14:59:57.391+0000] {logging_mixin.py:188} INFO - [2026-09-30T14:59:57.390+0000] {dagbag.py:545} INFO - Filling up the DagBag from /opt/airflow/dags/main.py
[2026-09-30T14:59:57.781+0000] {processor.py:840} INFO - DAG(s) 'data_quality_check', 'update_db', 'produce_json' retrieved from /opt/airflow/dags/main.py
[2026-09-30T14:59:57.838+0000] {logging_mixin.py:188} INFO - [2026-09-30T14:59:57.837+0000] {dag.py:3096} INFO - Sync 3 DAGs
[2026-09-30T14:59:57.873+0000] {logging_mixin.py:188} INFO - [2026-09-30T14:59:57.873+0000] {dag.py:3954} INFO - Setting next_dagrun for data_quality_check to 2026-09-30 12:00:00+00:00, run_after=2026-10-01 12:00:00+00:00
[2026-09-30T14:59:57.887+0000] {logging_mixin.py:188} INFO - [2026-09-30T14:59:57.887+0000] {dag.py:3954} INFO - Setting next_dagrun for produce_json to 2026-09-30 12:00:00+00:00, run_after=2026-10-01 12:00:00+00:00
[2026-09-30T14:59:57.892+0000] {logging_mixin.py:188} INFO - [2026-09-30T14:59:57.892+0000] {dag.py:3954} INFO - Setting next_dagrun for update_db to 2026-09-30 12:00:00+00:00, run_after=2026-10-01 12:00:00+00:00
[2026-09-30T14:59:57.926+0000] {processor.py:183} INFO - Processing /opt/airflow/dags/main.py took 0.557 seconds
[2026-09-30T15:00:28.099+0000] {processor.py:161} INFO - Started process (PID=2505) to work on /opt/airflow/dags/main.py
[2026-09-30T15:00:28.102+0000] {processor.py:830} INFO - Processing file /opt/airflow/dags/main.py for tasks to queue
[2026-09-30T15:00:28.106+0000] {logging_mixin.py:188} INFO - [2026-09-30T15:00:28.106+0000] {dagbag.py:545} INFO - Filling up the DagBag from /opt/airflow/dags/main.py
[2026-09-30T15:00:28.457+0000] {processor.py:840} INFO - DAG(s) 'produce_json', 'update_db', 'data_quality_check' retrieved from /opt/airflow/dags/main.py
[2026-09-30T15:00:28.493+0000] {logging_mixin.py:188} INFO - [2026-09-30T15:00:28.493+0000] {dag.py:3096} INFO - Sync 3 DAGs
[2026-09-30T15:00:28.521+0000] {logging_mixin.py:188} INFO - [2026-09-30T15:00:28.520+0000] {dag.py:3954} INFO - Setting next_dagrun for data_quality_check to 2026-09-30 12:00:00+00:00, run_after=2026-10-01 12:00:00+00:00
[2026-09-30T15:00:28.529+0000] {logging_mixin.py:188} INFO - [2026-09-30T15:00:28.529+0000] {dag.py:3954} INFO - Setting next_dagrun for produce_json to 2026-09-30 12:00:00+00:00, run_after=2026-10-01 12:00:00+00:00
[2026-09-30T15:00:28.532+0000] {logging_mixin.py:188} INFO - [2026-09-30T15:00:28.532+0000] {dag.py:3954} INFO - Setting next_dagrun for update_db to 2026-09-30 12:00:00+00:00, run_after=2026-10-01 12:00:00+00:00
[2026-09-30T15:00:28.558+0000] {processor.py:183} INFO - Processing /opt/airflow/dags/main.py took 0.467 seconds
[2026-09-30T15:00:58.908+0000] {processor.py:161} INFO - Started process (PID=2512) to work on /opt/airflow/dags/main.py
[2026-09-30T15:00:58.912+0000] {processor.py:830} INFO - Processing file /opt/airflow/dags/main.py for tasks to queue
[2026-09-30T15:00:58.916+0000] {logging_mixin.py:188} INFO - [2026-09-30T15:00:58.916+0000] {dagbag.py:545} INFO - Filling up the DagBag from /opt/airflow/dags/main.py
[2026-09-30T15:00:59.244+0000] {processor.py:840} INFO - DAG(s) 'produce_json', 'data_quality_check', 'update_db' retrieved from /opt/airflow/dags/main.py
[2026-09-30T15:00:59.281+0000] {logging_mixin.py:188} INFO - [2026-09-30T15:00:59.281+0000] {dag.py:3096} INFO - Sync 3 DAGs
[2026-09-30T15:00:59.305+0000] {logging_mixin.py:188} INFO - [2026-09-30T15:00:59.305+0000] {dag.py:3954} INFO - Setting next_dagrun for data_quality_check to 2026-09-30 12:00:00+00:00, run_after=2026-10-01 12:00:00+00:00
[2026-09-30T15:00:59.312+0000] {logging_mixin.py:188} INFO - [2026-09-30T15:00:59.312+0000] {dag.py:3954} INFO - Setting next_dagrun for produce_json to 2026-09-30 12:00:00+00:00, run_after=2026-10-01 12:00:00+00:00
[2026-09-30T15:00:59.316+0000] {logging_mixin.py:188} INFO - [2026-09-30T15:00:59.316+0000] {dag.py:3954} INFO - Setting next_dagrun for update_db to 2026-09-30 12:00:00+00:00, run_after=2026-10-01 12:00:00+00:00
[2026-09-30T15:00:59.341+0000] {processor.py:183} INFO - Processing /opt/airflow/dags/main.py took 0.440 seconds
[2026-09-30T15:01:29.680+0000] {processor.py:161} INFO - Started process (PID=2519) to work on /opt/airflow/dags/main.py
[2026-09-30T15:01:29.683+0000] {processor.py:830} INFO - Processing file /opt/airflow/dags/main.py for tasks to queue
[2026-09-30T15:01:29.686+0000] {logging_mixin.py:188} INFO - [2026-09-30T15:01:29.686+0000] {dagbag.py:545} INFO - Filling up the DagBag from /opt/airflow/dags/main.py
[2026-09-30T15:01:29.982+0000] {processor.py:840} INFO - DAG(s) 'update_db', 'data_quality_check', 'produce_json' retrieved from /opt/airflow/dags/main.py
[2026-09-30T15:01:30.011+0000] {logging_mixin.py:188} INFO - [2026-09-30T15:01:30.010+0000] {dag.py:3096} INFO - Sync 3 DAGs
[2026-09-30T15:01:30.030+0000] {logging_mixin.py:188} INFO - [2026-09-30T15:01:30.030+0000] {dag.py:3954} INFO - Setting next_dagrun for data_quality_check to 2026-09-30 12:00:00+00:00, run_after=2026-10-01 12:00:00+00:00
[2026-09-30T15:01:30.037+0000] {logging_mixin.py:188} INFO - [2026-09-30T15:01:30.037+0000] {dag.py:3954} INFO - Setting next_dagrun for produce_json to 2026-09-30 12:00:00+00:00, run_after=2026-10-01 12:00:00+00:00
[2026-09-30T15:01:30.041+0000] {logging_mixin.py:188} INFO - [2026-09-30T15:01:30.040+0000] {dag.py:3954} INFO - Setting next_dagrun for update_db to 2026-09-30 12:00:00+00:00, run_after=2026-10-01 12:00:00+00:00
[2026-09-30T15:01:30.062+0000] {processor.py:183} INFO - Processing /opt/airflow/dags/main.py took 0.388 seconds
[2026-09-30T15:02:00.476+0000] {processor.py:161} INFO - Started process (PID=2526) to work on /opt/airflow/dags/main.py
[2026-09-30T15:02:00.482+0000] {processor.py:830} INFO - Processing file /opt/airflow/dags/main.py for tasks to queue
[2026-09-30T15:02:00.490+0000] {logging_mixin.py:188} INFO - [2026-09-30T15:02:00.489+0000] {dagbag.py:545} INFO - Filling up the DagBag from /opt/airflow/dags/main.py
[2026-09-30T15:02:00.835+0000] {processor.py:840} INFO - DAG(s) 'data_quality_check', 'update_db', 'produce_json' retrieved from /opt/airflow/dags/main.py
[2026-09-30T15:02:00.871+0000] {logging_mixin.py:188} INFO - [2026-09-30T15:02:00.871+0000] {dag.py:3096} INFO - Sync 3 DAGs
[2026-09-30T15:02:00.894+0000] {logging_mixin.py:188} INFO - [2026-09-30T15:02:00.894+0000] {dag.py:3954} INFO - Setting next_dagrun for data_quality_check to 2026-09-30 12:00:00+00:00, run_after=2026-10-01 12:00:00+00:00
[2026-09-30T15:02:00.901+0000] {logging_mixin.py:188} INFO - [2026-09-30T15:02:00.901+0000] {dag.py:3954} INFO - Setting next_dagrun for produce_json to 2026-09-30 12:00:00+00:00, run_after=2026-10-01 12:00:00+00:00
[2026-09-30T15:02:00.905+0000] {logging_mixin.py:188} INFO - [2026-09-30T15:02:00.904+0000] {dag.py:3954} INFO - Setting next_dagrun for update_db to 2026-09-30 12:00:00+00:00, run_after=2026-10-01 12:00:00+00:00
[2026-09-30T15:02:00.926+0000] {processor.py:183} INFO - Processing /opt/airflow/dags/main.py took 0.468 seconds
[2026-09-30T15:02:31.760+0000] {processor.py:161} INFO - Started process (PID=2533) to work on /opt/airflow/dags/main.py
[2026-09-30T15:02:31.763+0000] {processor.py:830} INFO - Processing file /opt/airflow/dags/main.py for tasks to queue
[2026-09-30T15:02:31.766+0000] {logging_mixin.py:188} INFO - [2026-09-30T15:02:31.766+0000] {dagbag.py:545} INFO - Filling up the DagBag from /opt/airflow/dags/main.py
[2026-09-30T15:02:32.069+0000] {processor.py:840} INFO - DAG(s) 'produce_json', 'data_quality_check', 'update_db' retrieved from /opt/airflow/dags/main.py
[2026-09-30T15:02:32.096+0000] {logging_mixin.py:188} INFO - [2026-09-30T15:02:32.096+0000] {dag.py:3096} INFO - Sync 3 DAGs
[2026-09-30T15:02:32.115+0000] {logging_mixin.py:188} INFO - [2026-09-30T15:02:32.115+0000] {dag.py:3954} INFO - Setting next_dagrun for data_quality_check to 2026-09-30 12:00:00+00:00, run_after=2026-10-01 12:00:00+00:00
[2026-09-30T15:02:32.121+0000] {logging_mixin.py:188} INFO - [2026-09-30T15:02:32.121+0000] {dag.py:3954} INFO - Setting next_dagrun for produce_json to 2026-09-30 12:00:00+00:00, run_after=2026-10-01 12:00:00+00:00
[2026-09-30T15:02:32.124+0000] {logging_mixin.py:188} INFO - [2026-09-30T15:02:32.124+0000] {dag.py:3954} INFO - Setting next_dagrun for update_db to 2026-09-30 12:00:00+00:00, run_after=2026-10-01 12:00:00+00:00
[2026-09-30T15:02:32.147+0000] {processor.py:183} INFO - Processing /opt/airflow/dags/main.py took 0.392 seconds
[2026-09-30T15:03:02.487+0000] {processor.py:161} INFO - Started process (PID=2540) to work on /opt/airflow/dags/main.py
[2026-09-30T15:03:02.490+0000] {processor.py:830} INFO - Processing file /opt/airflow/dags/main.py for tasks to queue
[2026-09-30T15:03:02.493+0000] {logging_mixin.py:188} INFO - [2026-09-30T15:03:02.492+0000] {dagbag.py:545} INFO - Filling up the DagBag from /opt/airflow/dags/main.py
[2026-09-30T15:03:02.788+0000] {processor.py:840} INFO - DAG(s) 'produce_json', 'update_db', 'data_quality_check' retrieved from /opt/airflow/dags/main.py
[2026-09-30T15:03:02.817+0000] {logging_mixin.py:188} INFO - [2026-09-30T15:03:02.817+0000] {dag.py:3096} INFO - Sync 3 DAGs
[2026-09-30T15:03:02.840+0000] {logging_mixin.py:188} INFO - [2026-09-30T15:03:02.839+0000] {dag.py:3954} INFO - Setting next_dagrun for data_quality_check to 2026-09-30 12:00:00+00:00, run_after=2026-10-01 12:00:00+00:00
[2026-09-30T15:03:02.846+0000] {logging_mixin.py:188} INFO - [2026-09-30T15:03:02.846+0000] {dag.py:3954} INFO - Setting next_dagrun for produce_json to 2026-09-30 12:00:00+00:00, run_after=2026-10-01 12:00:00+00:00
[2026-09-30T15:03:02.849+0000] {logging_mixin.py:188} INFO - [2026-09-30T15:03:02.849+0000] {dag.py:3954} INFO - Setting next_dagrun for update_db to 2026-09-30 12:00:00+00:00, run_after=2026-10-01 12:00:00+00:00
[2026-09-30T15:03:02.872+0000] {processor.py:183} INFO - Processing /opt/airflow/dags/main.py took 0.393 seconds
[2026-09-30T15:03:33.212+0000] {processor.py:161} INFO - Started process (PID=2547) to work on /opt/airflow/dags/main.py
[2026-09-30T15:03:33.215+0000] {processor.py:830} INFO - Processing file /opt/airflow/dags/main.py for tasks to queue
[2026-09-30T15:03:33.218+0000] {logging_mixin.py:188} INFO - [2026-09-30T15:03:33.218+0000] {dagbag.py:545} INFO - Filling up the DagBag from /opt/airflow/dags/main.py
[2026-09-30T15:03:33.507+0000] {processor.py:840} INFO - DAG(s) 'produce_json', 'update_db', 'data_quality_check' retrieved from /opt/airflow/dags/main.py
[2026-09-30T15:03:33.533+0000] {logging_mixin.py:188} INFO - [2026-09-30T15:03:33.533+0000] {dag.py:3096} INFO - Sync 3 DAGs
[2026-09-30T15:03:33.552+0000] {logging_mixin.py:188} INFO - [2026-09-30T15:03:33.552+0000] {dag.py:3954} INFO - Setting next_dagrun for data_quality_check to 2026-09-30 12:00:00+00:00, run_after=2026-10-01 12:00:00+00:00
[2026-09-30T15:03:33.559+0000] {logging_mixin.py:188} INFO - [2026-09-30T15:03:33.559+0000] {dag.py:3954} INFO - Setting next_dagrun for produce_json to 2026-09-30 12:00:00+00:00, run_after=2026-10-01 12:00:00+00:00
[2026-09-30T15:03:33.563+0000] {logging_mixin.py:188} INFO - [2026-09-30T15:03:33.563+0000] {dag.py:3954} INFO - Setting next_dagrun for update_db to 2026-09-30 12:00:00+00:00, run_after=2026-10-01 12:00:00+00:00
[2026-09-30T15:03:33.583+0000] {processor.py:183} INFO - Processing /opt/airflow/dags/main.py took 0.376 seconds
[2026-09-30T15:04:03.911+0000] {processor.py:161} INFO - Started process (PID=2554) to work on /opt/airflow/dags/main.py
[2026-09-30T15:04:03.914+0000] {processor.py:830} INFO - Processing file /opt/airflow/dags/main.py for tasks to queue
[2026-09-30T15:04:03.917+0000] {logging_mixin.py:188} INFO - [2026-09-30T15:04:03.917+0000] {dagbag.py:545} INFO - Filling up the DagBag from /opt/airflow/dags/main.py
[2026-09-30T15:04:04.221+0000] {processor.py:840} INFO - DAG(s) 'data_quality_check', 'produce_json', 'update_db' retrieved from /opt/airflow/dags/main.py
[2026-09-30T15:04:04.251+0000] {logging_mixin.py:188} INFO - [2026-09-30T15:04:04.251+0000] {dag.py:3096} INFO - Sync 3 DAGs
[2026-09-30T15:04:04.270+0000] {logging_mixin.py:188} INFO - [2026-09-30T15:04:04.270+0000] {dag.py:3954} INFO - Setting next_dagrun for data_quality_check to 2026-09-30 12:00:00+00:00, run_after=2026-10-01 12:00:00+00:00
[2026-09-30T15:04:04.277+0000] {logging_mixin.py:188} INFO - [2026-09-30T15:04:04.277+0000] {dag.py:3954} INFO - Setting next_dagrun for produce_json to 2026-09-30 12:00:00+00:00, run_after=2026-10-01 12:00:00+00:00
[2026-09-30T15:04:04.281+0000] {logging_mixin.py:188} INFO - [2026-09-30T15:04:04.281+0000] {dag.py:3954} INFO - Setting next_dagrun for update_db to 2026-09-30 12:00:00+00:00, run_after=2026-10-01 12:00:00+00:00
[2026-09-30T15:04:04.303+0000] {processor.py:183} INFO - Processing /opt/airflow/dags/main.py took 0.397 seconds
[2026-09-30T15:04:34.634+0000] {processor.py:161} INFO - Started process (PID=2561) to work on /opt/airflow/dags/main.py
[2026-09-30T15:04:34.636+0000] {processor.py:830} INFO - Processing file /opt/airflow/dags/main.py for tasks to queue
[2026-09-30T15:04:34.640+0000] {logging_mixin.py:188} INFO - [2026-09-30T15:04:34.640+0000] {dagbag.py:545} INFO - Filling up the DagBag from /opt/airflow/dags/main.py
[2026-09-30T15:04:34.945+0000] {processor.py:840} INFO - DAG(s) 'data_quality_check', 'update_db', 'produce_json' retrieved from /opt/airflow/dags/main.py
[2026-09-30T15:04:34.971+0000] {logging_mixin.py:188} INFO - [2026-09-30T15:04:34.971+0000] {dag.py:3096} INFO - Sync 3 DAGs
[2026-09-30T15:04:34.990+0000] {logging_mixin.py:188} INFO - [2026-09-30T15:04:34.989+0000] {dag.py:3954} INFO - Setting next_dagrun for data_quality_check to 2026-09-30 12:00:00+00:00, run_after=2026-10-01 12:00:00+00:00
[2026-09-30T15:04:34.996+0000] {logging_mixin.py:188} INFO - [2026-09-30T15:04:34.996+0000] {dag.py:3954} INFO - Setting next_dagrun for produce_json to 2026-09-30 12:00:00+00:00, run_after=2026-10-01 12:00:00+00:00
[2026-09-30T15:04:35.000+0000] {logging_mixin.py:188} INFO - [2026-09-30T15:04:35.000+0000] {dag.py:3954} INFO - Setting next_dagrun for update_db to 2026-09-30 12:00:00+00:00, run_after=2026-10-01 12:00:00+00:00
[2026-09-30T15:04:35.020+0000] {processor.py:183} INFO - Processing /opt/airflow/dags/main.py took 0.392 seconds
[2026-09-30T15:05:05.363+0000] {processor.py:161} INFO - Started process (PID=2568) to work on /opt/airflow/dags/main.py
[2026-09-30T15:05:05.367+0000] {processor.py:830} INFO - Processing file /opt/airflow/dags/main.py for tasks to queue
[2026-09-30T15:05:05.371+0000] {logging_mixin.py:188} INFO - [2026-09-30T15:05:05.370+0000] {dagbag.py:545} INFO - Filling up the DagBag from /opt/airflow/dags/main.py
[2026-09-30T15:05:05.772+0000] {processor.py:840} INFO - DAG(s) 'data_quality_check', 'produce_json', 'update_db' retrieved from /opt/airflow/dags/main.py
[2026-09-30T15:05:05.804+0000] {logging_mixin.py:188} INFO - [2026-09-30T15:05:05.804+0000] {dag.py:3096} INFO - Sync 3 DAGs
[2026-09-30T15:05:05.827+0000] {logging_mixin.py:188} INFO - [2026-09-30T15:05:05.826+0000] {dag.py:3954} INFO - Setting next_dagrun for data_quality_check to 2026-09-30 12:00:00+00:00, run_after=2026-10-01 12:00:00+00:00
[2026-09-30T15:05:05.834+0000] {logging_mixin.py:188} INFO - [2026-09-30T15:05:05.834+0000] {dag.py:3954} INFO - Setting next_dagrun for produce_json to 2026-09-30 12:00:00+00:00, run_after=2026-10-01 12:00:00+00:00
[2026-09-30T15:05:05.838+0000] {logging_mixin.py:188} INFO - [2026-09-30T15:05:05.838+0000] {dag.py:3954} INFO - Setting next_dagrun for update_db to 2026-09-30 12:00:00+00:00, run_after=2026-10-01 12:00:00+00:00
[2026-09-30T15:05:05.862+0000] {processor.py:183} INFO - Processing /opt/airflow/dags/main.py took 0.505 seconds
[2026-09-30T15:05:36.252+0000] {processor.py:161} INFO - Started process (PID=2575) to work on /opt/airflow/dags/main.py
[2026-09-30T15:05:36.256+0000] {processor.py:830} INFO - Processing file /opt/airflow/dags/main.py for tasks to queue
[2026-09-30T15:05:36.262+0000] {logging_mixin.py:188} INFO - [2026-09-30T15:05:36.261+0000] {dagbag.py:545} INFO - Filling up the DagBag from /opt/airflow/dags/main.py
[2026-09-30T15:05:36.617+0000] {processor.py:840} INFO - DAG(s) 'data_quality_check', 'produce_json', 'update_db' retrieved from /opt/airflow/dags/main.py
[2026-09-30T15:05:36.650+0000] {logging_mixin.py:188} INFO - [2026-09-30T15:05:36.650+0000] {dag.py:3096} INFO - Sync 3 DAGs
[2026-09-30T15:05:36.674+0000] {logging_mixin.py:188} INFO - [2026-09-30T15:05:36.673+0000] {dag.py:3954} INFO - Setting next_dagrun for data_quality_check to 2026-09-30 12:00:00+00:00, run_after=2026-10-01 12:00:00+00:00
[2026-09-30T15:05:36.682+0000] {logging_mixin.py:188} INFO - [2026-09-30T15:05:36.682+0000] {dag.py:3954} INFO - Setting next_dagrun for produce_json to 2026-09-30 12:00:00+00:00, run_after=2026-10-01 12:00:00+00:00
[2026-09-30T15:05:36.686+0000] {logging_mixin.py:188} INFO - [2026-09-30T15:05:36.686+0000] {dag.py:3954} INFO - Setting next_dagrun for update_db to 2026-09-30 12:00:00+00:00, run_after=2026-10-01 12:00:00+00:00
[2026-09-30T15:05:36.714+0000] {processor.py:183} INFO - Processing /opt/airflow/dags/main.py took 0.472 seconds
[2026-09-30T15:06:06.965+0000] {processor.py:161} INFO - Started process (PID=2582) to work on /opt/airflow/dags/main.py
[2026-09-30T15:06:06.967+0000] {processor.py:830} INFO - Processing file /opt/airflow/dags/main.py for tasks to queue
[2026-09-30T15:06:06.971+0000] {logging_mixin.py:188} INFO - [2026-09-30T15:06:06.971+0000] {dagbag.py:545} INFO - Filling up the DagBag from /opt/airflow/dags/main.py
[2026-09-30T15:06:07.296+0000] {processor.py:840} INFO - DAG(s) 'update_db', 'data_quality_check', 'produce_json' retrieved from /opt/airflow/dags/main.py
[2026-09-30T15:06:07.325+0000] {logging_mixin.py:188} INFO - [2026-09-30T15:06:07.325+0000] {dag.py:3096} INFO - Sync 3 DAGs
[2026-09-30T15:06:07.347+0000] {logging_mixin.py:188} INFO - [2026-09-30T15:06:07.347+0000] {dag.py:3954} INFO - Setting next_dagrun for data_quality_check to 2026-09-30 12:00:00+00:00, run_after=2026-10-01 12:00:00+00:00
[2026-09-30T15:06:07.355+0000] {logging_mixin.py:188} INFO - [2026-09-30T15:06:07.354+0000] {dag.py:3954} INFO - Setting next_dagrun for produce_json to 2026-09-30 12:00:00+00:00, run_after=2026-10-01 12:00:00+00:00
[2026-09-30T15:06:07.358+0000] {logging_mixin.py:188} INFO - [2026-09-30T15:06:07.358+0000] {dag.py:3954} INFO - Setting next_dagrun for update_db to 2026-09-30 12:00:00+00:00, run_after=2026-10-01 12:00:00+00:00
[2026-09-30T15:06:07.381+0000] {processor.py:183} INFO - Processing /opt/airflow/dags/main.py took 0.429 seconds
[2026-09-30T15:06:37.709+0000] {processor.py:161} INFO - Started process (PID=2589) to work on /opt/airflow/dags/main.py
[2026-09-30T15:06:37.712+0000] {processor.py:830} INFO - Processing file /opt/airflow/dags/main.py for tasks to queue
[2026-09-30T15:06:37.715+0000] {logging_mixin.py:188} INFO - [2026-09-30T15:06:37.715+0000] {dagbag.py:545} INFO - Filling up the DagBag from /opt/airflow/dags/main.py
[2026-09-30T15:06:38.015+0000] {processor.py:840} INFO - DAG(s) 'update_db', 'produce_json', 'data_quality_check' retrieved from /opt/airflow/dags/main.py
[2026-09-30T15:06:38.041+0000] {logging_mixin.py:188} INFO - [2026-09-30T15:06:38.040+0000] {dag.py:3096} INFO - Sync 3 DAGs
[2026-09-30T15:06:38.060+0000] {logging_mixin.py:188} INFO - [2026-09-30T15:06:38.060+0000] {dag.py:3954} INFO - Setting next_dagrun for data_quality_check to 2026-09-30 12:00:00+00:00, run_after=2026-10-01 12:00:00+00:00
[2026-09-30T15:06:38.067+0000] {logging_mixin.py:188} INFO - [2026-09-30T15:06:38.067+0000] {dag.py:3954} INFO - Setting next_dagrun for produce_json to 2026-09-30 12:00:00+00:00, run_after=2026-10-01 12:00:00+00:00
[2026-09-30T15:06:38.071+0000] {logging_mixin.py:188} INFO - [2026-09-30T15:06:38.071+0000] {dag.py:3954} INFO - Setting next_dagrun for update_db to 2026-09-30 12:00:00+00:00, run_after=2026-10-01 12:00:00+00:00
[2026-09-30T15:06:38.093+0000] {processor.py:183} INFO - Processing /opt/airflow/dags/main.py took 0.390 seconds
[2026-09-30T15:07:08.448+0000] {processor.py:161} INFO - Started process (PID=2596) to work on /opt/airflow/dags/main.py
[2026-09-30T15:07:08.451+0000] {processor.py:830} INFO - Processing file /opt/airflow/dags/main.py for tasks to queue
[2026-09-30T15:07:08.455+0000] {logging_mixin.py:188} INFO - [2026-09-30T15:07:08.455+0000] {dagbag.py:545} INFO - Filling up the DagBag from /opt/airflow/dags/main.py
[2026-09-30T15:07:08.767+0000] {processor.py:840} INFO - DAG(s) 'produce_json', 'update_db', 'data_quality_check' retrieved from /opt/airflow/dags/main.py
[2026-09-30T15:07:08.804+0000] {logging_mixin.py:188} INFO - [2026-09-30T15:07:08.804+0000] {dag.py:3096} INFO - Sync 3 DAGs
[2026-09-30T15:07:08.827+0000] {logging_mixin.py:188} INFO - [2026-09-30T15:07:08.827+0000] {dag.py:3954} INFO - Setting next_dagrun for data_quality_check to 2026-09-30 12:00:00+00:00, run_after=2026-10-01 12:00:00+00:00
[2026-09-30T15:07:08.834+0000] {logging_mixin.py:188} INFO - [2026-09-30T15:07:08.834+0000] {dag.py:3954} INFO - Setting next_dagrun for produce_json to 2026-09-30 12:00:00+00:00, run_after=2026-10-01 12:00:00+00:00
[2026-09-30T15:07:08.838+0000] {logging_mixin.py:188} INFO - [2026-09-30T15:07:08.837+0000] {dag.py:3954} INFO - Setting next_dagrun for update_db to 2026-09-30 12:00:00+00:00, run_after=2026-10-01 12:00:00+00:00
[2026-09-30T15:07:08.860+0000] {processor.py:183} INFO - Processing /opt/airflow/dags/main.py took 0.425 seconds
[2026-09-30T15:07:39.235+0000] {processor.py:161} INFO - Started process (PID=2603) to work on /opt/airflow/dags/main.py
[2026-09-30T15:07:39.238+0000] {processor.py:830} INFO - Processing file /opt/airflow/dags/main.py for tasks to queue
[2026-09-30T15:07:39.241+0000] {logging_mixin.py:188} INFO - [2026-09-30T15:07:39.241+0000] {dagbag.py:545} INFO - Filling up the DagBag from /opt/airflow/dags/main.py
[2026-09-30T15:07:39.554+0000] {processor.py:840} INFO - DAG(s) 'produce_json', 'update_db', 'data_quality_check' retrieved from /opt/airflow/dags/main.py
[2026-09-30T15:07:39.584+0000] {logging_mixin.py:188} INFO - [2026-09-30T15:07:39.584+0000] {dag.py:3096} INFO - Sync 3 DAGs
[2026-09-30T15:07:39.604+0000] {logging_mixin.py:188} INFO - [2026-09-30T15:07:39.604+0000] {dag.py:3954} INFO - Setting next_dagrun for data_quality_check to 2026-09-30 12:00:00+00:00, run_after=2026-10-01 12:00:00+00:00
[2026-09-30T15:07:39.611+0000] {logging_mixin.py:188} INFO - [2026-09-30T15:07:39.610+0000] {dag.py:3954} INFO - Setting next_dagrun for produce_json to 2026-09-30 12:00:00+00:00, run_after=2026-10-01 12:00:00+00:00
[2026-09-30T15:07:39.614+0000] {logging_mixin.py:188} INFO - [2026-09-30T15:07:39.614+0000] {dag.py:3954} INFO - Setting next_dagrun for update_db to 2026-09-30 12:00:00+00:00, run_after=2026-10-01 12:00:00+00:00
[2026-09-30T15:07:39.636+0000] {processor.py:183} INFO - Processing /opt/airflow/dags/main.py took 0.407 seconds
[2026-09-30T15:08:10.000+0000] {processor.py:161} INFO - Started process (PID=2610) to work on /opt/airflow/dags/main.py
[2026-09-30T15:08:10.004+0000] {processor.py:830} INFO - Processing file /opt/airflow/dags/main.py for tasks to queue
[2026-09-30T15:08:10.007+0000] {logging_mixin.py:188} INFO - [2026-09-30T15:08:10.007+0000] {dagbag.py:545} INFO - Filling up the DagBag from /opt/airflow/dags/main.py
[2026-09-30T15:08:10.327+0000] {processor.py:840} INFO - DAG(s) 'data_quality_check', 'produce_json', 'update_db' retrieved from /opt/airflow/dags/main.py
[2026-09-30T15:08:10.359+0000] {logging_mixin.py:188} INFO - [2026-09-30T15:08:10.359+0000] {dag.py:3096} INFO - Sync 3 DAGs
[2026-09-30T15:08:10.382+0000] {logging_mixin.py:188} INFO - [2026-09-30T15:08:10.382+0000] {dag.py:3954} INFO - Setting next_dagrun for data_quality_check to 2026-09-30 12:00:00+00:00, run_after=2026-10-01 12:00:00+00:00
[2026-09-30T15:08:10.389+0000] {logging_mixin.py:188} INFO - [2026-09-30T15:08:10.389+0000] {dag.py:3954} INFO - Setting next_dagrun for produce_json to 2026-09-30 12:00:00+00:00, run_after=2026-10-01 12:00:00+00:00
[2026-09-30T15:08:10.392+0000] {logging_mixin.py:188} INFO - [2026-09-30T15:08:10.392+0000] {dag.py:3954} INFO - Setting next_dagrun for update_db to 2026-09-30 12:00:00+00:00, run_after=2026-10-01 12:00:00+00:00
[2026-09-30T15:08:10.415+0000] {processor.py:183} INFO - Processing /opt/airflow/dags/main.py took 0.422 seconds
[2026-09-30T15:08:40.840+0000] {processor.py:161} INFO - Started process (PID=2617) to work on /opt/airflow/dags/main.py
[2026-09-30T15:08:40.845+0000] {processor.py:830} INFO - Processing file /opt/airflow/dags/main.py for tasks to queue
[2026-09-30T15:08:40.855+0000] {logging_mixin.py:188} INFO - [2026-09-30T15:08:40.853+0000] {dagbag.py:545} INFO - Filling up the DagBag from /opt/airflow/dags/main.py
[2026-09-30T15:08:41.858+0000] {processor.py:840} INFO - DAG(s) 'produce_json', 'update_db', 'data_quality_check' retrieved from /opt/airflow/dags/main.py
[2026-09-30T15:08:41.922+0000] {logging_mixin.py:188} INFO - [2026-09-30T15:08:41.921+0000] {dag.py:3096} INFO - Sync 3 DAGs
[2026-09-30T15:08:41.977+0000] {logging_mixin.py:188} INFO - [2026-09-30T15:08:41.977+0000] {dag.py:3954} INFO - Setting next_dagrun for data_quality_check to 2026-09-30 12:00:00+00:00, run_after=2026-10-01 12:00:00+00:00
[2026-09-30T15:08:41.997+0000] {logging_mixin.py:188} INFO - [2026-09-30T15:08:41.996+0000] {dag.py:3954} INFO - Setting next_dagrun for produce_json to 2026-09-30 12:00:00+00:00, run_after=2026-10-01 12:00:00+00:00
[2026-09-30T15:08:42.004+0000] {logging_mixin.py:188} INFO - [2026-09-30T15:08:42.003+0000] {dag.py:3954} INFO - Setting next_dagrun for update_db to 2026-09-30 12:00:00+00:00, run_after=2026-10-01 12:00:00+00:00
[2026-09-30T15:08:42.155+0000] {processor.py:183} INFO - Processing /opt/airflow/dags/main.py took 1.337 seconds
[2026-09-30T15:09:12.576+0000] {processor.py:161} INFO - Started process (PID=2624) to work on /opt/airflow/dags/main.py
[2026-09-30T15:09:12.581+0000] {processor.py:830} INFO - Processing file /opt/airflow/dags/main.py for tasks to queue
[2026-09-30T15:09:12.587+0000] {logging_mixin.py:188} INFO - [2026-09-30T15:09:12.586+0000] {dagbag.py:545} INFO - Filling up the DagBag from /opt/airflow/dags/main.py
[2026-09-30T15:09:13.035+0000] {processor.py:840} INFO - DAG(s) 'produce_json', 'update_db', 'data_quality_check' retrieved from /opt/airflow/dags/main.py
[2026-09-30T15:09:13.088+0000] {logging_mixin.py:188} INFO - [2026-09-30T15:09:13.088+0000] {dag.py:3096} INFO - Sync 3 DAGs
[2026-09-30T15:09:13.124+0000] {logging_mixin.py:188} INFO - [2026-09-30T15:09:13.124+0000] {dag.py:3954} INFO - Setting next_dagrun for data_quality_check to 2026-09-30 12:00:00+00:00, run_after=2026-10-01 12:00:00+00:00
[2026-09-30T15:09:13.134+0000] {logging_mixin.py:188} INFO - [2026-09-30T15:09:13.134+0000] {dag.py:3954} INFO - Setting next_dagrun for produce_json to 2026-09-30 12:00:00+00:00, run_after=2026-10-01 12:00:00+00:00
[2026-09-30T15:09:13.138+0000] {logging_mixin.py:188} INFO - [2026-09-30T15:09:13.138+0000] {dag.py:3954} INFO - Setting next_dagrun for update_db to 2026-09-30 12:00:00+00:00, run_after=2026-10-01 12:00:00+00:00
[2026-09-30T15:09:13.180+0000] {processor.py:183} INFO - Processing /opt/airflow/dags/main.py took 0.620 seconds
[2026-09-30T15:09:43.553+0000] {processor.py:161} INFO - Started process (PID=2631) to work on /opt/airflow/dags/main.py
[2026-09-30T15:09:43.560+0000] {processor.py:830} INFO - Processing file /opt/airflow/dags/main.py for tasks to queue
[2026-09-30T15:09:43.575+0000] {logging_mixin.py:188} INFO - [2026-09-30T15:09:43.574+0000] {dagbag.py:545} INFO - Filling up the DagBag from /opt/airflow/dags/main.py
[2026-09-30T15:09:44.333+0000] {processor.py:840} INFO - DAG(s) 'produce_json', 'update_db', 'data_quality_check' retrieved from /opt/airflow/dags/main.py
[2026-09-30T15:09:44.499+0000] {logging_mixin.py:188} INFO - [2026-09-30T15:09:44.496+0000] {dag.py:3096} INFO - Sync 3 DAGs
[2026-09-30T15:09:44.598+0000] {logging_mixin.py:188} INFO - [2026-09-30T15:09:44.597+0000] {dag.py:3954} INFO - Setting next_dagrun for data_quality_check to 2026-09-30 12:00:00+00:00, run_after=2026-10-01 12:00:00+00:00
[2026-09-30T15:09:44.618+0000] {logging_mixin.py:188} INFO - [2026-09-30T15:09:44.617+0000] {dag.py:3954} INFO - Setting next_dagrun for produce_json to 2026-09-30 12:00:00+00:00, run_after=2026-10-01 12:00:00+00:00
[2026-09-30T15:09:44.626+0000] {logging_mixin.py:188} INFO - [2026-09-30T15:09:44.625+0000] {dag.py:3954} INFO - Setting next_dagrun for update_db to 2026-09-30 12:00:00+00:00, run_after=2026-10-01 12:00:00+00:00
[2026-09-30T15:09:44.703+0000] {processor.py:183} INFO - Processing /opt/airflow/dags/main.py took 1.188 seconds
[2026-09-30T15:10:15.040+0000] {processor.py:161} INFO - Started process (PID=2638) to work on /opt/airflow/dags/main.py
[2026-09-30T15:10:15.044+0000] {processor.py:830} INFO - Processing file /opt/airflow/dags/main.py for tasks to queue
[2026-09-30T15:10:15.052+0000] {logging_mixin.py:188} INFO - [2026-09-30T15:10:15.051+0000] {dagbag.py:545} INFO - Filling up the DagBag from /opt/airflow/dags/main.py
[2026-09-30T15:10:15.678+0000] {processor.py:840} INFO - DAG(s) 'produce_json', 'data_quality_check', 'update_db' retrieved from /opt/airflow/dags/main.py
[2026-09-30T15:10:15.874+0000] {logging_mixin.py:188} INFO - [2026-09-30T15:10:15.873+0000] {dag.py:3096} INFO - Sync 3 DAGs
[2026-09-30T15:10:16.053+0000] {logging_mixin.py:188} INFO - [2026-09-30T15:10:16.052+0000] {dag.py:3954} INFO - Setting next_dagrun for data_quality_check to 2026-09-30 12:00:00+00:00, run_after=2026-10-01 12:00:00+00:00
[2026-09-30T15:10:16.111+0000] {logging_mixin.py:188} INFO - [2026-09-30T15:10:16.109+0000] {dag.py:3954} INFO - Setting next_dagrun for produce_json to 2026-09-30 12:00:00+00:00, run_after=2026-10-01 12:00:00+00:00
[2026-09-30T15:10:16.127+0000] {logging_mixin.py:188} INFO - [2026-09-30T15:10:16.126+0000] {dag.py:3954} INFO - Setting next_dagrun for update_db to 2026-09-30 12:00:00+00:00, run_after=2026-10-01 12:00:00+00:00
[2026-09-30T15:10:16.326+0000] {processor.py:183} INFO - Processing /opt/airflow/dags/main.py took 1.311 seconds
[2026-09-30T15:10:46.730+0000] {processor.py:161} INFO - Started process (PID=2645) to work on /opt/airflow/dags/main.py
[2026-09-30T15:10:46.733+0000] {processor.py:830} INFO - Processing file /opt/airflow/dags/main.py for tasks to queue
[2026-09-30T15:10:46.736+0000] {logging_mixin.py:188} INFO - [2026-09-30T15:10:46.736+0000] {dagbag.py:545} INFO - Filling up the DagBag from /opt/airflow/dags/main.py
[2026-09-30T15:10:47.066+0000] {processor.py:840} INFO - DAG(s) 'update_db', 'produce_json', 'data_quality_check' retrieved from /opt/airflow/dags/main.py
[2026-09-30T15:10:47.092+0000] {logging_mixin.py:188} INFO - [2026-09-30T15:10:47.092+0000] {dag.py:3096} INFO - Sync 3 DAGs
[2026-09-30T15:10:47.112+0000] {logging_mixin.py:188} INFO - [2026-09-30T15:10:47.112+0000] {dag.py:3954} INFO - Setting next_dagrun for data_quality_check to 2026-09-30 12:00:00+00:00, run_after=2026-10-01 12:00:00+00:00
[2026-09-30T15:10:47.118+0000] {logging_mixin.py:188} INFO - [2026-09-30T15:10:47.118+0000] {dag.py:3954} INFO - Setting next_dagrun for produce_json to 2026-09-30 12:00:00+00:00, run_after=2026-10-01 12:00:00+00:00
[2026-09-30T15:10:47.122+0000] {logging_mixin.py:188} INFO - [2026-09-30T15:10:47.121+0000] {dag.py:3954} INFO - Setting next_dagrun for update_db to 2026-09-30 12:00:00+00:00, run_after=2026-10-01 12:00:00+00:00
[2026-09-30T15:10:47.141+0000] {processor.py:183} INFO - Processing /opt/airflow/dags/main.py took 0.416 seconds
[2026-09-30T15:11:17.506+0000] {processor.py:161} INFO - Started process (PID=2652) to work on /opt/airflow/dags/main.py
[2026-09-30T15:11:17.509+0000] {processor.py:830} INFO - Processing file /opt/airflow/dags/main.py for tasks to queue
[2026-09-30T15:11:17.513+0000] {logging_mixin.py:188} INFO - [2026-09-30T15:11:17.512+0000] {dagbag.py:545} INFO - Filling up the DagBag from /opt/airflow/dags/main.py
[2026-09-30T15:11:17.789+0000] {processor.py:840} INFO - DAG(s) 'produce_json', 'data_quality_check', 'update_db' retrieved from /opt/airflow/dags/main.py
[2026-09-30T15:11:17.836+0000] {logging_mixin.py:188} INFO - [2026-09-30T15:11:17.835+0000] {dag.py:3096} INFO - Sync 3 DAGs
[2026-09-30T15:11:17.869+0000] {logging_mixin.py:188} INFO - [2026-09-30T15:11:17.868+0000] {dag.py:3954} INFO - Setting next_dagrun for data_quality_check to 2026-09-30 12:00:00+00:00, run_after=2026-10-01 12:00:00+00:00
[2026-09-30T15:11:17.881+0000] {logging_mixin.py:188} INFO - [2026-09-30T15:11:17.881+0000] {dag.py:3954} INFO - Setting next_dagrun for produce_json to 2026-09-30 12:00:00+00:00, run_after=2026-10-01 12:00:00+00:00
[2026-09-30T15:11:17.886+0000] {logging_mixin.py:188} INFO - [2026-09-30T15:11:17.886+0000] {dag.py:3954} INFO - Setting next_dagrun for update_db to 2026-09-30 12:00:00+00:00, run_after=2026-10-01 12:00:00+00:00
[2026-09-30T15:11:17.916+0000] {processor.py:183} INFO - Processing /opt/airflow/dags/main.py took 0.419 seconds
[2026-09-30T15:11:48.341+0000] {processor.py:161} INFO - Started process (PID=2659) to work on /opt/airflow/dags/main.py
[2026-09-30T15:11:48.344+0000] {processor.py:830} INFO - Processing file /opt/airflow/dags/main.py for tasks to queue
[2026-09-30T15:11:48.348+0000] {logging_mixin.py:188} INFO - [2026-09-30T15:11:48.347+0000] {dagbag.py:545} INFO - Filling up the DagBag from /opt/airflow/dags/main.py
[2026-09-30T15:11:48.641+0000] {processor.py:840} INFO - DAG(s) 'update_db', 'produce_json', 'data_quality_check' retrieved from /opt/airflow/dags/main.py
[2026-09-30T15:11:48.692+0000] {logging_mixin.py:188} INFO - [2026-09-30T15:11:48.691+0000] {dag.py:3096} INFO - Sync 3 DAGs
[2026-09-30T15:11:48.728+0000] {logging_mixin.py:188} INFO - [2026-09-30T15:11:48.728+0000] {dag.py:3954} INFO - Setting next_dagrun for data_quality_check to 2026-09-30 12:00:00+00:00, run_after=2026-10-01 12:00:00+00:00
[2026-09-30T15:11:48.740+0000] {logging_mixin.py:188} INFO - [2026-09-30T15:11:48.740+0000] {dag.py:3954} INFO - Setting next_dagrun for produce_json to 2026-09-30 12:00:00+00:00, run_after=2026-10-01 12:00:00+00:00
[2026-09-30T15:11:48.746+0000] {logging_mixin.py:188} INFO - [2026-09-30T15:11:48.746+0000] {dag.py:3954} INFO - Setting next_dagrun for update_db to 2026-09-30 12:00:00+00:00, run_after=2026-10-01 12:00:00+00:00
[2026-09-30T15:11:48.780+0000] {processor.py:183} INFO - Processing /opt/airflow/dags/main.py took 0.450 seconds
[2026-09-30T15:12:19.177+0000] {processor.py:161} INFO - Started process (PID=2666) to work on /opt/airflow/dags/main.py
[2026-09-30T15:12:19.181+0000] {processor.py:830} INFO - Processing file /opt/airflow/dags/main.py for tasks to queue
[2026-09-30T15:12:19.185+0000] {logging_mixin.py:188} INFO - [2026-09-30T15:12:19.184+0000] {dagbag.py:545} INFO - Filling up the DagBag from /opt/airflow/dags/main.py
[2026-09-30T15:12:19.486+0000] {processor.py:840} INFO - DAG(s) 'data_quality_check', 'update_db', 'produce_json' retrieved from /opt/airflow/dags/main.py
[2026-09-30T15:12:19.515+0000] {logging_mixin.py:188} INFO - [2026-09-30T15:12:19.515+0000] {dag.py:3096} INFO - Sync 3 DAGs
[2026-09-30T15:12:19.538+0000] {logging_mixin.py:188} INFO - [2026-09-30T15:12:19.538+0000] {dag.py:3954} INFO - Setting next_dagrun for data_quality_check to 2026-09-30 12:00:00+00:00, run_after=2026-10-01 12:00:00+00:00
[2026-09-30T15:12:19.545+0000] {logging_mixin.py:188} INFO - [2026-09-30T15:12:19.545+0000] {dag.py:3954} INFO - Setting next_dagrun for produce_json to 2026-09-30 12:00:00+00:00, run_after=2026-10-01 12:00:00+00:00
[2026-09-30T15:12:19.548+0000] {logging_mixin.py:188} INFO - [2026-09-30T15:12:19.548+0000] {dag.py:3954} INFO - Setting next_dagrun for update_db to 2026-09-30 12:00:00+00:00, run_after=2026-10-01 12:00:00+00:00
[2026-09-30T15:12:19.570+0000] {processor.py:183} INFO - Processing /opt/airflow/dags/main.py took 0.400 seconds
[2026-09-30T15:12:50.389+0000] {processor.py:161} INFO - Started process (PID=2673) to work on /opt/airflow/dags/main.py
[2026-09-30T15:12:50.391+0000] {processor.py:830} INFO - Processing file /opt/airflow/dags/main.py for tasks to queue
[2026-09-30T15:12:50.395+0000] {logging_mixin.py:188} INFO - [2026-09-30T15:12:50.395+0000] {dagbag.py:545} INFO - Filling up the DagBag from /opt/airflow/dags/main.py
[2026-09-30T15:12:50.676+0000] {processor.py:840} INFO - DAG(s) 'data_quality_check', 'update_db', 'produce_json' retrieved from /opt/airflow/dags/main.py
[2026-09-30T15:12:50.706+0000] {logging_mixin.py:188} INFO - [2026-09-30T15:12:50.706+0000] {dag.py:3096} INFO - Sync 3 DAGs
[2026-09-30T15:12:50.725+0000] {logging_mixin.py:188} INFO - [2026-09-30T15:12:50.725+0000] {dag.py:3954} INFO - Setting next_dagrun for data_quality_check to 2026-09-30 12:00:00+00:00, run_after=2026-10-01 12:00:00+00:00
[2026-09-30T15:12:50.731+0000] {logging_mixin.py:188} INFO - [2026-09-30T15:12:50.731+0000] {dag.py:3954} INFO - Setting next_dagrun for produce_json to 2026-09-30 12:00:00+00:00, run_after=2026-10-01 12:00:00+00:00
[2026-09-30T15:12:50.735+0000] {logging_mixin.py:188} INFO - [2026-09-30T15:12:50.735+0000] {dag.py:3954} INFO - Setting next_dagrun for update_db to 2026-09-30 12:00:00+00:00, run_after=2026-10-01 12:00:00+00:00
[2026-09-30T15:12:50.756+0000] {processor.py:183} INFO - Processing /opt/airflow/dags/main.py took 0.373 seconds
[2026-09-30T15:13:21.082+0000] {processor.py:161} INFO - Started process (PID=2680) to work on /opt/airflow/dags/main.py
[2026-09-30T15:13:21.085+0000] {processor.py:830} INFO - Processing file /opt/airflow/dags/main.py for tasks to queue
[2026-09-30T15:13:21.091+0000] {logging_mixin.py:188} INFO - [2026-09-30T15:13:21.090+0000] {dagbag.py:545} INFO - Filling up the DagBag from /opt/airflow/dags/main.py
[2026-09-30T15:13:21.379+0000] {processor.py:840} INFO - DAG(s) 'update_db', 'data_quality_check', 'produce_json' retrieved from /opt/airflow/dags/main.py
[2026-09-30T15:13:21.409+0000] {logging_mixin.py:188} INFO - [2026-09-30T15:13:21.409+0000] {dag.py:3096} INFO - Sync 3 DAGs
[2026-09-30T15:13:21.434+0000] {logging_mixin.py:188} INFO - [2026-09-30T15:13:21.433+0000] {dag.py:3954} INFO - Setting next_dagrun for data_quality_check to 2026-09-30 12:00:00+00:00, run_after=2026-10-01 12:00:00+00:00
[2026-09-30T15:13:21.440+0000] {logging_mixin.py:188} INFO - [2026-09-30T15:13:21.440+0000] {dag.py:3954} INFO - Setting next_dagrun for produce_json to 2026-09-30 12:00:00+00:00, run_after=2026-10-01 12:00:00+00:00
[2026-09-30T15:13:21.443+0000] {logging_mixin.py:188} INFO - [2026-09-30T15:13:21.443+0000] {dag.py:3954} INFO - Setting next_dagrun for update_db to 2026-09-30 12:00:00+00:00, run_after=2026-10-01 12:00:00+00:00
[2026-09-30T15:13:21.463+0000] {processor.py:183} INFO - Processing /opt/airflow/dags/main.py took 0.396 seconds
[2026-09-30T15:13:51.834+0000] {processor.py:161} INFO - Started process (PID=2687) to work on /opt/airflow/dags/main.py
[2026-09-30T15:13:51.837+0000] {processor.py:830} INFO - Processing file /opt/airflow/dags/main.py for tasks to queue
[2026-09-30T15:13:51.841+0000] {logging_mixin.py:188} INFO - [2026-09-30T15:13:51.841+0000] {dagbag.py:545} INFO - Filling up the DagBag from /opt/airflow/dags/main.py
[2026-09-30T15:13:52.116+0000] {processor.py:840} INFO - DAG(s) 'produce_json', 'data_quality_check', 'update_db' retrieved from /opt/airflow/dags/main.py
[2026-09-30T15:13:52.147+0000] {logging_mixin.py:188} INFO - [2026-09-30T15:13:52.147+0000] {dag.py:3096} INFO - Sync 3 DAGs
[2026-09-30T15:13:52.170+0000] {logging_mixin.py:188} INFO - [2026-09-30T15:13:52.169+0000] {dag.py:3954} INFO - Setting next_dagrun for data_quality_check to 2026-09-30 12:00:00+00:00, run_after=2026-10-01 12:00:00+00:00
[2026-09-30T15:13:52.177+0000] {logging_mixin.py:188} INFO - [2026-09-30T15:13:52.176+0000] {dag.py:3954} INFO - Setting next_dagrun for produce_json to 2026-09-30 12:00:00+00:00, run_after=2026-10-01 12:00:00+00:00
[2026-09-30T15:13:52.181+0000] {logging_mixin.py:188} INFO - [2026-09-30T15:13:52.181+0000] {dag.py:3954} INFO - Setting next_dagrun for update_db to 2026-09-30 12:00:00+00:00, run_after=2026-10-01 12:00:00+00:00
[2026-09-30T15:13:52.203+0000] {processor.py:183} INFO - Processing /opt/airflow/dags/main.py took 0.380 seconds
[2026-09-30T15:14:22.535+0000] {processor.py:161} INFO - Started process (PID=2700) to work on /opt/airflow/dags/main.py
[2026-09-30T15:14:22.538+0000] {processor.py:830} INFO - Processing file /opt/airflow/dags/main.py for tasks to queue
[2026-09-30T15:14:22.542+0000] {logging_mixin.py:188} INFO - [2026-09-30T15:14:22.541+0000] {dagbag.py:545} INFO - Filling up the DagBag from /opt/airflow/dags/main.py
[2026-09-30T15:14:22.781+0000] {processor.py:840} INFO - DAG(s) 'produce_json', 'data_quality_check', 'update_db' retrieved from /opt/airflow/dags/main.py
[2026-09-30T15:14:22.809+0000] {logging_mixin.py:188} INFO - [2026-09-30T15:14:22.808+0000] {dag.py:3096} INFO - Sync 3 DAGs
[2026-09-30T15:14:22.828+0000] {logging_mixin.py:188} INFO - [2026-09-30T15:14:22.828+0000] {dag.py:3954} INFO - Setting next_dagrun for data_quality_check to 2026-09-30 12:00:00+00:00, run_after=2026-10-01 12:00:00+00:00
[2026-09-30T15:14:22.835+0000] {logging_mixin.py:188} INFO - [2026-09-30T15:14:22.835+0000] {dag.py:3954} INFO - Setting next_dagrun for produce_json to 2026-09-30 12:00:00+00:00, run_after=2026-10-01 12:00:00+00:00
[2026-09-30T15:14:22.838+0000] {logging_mixin.py:188} INFO - [2026-09-30T15:14:22.838+0000] {dag.py:3954} INFO - Setting next_dagrun for update_db to 2026-09-30 12:00:00+00:00, run_after=2026-10-01 12:00:00+00:00
[2026-09-30T15:14:22.856+0000] {processor.py:183} INFO - Processing /opt/airflow/dags/main.py took 0.327 seconds
[2026-09-30T15:14:53.215+0000] {processor.py:161} INFO - Started process (PID=2707) to work on /opt/airflow/dags/main.py
[2026-09-30T15:14:53.219+0000] {processor.py:830} INFO - Processing file /opt/airflow/dags/main.py for tasks to queue
[2026-09-30T15:14:53.224+0000] {logging_mixin.py:188} INFO - [2026-09-30T15:14:53.223+0000] {dagbag.py:545} INFO - Filling up the DagBag from /opt/airflow/dags/main.py
[2026-09-30T15:14:53.516+0000] {processor.py:840} INFO - DAG(s) 'data_quality_check', 'update_db', 'produce_json' retrieved from /opt/airflow/dags/main.py
[2026-09-30T15:14:53.555+0000] {logging_mixin.py:188} INFO - [2026-09-30T15:14:53.555+0000] {dag.py:3096} INFO - Sync 3 DAGs
[2026-09-30T15:14:53.584+0000] {logging_mixin.py:188} INFO - [2026-09-30T15:14:53.584+0000] {dag.py:3954} INFO - Setting next_dagrun for data_quality_check to 2026-09-30 12:00:00+00:00, run_after=2026-10-01 12:00:00+00:00
[2026-09-30T15:14:53.595+0000] {logging_mixin.py:188} INFO - [2026-09-30T15:14:53.594+0000] {dag.py:3954} INFO - Setting next_dagrun for produce_json to 2026-09-30 12:00:00+00:00, run_after=2026-10-01 12:00:00+00:00
[2026-09-30T15:14:53.600+0000] {logging_mixin.py:188} INFO - [2026-09-30T15:14:53.600+0000] {dag.py:3954} INFO - Setting next_dagrun for update_db to 2026-09-30 12:00:00+00:00, run_after=2026-10-01 12:00:00+00:00
[2026-09-30T15:14:53.628+0000] {processor.py:183} INFO - Processing /opt/airflow/dags/main.py took 0.434 seconds
[2026-09-30T15:15:23.954+0000] {processor.py:161} INFO - Started process (PID=2715) to work on /opt/airflow/dags/main.py
[2026-09-30T15:15:23.956+0000] {processor.py:830} INFO - Processing file /opt/airflow/dags/main.py for tasks to queue
[2026-09-30T15:15:23.959+0000] {logging_mixin.py:188} INFO - [2026-09-30T15:15:23.959+0000] {dagbag.py:545} INFO - Filling up the DagBag from /opt/airflow/dags/main.py
[2026-09-30T15:15:24.237+0000] {processor.py:840} INFO - DAG(s) 'update_db', 'data_quality_check', 'produce_json' retrieved from /opt/airflow/dags/main.py
[2026-09-30T15:15:24.265+0000] {logging_mixin.py:188} INFO - [2026-09-30T15:15:24.265+0000] {dag.py:3096} INFO - Sync 3 DAGs
[2026-09-30T15:15:24.286+0000] {logging_mixin.py:188} INFO - [2026-09-30T15:15:24.286+0000] {dag.py:3954} INFO - Setting next_dagrun for data_quality_check to 2026-09-30 12:00:00+00:00, run_after=2026-10-01 12:00:00+00:00
[2026-09-30T15:15:24.292+0000] {logging_mixin.py:188} INFO - [2026-09-30T15:15:24.292+0000] {dag.py:3954} INFO - Setting next_dagrun for produce_json to 2026-09-30 12:00:00+00:00, run_after=2026-10-01 12:00:00+00:00
[2026-09-30T15:15:24.296+0000] {logging_mixin.py:188} INFO - [2026-09-30T15:15:24.296+0000] {dag.py:3954} INFO - Setting next_dagrun for update_db to 2026-09-30 12:00:00+00:00, run_after=2026-10-01 12:00:00+00:00
[2026-09-30T15:15:24.316+0000] {processor.py:183} INFO - Processing /opt/airflow/dags/main.py took 0.368 seconds
[2026-09-30T15:15:54.651+0000] {processor.py:161} INFO - Started process (PID=2722) to work on /opt/airflow/dags/main.py
[2026-09-30T15:15:54.655+0000] {processor.py:830} INFO - Processing file /opt/airflow/dags/main.py for tasks to queue
[2026-09-30T15:15:54.659+0000] {logging_mixin.py:188} INFO - [2026-09-30T15:15:54.659+0000] {dagbag.py:545} INFO - Filling up the DagBag from /opt/airflow/dags/main.py
[2026-09-30T15:15:55.010+0000] {processor.py:840} INFO - DAG(s) 'produce_json', 'data_quality_check', 'update_db' retrieved from /opt/airflow/dags/main.py
[2026-09-30T15:15:55.090+0000] {logging_mixin.py:188} INFO - [2026-09-30T15:15:55.089+0000] {dag.py:3096} INFO - Sync 3 DAGs
[2026-09-30T15:15:55.121+0000] {logging_mixin.py:188} INFO - [2026-09-30T15:15:55.120+0000] {dag.py:3954} INFO - Setting next_dagrun for data_quality_check to 2026-09-30 12:00:00+00:00, run_after=2026-10-01 12:00:00+00:00
[2026-09-30T15:15:55.129+0000] {logging_mixin.py:188} INFO - [2026-09-30T15:15:55.128+0000] {dag.py:3954} INFO - Setting next_dagrun for produce_json to 2026-09-30 12:00:00+00:00, run_after=2026-10-01 12:00:00+00:00
[2026-09-30T15:15:55.132+0000] {logging_mixin.py:188} INFO - [2026-09-30T15:15:55.132+0000] {dag.py:3954} INFO - Setting next_dagrun for update_db to 2026-09-30 12:00:00+00:00, run_after=2026-10-01 12:00:00+00:00
[2026-09-30T15:15:55.155+0000] {processor.py:183} INFO - Processing /opt/airflow/dags/main.py took 0.512 seconds
[2026-09-30T15:16:25.509+0000] {processor.py:161} INFO - Started process (PID=2729) to work on /opt/airflow/dags/main.py
[2026-09-30T15:16:25.512+0000] {processor.py:830} INFO - Processing file /opt/airflow/dags/main.py for tasks to queue
[2026-09-30T15:16:25.516+0000] {logging_mixin.py:188} INFO - [2026-09-30T15:16:25.516+0000] {dagbag.py:545} INFO - Filling up the DagBag from /opt/airflow/dags/main.py
[2026-09-30T15:16:25.829+0000] {processor.py:840} INFO - DAG(s) 'update_db', 'data_quality_check', 'produce_json' retrieved from /opt/airflow/dags/main.py
[2026-09-30T15:16:25.859+0000] {logging_mixin.py:188} INFO - [2026-09-30T15:16:25.859+0000] {dag.py:3096} INFO - Sync 3 DAGs
[2026-09-30T15:16:25.879+0000] {logging_mixin.py:188} INFO - [2026-09-30T15:16:25.879+0000] {dag.py:3954} INFO - Setting next_dagrun for data_quality_check to 2026-09-30 12:00:00+00:00, run_after=2026-10-01 12:00:00+00:00
[2026-09-30T15:16:25.886+0000] {logging_mixin.py:188} INFO - [2026-09-30T15:16:25.885+0000] {dag.py:3954} INFO - Setting next_dagrun for produce_json to 2026-09-30 12:00:00+00:00, run_after=2026-10-01 12:00:00+00:00
[2026-09-30T15:16:25.889+0000] {logging_mixin.py:188} INFO - [2026-09-30T15:16:25.889+0000] {dag.py:3954} INFO - Setting next_dagrun for update_db to 2026-09-30 12:00:00+00:00, run_after=2026-10-01 12:00:00+00:00
[2026-09-30T15:16:25.911+0000] {processor.py:183} INFO - Processing /opt/airflow/dags/main.py took 0.408 seconds
[2026-09-30T15:16:56.218+0000] {processor.py:161} INFO - Started process (PID=2736) to work on /opt/airflow/dags/main.py
[2026-09-30T15:16:56.221+0000] {processor.py:830} INFO - Processing file /opt/airflow/dags/main.py for tasks to queue
[2026-09-30T15:16:56.225+0000] {logging_mixin.py:188} INFO - [2026-09-30T15:16:56.224+0000] {dagbag.py:545} INFO - Filling up the DagBag from /opt/airflow/dags/main.py
[2026-09-30T15:16:56.484+0000] {processor.py:840} INFO - DAG(s) 'update_db', 'produce_json', 'data_quality_check' retrieved from /opt/airflow/dags/main.py
[2026-09-30T15:16:56.518+0000] {logging_mixin.py:188} INFO - [2026-09-30T15:16:56.518+0000] {dag.py:3096} INFO - Sync 3 DAGs
[2026-09-30T15:16:56.541+0000] {logging_mixin.py:188} INFO - [2026-09-30T15:16:56.541+0000] {dag.py:3954} INFO - Setting next_dagrun for data_quality_check to 2026-09-30 12:00:00+00:00, run_after=2026-10-01 12:00:00+00:00
[2026-09-30T15:16:56.549+0000] {logging_mixin.py:188} INFO - [2026-09-30T15:16:56.549+0000] {dag.py:3954} INFO - Setting next_dagrun for produce_json to 2026-09-30 12:00:00+00:00, run_after=2026-10-01 12:00:00+00:00
[2026-09-30T15:16:56.553+0000] {logging_mixin.py:188} INFO - [2026-09-30T15:16:56.553+0000] {dag.py:3954} INFO - Setting next_dagrun for update_db to 2026-09-30 12:00:00+00:00, run_after=2026-10-01 12:00:00+00:00
[2026-09-30T15:16:56.574+0000] {processor.py:183} INFO - Processing /opt/airflow/dags/main.py took 0.364 seconds
[2026-09-30T15:17:26.915+0000] {processor.py:161} INFO - Started process (PID=2743) to work on /opt/airflow/dags/main.py
[2026-09-30T15:17:26.918+0000] {processor.py:830} INFO - Processing file /opt/airflow/dags/main.py for tasks to queue
[2026-09-30T15:17:26.921+0000] {logging_mixin.py:188} INFO - [2026-09-30T15:17:26.921+0000] {dagbag.py:545} INFO - Filling up the DagBag from /opt/airflow/dags/main.py
[2026-09-30T15:17:27.241+0000] {processor.py:840} INFO - DAG(s) 'data_quality_check', 'update_db', 'produce_json' retrieved from /opt/airflow/dags/main.py
[2026-09-30T15:17:27.271+0000] {logging_mixin.py:188} INFO - [2026-09-30T15:17:27.271+0000] {dag.py:3096} INFO - Sync 3 DAGs
[2026-09-30T15:17:27.294+0000] {logging_mixin.py:188} INFO - [2026-09-30T15:17:27.294+0000] {dag.py:3954} INFO - Setting next_dagrun for data_quality_check to 2026-09-30 12:00:00+00:00, run_after=2026-10-01 12:00:00+00:00
[2026-09-30T15:17:27.301+0000] {logging_mixin.py:188} INFO - [2026-09-30T15:17:27.301+0000] {dag.py:3954} INFO - Setting next_dagrun for produce_json to 2026-09-30 12:00:00+00:00, run_after=2026-10-01 12:00:00+00:00
[2026-09-30T15:17:27.306+0000] {logging_mixin.py:188} INFO - [2026-09-30T15:17:27.305+0000] {dag.py:3954} INFO - Setting next_dagrun for update_db to 2026-09-30 12:00:00+00:00, run_after=2026-10-01 12:00:00+00:00
[2026-09-30T15:17:27.342+0000] {processor.py:183} INFO - Processing /opt/airflow/dags/main.py took 0.433 seconds
[2026-09-30T15:17:57.716+0000] {processor.py:161} INFO - Started process (PID=2750) to work on /opt/airflow/dags/main.py
[2026-09-30T15:17:57.719+0000] {processor.py:830} INFO - Processing file /opt/airflow/dags/main.py for tasks to queue
[2026-09-30T15:17:57.722+0000] {logging_mixin.py:188} INFO - [2026-09-30T15:17:57.722+0000] {dagbag.py:545} INFO - Filling up the DagBag from /opt/airflow/dags/main.py
[2026-09-30T15:17:58.008+0000] {processor.py:840} INFO - DAG(s) 'update_db', 'data_quality_check', 'produce_json' retrieved from /opt/airflow/dags/main.py
[2026-09-30T15:17:58.037+0000] {logging_mixin.py:188} INFO - [2026-09-30T15:17:58.037+0000] {dag.py:3096} INFO - Sync 3 DAGs
[2026-09-30T15:17:58.058+0000] {logging_mixin.py:188} INFO - [2026-09-30T15:17:58.057+0000] {dag.py:3954} INFO - Setting next_dagrun for data_quality_check to 2026-09-30 12:00:00+00:00, run_after=2026-10-01 12:00:00+00:00
[2026-09-30T15:17:58.064+0000] {logging_mixin.py:188} INFO - [2026-09-30T15:17:58.064+0000] {dag.py:3954} INFO - Setting next_dagrun for produce_json to 2026-09-30 12:00:00+00:00, run_after=2026-10-01 12:00:00+00:00
[2026-09-30T15:17:58.068+0000] {logging_mixin.py:188} INFO - [2026-09-30T15:17:58.067+0000] {dag.py:3954} INFO - Setting next_dagrun for update_db to 2026-09-30 12:00:00+00:00, run_after=2026-10-01 12:00:00+00:00
[2026-09-30T15:17:58.088+0000] {processor.py:183} INFO - Processing /opt/airflow/dags/main.py took 0.380 seconds
[2026-09-30T15:18:28.409+0000] {processor.py:161} INFO - Started process (PID=2757) to work on /opt/airflow/dags/main.py
[2026-09-30T15:18:28.412+0000] {processor.py:830} INFO - Processing file /opt/airflow/dags/main.py for tasks to queue
[2026-09-30T15:18:28.417+0000] {logging_mixin.py:188} INFO - [2026-09-30T15:18:28.417+0000] {dagbag.py:545} INFO - Filling up the DagBag from /opt/airflow/dags/main.py
[2026-09-30T15:18:28.760+0000] {processor.py:840} INFO - DAG(s) 'produce_json', 'update_db', 'data_quality_check' retrieved from /opt/airflow/dags/main.py
[2026-09-30T15:18:28.818+0000] {logging_mixin.py:188} INFO - [2026-09-30T15:18:28.818+0000] {dag.py:3096} INFO - Sync 3 DAGs
[2026-09-30T15:18:28.852+0000] {logging_mixin.py:188} INFO - [2026-09-30T15:18:28.852+0000] {dag.py:3954} INFO - Setting next_dagrun for data_quality_check to 2026-09-30 12:00:00+00:00, run_after=2026-10-01 12:00:00+00:00
[2026-09-30T15:18:28.862+0000] {logging_mixin.py:188} INFO - [2026-09-30T15:18:28.861+0000] {dag.py:3954} INFO - Setting next_dagrun for produce_json to 2026-09-30 12:00:00+00:00, run_after=2026-10-01 12:00:00+00:00
[2026-09-30T15:18:28.866+0000] {logging_mixin.py:188} INFO - [2026-09-30T15:18:28.865+0000] {dag.py:3954} INFO - Setting next_dagrun for update_db to 2026-09-30 12:00:00+00:00, run_after=2026-10-01 12:00:00+00:00
[2026-09-30T15:18:28.899+0000] {processor.py:183} INFO - Processing /opt/airflow/dags/main.py took 0.500 seconds
[2026-09-30T15:18:59.243+0000] {processor.py:161} INFO - Started process (PID=2764) to work on /opt/airflow/dags/main.py
[2026-09-30T15:18:59.246+0000] {processor.py:830} INFO - Processing file /opt/airflow/dags/main.py for tasks to queue
[2026-09-30T15:18:59.252+0000] {logging_mixin.py:188} INFO - [2026-09-30T15:18:59.250+0000] {dagbag.py:545} INFO - Filling up the DagBag from /opt/airflow/dags/main.py
[2026-09-30T15:18:59.561+0000] {processor.py:840} INFO - DAG(s) 'data_quality_check', 'produce_json', 'update_db' retrieved from /opt/airflow/dags/main.py
[2026-09-30T15:18:59.597+0000] {logging_mixin.py:188} INFO - [2026-09-30T15:18:59.596+0000] {dag.py:3096} INFO - Sync 3 DAGs
[2026-09-30T15:18:59.620+0000] {logging_mixin.py:188} INFO - [2026-09-30T15:18:59.620+0000] {dag.py:3954} INFO - Setting next_dagrun for data_quality_check to 2026-09-30 12:00:00+00:00, run_after=2026-10-01 12:00:00+00:00
[2026-09-30T15:18:59.627+0000] {logging_mixin.py:188} INFO - [2026-09-30T15:18:59.627+0000] {dag.py:3954} INFO - Setting next_dagrun for produce_json to 2026-09-30 12:00:00+00:00, run_after=2026-10-01 12:00:00+00:00
[2026-09-30T15:18:59.631+0000] {logging_mixin.py:188} INFO - [2026-09-30T15:18:59.631+0000] {dag.py:3954} INFO - Setting next_dagrun for update_db to 2026-09-30 12:00:00+00:00, run_after=2026-10-01 12:00:00+00:00
[2026-09-30T15:18:59.654+0000] {processor.py:183} INFO - Processing /opt/airflow/dags/main.py took 0.419 seconds
[2026-09-30T15:19:29.926+0000] {processor.py:161} INFO - Started process (PID=2771) to work on /opt/airflow/dags/main.py
[2026-09-30T15:19:29.930+0000] {processor.py:830} INFO - Processing file /opt/airflow/dags/main.py for tasks to queue
[2026-09-30T15:19:29.933+0000] {logging_mixin.py:188} INFO - [2026-09-30T15:19:29.932+0000] {dagbag.py:545} INFO - Filling up the DagBag from /opt/airflow/dags/main.py
[2026-09-30T15:19:30.234+0000] {processor.py:840} INFO - DAG(s) 'produce_json', 'update_db', 'data_quality_check' retrieved from /opt/airflow/dags/main.py
[2026-09-30T15:19:30.266+0000] {logging_mixin.py:188} INFO - [2026-09-30T15:19:30.266+0000] {dag.py:3096} INFO - Sync 3 DAGs
[2026-09-30T15:19:30.288+0000] {logging_mixin.py:188} INFO - [2026-09-30T15:19:30.288+0000] {dag.py:3954} INFO - Setting next_dagrun for data_quality_check to 2026-09-30 12:00:00+00:00, run_after=2026-10-01 12:00:00+00:00
[2026-09-30T15:19:30.296+0000] {logging_mixin.py:188} INFO - [2026-09-30T15:19:30.294+0000] {dag.py:3954} INFO - Setting next_dagrun for produce_json to 2026-09-30 12:00:00+00:00, run_after=2026-10-01 12:00:00+00:00
[2026-09-30T15:19:30.299+0000] {logging_mixin.py:188} INFO - [2026-09-30T15:19:30.299+0000] {dag.py:3954} INFO - Setting next_dagrun for update_db to 2026-09-30 12:00:00+00:00, run_after=2026-10-01 12:00:00+00:00
[2026-09-30T15:19:30.323+0000] {processor.py:183} INFO - Processing /opt/airflow/dags/main.py took 0.403 seconds
[2026-09-30T15:20:00.663+0000] {processor.py:161} INFO - Started process (PID=2778) to work on /opt/airflow/dags/main.py
[2026-09-30T15:20:00.665+0000] {processor.py:830} INFO - Processing file /opt/airflow/dags/main.py for tasks to queue
[2026-09-30T15:20:00.669+0000] {logging_mixin.py:188} INFO - [2026-09-30T15:20:00.669+0000] {dagbag.py:545} INFO - Filling up the DagBag from /opt/airflow/dags/main.py
[2026-09-30T15:20:00.972+0000] {processor.py:840} INFO - DAG(s) 'produce_json', 'data_quality_check', 'update_db' retrieved from /opt/airflow/dags/main.py
[2026-09-30T15:20:01.000+0000] {logging_mixin.py:188} INFO - [2026-09-30T15:20:01.000+0000] {dag.py:3096} INFO - Sync 3 DAGs
[2026-09-30T15:20:01.021+0000] {logging_mixin.py:188} INFO - [2026-09-30T15:20:01.020+0000] {dag.py:3954} INFO - Setting next_dagrun for data_quality_check to 2026-09-30 12:00:00+00:00, run_after=2026-10-01 12:00:00+00:00
[2026-09-30T15:20:01.028+0000] {logging_mixin.py:188} INFO - [2026-09-30T15:20:01.028+0000] {dag.py:3954} INFO - Setting next_dagrun for produce_json to 2026-09-30 12:00:00+00:00, run_after=2026-10-01 12:00:00+00:00
[2026-09-30T15:20:01.032+0000] {logging_mixin.py:188} INFO - [2026-09-30T15:20:01.032+0000] {dag.py:3954} INFO - Setting next_dagrun for update_db to 2026-09-30 12:00:00+00:00, run_after=2026-10-01 12:00:00+00:00
[2026-09-30T15:20:01.051+0000] {processor.py:183} INFO - Processing /opt/airflow/dags/main.py took 0.393 seconds
[2026-09-30T15:20:31.417+0000] {processor.py:161} INFO - Started process (PID=2785) to work on /opt/airflow/dags/main.py
[2026-09-30T15:20:31.421+0000] {processor.py:830} INFO - Processing file /opt/airflow/dags/main.py for tasks to queue
[2026-09-30T15:20:31.430+0000] {logging_mixin.py:188} INFO - [2026-09-30T15:20:31.430+0000] {dagbag.py:545} INFO - Filling up the DagBag from /opt/airflow/dags/main.py
[2026-09-30T15:20:31.715+0000] {processor.py:840} INFO - DAG(s) 'produce_json', 'update_db', 'data_quality_check' retrieved from /opt/airflow/dags/main.py
[2026-09-30T15:20:31.742+0000] {logging_mixin.py:188} INFO - [2026-09-30T15:20:31.742+0000] {dag.py:3096} INFO - Sync 3 DAGs
[2026-09-30T15:20:31.765+0000] {logging_mixin.py:188} INFO - [2026-09-30T15:20:31.765+0000] {dag.py:3954} INFO - Setting next_dagrun for data_quality_check to 2026-09-30 12:00:00+00:00, run_after=2026-10-01 12:00:00+00:00
[2026-09-30T15:20:31.771+0000] {logging_mixin.py:188} INFO - [2026-09-30T15:20:31.771+0000] {dag.py:3954} INFO - Setting next_dagrun for produce_json to 2026-09-30 12:00:00+00:00, run_after=2026-10-01 12:00:00+00:00
[2026-09-30T15:20:31.775+0000] {logging_mixin.py:188} INFO - [2026-09-30T15:20:31.774+0000] {dag.py:3954} INFO - Setting next_dagrun for update_db to 2026-09-30 12:00:00+00:00, run_after=2026-10-01 12:00:00+00:00
[2026-09-30T15:20:31.798+0000] {processor.py:183} INFO - Processing /opt/airflow/dags/main.py took 0.393 seconds
[2026-09-30T15:21:02.112+0000] {processor.py:161} INFO - Started process (PID=2792) to work on /opt/airflow/dags/main.py
[2026-09-30T15:21:02.114+0000] {processor.py:830} INFO - Processing file /opt/airflow/dags/main.py for tasks to queue
[2026-09-30T15:21:02.118+0000] {logging_mixin.py:188} INFO - [2026-09-30T15:21:02.118+0000] {dagbag.py:545} INFO - Filling up the DagBag from /opt/airflow/dags/main.py
[2026-09-30T15:21:02.384+0000] {processor.py:840} INFO - DAG(s) 'data_quality_check', 'produce_json', 'update_db' retrieved from /opt/airflow/dags/main.py
[2026-09-30T15:21:02.413+0000] {logging_mixin.py:188} INFO - [2026-09-30T15:21:02.413+0000] {dag.py:3096} INFO - Sync 3 DAGs
[2026-09-30T15:21:02.436+0000] {logging_mixin.py:188} INFO - [2026-09-30T15:21:02.436+0000] {dag.py:3954} INFO - Setting next_dagrun for data_quality_check to 2026-09-30 12:00:00+00:00, run_after=2026-10-01 12:00:00+00:00
[2026-09-30T15:21:02.451+0000] {logging_mixin.py:188} INFO - [2026-09-30T15:21:02.451+0000] {dag.py:3954} INFO - Setting next_dagrun for produce_json to 2026-09-30 12:00:00+00:00, run_after=2026-10-01 12:00:00+00:00
[2026-09-30T15:21:02.456+0000] {logging_mixin.py:188} INFO - [2026-09-30T15:21:02.456+0000] {dag.py:3954} INFO - Setting next_dagrun for update_db to 2026-09-30 12:00:00+00:00, run_after=2026-10-01 12:00:00+00:00
[2026-09-30T15:21:02.477+0000] {processor.py:183} INFO - Processing /opt/airflow/dags/main.py took 0.371 seconds
[2026-09-30T15:21:32.820+0000] {processor.py:161} INFO - Started process (PID=2799) to work on /opt/airflow/dags/main.py
[2026-09-30T15:21:32.822+0000] {processor.py:830} INFO - Processing file /opt/airflow/dags/main.py for tasks to queue
[2026-09-30T15:21:32.826+0000] {logging_mixin.py:188} INFO - [2026-09-30T15:21:32.825+0000] {dagbag.py:545} INFO - Filling up the DagBag from /opt/airflow/dags/main.py
[2026-09-30T15:21:33.131+0000] {processor.py:840} INFO - DAG(s) 'update_db', 'produce_json', 'data_quality_check' retrieved from /opt/airflow/dags/main.py
[2026-09-30T15:21:33.160+0000] {logging_mixin.py:188} INFO - [2026-09-30T15:21:33.160+0000] {dag.py:3096} INFO - Sync 3 DAGs
[2026-09-30T15:21:33.180+0000] {logging_mixin.py:188} INFO - [2026-09-30T15:21:33.179+0000] {dag.py:3954} INFO - Setting next_dagrun for data_quality_check to 2026-09-30 12:00:00+00:00, run_after=2026-10-01 12:00:00+00:00
[2026-09-30T15:21:33.187+0000] {logging_mixin.py:188} INFO - [2026-09-30T15:21:33.187+0000] {dag.py:3954} INFO - Setting next_dagrun for produce_json to 2026-09-30 12:00:00+00:00, run_after=2026-10-01 12:00:00+00:00
[2026-09-30T15:21:33.191+0000] {logging_mixin.py:188} INFO - [2026-09-30T15:21:33.191+0000] {dag.py:3954} INFO - Setting next_dagrun for update_db to 2026-09-30 12:00:00+00:00, run_after=2026-10-01 12:00:00+00:00
[2026-09-30T15:21:33.211+0000] {processor.py:183} INFO - Processing /opt/airflow/dags/main.py took 0.396 seconds
[2026-09-30T15:22:03.555+0000] {processor.py:161} INFO - Started process (PID=2806) to work on /opt/airflow/dags/main.py
[2026-09-30T15:22:03.558+0000] {processor.py:830} INFO - Processing file /opt/airflow/dags/main.py for tasks to queue
[2026-09-30T15:22:03.563+0000] {logging_mixin.py:188} INFO - [2026-09-30T15:22:03.562+0000] {dagbag.py:545} INFO - Filling up the DagBag from /opt/airflow/dags/main.py
[2026-09-30T15:22:03.872+0000] {processor.py:840} INFO - DAG(s) 'data_quality_check', 'produce_json', 'update_db' retrieved from /opt/airflow/dags/main.py
[2026-09-30T15:22:03.907+0000] {logging_mixin.py:188} INFO - [2026-09-30T15:22:03.906+0000] {dag.py:3096} INFO - Sync 3 DAGs
[2026-09-30T15:22:03.929+0000] {logging_mixin.py:188} INFO - [2026-09-30T15:22:03.929+0000] {dag.py:3954} INFO - Setting next_dagrun for data_quality_check to 2026-09-30 12:00:00+00:00, run_after=2026-10-01 12:00:00+00:00
[2026-09-30T15:22:03.936+0000] {logging_mixin.py:188} INFO - [2026-09-30T15:22:03.936+0000] {dag.py:3954} INFO - Setting next_dagrun for produce_json to 2026-09-30 12:00:00+00:00, run_after=2026-10-01 12:00:00+00:00
[2026-09-30T15:22:03.941+0000] {logging_mixin.py:188} INFO - [2026-09-30T15:22:03.941+0000] {dag.py:3954} INFO - Setting next_dagrun for update_db to 2026-09-30 12:00:00+00:00, run_after=2026-10-01 12:00:00+00:00
[2026-09-30T15:22:03.968+0000] {processor.py:183} INFO - Processing /opt/airflow/dags/main.py took 0.431 seconds
[2026-09-30T15:22:34.777+0000] {processor.py:161} INFO - Started process (PID=2813) to work on /opt/airflow/dags/main.py
[2026-09-30T15:22:34.779+0000] {processor.py:830} INFO - Processing file /opt/airflow/dags/main.py for tasks to queue
[2026-09-30T15:22:34.783+0000] {logging_mixin.py:188} INFO - [2026-09-30T15:22:34.782+0000] {dagbag.py:545} INFO - Filling up the DagBag from /opt/airflow/dags/main.py
[2026-09-30T15:22:35.059+0000] {processor.py:840} INFO - DAG(s) 'update_db', 'produce_json', 'data_quality_check' retrieved from /opt/airflow/dags/main.py
[2026-09-30T15:22:35.086+0000] {logging_mixin.py:188} INFO - [2026-09-30T15:22:35.086+0000] {dag.py:3096} INFO - Sync 3 DAGs
[2026-09-30T15:22:35.108+0000] {logging_mixin.py:188} INFO - [2026-09-30T15:22:35.107+0000] {dag.py:3954} INFO - Setting next_dagrun for data_quality_check to 2026-09-30 12:00:00+00:00, run_after=2026-10-01 12:00:00+00:00
[2026-09-30T15:22:35.115+0000] {logging_mixin.py:188} INFO - [2026-09-30T15:22:35.115+0000] {dag.py:3954} INFO - Setting next_dagrun for produce_json to 2026-09-30 12:00:00+00:00, run_after=2026-10-01 12:00:00+00:00
[2026-09-30T15:22:35.118+0000] {logging_mixin.py:188} INFO - [2026-09-30T15:22:35.118+0000] {dag.py:3954} INFO - Setting next_dagrun for update_db to 2026-09-30 12:00:00+00:00, run_after=2026-10-01 12:00:00+00:00
[2026-09-30T15:22:35.142+0000] {processor.py:183} INFO - Processing /opt/airflow/dags/main.py took 0.370 seconds
[2026-09-30T15:23:05.453+0000] {processor.py:161} INFO - Started process (PID=2820) to work on /opt/airflow/dags/main.py
[2026-09-30T15:23:05.456+0000] {processor.py:830} INFO - Processing file /opt/airflow/dags/main.py for tasks to queue
[2026-09-30T15:23:05.461+0000] {logging_mixin.py:188} INFO - [2026-09-30T15:23:05.460+0000] {dagbag.py:545} INFO - Filling up the DagBag from /opt/airflow/dags/main.py
[2026-09-30T15:23:05.743+0000] {processor.py:840} INFO - DAG(s) 'produce_json', 'update_db', 'data_quality_check' retrieved from /opt/airflow/dags/main.py
[2026-09-30T15:23:05.775+0000] {logging_mixin.py:188} INFO - [2026-09-30T15:23:05.774+0000] {dag.py:3096} INFO - Sync 3 DAGs
[2026-09-30T15:23:05.798+0000] {logging_mixin.py:188} INFO - [2026-09-30T15:23:05.798+0000] {dag.py:3954} INFO - Setting next_dagrun for data_quality_check to 2026-09-30 12:00:00+00:00, run_after=2026-10-01 12:00:00+00:00
[2026-09-30T15:23:05.805+0000] {logging_mixin.py:188} INFO - [2026-09-30T15:23:05.805+0000] {dag.py:3954} INFO - Setting next_dagrun for produce_json to 2026-09-30 12:00:00+00:00, run_after=2026-10-01 12:00:00+00:00
[2026-09-30T15:23:05.809+0000] {logging_mixin.py:188} INFO - [2026-09-30T15:23:05.809+0000] {dag.py:3954} INFO - Setting next_dagrun for update_db to 2026-09-30 12:00:00+00:00, run_after=2026-10-01 12:00:00+00:00
[2026-09-30T15:23:05.832+0000] {processor.py:183} INFO - Processing /opt/airflow/dags/main.py took 0.386 seconds
[2026-09-30T15:23:36.215+0000] {processor.py:161} INFO - Started process (PID=2827) to work on /opt/airflow/dags/main.py
[2026-09-30T15:23:36.218+0000] {processor.py:830} INFO - Processing file /opt/airflow/dags/main.py for tasks to queue
[2026-09-30T15:23:36.223+0000] {logging_mixin.py:188} INFO - [2026-09-30T15:23:36.222+0000] {dagbag.py:545} INFO - Filling up the DagBag from /opt/airflow/dags/main.py
[2026-09-30T15:23:36.541+0000] {processor.py:840} INFO - DAG(s) 'data_quality_check', 'update_db', 'produce_json' retrieved from /opt/airflow/dags/main.py
[2026-09-30T15:23:36.584+0000] {logging_mixin.py:188} INFO - [2026-09-30T15:23:36.584+0000] {dag.py:3096} INFO - Sync 3 DAGs
[2026-09-30T15:23:36.615+0000] {logging_mixin.py:188} INFO - [2026-09-30T15:23:36.615+0000] {dag.py:3954} INFO - Setting next_dagrun for data_quality_check to 2026-09-30 12:00:00+00:00, run_after=2026-10-01 12:00:00+00:00
[2026-09-30T15:23:36.624+0000] {logging_mixin.py:188} INFO - [2026-09-30T15:23:36.624+0000] {dag.py:3954} INFO - Setting next_dagrun for produce_json to 2026-09-30 12:00:00+00:00, run_after=2026-10-01 12:00:00+00:00
[2026-09-30T15:23:36.629+0000] {logging_mixin.py:188} INFO - [2026-09-30T15:23:36.629+0000] {dag.py:3954} INFO - Setting next_dagrun for update_db to 2026-09-30 12:00:00+00:00, run_after=2026-10-01 12:00:00+00:00
[2026-09-30T15:23:36.657+0000] {processor.py:183} INFO - Processing /opt/airflow/dags/main.py took 0.452 seconds
[2026-09-30T15:24:07.006+0000] {processor.py:161} INFO - Started process (PID=2834) to work on /opt/airflow/dags/main.py
[2026-09-30T15:24:07.009+0000] {processor.py:830} INFO - Processing file /opt/airflow/dags/main.py for tasks to queue
[2026-09-30T15:24:07.014+0000] {logging_mixin.py:188} INFO - [2026-09-30T15:24:07.014+0000] {dagbag.py:545} INFO - Filling up the DagBag from /opt/airflow/dags/main.py
[2026-09-30T15:24:07.318+0000] {processor.py:840} INFO - DAG(s) 'produce_json', 'data_quality_check', 'update_db' retrieved from /opt/airflow/dags/main.py
[2026-09-30T15:24:07.347+0000] {logging_mixin.py:188} INFO - [2026-09-30T15:24:07.347+0000] {dag.py:3096} INFO - Sync 3 DAGs
[2026-09-30T15:24:07.369+0000] {logging_mixin.py:188} INFO - [2026-09-30T15:24:07.368+0000] {dag.py:3954} INFO - Setting next_dagrun for data_quality_check to 2026-09-30 12:00:00+00:00, run_after=2026-10-01 12:00:00+00:00
[2026-09-30T15:24:07.375+0000] {logging_mixin.py:188} INFO - [2026-09-30T15:24:07.375+0000] {dag.py:3954} INFO - Setting next_dagrun for produce_json to 2026-09-30 12:00:00+00:00, run_after=2026-10-01 12:00:00+00:00
[2026-09-30T15:24:07.378+0000] {logging_mixin.py:188} INFO - [2026-09-30T15:24:07.378+0000] {dag.py:3954} INFO - Setting next_dagrun for update_db to 2026-09-30 12:00:00+00:00, run_after=2026-10-01 12:00:00+00:00
[2026-09-30T15:24:07.401+0000] {processor.py:183} INFO - Processing /opt/airflow/dags/main.py took 0.402 seconds
[2026-09-30T15:24:37.758+0000] {processor.py:161} INFO - Started process (PID=2841) to work on /opt/airflow/dags/main.py
[2026-09-30T15:24:37.761+0000] {processor.py:830} INFO - Processing file /opt/airflow/dags/main.py for tasks to queue
[2026-09-30T15:24:37.764+0000] {logging_mixin.py:188} INFO - [2026-09-30T15:24:37.764+0000] {dagbag.py:545} INFO - Filling up the DagBag from /opt/airflow/dags/main.py
[2026-09-30T15:24:38.066+0000] {processor.py:840} INFO - DAG(s) 'produce_json', 'data_quality_check', 'update_db' retrieved from /opt/airflow/dags/main.py
[2026-09-30T15:24:38.092+0000] {logging_mixin.py:188} INFO - [2026-09-30T15:24:38.092+0000] {dag.py:3096} INFO - Sync 3 DAGs
[2026-09-30T15:24:38.110+0000] {logging_mixin.py:188} INFO - [2026-09-30T15:24:38.110+0000] {dag.py:3954} INFO - Setting next_dagrun for data_quality_check to 2026-09-30 12:00:00+00:00, run_after=2026-10-01 12:00:00+00:00
[2026-09-30T15:24:38.117+0000] {logging_mixin.py:188} INFO - [2026-09-30T15:24:38.117+0000] {dag.py:3954} INFO - Setting next_dagrun for produce_json to 2026-09-30 12:00:00+00:00, run_after=2026-10-01 12:00:00+00:00
[2026-09-30T15:24:38.120+0000] {logging_mixin.py:188} INFO - [2026-09-30T15:24:38.120+0000] {dag.py:3954} INFO - Setting next_dagrun for update_db to 2026-09-30 12:00:00+00:00, run_after=2026-10-01 12:00:00+00:00
[2026-09-30T15:24:38.139+0000] {processor.py:183} INFO - Processing /opt/airflow/dags/main.py took 0.387 seconds
[2026-09-30T15:25:08.483+0000] {processor.py:161} INFO - Started process (PID=2848) to work on /opt/airflow/dags/main.py
[2026-09-30T15:25:08.487+0000] {processor.py:830} INFO - Processing file /opt/airflow/dags/main.py for tasks to queue
[2026-09-30T15:25:08.490+0000] {logging_mixin.py:188} INFO - [2026-09-30T15:25:08.490+0000] {dagbag.py:545} INFO - Filling up the DagBag from /opt/airflow/dags/main.py
[2026-09-30T15:25:08.796+0000] {processor.py:840} INFO - DAG(s) 'produce_json', 'data_quality_check', 'update_db' retrieved from /opt/airflow/dags/main.py
[2026-09-30T15:25:08.823+0000] {logging_mixin.py:188} INFO - [2026-09-30T15:25:08.823+0000] {dag.py:3096} INFO - Sync 3 DAGs
[2026-09-30T15:25:08.845+0000] {logging_mixin.py:188} INFO - [2026-09-30T15:25:08.845+0000] {dag.py:3954} INFO - Setting next_dagrun for data_quality_check to 2026-09-30 12:00:00+00:00, run_after=2026-10-01 12:00:00+00:00
[2026-09-30T15:25:08.852+0000] {logging_mixin.py:188} INFO - [2026-09-30T15:25:08.851+0000] {dag.py:3954} INFO - Setting next_dagrun for produce_json to 2026-09-30 12:00:00+00:00, run_after=2026-10-01 12:00:00+00:00
[2026-09-30T15:25:08.855+0000] {logging_mixin.py:188} INFO - [2026-09-30T15:25:08.855+0000] {dag.py:3954} INFO - Setting next_dagrun for update_db to 2026-09-30 12:00:00+00:00, run_after=2026-10-01 12:00:00+00:00
[2026-09-30T15:25:08.879+0000] {processor.py:183} INFO - Processing /opt/airflow/dags/main.py took 0.401 seconds
[2026-09-30T15:25:39.230+0000] {processor.py:161} INFO - Started process (PID=2855) to work on /opt/airflow/dags/main.py
[2026-09-30T15:25:39.233+0000] {processor.py:830} INFO - Processing file /opt/airflow/dags/main.py for tasks to queue
[2026-09-30T15:25:39.236+0000] {logging_mixin.py:188} INFO - [2026-09-30T15:25:39.236+0000] {dagbag.py:545} INFO - Filling up the DagBag from /opt/airflow/dags/main.py
[2026-09-30T15:25:39.550+0000] {processor.py:840} INFO - DAG(s) 'update_db', 'data_quality_check', 'produce_json' retrieved from /opt/airflow/dags/main.py
[2026-09-30T15:25:39.578+0000] {logging_mixin.py:188} INFO - [2026-09-30T15:25:39.578+0000] {dag.py:3096} INFO - Sync 3 DAGs
[2026-09-30T15:25:39.598+0000] {logging_mixin.py:188} INFO - [2026-09-30T15:25:39.598+0000] {dag.py:3954} INFO - Setting next_dagrun for data_quality_check to 2026-09-30 12:00:00+00:00, run_after=2026-10-01 12:00:00+00:00
[2026-09-30T15:25:39.604+0000] {logging_mixin.py:188} INFO - [2026-09-30T15:25:39.604+0000] {dag.py:3954} INFO - Setting next_dagrun for produce_json to 2026-09-30 12:00:00+00:00, run_after=2026-10-01 12:00:00+00:00
[2026-09-30T15:25:39.608+0000] {logging_mixin.py:188} INFO - [2026-09-30T15:25:39.608+0000] {dag.py:3954} INFO - Setting next_dagrun for update_db to 2026-09-30 12:00:00+00:00, run_after=2026-10-01 12:00:00+00:00
[2026-09-30T15:25:39.628+0000] {processor.py:183} INFO - Processing /opt/airflow/dags/main.py took 0.404 seconds
[2026-09-30T15:26:09.980+0000] {processor.py:161} INFO - Started process (PID=2862) to work on /opt/airflow/dags/main.py
[2026-09-30T15:26:09.983+0000] {processor.py:830} INFO - Processing file /opt/airflow/dags/main.py for tasks to queue
[2026-09-30T15:26:09.986+0000] {logging_mixin.py:188} INFO - [2026-09-30T15:26:09.985+0000] {dagbag.py:545} INFO - Filling up the DagBag from /opt/airflow/dags/main.py
[2026-09-30T15:26:10.283+0000] {processor.py:840} INFO - DAG(s) 'update_db', 'produce_json', 'data_quality_check' retrieved from /opt/airflow/dags/main.py
[2026-09-30T15:26:10.310+0000] {logging_mixin.py:188} INFO - [2026-09-30T15:26:10.309+0000] {dag.py:3096} INFO - Sync 3 DAGs
[2026-09-30T15:26:10.331+0000] {logging_mixin.py:188} INFO - [2026-09-30T15:26:10.330+0000] {dag.py:3954} INFO - Setting next_dagrun for data_quality_check to 2026-09-30 12:00:00+00:00, run_after=2026-10-01 12:00:00+00:00
[2026-09-30T15:26:10.337+0000] {logging_mixin.py:188} INFO - [2026-09-30T15:26:10.337+0000] {dag.py:3954} INFO - Setting next_dagrun for produce_json to 2026-09-30 12:00:00+00:00, run_after=2026-10-01 12:00:00+00:00
[2026-09-30T15:26:10.340+0000] {logging_mixin.py:188} INFO - [2026-09-30T15:26:10.340+0000] {dag.py:3954} INFO - Setting next_dagrun for update_db to 2026-09-30 12:00:00+00:00, run_after=2026-10-01 12:00:00+00:00
[2026-09-30T15:26:10.362+0000] {processor.py:183} INFO - Processing /opt/airflow/dags/main.py took 0.387 seconds
[2026-09-30T15:26:40.693+0000] {processor.py:161} INFO - Started process (PID=2869) to work on /opt/airflow/dags/main.py
[2026-09-30T15:26:40.696+0000] {processor.py:830} INFO - Processing file /opt/airflow/dags/main.py for tasks to queue
[2026-09-30T15:26:40.699+0000] {logging_mixin.py:188} INFO - [2026-09-30T15:26:40.699+0000] {dagbag.py:545} INFO - Filling up the DagBag from /opt/airflow/dags/main.py
[2026-09-30T15:26:40.997+0000] {processor.py:840} INFO - DAG(s) 'data_quality_check', 'update_db', 'produce_json' retrieved from /opt/airflow/dags/main.py
[2026-09-30T15:26:41.024+0000] {logging_mixin.py:188} INFO - [2026-09-30T15:26:41.023+0000] {dag.py:3096} INFO - Sync 3 DAGs
[2026-09-30T15:26:41.044+0000] {logging_mixin.py:188} INFO - [2026-09-30T15:26:41.044+0000] {dag.py:3954} INFO - Setting next_dagrun for data_quality_check to 2026-09-30 12:00:00+00:00, run_after=2026-10-01 12:00:00+00:00
[2026-09-30T15:26:41.052+0000] {logging_mixin.py:188} INFO - [2026-09-30T15:26:41.052+0000] {dag.py:3954} INFO - Setting next_dagrun for produce_json to 2026-09-30 12:00:00+00:00, run_after=2026-10-01 12:00:00+00:00
[2026-09-30T15:26:41.055+0000] {logging_mixin.py:188} INFO - [2026-09-30T15:26:41.055+0000] {dag.py:3954} INFO - Setting next_dagrun for update_db to 2026-09-30 12:00:00+00:00, run_after=2026-10-01 12:00:00+00:00
[2026-09-30T15:26:41.074+0000] {processor.py:183} INFO - Processing /opt/airflow/dags/main.py took 0.388 seconds
[2026-09-30T15:27:11.416+0000] {processor.py:161} INFO - Started process (PID=2876) to work on /opt/airflow/dags/main.py
[2026-09-30T15:27:11.419+0000] {processor.py:830} INFO - Processing file /opt/airflow/dags/main.py for tasks to queue
[2026-09-30T15:27:11.424+0000] {logging_mixin.py:188} INFO - [2026-09-30T15:27:11.424+0000] {dagbag.py:545} INFO - Filling up the DagBag from /opt/airflow/dags/main.py
[2026-09-30T15:27:11.727+0000] {processor.py:840} INFO - DAG(s) 'produce_json', 'data_quality_check', 'update_db' retrieved from /opt/airflow/dags/main.py
[2026-09-30T15:27:11.819+0000] {logging_mixin.py:188} INFO - [2026-09-30T15:27:11.819+0000] {dag.py:3096} INFO - Sync 3 DAGs
[2026-09-30T15:27:11.869+0000] {logging_mixin.py:188} INFO - [2026-09-30T15:27:11.869+0000] {dag.py:3954} INFO - Setting next_dagrun for data_quality_check to 2026-09-30 12:00:00+00:00, run_after=2026-10-01 12:00:00+00:00
[2026-09-30T15:27:11.879+0000] {logging_mixin.py:188} INFO - [2026-09-30T15:27:11.878+0000] {dag.py:3954} INFO - Setting next_dagrun for produce_json to 2026-09-30 12:00:00+00:00, run_after=2026-10-01 12:00:00+00:00
[2026-09-30T15:27:11.885+0000] {logging_mixin.py:188} INFO - [2026-09-30T15:27:11.884+0000] {dag.py:3954} INFO - Setting next_dagrun for update_db to 2026-09-30 12:00:00+00:00, run_after=2026-10-01 12:00:00+00:00
[2026-09-30T15:27:11.925+0000] {processor.py:183} INFO - Processing /opt/airflow/dags/main.py took 0.516 seconds
[2026-09-30T15:27:42.806+0000] {processor.py:161} INFO - Started process (PID=2883) to work on /opt/airflow/dags/main.py
[2026-09-30T15:27:42.810+0000] {processor.py:830} INFO - Processing file /opt/airflow/dags/main.py for tasks to queue
[2026-09-30T15:27:42.815+0000] {logging_mixin.py:188} INFO - [2026-09-30T15:27:42.815+0000] {dagbag.py:545} INFO - Filling up the DagBag from /opt/airflow/dags/main.py
[2026-09-30T15:27:43.166+0000] {processor.py:840} INFO - DAG(s) 'update_db', 'produce_json', 'data_quality_check' retrieved from /opt/airflow/dags/main.py
[2026-09-30T15:27:43.222+0000] {logging_mixin.py:188} INFO - [2026-09-30T15:27:43.221+0000] {dag.py:3096} INFO - Sync 3 DAGs
[2026-09-30T15:27:43.254+0000] {logging_mixin.py:188} INFO - [2026-09-30T15:27:43.254+0000] {dag.py:3954} INFO - Setting next_dagrun for data_quality_check to 2026-09-30 12:00:00+00:00, run_after=2026-10-01 12:00:00+00:00
[2026-09-30T15:27:43.263+0000] {logging_mixin.py:188} INFO - [2026-09-30T15:27:43.263+0000] {dag.py:3954} INFO - Setting next_dagrun for produce_json to 2026-09-30 12:00:00+00:00, run_after=2026-10-01 12:00:00+00:00
[2026-09-30T15:27:43.269+0000] {logging_mixin.py:188} INFO - [2026-09-30T15:27:43.268+0000] {dag.py:3954} INFO - Setting next_dagrun for update_db to 2026-09-30 12:00:00+00:00, run_after=2026-10-01 12:00:00+00:00
[2026-09-30T15:27:43.312+0000] {processor.py:183} INFO - Processing /opt/airflow/dags/main.py took 0.516 seconds
[2026-09-30T15:28:13.672+0000] {processor.py:161} INFO - Started process (PID=2890) to work on /opt/airflow/dags/main.py
[2026-09-30T15:28:13.675+0000] {processor.py:830} INFO - Processing file /opt/airflow/dags/main.py for tasks to queue
[2026-09-30T15:28:13.680+0000] {logging_mixin.py:188} INFO - [2026-09-30T15:28:13.680+0000] {dagbag.py:545} INFO - Filling up the DagBag from /opt/airflow/dags/main.py
[2026-09-30T15:28:14.059+0000] {processor.py:840} INFO - DAG(s) 'update_db', 'produce_json', 'data_quality_check' retrieved from /opt/airflow/dags/main.py
[2026-09-30T15:28:14.102+0000] {logging_mixin.py:188} INFO - [2026-09-30T15:28:14.102+0000] {dag.py:3096} INFO - Sync 3 DAGs
[2026-09-30T15:28:14.126+0000] {logging_mixin.py:188} INFO - [2026-09-30T15:28:14.126+0000] {dag.py:3954} INFO - Setting next_dagrun for data_quality_check to 2026-09-30 12:00:00+00:00, run_after=2026-10-01 12:00:00+00:00
[2026-09-30T15:28:14.135+0000] {logging_mixin.py:188} INFO - [2026-09-30T15:28:14.134+0000] {dag.py:3954} INFO - Setting next_dagrun for produce_json to 2026-09-30 12:00:00+00:00, run_after=2026-10-01 12:00:00+00:00
[2026-09-30T15:28:14.139+0000] {logging_mixin.py:188} INFO - [2026-09-30T15:28:14.138+0000] {dag.py:3954} INFO - Setting next_dagrun for update_db to 2026-09-30 12:00:00+00:00, run_after=2026-10-01 12:00:00+00:00
[2026-09-30T15:28:14.164+0000] {processor.py:183} INFO - Processing /opt/airflow/dags/main.py took 0.504 seconds
[2026-09-30T15:28:44.384+0000] {processor.py:161} INFO - Started process (PID=2897) to work on /opt/airflow/dags/main.py
[2026-09-30T15:28:44.387+0000] {processor.py:830} INFO - Processing file /opt/airflow/dags/main.py for tasks to queue
[2026-09-30T15:28:44.390+0000] {logging_mixin.py:188} INFO - [2026-09-30T15:28:44.390+0000] {dagbag.py:545} INFO - Filling up the DagBag from /opt/airflow/dags/main.py
[2026-09-30T15:28:44.686+0000] {processor.py:840} INFO - DAG(s) 'update_db', 'data_quality_check', 'produce_json' retrieved from /opt/airflow/dags/main.py
[2026-09-30T15:28:44.717+0000] {logging_mixin.py:188} INFO - [2026-09-30T15:28:44.716+0000] {dag.py:3096} INFO - Sync 3 DAGs
[2026-09-30T15:28:44.740+0000] {logging_mixin.py:188} INFO - [2026-09-30T15:28:44.740+0000] {dag.py:3954} INFO - Setting next_dagrun for data_quality_check to 2026-09-30 12:00:00+00:00, run_after=2026-10-01 12:00:00+00:00
[2026-09-30T15:28:44.746+0000] {logging_mixin.py:188} INFO - [2026-09-30T15:28:44.746+0000] {dag.py:3954} INFO - Setting next_dagrun for produce_json to 2026-09-30 12:00:00+00:00, run_after=2026-10-01 12:00:00+00:00
[2026-09-30T15:28:44.750+0000] {logging_mixin.py:188} INFO - [2026-09-30T15:28:44.749+0000] {dag.py:3954} INFO - Setting next_dagrun for update_db to 2026-09-30 12:00:00+00:00, run_after=2026-10-01 12:00:00+00:00
[2026-09-30T15:28:44.769+0000] {processor.py:183} INFO - Processing /opt/airflow/dags/main.py took 0.392 seconds
[2026-09-30T15:29:15.070+0000] {processor.py:161} INFO - Started process (PID=2904) to work on /opt/airflow/dags/main.py
[2026-09-30T15:29:15.073+0000] {processor.py:830} INFO - Processing file /opt/airflow/dags/main.py for tasks to queue
[2026-09-30T15:29:15.076+0000] {logging_mixin.py:188} INFO - [2026-09-30T15:29:15.076+0000] {dagbag.py:545} INFO - Filling up the DagBag from /opt/airflow/dags/main.py
[2026-09-30T15:29:15.372+0000] {processor.py:840} INFO - DAG(s) 'update_db', 'produce_json', 'data_quality_check' retrieved from /opt/airflow/dags/main.py
[2026-09-30T15:29:15.407+0000] {logging_mixin.py:188} INFO - [2026-09-30T15:29:15.407+0000] {dag.py:3096} INFO - Sync 3 DAGs
[2026-09-30T15:29:15.432+0000] {logging_mixin.py:188} INFO - [2026-09-30T15:29:15.432+0000] {dag.py:3954} INFO - Setting next_dagrun for data_quality_check to 2026-09-30 12:00:00+00:00, run_after=2026-10-01 12:00:00+00:00
[2026-09-30T15:29:15.439+0000] {logging_mixin.py:188} INFO - [2026-09-30T15:29:15.439+0000] {dag.py:3954} INFO - Setting next_dagrun for produce_json to 2026-09-30 12:00:00+00:00, run_after=2026-10-01 12:00:00+00:00
[2026-09-30T15:29:15.443+0000] {logging_mixin.py:188} INFO - [2026-09-30T15:29:15.442+0000] {dag.py:3954} INFO - Setting next_dagrun for update_db to 2026-09-30 12:00:00+00:00, run_after=2026-10-01 12:00:00+00:00
[2026-09-30T15:29:15.467+0000] {processor.py:183} INFO - Processing /opt/airflow/dags/main.py took 0.404 seconds
[2026-09-30T15:29:45.805+0000] {processor.py:161} INFO - Started process (PID=2911) to work on /opt/airflow/dags/main.py
[2026-09-30T15:29:45.808+0000] {processor.py:830} INFO - Processing file /opt/airflow/dags/main.py for tasks to queue
[2026-09-30T15:29:45.812+0000] {logging_mixin.py:188} INFO - [2026-09-30T15:29:45.811+0000] {dagbag.py:545} INFO - Filling up the DagBag from /opt/airflow/dags/main.py
[2026-09-30T15:29:46.099+0000] {processor.py:840} INFO - DAG(s) 'data_quality_check', 'produce_json', 'update_db' retrieved from /opt/airflow/dags/main.py
[2026-09-30T15:29:46.158+0000] {logging_mixin.py:188} INFO - [2026-09-30T15:29:46.158+0000] {dag.py:3096} INFO - Sync 3 DAGs
[2026-09-30T15:29:46.199+0000] {logging_mixin.py:188} INFO - [2026-09-30T15:29:46.198+0000] {dag.py:3954} INFO - Setting next_dagrun for data_quality_check to 2026-09-30 12:00:00+00:00, run_after=2026-10-01 12:00:00+00:00
[2026-09-30T15:29:46.208+0000] {logging_mixin.py:188} INFO - [2026-09-30T15:29:46.208+0000] {dag.py:3954} INFO - Setting next_dagrun for produce_json to 2026-09-30 12:00:00+00:00, run_after=2026-10-01 12:00:00+00:00
[2026-09-30T15:29:46.212+0000] {logging_mixin.py:188} INFO - [2026-09-30T15:29:46.212+0000] {dag.py:3954} INFO - Setting next_dagrun for update_db to 2026-09-30 12:00:00+00:00, run_after=2026-10-01 12:00:00+00:00
[2026-09-30T15:29:46.246+0000] {processor.py:183} INFO - Processing /opt/airflow/dags/main.py took 0.450 seconds
[2026-09-30T15:30:16.593+0000] {processor.py:161} INFO - Started process (PID=2918) to work on /opt/airflow/dags/main.py
[2026-09-30T15:30:16.597+0000] {processor.py:830} INFO - Processing file /opt/airflow/dags/main.py for tasks to queue
[2026-09-30T15:30:16.601+0000] {logging_mixin.py:188} INFO - [2026-09-30T15:30:16.600+0000] {dagbag.py:545} INFO - Filling up the DagBag from /opt/airflow/dags/main.py
[2026-09-30T15:30:16.897+0000] {processor.py:840} INFO - DAG(s) 'data_quality_check', 'produce_json', 'update_db' retrieved from /opt/airflow/dags/main.py
[2026-09-30T15:30:16.940+0000] {logging_mixin.py:188} INFO - [2026-09-30T15:30:16.940+0000] {dag.py:3096} INFO - Sync 3 DAGs
[2026-09-30T15:30:16.966+0000] {logging_mixin.py:188} INFO - [2026-09-30T15:30:16.965+0000] {dag.py:3954} INFO - Setting next_dagrun for data_quality_check to 2026-09-30 12:00:00+00:00, run_after=2026-10-01 12:00:00+00:00
[2026-09-30T15:30:16.973+0000] {logging_mixin.py:188} INFO - [2026-09-30T15:30:16.973+0000] {dag.py:3954} INFO - Setting next_dagrun for produce_json to 2026-09-30 12:00:00+00:00, run_after=2026-10-01 12:00:00+00:00
[2026-09-30T15:30:16.976+0000] {logging_mixin.py:188} INFO - [2026-09-30T15:30:16.976+0000] {dag.py:3954} INFO - Setting next_dagrun for update_db to 2026-09-30 12:00:00+00:00, run_after=2026-10-01 12:00:00+00:00
[2026-09-30T15:30:16.999+0000] {processor.py:183} INFO - Processing /opt/airflow/dags/main.py took 0.414 seconds
[2026-09-30T15:30:47.332+0000] {processor.py:161} INFO - Started process (PID=2925) to work on /opt/airflow/dags/main.py
[2026-09-30T15:30:47.335+0000] {processor.py:830} INFO - Processing file /opt/airflow/dags/main.py for tasks to queue
[2026-09-30T15:30:47.339+0000] {logging_mixin.py:188} INFO - [2026-09-30T15:30:47.339+0000] {dagbag.py:545} INFO - Filling up the DagBag from /opt/airflow/dags/main.py
[2026-09-30T15:30:47.656+0000] {processor.py:840} INFO - DAG(s) 'update_db', 'data_quality_check', 'produce_json' retrieved from /opt/airflow/dags/main.py
[2026-09-30T15:30:47.685+0000] {logging_mixin.py:188} INFO - [2026-09-30T15:30:47.685+0000] {dag.py:3096} INFO - Sync 3 DAGs
[2026-09-30T15:30:47.704+0000] {logging_mixin.py:188} INFO - [2026-09-30T15:30:47.704+0000] {dag.py:3954} INFO - Setting next_dagrun for data_quality_check to 2026-09-30 12:00:00+00:00, run_after=2026-10-01 12:00:00+00:00
[2026-09-30T15:30:47.711+0000] {logging_mixin.py:188} INFO - [2026-09-30T15:30:47.711+0000] {dag.py:3954} INFO - Setting next_dagrun for produce_json to 2026-09-30 12:00:00+00:00, run_after=2026-10-01 12:00:00+00:00
[2026-09-30T15:30:47.715+0000] {logging_mixin.py:188} INFO - [2026-09-30T15:30:47.715+0000] {dag.py:3954} INFO - Setting next_dagrun for update_db to 2026-09-30 12:00:00+00:00, run_after=2026-10-01 12:00:00+00:00
[2026-09-30T15:30:47.760+0000] {processor.py:183} INFO - Processing /opt/airflow/dags/main.py took 0.434 seconds
[2026-09-30T15:31:18.097+0000] {processor.py:161} INFO - Started process (PID=2932) to work on /opt/airflow/dags/main.py
[2026-09-30T15:31:18.100+0000] {processor.py:830} INFO - Processing file /opt/airflow/dags/main.py for tasks to queue
[2026-09-30T15:31:18.104+0000] {logging_mixin.py:188} INFO - [2026-09-30T15:31:18.104+0000] {dagbag.py:545} INFO - Filling up the DagBag from /opt/airflow/dags/main.py
[2026-09-30T15:31:18.397+0000] {processor.py:840} INFO - DAG(s) 'data_quality_check', 'update_db', 'produce_json' retrieved from /opt/airflow/dags/main.py
[2026-09-30T15:31:18.424+0000] {logging_mixin.py:188} INFO - [2026-09-30T15:31:18.424+0000] {dag.py:3096} INFO - Sync 3 DAGs
[2026-09-30T15:31:18.444+0000] {logging_mixin.py:188} INFO - [2026-09-30T15:31:18.444+0000] {dag.py:3954} INFO - Setting next_dagrun for data_quality_check to 2026-09-30 12:00:00+00:00, run_after=2026-10-01 12:00:00+00:00
[2026-09-30T15:31:18.451+0000] {logging_mixin.py:188} INFO - [2026-09-30T15:31:18.451+0000] {dag.py:3954} INFO - Setting next_dagrun for produce_json to 2026-09-30 12:00:00+00:00, run_after=2026-10-01 12:00:00+00:00
[2026-09-30T15:31:18.455+0000] {logging_mixin.py:188} INFO - [2026-09-30T15:31:18.455+0000] {dag.py:3954} INFO - Setting next_dagrun for update_db to 2026-09-30 12:00:00+00:00, run_after=2026-10-01 12:00:00+00:00
[2026-09-30T15:31:18.475+0000] {processor.py:183} INFO - Processing /opt/airflow/dags/main.py took 0.384 seconds
[2026-09-30T15:31:48.817+0000] {processor.py:161} INFO - Started process (PID=2939) to work on /opt/airflow/dags/main.py
[2026-09-30T15:31:48.820+0000] {processor.py:830} INFO - Processing file /opt/airflow/dags/main.py for tasks to queue
[2026-09-30T15:31:48.823+0000] {logging_mixin.py:188} INFO - [2026-09-30T15:31:48.823+0000] {dagbag.py:545} INFO - Filling up the DagBag from /opt/airflow/dags/main.py
[2026-09-30T15:31:49.123+0000] {processor.py:840} INFO - DAG(s) 'data_quality_check', 'produce_json', 'update_db' retrieved from /opt/airflow/dags/main.py
[2026-09-30T15:31:49.152+0000] {logging_mixin.py:188} INFO - [2026-09-30T15:31:49.151+0000] {dag.py:3096} INFO - Sync 3 DAGs
[2026-09-30T15:31:49.174+0000] {logging_mixin.py:188} INFO - [2026-09-30T15:31:49.174+0000] {dag.py:3954} INFO - Setting next_dagrun for data_quality_check to 2026-09-30 12:00:00+00:00, run_after=2026-10-01 12:00:00+00:00
[2026-09-30T15:31:49.181+0000] {logging_mixin.py:188} INFO - [2026-09-30T15:31:49.181+0000] {dag.py:3954} INFO - Setting next_dagrun for produce_json to 2026-09-30 12:00:00+00:00, run_after=2026-10-01 12:00:00+00:00
[2026-09-30T15:31:49.184+0000] {logging_mixin.py:188} INFO - [2026-09-30T15:31:49.184+0000] {dag.py:3954} INFO - Setting next_dagrun for update_db to 2026-09-30 12:00:00+00:00, run_after=2026-10-01 12:00:00+00:00
[2026-09-30T15:31:49.204+0000] {processor.py:183} INFO - Processing /opt/airflow/dags/main.py took 0.394 seconds
[2026-09-30T15:32:19.546+0000] {processor.py:161} INFO - Started process (PID=2946) to work on /opt/airflow/dags/main.py
[2026-09-30T15:32:19.549+0000] {processor.py:830} INFO - Processing file /opt/airflow/dags/main.py for tasks to queue
[2026-09-30T15:32:19.552+0000] {logging_mixin.py:188} INFO - [2026-09-30T15:32:19.552+0000] {dagbag.py:545} INFO - Filling up the DagBag from /opt/airflow/dags/main.py
[2026-09-30T15:32:19.851+0000] {processor.py:840} INFO - DAG(s) 'update_db', 'produce_json', 'data_quality_check' retrieved from /opt/airflow/dags/main.py
[2026-09-30T15:32:19.878+0000] {logging_mixin.py:188} INFO - [2026-09-30T15:32:19.878+0000] {dag.py:3096} INFO - Sync 3 DAGs
[2026-09-30T15:32:19.895+0000] {logging_mixin.py:188} INFO - [2026-09-30T15:32:19.895+0000] {dag.py:3954} INFO - Setting next_dagrun for data_quality_check to 2026-09-30 12:00:00+00:00, run_after=2026-10-01 12:00:00+00:00
[2026-09-30T15:32:19.902+0000] {logging_mixin.py:188} INFO - [2026-09-30T15:32:19.902+0000] {dag.py:3954} INFO - Setting next_dagrun for produce_json to 2026-09-30 12:00:00+00:00, run_after=2026-10-01 12:00:00+00:00
[2026-09-30T15:32:19.906+0000] {logging_mixin.py:188} INFO - [2026-09-30T15:32:19.905+0000] {dag.py:3954} INFO - Setting next_dagrun for update_db to 2026-09-30 12:00:00+00:00, run_after=2026-10-01 12:00:00+00:00
[2026-09-30T15:32:19.926+0000] {processor.py:183} INFO - Processing /opt/airflow/dags/main.py took 0.386 seconds
[2026-09-30T15:32:50.327+0000] {processor.py:161} INFO - Started process (PID=2953) to work on /opt/airflow/dags/main.py
[2026-09-30T15:32:50.330+0000] {processor.py:830} INFO - Processing file /opt/airflow/dags/main.py for tasks to queue
[2026-09-30T15:32:50.334+0000] {logging_mixin.py:188} INFO - [2026-09-30T15:32:50.333+0000] {dagbag.py:545} INFO - Filling up the DagBag from /opt/airflow/dags/main.py
[2026-09-30T15:32:50.625+0000] {processor.py:840} INFO - DAG(s) 'produce_json', 'data_quality_check', 'update_db' retrieved from /opt/airflow/dags/main.py
[2026-09-30T15:32:50.652+0000] {logging_mixin.py:188} INFO - [2026-09-30T15:32:50.652+0000] {dag.py:3096} INFO - Sync 3 DAGs
[2026-09-30T15:32:50.672+0000] {logging_mixin.py:188} INFO - [2026-09-30T15:32:50.672+0000] {dag.py:3954} INFO - Setting next_dagrun for data_quality_check to 2026-09-30 12:00:00+00:00, run_after=2026-10-01 12:00:00+00:00
[2026-09-30T15:32:50.679+0000] {logging_mixin.py:188} INFO - [2026-09-30T15:32:50.679+0000] {dag.py:3954} INFO - Setting next_dagrun for produce_json to 2026-09-30 12:00:00+00:00, run_after=2026-10-01 12:00:00+00:00
[2026-09-30T15:32:50.683+0000] {logging_mixin.py:188} INFO - [2026-09-30T15:32:50.683+0000] {dag.py:3954} INFO - Setting next_dagrun for update_db to 2026-09-30 12:00:00+00:00, run_after=2026-10-01 12:00:00+00:00
[2026-09-30T15:32:50.709+0000] {processor.py:183} INFO - Processing /opt/airflow/dags/main.py took 0.387 seconds
[2026-09-30T15:33:21.041+0000] {processor.py:161} INFO - Started process (PID=2960) to work on /opt/airflow/dags/main.py
[2026-09-30T15:33:21.044+0000] {processor.py:830} INFO - Processing file /opt/airflow/dags/main.py for tasks to queue
[2026-09-30T15:33:21.048+0000] {logging_mixin.py:188} INFO - [2026-09-30T15:33:21.048+0000] {dagbag.py:545} INFO - Filling up the DagBag from /opt/airflow/dags/main.py
[2026-09-30T15:33:21.344+0000] {processor.py:840} INFO - DAG(s) 'data_quality_check', 'update_db', 'produce_json' retrieved from /opt/airflow/dags/main.py
[2026-09-30T15:33:21.370+0000] {logging_mixin.py:188} INFO - [2026-09-30T15:33:21.370+0000] {dag.py:3096} INFO - Sync 3 DAGs
[2026-09-30T15:33:21.389+0000] {logging_mixin.py:188} INFO - [2026-09-30T15:33:21.389+0000] {dag.py:3954} INFO - Setting next_dagrun for data_quality_check to 2026-09-30 12:00:00+00:00, run_after=2026-10-01 12:00:00+00:00
[2026-09-30T15:33:21.397+0000] {logging_mixin.py:188} INFO - [2026-09-30T15:33:21.396+0000] {dag.py:3954} INFO - Setting next_dagrun for produce_json to 2026-09-30 12:00:00+00:00, run_after=2026-10-01 12:00:00+00:00
[2026-09-30T15:33:21.400+0000] {logging_mixin.py:188} INFO - [2026-09-30T15:33:21.400+0000] {dag.py:3954} INFO - Setting next_dagrun for update_db to 2026-09-30 12:00:00+00:00, run_after=2026-10-01 12:00:00+00:00
[2026-09-30T15:33:21.422+0000] {processor.py:183} INFO - Processing /opt/airflow/dags/main.py took 0.387 seconds
[2026-09-30T15:33:51.763+0000] {processor.py:161} INFO - Started process (PID=2967) to work on /opt/airflow/dags/main.py
[2026-09-30T15:33:51.767+0000] {processor.py:830} INFO - Processing file /opt/airflow/dags/main.py for tasks to queue
[2026-09-30T15:33:51.770+0000] {logging_mixin.py:188} INFO - [2026-09-30T15:33:51.770+0000] {dagbag.py:545} INFO - Filling up the DagBag from /opt/airflow/dags/main.py
[2026-09-30T15:33:52.088+0000] {processor.py:840} INFO - DAG(s) 'produce_json', 'update_db', 'data_quality_check' retrieved from /opt/airflow/dags/main.py
[2026-09-30T15:33:52.145+0000] {logging_mixin.py:188} INFO - [2026-09-30T15:33:52.144+0000] {dag.py:3096} INFO - Sync 3 DAGs
[2026-09-30T15:33:52.187+0000] {logging_mixin.py:188} INFO - [2026-09-30T15:33:52.187+0000] {dag.py:3954} INFO - Setting next_dagrun for data_quality_check to 2026-09-30 12:00:00+00:00, run_after=2026-10-01 12:00:00+00:00
[2026-09-30T15:33:52.199+0000] {logging_mixin.py:188} INFO - [2026-09-30T15:33:52.199+0000] {dag.py:3954} INFO - Setting next_dagrun for produce_json to 2026-09-30 12:00:00+00:00, run_after=2026-10-01 12:00:00+00:00
[2026-09-30T15:33:52.204+0000] {logging_mixin.py:188} INFO - [2026-09-30T15:33:52.204+0000] {dag.py:3954} INFO - Setting next_dagrun for update_db to 2026-09-30 12:00:00+00:00, run_after=2026-10-01 12:00:00+00:00
[2026-09-30T15:33:52.236+0000] {processor.py:183} INFO - Processing /opt/airflow/dags/main.py took 0.479 seconds
[2026-09-30T15:34:22.557+0000] {processor.py:161} INFO - Started process (PID=2974) to work on /opt/airflow/dags/main.py
[2026-09-30T15:34:22.560+0000] {processor.py:830} INFO - Processing file /opt/airflow/dags/main.py for tasks to queue
[2026-09-30T15:34:22.563+0000] {logging_mixin.py:188} INFO - [2026-09-30T15:34:22.563+0000] {dagbag.py:545} INFO - Filling up the DagBag from /opt/airflow/dags/main.py
[2026-09-30T15:34:22.866+0000] {processor.py:840} INFO - DAG(s) 'update_db', 'data_quality_check', 'produce_json' retrieved from /opt/airflow/dags/main.py
[2026-09-30T15:34:22.895+0000] {logging_mixin.py:188} INFO - [2026-09-30T15:34:22.895+0000] {dag.py:3096} INFO - Sync 3 DAGs
[2026-09-30T15:34:22.917+0000] {logging_mixin.py:188} INFO - [2026-09-30T15:34:22.917+0000] {dag.py:3954} INFO - Setting next_dagrun for data_quality_check to 2026-09-30 12:00:00+00:00, run_after=2026-10-01 12:00:00+00:00
[2026-09-30T15:34:22.924+0000] {logging_mixin.py:188} INFO - [2026-09-30T15:34:22.924+0000] {dag.py:3954} INFO - Setting next_dagrun for produce_json to 2026-09-30 12:00:00+00:00, run_after=2026-10-01 12:00:00+00:00
[2026-09-30T15:34:22.928+0000] {logging_mixin.py:188} INFO - [2026-09-30T15:34:22.928+0000] {dag.py:3954} INFO - Setting next_dagrun for update_db to 2026-09-30 12:00:00+00:00, run_after=2026-10-01 12:00:00+00:00
[2026-09-30T15:34:22.949+0000] {processor.py:183} INFO - Processing /opt/airflow/dags/main.py took 0.398 seconds
[2026-09-30T15:34:53.275+0000] {processor.py:161} INFO - Started process (PID=2981) to work on /opt/airflow/dags/main.py
[2026-09-30T15:34:53.278+0000] {processor.py:830} INFO - Processing file /opt/airflow/dags/main.py for tasks to queue
[2026-09-30T15:34:53.281+0000] {logging_mixin.py:188} INFO - [2026-09-30T15:34:53.281+0000] {dagbag.py:545} INFO - Filling up the DagBag from /opt/airflow/dags/main.py
[2026-09-30T15:34:53.582+0000] {processor.py:840} INFO - DAG(s) 'produce_json', 'data_quality_check', 'update_db' retrieved from /opt/airflow/dags/main.py
[2026-09-30T15:34:53.610+0000] {logging_mixin.py:188} INFO - [2026-09-30T15:34:53.610+0000] {dag.py:3096} INFO - Sync 3 DAGs
[2026-09-30T15:34:53.633+0000] {logging_mixin.py:188} INFO - [2026-09-30T15:34:53.632+0000] {dag.py:3954} INFO - Setting next_dagrun for data_quality_check to 2026-09-30 12:00:00+00:00, run_after=2026-10-01 12:00:00+00:00
[2026-09-30T15:34:53.640+0000] {logging_mixin.py:188} INFO - [2026-09-30T15:34:53.640+0000] {dag.py:3954} INFO - Setting next_dagrun for produce_json to 2026-09-30 12:00:00+00:00, run_after=2026-10-01 12:00:00+00:00
[2026-09-30T15:34:53.643+0000] {logging_mixin.py:188} INFO - [2026-09-30T15:34:53.643+0000] {dag.py:3954} INFO - Setting next_dagrun for update_db to 2026-09-30 12:00:00+00:00, run_after=2026-10-01 12:00:00+00:00
[2026-09-30T15:34:53.671+0000] {processor.py:183} INFO - Processing /opt/airflow/dags/main.py took 0.402 seconds
[2026-09-30T15:35:24.004+0000] {processor.py:161} INFO - Started process (PID=2988) to work on /opt/airflow/dags/main.py
[2026-09-30T15:35:24.007+0000] {processor.py:830} INFO - Processing file /opt/airflow/dags/main.py for tasks to queue
[2026-09-30T15:35:24.010+0000] {logging_mixin.py:188} INFO - [2026-09-30T15:35:24.009+0000] {dagbag.py:545} INFO - Filling up the DagBag from /opt/airflow/dags/main.py
[2026-09-30T15:35:24.322+0000] {processor.py:840} INFO - DAG(s) 'produce_json', 'data_quality_check', 'update_db' retrieved from /opt/airflow/dags/main.py
[2026-09-30T15:35:24.354+0000] {logging_mixin.py:188} INFO - [2026-09-30T15:35:24.353+0000] {dag.py:3096} INFO - Sync 3 DAGs
[2026-09-30T15:35:24.376+0000] {logging_mixin.py:188} INFO - [2026-09-30T15:35:24.376+0000] {dag.py:3954} INFO - Setting next_dagrun for data_quality_check to 2026-09-30 12:00:00+00:00, run_after=2026-10-01 12:00:00+00:00
[2026-09-30T15:35:24.383+0000] {logging_mixin.py:188} INFO - [2026-09-30T15:35:24.383+0000] {dag.py:3954} INFO - Setting next_dagrun for produce_json to 2026-09-30 12:00:00+00:00, run_after=2026-10-01 12:00:00+00:00
[2026-09-30T15:35:24.386+0000] {logging_mixin.py:188} INFO - [2026-09-30T15:35:24.386+0000] {dag.py:3954} INFO - Setting next_dagrun for update_db to 2026-09-30 12:00:00+00:00, run_after=2026-10-01 12:00:00+00:00
[2026-09-30T15:35:24.408+0000] {processor.py:183} INFO - Processing /opt/airflow/dags/main.py took 0.410 seconds
[2026-09-30T15:35:54.761+0000] {processor.py:161} INFO - Started process (PID=2995) to work on /opt/airflow/dags/main.py
[2026-09-30T15:35:54.763+0000] {processor.py:830} INFO - Processing file /opt/airflow/dags/main.py for tasks to queue
[2026-09-30T15:35:54.767+0000] {logging_mixin.py:188} INFO - [2026-09-30T15:35:54.767+0000] {dagbag.py:545} INFO - Filling up the DagBag from /opt/airflow/dags/main.py
[2026-09-30T15:35:55.034+0000] {processor.py:840} INFO - DAG(s) 'produce_json', 'data_quality_check', 'update_db' retrieved from /opt/airflow/dags/main.py
[2026-09-30T15:35:55.062+0000] {logging_mixin.py:188} INFO - [2026-09-30T15:35:55.062+0000] {dag.py:3096} INFO - Sync 3 DAGs
[2026-09-30T15:35:55.081+0000] {logging_mixin.py:188} INFO - [2026-09-30T15:35:55.081+0000] {dag.py:3954} INFO - Setting next_dagrun for data_quality_check to 2026-09-30 12:00:00+00:00, run_after=2026-10-01 12:00:00+00:00
[2026-09-30T15:35:55.088+0000] {logging_mixin.py:188} INFO - [2026-09-30T15:35:55.088+0000] {dag.py:3954} INFO - Setting next_dagrun for produce_json to 2026-09-30 12:00:00+00:00, run_after=2026-10-01 12:00:00+00:00
[2026-09-30T15:35:55.092+0000] {logging_mixin.py:188} INFO - [2026-09-30T15:35:55.092+0000] {dag.py:3954} INFO - Setting next_dagrun for update_db to 2026-09-30 12:00:00+00:00, run_after=2026-10-01 12:00:00+00:00
[2026-09-30T15:35:55.112+0000] {processor.py:183} INFO - Processing /opt/airflow/dags/main.py took 0.357 seconds
[2026-09-30T15:36:25.442+0000] {processor.py:161} INFO - Started process (PID=3009) to work on /opt/airflow/dags/main.py
[2026-09-30T15:36:25.445+0000] {processor.py:830} INFO - Processing file /opt/airflow/dags/main.py for tasks to queue
[2026-09-30T15:36:25.448+0000] {logging_mixin.py:188} INFO - [2026-09-30T15:36:25.448+0000] {dagbag.py:545} INFO - Filling up the DagBag from /opt/airflow/dags/main.py
[2026-09-30T15:36:25.738+0000] {processor.py:840} INFO - DAG(s) 'produce_json', 'data_quality_check', 'update_db' retrieved from /opt/airflow/dags/main.py
[2026-09-30T15:36:25.765+0000] {logging_mixin.py:188} INFO - [2026-09-30T15:36:25.765+0000] {dag.py:3096} INFO - Sync 3 DAGs
[2026-09-30T15:36:25.785+0000] {logging_mixin.py:188} INFO - [2026-09-30T15:36:25.785+0000] {dag.py:3954} INFO - Setting next_dagrun for data_quality_check to 2026-09-30 12:00:00+00:00, run_after=2026-10-01 12:00:00+00:00
[2026-09-30T15:36:25.791+0000] {logging_mixin.py:188} INFO - [2026-09-30T15:36:25.791+0000] {dag.py:3954} INFO - Setting next_dagrun for produce_json to 2026-09-30 12:00:00+00:00, run_after=2026-10-01 12:00:00+00:00
[2026-09-30T15:36:25.794+0000] {logging_mixin.py:188} INFO - [2026-09-30T15:36:25.794+0000] {dag.py:3954} INFO - Setting next_dagrun for update_db to 2026-09-30 12:00:00+00:00, run_after=2026-10-01 12:00:00+00:00
[2026-09-30T15:36:25.815+0000] {processor.py:183} INFO - Processing /opt/airflow/dags/main.py took 0.378 seconds
[2026-09-30T15:36:56.173+0000] {processor.py:161} INFO - Started process (PID=3016) to work on /opt/airflow/dags/main.py
[2026-09-30T15:36:56.175+0000] {processor.py:830} INFO - Processing file /opt/airflow/dags/main.py for tasks to queue
[2026-09-30T15:36:56.179+0000] {logging_mixin.py:188} INFO - [2026-09-30T15:36:56.179+0000] {dagbag.py:545} INFO - Filling up the DagBag from /opt/airflow/dags/main.py
[2026-09-30T15:36:56.491+0000] {processor.py:840} INFO - DAG(s) 'update_db', 'data_quality_check', 'produce_json' retrieved from /opt/airflow/dags/main.py
[2026-09-30T15:36:56.516+0000] {logging_mixin.py:188} INFO - [2026-09-30T15:36:56.516+0000] {dag.py:3096} INFO - Sync 3 DAGs
[2026-09-30T15:36:56.535+0000] {logging_mixin.py:188} INFO - [2026-09-30T15:36:56.535+0000] {dag.py:3954} INFO - Setting next_dagrun for data_quality_check to 2026-09-30 12:00:00+00:00, run_after=2026-10-01 12:00:00+00:00
[2026-09-30T15:36:56.543+0000] {logging_mixin.py:188} INFO - [2026-09-30T15:36:56.542+0000] {dag.py:3954} INFO - Setting next_dagrun for produce_json to 2026-09-30 12:00:00+00:00, run_after=2026-10-01 12:00:00+00:00
[2026-09-30T15:36:56.546+0000] {logging_mixin.py:188} INFO - [2026-09-30T15:36:56.546+0000] {dag.py:3954} INFO - Setting next_dagrun for update_db to 2026-09-30 12:00:00+00:00, run_after=2026-10-01 12:00:00+00:00
[2026-09-30T15:36:56.565+0000] {processor.py:183} INFO - Processing /opt/airflow/dags/main.py took 0.398 seconds
[2026-09-30T15:37:26.906+0000] {processor.py:161} INFO - Started process (PID=3023) to work on /opt/airflow/dags/main.py
[2026-09-30T15:37:26.909+0000] {processor.py:830} INFO - Processing file /opt/airflow/dags/main.py for tasks to queue
[2026-09-30T15:37:26.913+0000] {logging_mixin.py:188} INFO - [2026-09-30T15:37:26.913+0000] {dagbag.py:545} INFO - Filling up the DagBag from /opt/airflow/dags/main.py
[2026-09-30T15:37:27.196+0000] {processor.py:840} INFO - DAG(s) 'produce_json', 'data_quality_check', 'update_db' retrieved from /opt/airflow/dags/main.py
[2026-09-30T15:37:27.225+0000] {logging_mixin.py:188} INFO - [2026-09-30T15:37:27.224+0000] {dag.py:3096} INFO - Sync 3 DAGs
[2026-09-30T15:37:27.245+0000] {logging_mixin.py:188} INFO - [2026-09-30T15:37:27.244+0000] {dag.py:3954} INFO - Setting next_dagrun for data_quality_check to 2026-09-30 12:00:00+00:00, run_after=2026-10-01 12:00:00+00:00
[2026-09-30T15:37:27.250+0000] {logging_mixin.py:188} INFO - [2026-09-30T15:37:27.250+0000] {dag.py:3954} INFO - Setting next_dagrun for produce_json to 2026-09-30 12:00:00+00:00, run_after=2026-10-01 12:00:00+00:00
[2026-09-30T15:37:27.253+0000] {logging_mixin.py:188} INFO - [2026-09-30T15:37:27.253+0000] {dag.py:3954} INFO - Setting next_dagrun for update_db to 2026-09-30 12:00:00+00:00, run_after=2026-10-01 12:00:00+00:00
[2026-09-30T15:37:27.275+0000] {processor.py:183} INFO - Processing /opt/airflow/dags/main.py took 0.379 seconds
[2026-09-30T15:37:57.780+0000] {processor.py:161} INFO - Started process (PID=3030) to work on /opt/airflow/dags/main.py
[2026-09-30T15:37:57.783+0000] {processor.py:830} INFO - Processing file /opt/airflow/dags/main.py for tasks to queue
[2026-09-30T15:37:57.787+0000] {logging_mixin.py:188} INFO - [2026-09-30T15:37:57.786+0000] {dagbag.py:545} INFO - Filling up the DagBag from /opt/airflow/dags/main.py
[2026-09-30T15:37:58.097+0000] {processor.py:840} INFO - DAG(s) 'update_db', 'produce_json', 'data_quality_check' retrieved from /opt/airflow/dags/main.py
[2026-09-30T15:37:58.134+0000] {logging_mixin.py:188} INFO - [2026-09-30T15:37:58.134+0000] {dag.py:3096} INFO - Sync 3 DAGs
[2026-09-30T15:37:58.156+0000] {logging_mixin.py:188} INFO - [2026-09-30T15:37:58.156+0000] {dag.py:3954} INFO - Setting next_dagrun for data_quality_check to 2026-09-30 12:00:00+00:00, run_after=2026-10-01 12:00:00+00:00
[2026-09-30T15:37:58.163+0000] {logging_mixin.py:188} INFO - [2026-09-30T15:37:58.163+0000] {dag.py:3954} INFO - Setting next_dagrun for produce_json to 2026-09-30 12:00:00+00:00, run_after=2026-10-01 12:00:00+00:00
[2026-09-30T15:37:58.167+0000] {logging_mixin.py:188} INFO - [2026-09-30T15:37:58.167+0000] {dag.py:3954} INFO - Setting next_dagrun for update_db to 2026-09-30 12:00:00+00:00, run_after=2026-10-01 12:00:00+00:00
[2026-09-30T15:37:58.193+0000] {processor.py:183} INFO - Processing /opt/airflow/dags/main.py took 0.418 seconds
[2026-09-30T15:38:28.506+0000] {processor.py:161} INFO - Started process (PID=3037) to work on /opt/airflow/dags/main.py
[2026-09-30T15:38:28.509+0000] {processor.py:830} INFO - Processing file /opt/airflow/dags/main.py for tasks to queue
[2026-09-30T15:38:28.512+0000] {logging_mixin.py:188} INFO - [2026-09-30T15:38:28.512+0000] {dagbag.py:545} INFO - Filling up the DagBag from /opt/airflow/dags/main.py
[2026-09-30T15:38:28.809+0000] {processor.py:840} INFO - DAG(s) 'produce_json', 'data_quality_check', 'update_db' retrieved from /opt/airflow/dags/main.py
[2026-09-30T15:38:28.837+0000] {logging_mixin.py:188} INFO - [2026-09-30T15:38:28.836+0000] {dag.py:3096} INFO - Sync 3 DAGs
[2026-09-30T15:38:28.858+0000] {logging_mixin.py:188} INFO - [2026-09-30T15:38:28.857+0000] {dag.py:3954} INFO - Setting next_dagrun for data_quality_check to 2026-09-30 12:00:00+00:00, run_after=2026-10-01 12:00:00+00:00
[2026-09-30T15:38:28.864+0000] {logging_mixin.py:188} INFO - [2026-09-30T15:38:28.864+0000] {dag.py:3954} INFO - Setting next_dagrun for produce_json to 2026-09-30 12:00:00+00:00, run_after=2026-10-01 12:00:00+00:00
[2026-09-30T15:38:28.868+0000] {logging_mixin.py:188} INFO - [2026-09-30T15:38:28.867+0000] {dag.py:3954} INFO - Setting next_dagrun for update_db to 2026-09-30 12:00:00+00:00, run_after=2026-10-01 12:00:00+00:00
[2026-09-30T15:38:28.890+0000] {processor.py:183} INFO - Processing /opt/airflow/dags/main.py took 0.390 seconds
[2026-09-30T15:38:59.225+0000] {processor.py:161} INFO - Started process (PID=3044) to work on /opt/airflow/dags/main.py
[2026-09-30T15:38:59.228+0000] {processor.py:830} INFO - Processing file /opt/airflow/dags/main.py for tasks to queue
[2026-09-30T15:38:59.230+0000] {logging_mixin.py:188} INFO - [2026-09-30T15:38:59.230+0000] {dagbag.py:545} INFO - Filling up the DagBag from /opt/airflow/dags/main.py
[2026-09-30T15:38:59.520+0000] {processor.py:840} INFO - DAG(s) 'data_quality_check', 'update_db', 'produce_json' retrieved from /opt/airflow/dags/main.py
[2026-09-30T15:38:59.545+0000] {logging_mixin.py:188} INFO - [2026-09-30T15:38:59.545+0000] {dag.py:3096} INFO - Sync 3 DAGs
[2026-09-30T15:38:59.567+0000] {logging_mixin.py:188} INFO - [2026-09-30T15:38:59.567+0000] {dag.py:3954} INFO - Setting next_dagrun for data_quality_check to 2026-09-30 12:00:00+00:00, run_after=2026-10-01 12:00:00+00:00
[2026-09-30T15:38:59.573+0000] {logging_mixin.py:188} INFO - [2026-09-30T15:38:59.573+0000] {dag.py:3954} INFO - Setting next_dagrun for produce_json to 2026-09-30 12:00:00+00:00, run_after=2026-10-01 12:00:00+00:00
[2026-09-30T15:38:59.576+0000] {logging_mixin.py:188} INFO - [2026-09-30T15:38:59.576+0000] {dag.py:3954} INFO - Setting next_dagrun for update_db to 2026-09-30 12:00:00+00:00, run_after=2026-10-01 12:00:00+00:00
[2026-09-30T15:38:59.597+0000] {processor.py:183} INFO - Processing /opt/airflow/dags/main.py took 0.379 seconds
[2026-09-30T15:39:29.931+0000] {processor.py:161} INFO - Started process (PID=3051) to work on /opt/airflow/dags/main.py
[2026-09-30T15:39:29.934+0000] {processor.py:830} INFO - Processing file /opt/airflow/dags/main.py for tasks to queue
[2026-09-30T15:39:29.938+0000] {logging_mixin.py:188} INFO - [2026-09-30T15:39:29.938+0000] {dagbag.py:545} INFO - Filling up the DagBag from /opt/airflow/dags/main.py
[2026-09-30T15:39:30.228+0000] {processor.py:840} INFO - DAG(s) 'update_db', 'produce_json', 'data_quality_check' retrieved from /opt/airflow/dags/main.py
[2026-09-30T15:39:30.254+0000] {logging_mixin.py:188} INFO - [2026-09-30T15:39:30.254+0000] {dag.py:3096} INFO - Sync 3 DAGs
[2026-09-30T15:39:30.275+0000] {logging_mixin.py:188} INFO - [2026-09-30T15:39:30.274+0000] {dag.py:3954} INFO - Setting next_dagrun for data_quality_check to 2026-09-30 12:00:00+00:00, run_after=2026-10-01 12:00:00+00:00
[2026-09-30T15:39:30.282+0000] {logging_mixin.py:188} INFO - [2026-09-30T15:39:30.281+0000] {dag.py:3954} INFO - Setting next_dagrun for produce_json to 2026-09-30 12:00:00+00:00, run_after=2026-10-01 12:00:00+00:00
[2026-09-30T15:39:30.285+0000] {logging_mixin.py:188} INFO - [2026-09-30T15:39:30.285+0000] {dag.py:3954} INFO - Setting next_dagrun for update_db to 2026-09-30 12:00:00+00:00, run_after=2026-10-01 12:00:00+00:00
[2026-09-30T15:39:30.307+0000] {processor.py:183} INFO - Processing /opt/airflow/dags/main.py took 0.381 seconds
[2026-09-30T15:40:00.656+0000] {processor.py:161} INFO - Started process (PID=3058) to work on /opt/airflow/dags/main.py
[2026-09-30T15:40:00.659+0000] {processor.py:830} INFO - Processing file /opt/airflow/dags/main.py for tasks to queue
[2026-09-30T15:40:00.662+0000] {logging_mixin.py:188} INFO - [2026-09-30T15:40:00.662+0000] {dagbag.py:545} INFO - Filling up the DagBag from /opt/airflow/dags/main.py
[2026-09-30T15:40:00.967+0000] {processor.py:840} INFO - DAG(s) 'update_db', 'data_quality_check', 'produce_json' retrieved from /opt/airflow/dags/main.py
[2026-09-30T15:40:00.998+0000] {logging_mixin.py:188} INFO - [2026-09-30T15:40:00.998+0000] {dag.py:3096} INFO - Sync 3 DAGs
[2026-09-30T15:40:01.019+0000] {logging_mixin.py:188} INFO - [2026-09-30T15:40:01.019+0000] {dag.py:3954} INFO - Setting next_dagrun for data_quality_check to 2026-09-30 12:00:00+00:00, run_after=2026-10-01 12:00:00+00:00
[2026-09-30T15:40:01.026+0000] {logging_mixin.py:188} INFO - [2026-09-30T15:40:01.026+0000] {dag.py:3954} INFO - Setting next_dagrun for produce_json to 2026-09-30 12:00:00+00:00, run_after=2026-10-01 12:00:00+00:00
[2026-09-30T15:40:01.030+0000] {logging_mixin.py:188} INFO - [2026-09-30T15:40:01.029+0000] {dag.py:3954} INFO - Setting next_dagrun for update_db to 2026-09-30 12:00:00+00:00, run_after=2026-10-01 12:00:00+00:00
[2026-09-30T15:40:01.055+0000] {processor.py:183} INFO - Processing /opt/airflow/dags/main.py took 0.405 seconds
[2026-09-30T15:40:31.392+0000] {processor.py:161} INFO - Started process (PID=3065) to work on /opt/airflow/dags/main.py
[2026-09-30T15:40:31.395+0000] {processor.py:830} INFO - Processing file /opt/airflow/dags/main.py for tasks to queue
[2026-09-30T15:40:31.398+0000] {logging_mixin.py:188} INFO - [2026-09-30T15:40:31.398+0000] {dagbag.py:545} INFO - Filling up the DagBag from /opt/airflow/dags/main.py
[2026-09-30T15:40:31.692+0000] {processor.py:840} INFO - DAG(s) 'update_db', 'data_quality_check', 'produce_json' retrieved from /opt/airflow/dags/main.py
[2026-09-30T15:40:31.719+0000] {logging_mixin.py:188} INFO - [2026-09-30T15:40:31.719+0000] {dag.py:3096} INFO - Sync 3 DAGs
[2026-09-30T15:40:31.741+0000] {logging_mixin.py:188} INFO - [2026-09-30T15:40:31.741+0000] {dag.py:3954} INFO - Setting next_dagrun for data_quality_check to 2026-09-30 12:00:00+00:00, run_after=2026-10-01 12:00:00+00:00
[2026-09-30T15:40:31.747+0000] {logging_mixin.py:188} INFO - [2026-09-30T15:40:31.747+0000] {dag.py:3954} INFO - Setting next_dagrun for produce_json to 2026-09-30 12:00:00+00:00, run_after=2026-10-01 12:00:00+00:00
[2026-09-30T15:40:31.750+0000] {logging_mixin.py:188} INFO - [2026-09-30T15:40:31.750+0000] {dag.py:3954} INFO - Setting next_dagrun for update_db to 2026-09-30 12:00:00+00:00, run_after=2026-10-01 12:00:00+00:00
[2026-09-30T15:40:31.770+0000] {processor.py:183} INFO - Processing /opt/airflow/dags/main.py took 0.384 seconds
[2026-09-30T15:41:02.128+0000] {processor.py:161} INFO - Started process (PID=3072) to work on /opt/airflow/dags/main.py
[2026-09-30T15:41:02.131+0000] {processor.py:830} INFO - Processing file /opt/airflow/dags/main.py for tasks to queue
[2026-09-30T15:41:02.135+0000] {logging_mixin.py:188} INFO - [2026-09-30T15:41:02.134+0000] {dagbag.py:545} INFO - Filling up the DagBag from /opt/airflow/dags/main.py
[2026-09-30T15:41:02.447+0000] {processor.py:840} INFO - DAG(s) 'produce_json', 'update_db', 'data_quality_check' retrieved from /opt/airflow/dags/main.py
[2026-09-30T15:41:02.514+0000] {logging_mixin.py:188} INFO - [2026-09-30T15:41:02.513+0000] {dag.py:3096} INFO - Sync 3 DAGs
[2026-09-30T15:41:02.553+0000] {logging_mixin.py:188} INFO - [2026-09-30T15:41:02.553+0000] {dag.py:3954} INFO - Setting next_dagrun for data_quality_check to 2026-09-30 12:00:00+00:00, run_after=2026-10-01 12:00:00+00:00
[2026-09-30T15:41:02.562+0000] {logging_mixin.py:188} INFO - [2026-09-30T15:41:02.562+0000] {dag.py:3954} INFO - Setting next_dagrun for produce_json to 2026-09-30 12:00:00+00:00, run_after=2026-10-01 12:00:00+00:00
[2026-09-30T15:41:02.566+0000] {logging_mixin.py:188} INFO - [2026-09-30T15:41:02.566+0000] {dag.py:3954} INFO - Setting next_dagrun for update_db to 2026-09-30 12:00:00+00:00, run_after=2026-10-01 12:00:00+00:00
[2026-09-30T15:41:02.593+0000] {processor.py:183} INFO - Processing /opt/airflow/dags/main.py took 0.471 seconds
[2026-09-30T15:41:32.949+0000] {processor.py:161} INFO - Started process (PID=3079) to work on /opt/airflow/dags/main.py
[2026-09-30T15:41:32.952+0000] {processor.py:830} INFO - Processing file /opt/airflow/dags/main.py for tasks to queue
[2026-09-30T15:41:32.955+0000] {logging_mixin.py:188} INFO - [2026-09-30T15:41:32.955+0000] {dagbag.py:545} INFO - Filling up the DagBag from /opt/airflow/dags/main.py
[2026-09-30T15:41:33.255+0000] {processor.py:840} INFO - DAG(s) 'data_quality_check', 'produce_json', 'update_db' retrieved from /opt/airflow/dags/main.py
[2026-09-30T15:41:33.284+0000] {logging_mixin.py:188} INFO - [2026-09-30T15:41:33.284+0000] {dag.py:3096} INFO - Sync 3 DAGs
[2026-09-30T15:41:33.303+0000] {logging_mixin.py:188} INFO - [2026-09-30T15:41:33.303+0000] {dag.py:3954} INFO - Setting next_dagrun for data_quality_check to 2026-09-30 12:00:00+00:00, run_after=2026-10-01 12:00:00+00:00
[2026-09-30T15:41:33.312+0000] {logging_mixin.py:188} INFO - [2026-09-30T15:41:33.311+0000] {dag.py:3954} INFO - Setting next_dagrun for produce_json to 2026-09-30 12:00:00+00:00, run_after=2026-10-01 12:00:00+00:00
[2026-09-30T15:41:33.316+0000] {logging_mixin.py:188} INFO - [2026-09-30T15:41:33.316+0000] {dag.py:3954} INFO - Setting next_dagrun for update_db to 2026-09-30 12:00:00+00:00, run_after=2026-10-01 12:00:00+00:00
[2026-09-30T15:41:33.337+0000] {processor.py:183} INFO - Processing /opt/airflow/dags/main.py took 0.394 seconds
[2026-09-30T15:42:03.669+0000] {processor.py:161} INFO - Started process (PID=3087) to work on /opt/airflow/dags/main.py
[2026-09-30T15:42:03.674+0000] {processor.py:830} INFO - Processing file /opt/airflow/dags/main.py for tasks to queue
[2026-09-30T15:42:03.678+0000] {logging_mixin.py:188} INFO - [2026-09-30T15:42:03.678+0000] {dagbag.py:545} INFO - Filling up the DagBag from /opt/airflow/dags/main.py
[2026-09-30T15:42:03.989+0000] {processor.py:840} INFO - DAG(s) 'produce_json', 'update_db', 'data_quality_check' retrieved from /opt/airflow/dags/main.py
[2026-09-30T15:42:04.016+0000] {logging_mixin.py:188} INFO - [2026-09-30T15:42:04.016+0000] {dag.py:3096} INFO - Sync 3 DAGs
[2026-09-30T15:42:04.036+0000] {logging_mixin.py:188} INFO - [2026-09-30T15:42:04.035+0000] {dag.py:3954} INFO - Setting next_dagrun for data_quality_check to 2026-09-30 12:00:00+00:00, run_after=2026-10-01 12:00:00+00:00
[2026-09-30T15:42:04.042+0000] {logging_mixin.py:188} INFO - [2026-09-30T15:42:04.042+0000] {dag.py:3954} INFO - Setting next_dagrun for produce_json to 2026-09-30 12:00:00+00:00, run_after=2026-10-01 12:00:00+00:00
[2026-09-30T15:42:04.046+0000] {logging_mixin.py:188} INFO - [2026-09-30T15:42:04.046+0000] {dag.py:3954} INFO - Setting next_dagrun for update_db to 2026-09-30 12:00:00+00:00, run_after=2026-10-01 12:00:00+00:00
[2026-09-30T15:42:04.070+0000] {processor.py:183} INFO - Processing /opt/airflow/dags/main.py took 0.411 seconds
[2026-09-30T15:42:34.920+0000] {processor.py:161} INFO - Started process (PID=3094) to work on /opt/airflow/dags/main.py
[2026-09-30T15:42:34.923+0000] {processor.py:830} INFO - Processing file /opt/airflow/dags/main.py for tasks to queue
[2026-09-30T15:42:34.927+0000] {logging_mixin.py:188} INFO - [2026-09-30T15:42:34.926+0000] {dagbag.py:545} INFO - Filling up the DagBag from /opt/airflow/dags/main.py
[2026-09-30T15:42:35.219+0000] {processor.py:840} INFO - DAG(s) 'update_db', 'produce_json', 'data_quality_check' retrieved from /opt/airflow/dags/main.py
[2026-09-30T15:42:35.251+0000] {logging_mixin.py:188} INFO - [2026-09-30T15:42:35.250+0000] {dag.py:3096} INFO - Sync 3 DAGs
[2026-09-30T15:42:35.279+0000] {logging_mixin.py:188} INFO - [2026-09-30T15:42:35.278+0000] {dag.py:3954} INFO - Setting next_dagrun for data_quality_check to 2026-09-30 12:00:00+00:00, run_after=2026-10-01 12:00:00+00:00
[2026-09-30T15:42:35.287+0000] {logging_mixin.py:188} INFO - [2026-09-30T15:42:35.286+0000] {dag.py:3954} INFO - Setting next_dagrun for produce_json to 2026-09-30 12:00:00+00:00, run_after=2026-10-01 12:00:00+00:00
[2026-09-30T15:42:35.291+0000] {logging_mixin.py:188} INFO - [2026-09-30T15:42:35.290+0000] {dag.py:3954} INFO - Setting next_dagrun for update_db to 2026-09-30 12:00:00+00:00, run_after=2026-10-01 12:00:00+00:00
[2026-09-30T15:42:35.315+0000] {processor.py:183} INFO - Processing /opt/airflow/dags/main.py took 0.403 seconds
[2026-09-30T15:43:05.642+0000] {processor.py:161} INFO - Started process (PID=3101) to work on /opt/airflow/dags/main.py
[2026-09-30T15:43:05.644+0000] {processor.py:830} INFO - Processing file /opt/airflow/dags/main.py for tasks to queue
[2026-09-30T15:43:05.648+0000] {logging_mixin.py:188} INFO - [2026-09-30T15:43:05.647+0000] {dagbag.py:545} INFO - Filling up the DagBag from /opt/airflow/dags/main.py
[2026-09-30T15:43:05.946+0000] {processor.py:840} INFO - DAG(s) 'produce_json', 'update_db', 'data_quality_check' retrieved from /opt/airflow/dags/main.py
[2026-09-30T15:43:05.987+0000] {logging_mixin.py:188} INFO - [2026-09-30T15:43:05.987+0000] {dag.py:3096} INFO - Sync 3 DAGs
[2026-09-30T15:43:06.017+0000] {logging_mixin.py:188} INFO - [2026-09-30T15:43:06.017+0000] {dag.py:3954} INFO - Setting next_dagrun for data_quality_check to 2026-09-30 12:00:00+00:00, run_after=2026-10-01 12:00:00+00:00
[2026-09-30T15:43:06.025+0000] {logging_mixin.py:188} INFO - [2026-09-30T15:43:06.025+0000] {dag.py:3954} INFO - Setting next_dagrun for produce_json to 2026-09-30 12:00:00+00:00, run_after=2026-10-01 12:00:00+00:00
[2026-09-30T15:43:06.029+0000] {logging_mixin.py:188} INFO - [2026-09-30T15:43:06.028+0000] {dag.py:3954} INFO - Setting next_dagrun for update_db to 2026-09-30 12:00:00+00:00, run_after=2026-10-01 12:00:00+00:00
[2026-09-30T15:43:06.056+0000] {processor.py:183} INFO - Processing /opt/airflow/dags/main.py took 0.420 seconds
[2026-09-30T15:43:36.411+0000] {processor.py:161} INFO - Started process (PID=3108) to work on /opt/airflow/dags/main.py
[2026-09-30T15:43:36.413+0000] {processor.py:830} INFO - Processing file /opt/airflow/dags/main.py for tasks to queue
[2026-09-30T15:43:36.417+0000] {logging_mixin.py:188} INFO - [2026-09-30T15:43:36.417+0000] {dagbag.py:545} INFO - Filling up the DagBag from /opt/airflow/dags/main.py
[2026-09-30T15:43:36.721+0000] {processor.py:840} INFO - DAG(s) 'produce_json', 'update_db', 'data_quality_check' retrieved from /opt/airflow/dags/main.py
[2026-09-30T15:43:36.752+0000] {logging_mixin.py:188} INFO - [2026-09-30T15:43:36.752+0000] {dag.py:3096} INFO - Sync 3 DAGs
[2026-09-30T15:43:36.773+0000] {logging_mixin.py:188} INFO - [2026-09-30T15:43:36.773+0000] {dag.py:3954} INFO - Setting next_dagrun for data_quality_check to 2026-09-30 12:00:00+00:00, run_after=2026-10-01 12:00:00+00:00
[2026-09-30T15:43:36.779+0000] {logging_mixin.py:188} INFO - [2026-09-30T15:43:36.779+0000] {dag.py:3954} INFO - Setting next_dagrun for produce_json to 2026-09-30 12:00:00+00:00, run_after=2026-10-01 12:00:00+00:00
[2026-09-30T15:43:36.783+0000] {logging_mixin.py:188} INFO - [2026-09-30T15:43:36.782+0000] {dag.py:3954} INFO - Setting next_dagrun for update_db to 2026-09-30 12:00:00+00:00, run_after=2026-10-01 12:00:00+00:00
[2026-09-30T15:43:36.802+0000] {processor.py:183} INFO - Processing /opt/airflow/dags/main.py took 0.398 seconds
[2026-09-30T15:44:07.141+0000] {processor.py:161} INFO - Started process (PID=3115) to work on /opt/airflow/dags/main.py
[2026-09-30T15:44:07.144+0000] {processor.py:830} INFO - Processing file /opt/airflow/dags/main.py for tasks to queue
[2026-09-30T15:44:07.148+0000] {logging_mixin.py:188} INFO - [2026-09-30T15:44:07.147+0000] {dagbag.py:545} INFO - Filling up the DagBag from /opt/airflow/dags/main.py
[2026-09-30T15:44:07.444+0000] {processor.py:840} INFO - DAG(s) 'produce_json', 'update_db', 'data_quality_check' retrieved from /opt/airflow/dags/main.py
[2026-09-30T15:44:07.471+0000] {logging_mixin.py:188} INFO - [2026-09-30T15:44:07.470+0000] {dag.py:3096} INFO - Sync 3 DAGs
[2026-09-30T15:44:07.490+0000] {logging_mixin.py:188} INFO - [2026-09-30T15:44:07.490+0000] {dag.py:3954} INFO - Setting next_dagrun for data_quality_check to 2026-09-30 12:00:00+00:00, run_after=2026-10-01 12:00:00+00:00
[2026-09-30T15:44:07.496+0000] {logging_mixin.py:188} INFO - [2026-09-30T15:44:07.496+0000] {dag.py:3954} INFO - Setting next_dagrun for produce_json to 2026-09-30 12:00:00+00:00, run_after=2026-10-01 12:00:00+00:00
[2026-09-30T15:44:07.500+0000] {logging_mixin.py:188} INFO - [2026-09-30T15:44:07.499+0000] {dag.py:3954} INFO - Setting next_dagrun for update_db to 2026-09-30 12:00:00+00:00, run_after=2026-10-01 12:00:00+00:00
[2026-09-30T15:44:07.520+0000] {processor.py:183} INFO - Processing /opt/airflow/dags/main.py took 0.385 seconds
[2026-09-30T15:44:37.862+0000] {processor.py:161} INFO - Started process (PID=3122) to work on /opt/airflow/dags/main.py
[2026-09-30T15:44:37.864+0000] {processor.py:830} INFO - Processing file /opt/airflow/dags/main.py for tasks to queue
[2026-09-30T15:44:37.867+0000] {logging_mixin.py:188} INFO - [2026-09-30T15:44:37.867+0000] {dagbag.py:545} INFO - Filling up the DagBag from /opt/airflow/dags/main.py
[2026-09-30T15:44:38.154+0000] {processor.py:840} INFO - DAG(s) 'update_db', 'data_quality_check', 'produce_json' retrieved from /opt/airflow/dags/main.py
[2026-09-30T15:44:38.184+0000] {logging_mixin.py:188} INFO - [2026-09-30T15:44:38.184+0000] {dag.py:3096} INFO - Sync 3 DAGs
[2026-09-30T15:44:38.206+0000] {logging_mixin.py:188} INFO - [2026-09-30T15:44:38.206+0000] {dag.py:3954} INFO - Setting next_dagrun for data_quality_check to 2026-09-30 12:00:00+00:00, run_after=2026-10-01 12:00:00+00:00
[2026-09-30T15:44:38.212+0000] {logging_mixin.py:188} INFO - [2026-09-30T15:44:38.212+0000] {dag.py:3954} INFO - Setting next_dagrun for produce_json to 2026-09-30 12:00:00+00:00, run_after=2026-10-01 12:00:00+00:00
[2026-09-30T15:44:38.215+0000] {logging_mixin.py:188} INFO - [2026-09-30T15:44:38.215+0000] {dag.py:3954} INFO - Setting next_dagrun for update_db to 2026-09-30 12:00:00+00:00, run_after=2026-10-01 12:00:00+00:00
[2026-09-30T15:44:38.234+0000] {processor.py:183} INFO - Processing /opt/airflow/dags/main.py took 0.378 seconds
[2026-09-30T15:45:08.557+0000] {processor.py:161} INFO - Started process (PID=3129) to work on /opt/airflow/dags/main.py
[2026-09-30T15:45:08.559+0000] {processor.py:830} INFO - Processing file /opt/airflow/dags/main.py for tasks to queue
[2026-09-30T15:45:08.562+0000] {logging_mixin.py:188} INFO - [2026-09-30T15:45:08.561+0000] {dagbag.py:545} INFO - Filling up the DagBag from /opt/airflow/dags/main.py
[2026-09-30T15:45:08.839+0000] {processor.py:840} INFO - DAG(s) 'produce_json', 'update_db', 'data_quality_check' retrieved from /opt/airflow/dags/main.py
[2026-09-30T15:45:08.867+0000] {logging_mixin.py:188} INFO - [2026-09-30T15:45:08.867+0000] {dag.py:3096} INFO - Sync 3 DAGs
[2026-09-30T15:45:08.886+0000] {logging_mixin.py:188} INFO - [2026-09-30T15:45:08.885+0000] {dag.py:3954} INFO - Setting next_dagrun for data_quality_check to 2026-09-30 12:00:00+00:00, run_after=2026-10-01 12:00:00+00:00
[2026-09-30T15:45:08.892+0000] {logging_mixin.py:188} INFO - [2026-09-30T15:45:08.892+0000] {dag.py:3954} INFO - Setting next_dagrun for produce_json to 2026-09-30 12:00:00+00:00, run_after=2026-10-01 12:00:00+00:00
[2026-09-30T15:45:08.895+0000] {logging_mixin.py:188} INFO - [2026-09-30T15:45:08.895+0000] {dag.py:3954} INFO - Setting next_dagrun for update_db to 2026-09-30 12:00:00+00:00, run_after=2026-10-01 12:00:00+00:00
[2026-09-30T15:45:08.916+0000] {processor.py:183} INFO - Processing /opt/airflow/dags/main.py took 0.365 seconds
[2026-09-30T15:45:39.253+0000] {processor.py:161} INFO - Started process (PID=3136) to work on /opt/airflow/dags/main.py
[2026-09-30T15:45:39.256+0000] {processor.py:830} INFO - Processing file /opt/airflow/dags/main.py for tasks to queue
[2026-09-30T15:45:39.260+0000] {logging_mixin.py:188} INFO - [2026-09-30T15:45:39.259+0000] {dagbag.py:545} INFO - Filling up the DagBag from /opt/airflow/dags/main.py
[2026-09-30T15:45:39.551+0000] {processor.py:840} INFO - DAG(s) 'update_db', 'data_quality_check', 'produce_json' retrieved from /opt/airflow/dags/main.py
[2026-09-30T15:45:39.578+0000] {logging_mixin.py:188} INFO - [2026-09-30T15:45:39.578+0000] {dag.py:3096} INFO - Sync 3 DAGs
[2026-09-30T15:45:39.599+0000] {logging_mixin.py:188} INFO - [2026-09-30T15:45:39.599+0000] {dag.py:3954} INFO - Setting next_dagrun for data_quality_check to 2026-09-30 12:00:00+00:00, run_after=2026-10-01 12:00:00+00:00
[2026-09-30T15:45:39.606+0000] {logging_mixin.py:188} INFO - [2026-09-30T15:45:39.606+0000] {dag.py:3954} INFO - Setting next_dagrun for produce_json to 2026-09-30 12:00:00+00:00, run_after=2026-10-01 12:00:00+00:00
[2026-09-30T15:45:39.609+0000] {logging_mixin.py:188} INFO - [2026-09-30T15:45:39.609+0000] {dag.py:3954} INFO - Setting next_dagrun for update_db to 2026-09-30 12:00:00+00:00, run_after=2026-10-01 12:00:00+00:00
[2026-09-30T15:45:39.631+0000] {processor.py:183} INFO - Processing /opt/airflow/dags/main.py took 0.384 seconds
[2026-09-30T15:46:09.958+0000] {processor.py:161} INFO - Started process (PID=3143) to work on /opt/airflow/dags/main.py
[2026-09-30T15:46:09.961+0000] {processor.py:830} INFO - Processing file /opt/airflow/dags/main.py for tasks to queue
[2026-09-30T15:46:09.965+0000] {logging_mixin.py:188} INFO - [2026-09-30T15:46:09.965+0000] {dagbag.py:545} INFO - Filling up the DagBag from /opt/airflow/dags/main.py
[2026-09-30T15:46:10.261+0000] {processor.py:840} INFO - DAG(s) 'produce_json', 'data_quality_check', 'update_db' retrieved from /opt/airflow/dags/main.py
[2026-09-30T15:46:10.290+0000] {logging_mixin.py:188} INFO - [2026-09-30T15:46:10.290+0000] {dag.py:3096} INFO - Sync 3 DAGs
[2026-09-30T15:46:10.312+0000] {logging_mixin.py:188} INFO - [2026-09-30T15:46:10.311+0000] {dag.py:3954} INFO - Setting next_dagrun for data_quality_check to 2026-09-30 12:00:00+00:00, run_after=2026-10-01 12:00:00+00:00
[2026-09-30T15:46:10.319+0000] {logging_mixin.py:188} INFO - [2026-09-30T15:46:10.319+0000] {dag.py:3954} INFO - Setting next_dagrun for produce_json to 2026-09-30 12:00:00+00:00, run_after=2026-10-01 12:00:00+00:00
[2026-09-30T15:46:10.322+0000] {logging_mixin.py:188} INFO - [2026-09-30T15:46:10.322+0000] {dag.py:3954} INFO - Setting next_dagrun for update_db to 2026-09-30 12:00:00+00:00, run_after=2026-10-01 12:00:00+00:00
[2026-09-30T15:46:10.344+0000] {processor.py:183} INFO - Processing /opt/airflow/dags/main.py took 0.394 seconds
[2026-09-30T15:46:40.692+0000] {processor.py:161} INFO - Started process (PID=3150) to work on /opt/airflow/dags/main.py
[2026-09-30T15:46:40.694+0000] {processor.py:830} INFO - Processing file /opt/airflow/dags/main.py for tasks to queue
[2026-09-30T15:46:40.698+0000] {logging_mixin.py:188} INFO - [2026-09-30T15:46:40.698+0000] {dagbag.py:545} INFO - Filling up the DagBag from /opt/airflow/dags/main.py
[2026-09-30T15:46:40.998+0000] {processor.py:840} INFO - DAG(s) 'data_quality_check', 'update_db', 'produce_json' retrieved from /opt/airflow/dags/main.py
[2026-09-30T15:46:41.025+0000] {logging_mixin.py:188} INFO - [2026-09-30T15:46:41.024+0000] {dag.py:3096} INFO - Sync 3 DAGs
[2026-09-30T15:46:41.043+0000] {logging_mixin.py:188} INFO - [2026-09-30T15:46:41.043+0000] {dag.py:3954} INFO - Setting next_dagrun for data_quality_check to 2026-09-30 12:00:00+00:00, run_after=2026-10-01 12:00:00+00:00
[2026-09-30T15:46:41.048+0000] {logging_mixin.py:188} INFO - [2026-09-30T15:46:41.048+0000] {dag.py:3954} INFO - Setting next_dagrun for produce_json to 2026-09-30 12:00:00+00:00, run_after=2026-10-01 12:00:00+00:00
[2026-09-30T15:46:41.052+0000] {logging_mixin.py:188} INFO - [2026-09-30T15:46:41.052+0000] {dag.py:3954} INFO - Setting next_dagrun for update_db to 2026-09-30 12:00:00+00:00, run_after=2026-10-01 12:00:00+00:00
[2026-09-30T15:46:41.071+0000] {processor.py:183} INFO - Processing /opt/airflow/dags/main.py took 0.385 seconds
[2026-09-30T15:47:11.409+0000] {processor.py:161} INFO - Started process (PID=3157) to work on /opt/airflow/dags/main.py
[2026-09-30T15:47:11.412+0000] {processor.py:830} INFO - Processing file /opt/airflow/dags/main.py for tasks to queue
[2026-09-30T15:47:11.415+0000] {logging_mixin.py:188} INFO - [2026-09-30T15:47:11.415+0000] {dagbag.py:545} INFO - Filling up the DagBag from /opt/airflow/dags/main.py
[2026-09-30T15:47:11.708+0000] {processor.py:840} INFO - DAG(s) 'data_quality_check', 'produce_json', 'update_db' retrieved from /opt/airflow/dags/main.py
[2026-09-30T15:47:11.736+0000] {logging_mixin.py:188} INFO - [2026-09-30T15:47:11.736+0000] {dag.py:3096} INFO - Sync 3 DAGs
[2026-09-30T15:47:11.756+0000] {logging_mixin.py:188} INFO - [2026-09-30T15:47:11.756+0000] {dag.py:3954} INFO - Setting next_dagrun for data_quality_check to 2026-09-30 12:00:00+00:00, run_after=2026-10-01 12:00:00+00:00
[2026-09-30T15:47:11.763+0000] {logging_mixin.py:188} INFO - [2026-09-30T15:47:11.763+0000] {dag.py:3954} INFO - Setting next_dagrun for produce_json to 2026-09-30 12:00:00+00:00, run_after=2026-10-01 12:00:00+00:00
[2026-09-30T15:47:11.767+0000] {logging_mixin.py:188} INFO - [2026-09-30T15:47:11.766+0000] {dag.py:3954} INFO - Setting next_dagrun for update_db to 2026-09-30 12:00:00+00:00, run_after=2026-10-01 12:00:00+00:00
[2026-09-30T15:47:11.788+0000] {processor.py:183} INFO - Processing /opt/airflow/dags/main.py took 0.385 seconds
[2026-09-30T15:47:42.255+0000] {processor.py:161} INFO - Started process (PID=3164) to work on /opt/airflow/dags/main.py
[2026-09-30T15:47:42.257+0000] {processor.py:830} INFO - Processing file /opt/airflow/dags/main.py for tasks to queue
[2026-09-30T15:47:42.262+0000] {logging_mixin.py:188} INFO - [2026-09-30T15:47:42.262+0000] {dagbag.py:545} INFO - Filling up the DagBag from /opt/airflow/dags/main.py
[2026-09-30T15:47:42.565+0000] {processor.py:840} INFO - DAG(s) 'update_db', 'produce_json', 'data_quality_check' retrieved from /opt/airflow/dags/main.py
[2026-09-30T15:47:42.605+0000] {logging_mixin.py:188} INFO - [2026-09-30T15:47:42.605+0000] {dag.py:3096} INFO - Sync 3 DAGs
[2026-09-30T15:47:42.647+0000] {logging_mixin.py:188} INFO - [2026-09-30T15:47:42.647+0000] {dag.py:3954} INFO - Setting next_dagrun for data_quality_check to 2026-09-30 12:00:00+00:00, run_after=2026-10-01 12:00:00+00:00
[2026-09-30T15:47:42.656+0000] {logging_mixin.py:188} INFO - [2026-09-30T15:47:42.655+0000] {dag.py:3954} INFO - Setting next_dagrun for produce_json to 2026-09-30 12:00:00+00:00, run_after=2026-10-01 12:00:00+00:00
[2026-09-30T15:47:42.662+0000] {logging_mixin.py:188} INFO - [2026-09-30T15:47:42.661+0000] {dag.py:3954} INFO - Setting next_dagrun for update_db to 2026-09-30 12:00:00+00:00, run_after=2026-10-01 12:00:00+00:00
[2026-09-30T15:47:42.713+0000] {processor.py:183} INFO - Processing /opt/airflow/dags/main.py took 0.465 seconds
[2026-09-30T15:48:13.046+0000] {processor.py:161} INFO - Started process (PID=3171) to work on /opt/airflow/dags/main.py
[2026-09-30T15:48:13.050+0000] {processor.py:830} INFO - Processing file /opt/airflow/dags/main.py for tasks to queue
[2026-09-30T15:48:13.055+0000] {logging_mixin.py:188} INFO - [2026-09-30T15:48:13.055+0000] {dagbag.py:545} INFO - Filling up the DagBag from /opt/airflow/dags/main.py
[2026-09-30T15:48:13.368+0000] {processor.py:840} INFO - DAG(s) 'update_db', 'produce_json', 'data_quality_check' retrieved from /opt/airflow/dags/main.py
[2026-09-30T15:48:13.400+0000] {logging_mixin.py:188} INFO - [2026-09-30T15:48:13.400+0000] {dag.py:3096} INFO - Sync 3 DAGs
[2026-09-30T15:48:13.422+0000] {logging_mixin.py:188} INFO - [2026-09-30T15:48:13.422+0000] {dag.py:3954} INFO - Setting next_dagrun for data_quality_check to 2026-09-30 12:00:00+00:00, run_after=2026-10-01 12:00:00+00:00
[2026-09-30T15:48:13.429+0000] {logging_mixin.py:188} INFO - [2026-09-30T15:48:13.429+0000] {dag.py:3954} INFO - Setting next_dagrun for produce_json to 2026-09-30 12:00:00+00:00, run_after=2026-10-01 12:00:00+00:00
[2026-09-30T15:48:13.432+0000] {logging_mixin.py:188} INFO - [2026-09-30T15:48:13.432+0000] {dag.py:3954} INFO - Setting next_dagrun for update_db to 2026-09-30 12:00:00+00:00, run_after=2026-10-01 12:00:00+00:00
[2026-09-30T15:48:13.452+0000] {processor.py:183} INFO - Processing /opt/airflow/dags/main.py took 0.414 seconds
[2026-09-30T15:48:43.799+0000] {processor.py:161} INFO - Started process (PID=3178) to work on /opt/airflow/dags/main.py
[2026-09-30T15:48:43.802+0000] {processor.py:830} INFO - Processing file /opt/airflow/dags/main.py for tasks to queue
[2026-09-30T15:48:43.805+0000] {logging_mixin.py:188} INFO - [2026-09-30T15:48:43.805+0000] {dagbag.py:545} INFO - Filling up the DagBag from /opt/airflow/dags/main.py
[2026-09-30T15:48:44.107+0000] {processor.py:840} INFO - DAG(s) 'update_db', 'produce_json', 'data_quality_check' retrieved from /opt/airflow/dags/main.py
[2026-09-30T15:48:44.135+0000] {logging_mixin.py:188} INFO - [2026-09-30T15:48:44.135+0000] {dag.py:3096} INFO - Sync 3 DAGs
[2026-09-30T15:48:44.157+0000] {logging_mixin.py:188} INFO - [2026-09-30T15:48:44.157+0000] {dag.py:3954} INFO - Setting next_dagrun for data_quality_check to 2026-09-30 12:00:00+00:00, run_after=2026-10-01 12:00:00+00:00
[2026-09-30T15:48:44.164+0000] {logging_mixin.py:188} INFO - [2026-09-30T15:48:44.164+0000] {dag.py:3954} INFO - Setting next_dagrun for produce_json to 2026-09-30 12:00:00+00:00, run_after=2026-10-01 12:00:00+00:00
[2026-09-30T15:48:44.167+0000] {logging_mixin.py:188} INFO - [2026-09-30T15:48:44.167+0000] {dag.py:3954} INFO - Setting next_dagrun for update_db to 2026-09-30 12:00:00+00:00, run_after=2026-10-01 12:00:00+00:00
[2026-09-30T15:48:44.187+0000] {processor.py:183} INFO - Processing /opt/airflow/dags/main.py took 0.395 seconds
[2026-09-30T15:49:14.527+0000] {processor.py:161} INFO - Started process (PID=3185) to work on /opt/airflow/dags/main.py
[2026-09-30T15:49:14.530+0000] {processor.py:830} INFO - Processing file /opt/airflow/dags/main.py for tasks to queue
[2026-09-30T15:49:14.533+0000] {logging_mixin.py:188} INFO - [2026-09-30T15:49:14.533+0000] {dagbag.py:545} INFO - Filling up the DagBag from /opt/airflow/dags/main.py
[2026-09-30T15:49:14.842+0000] {processor.py:840} INFO - DAG(s) 'produce_json', 'data_quality_check', 'update_db' retrieved from /opt/airflow/dags/main.py
[2026-09-30T15:49:14.875+0000] {logging_mixin.py:188} INFO - [2026-09-30T15:49:14.875+0000] {dag.py:3096} INFO - Sync 3 DAGs
[2026-09-30T15:49:14.896+0000] {logging_mixin.py:188} INFO - [2026-09-30T15:49:14.896+0000] {dag.py:3954} INFO - Setting next_dagrun for data_quality_check to 2026-09-30 12:00:00+00:00, run_after=2026-10-01 12:00:00+00:00
[2026-09-30T15:49:14.903+0000] {logging_mixin.py:188} INFO - [2026-09-30T15:49:14.903+0000] {dag.py:3954} INFO - Setting next_dagrun for produce_json to 2026-09-30 12:00:00+00:00, run_after=2026-10-01 12:00:00+00:00
[2026-09-30T15:49:14.908+0000] {logging_mixin.py:188} INFO - [2026-09-30T15:49:14.907+0000] {dag.py:3954} INFO - Setting next_dagrun for update_db to 2026-09-30 12:00:00+00:00, run_after=2026-10-01 12:00:00+00:00
[2026-09-30T15:49:14.930+0000] {processor.py:183} INFO - Processing /opt/airflow/dags/main.py took 0.408 seconds
[2026-09-30T15:49:45.257+0000] {processor.py:161} INFO - Started process (PID=3192) to work on /opt/airflow/dags/main.py
[2026-09-30T15:49:45.261+0000] {processor.py:830} INFO - Processing file /opt/airflow/dags/main.py for tasks to queue
[2026-09-30T15:49:45.265+0000] {logging_mixin.py:188} INFO - [2026-09-30T15:49:45.264+0000] {dagbag.py:545} INFO - Filling up the DagBag from /opt/airflow/dags/main.py
[2026-09-30T15:49:45.577+0000] {processor.py:840} INFO - DAG(s) 'data_quality_check', 'update_db', 'produce_json' retrieved from /opt/airflow/dags/main.py
[2026-09-30T15:49:45.626+0000] {logging_mixin.py:188} INFO - [2026-09-30T15:49:45.625+0000] {dag.py:3096} INFO - Sync 3 DAGs
[2026-09-30T15:49:45.661+0000] {logging_mixin.py:188} INFO - [2026-09-30T15:49:45.661+0000] {dag.py:3954} INFO - Setting next_dagrun for data_quality_check to 2026-09-30 12:00:00+00:00, run_after=2026-10-01 12:00:00+00:00
[2026-09-30T15:49:45.670+0000] {logging_mixin.py:188} INFO - [2026-09-30T15:49:45.670+0000] {dag.py:3954} INFO - Setting next_dagrun for produce_json to 2026-09-30 12:00:00+00:00, run_after=2026-10-01 12:00:00+00:00
[2026-09-30T15:49:45.676+0000] {logging_mixin.py:188} INFO - [2026-09-30T15:49:45.675+0000] {dag.py:3954} INFO - Setting next_dagrun for update_db to 2026-09-30 12:00:00+00:00, run_after=2026-10-01 12:00:00+00:00
[2026-09-30T15:49:45.704+0000] {processor.py:183} INFO - Processing /opt/airflow/dags/main.py took 0.454 seconds
[2026-09-30T15:50:16.082+0000] {processor.py:161} INFO - Started process (PID=3199) to work on /opt/airflow/dags/main.py
[2026-09-30T15:50:16.086+0000] {processor.py:830} INFO - Processing file /opt/airflow/dags/main.py for tasks to queue
[2026-09-30T15:50:16.091+0000] {logging_mixin.py:188} INFO - [2026-09-30T15:50:16.090+0000] {dagbag.py:545} INFO - Filling up the DagBag from /opt/airflow/dags/main.py
[2026-09-30T15:50:16.615+0000] {processor.py:840} INFO - DAG(s) 'update_db', 'produce_json', 'data_quality_check' retrieved from /opt/airflow/dags/main.py
[2026-09-30T15:50:16.771+0000] {logging_mixin.py:188} INFO - [2026-09-30T15:50:16.771+0000] {dag.py:3096} INFO - Sync 3 DAGs
[2026-09-30T15:50:16.841+0000] {logging_mixin.py:188} INFO - [2026-09-30T15:50:16.840+0000] {dag.py:3954} INFO - Setting next_dagrun for data_quality_check to 2026-09-30 12:00:00+00:00, run_after=2026-10-01 12:00:00+00:00
[2026-09-30T15:50:16.864+0000] {logging_mixin.py:188} INFO - [2026-09-30T15:50:16.863+0000] {dag.py:3954} INFO - Setting next_dagrun for produce_json to 2026-09-30 12:00:00+00:00, run_after=2026-10-01 12:00:00+00:00
[2026-09-30T15:50:16.880+0000] {logging_mixin.py:188} INFO - [2026-09-30T15:50:16.879+0000] {dag.py:3954} INFO - Setting next_dagrun for update_db to 2026-09-30 12:00:00+00:00, run_after=2026-10-01 12:00:00+00:00
[2026-09-30T15:50:16.974+0000] {processor.py:183} INFO - Processing /opt/airflow/dags/main.py took 0.899 seconds
[2026-09-30T15:50:47.376+0000] {processor.py:161} INFO - Started process (PID=3206) to work on /opt/airflow/dags/main.py
[2026-09-30T15:50:47.378+0000] {processor.py:830} INFO - Processing file /opt/airflow/dags/main.py for tasks to queue
[2026-09-30T15:50:47.382+0000] {logging_mixin.py:188} INFO - [2026-09-30T15:50:47.382+0000] {dagbag.py:545} INFO - Filling up the DagBag from /opt/airflow/dags/main.py
[2026-09-30T15:50:47.672+0000] {processor.py:840} INFO - DAG(s) 'data_quality_check', 'update_db', 'produce_json' retrieved from /opt/airflow/dags/main.py
[2026-09-30T15:50:47.697+0000] {logging_mixin.py:188} INFO - [2026-09-30T15:50:47.697+0000] {dag.py:3096} INFO - Sync 3 DAGs
[2026-09-30T15:50:47.714+0000] {logging_mixin.py:188} INFO - [2026-09-30T15:50:47.713+0000] {dag.py:3954} INFO - Setting next_dagrun for data_quality_check to 2026-09-30 12:00:00+00:00, run_after=2026-10-01 12:00:00+00:00
[2026-09-30T15:50:47.720+0000] {logging_mixin.py:188} INFO - [2026-09-30T15:50:47.719+0000] {dag.py:3954} INFO - Setting next_dagrun for produce_json to 2026-09-30 12:00:00+00:00, run_after=2026-10-01 12:00:00+00:00
[2026-09-30T15:50:47.723+0000] {logging_mixin.py:188} INFO - [2026-09-30T15:50:47.722+0000] {dag.py:3954} INFO - Setting next_dagrun for update_db to 2026-09-30 12:00:00+00:00, run_after=2026-10-01 12:00:00+00:00
[2026-09-30T15:50:47.741+0000] {processor.py:183} INFO - Processing /opt/airflow/dags/main.py took 0.371 seconds
[2026-09-30T15:51:18.076+0000] {processor.py:161} INFO - Started process (PID=3213) to work on /opt/airflow/dags/main.py
[2026-09-30T15:51:18.079+0000] {processor.py:830} INFO - Processing file /opt/airflow/dags/main.py for tasks to queue
[2026-09-30T15:51:18.084+0000] {logging_mixin.py:188} INFO - [2026-09-30T15:51:18.083+0000] {dagbag.py:545} INFO - Filling up the DagBag from /opt/airflow/dags/main.py
[2026-09-30T15:51:18.412+0000] {processor.py:840} INFO - DAG(s) 'data_quality_check', 'update_db', 'produce_json' retrieved from /opt/airflow/dags/main.py
[2026-09-30T15:51:18.438+0000] {logging_mixin.py:188} INFO - [2026-09-30T15:51:18.437+0000] {dag.py:3096} INFO - Sync 3 DAGs
[2026-09-30T15:51:18.457+0000] {logging_mixin.py:188} INFO - [2026-09-30T15:51:18.456+0000] {dag.py:3954} INFO - Setting next_dagrun for data_quality_check to 2026-09-30 12:00:00+00:00, run_after=2026-10-01 12:00:00+00:00
[2026-09-30T15:51:18.463+0000] {logging_mixin.py:188} INFO - [2026-09-30T15:51:18.463+0000] {dag.py:3954} INFO - Setting next_dagrun for produce_json to 2026-09-30 12:00:00+00:00, run_after=2026-10-01 12:00:00+00:00
[2026-09-30T15:51:18.466+0000] {logging_mixin.py:188} INFO - [2026-09-30T15:51:18.466+0000] {dag.py:3954} INFO - Setting next_dagrun for update_db to 2026-09-30 12:00:00+00:00, run_after=2026-10-01 12:00:00+00:00
[2026-09-30T15:51:18.486+0000] {processor.py:183} INFO - Processing /opt/airflow/dags/main.py took 0.417 seconds
[2026-09-30T15:51:48.888+0000] {processor.py:161} INFO - Started process (PID=3220) to work on /opt/airflow/dags/main.py
[2026-09-30T15:51:48.891+0000] {processor.py:830} INFO - Processing file /opt/airflow/dags/main.py for tasks to queue
[2026-09-30T15:51:48.894+0000] {logging_mixin.py:188} INFO - [2026-09-30T15:51:48.894+0000] {dagbag.py:545} INFO - Filling up the DagBag from /opt/airflow/dags/main.py
[2026-09-30T15:51:49.185+0000] {processor.py:840} INFO - DAG(s) 'produce_json', 'update_db', 'data_quality_check' retrieved from /opt/airflow/dags/main.py
[2026-09-30T15:51:49.207+0000] {logging_mixin.py:188} INFO - [2026-09-30T15:51:49.207+0000] {dag.py:3096} INFO - Sync 3 DAGs
[2026-09-30T15:51:49.224+0000] {logging_mixin.py:188} INFO - [2026-09-30T15:51:49.224+0000] {dag.py:3954} INFO - Setting next_dagrun for data_quality_check to 2026-09-30 12:00:00+00:00, run_after=2026-10-01 12:00:00+00:00
[2026-09-30T15:51:49.231+0000] {logging_mixin.py:188} INFO - [2026-09-30T15:51:49.231+0000] {dag.py:3954} INFO - Setting next_dagrun for produce_json to 2026-09-30 12:00:00+00:00, run_after=2026-10-01 12:00:00+00:00
[2026-09-30T15:51:49.234+0000] {logging_mixin.py:188} INFO - [2026-09-30T15:51:49.234+0000] {dag.py:3954} INFO - Setting next_dagrun for update_db to 2026-09-30 12:00:00+00:00, run_after=2026-10-01 12:00:00+00:00
[2026-09-30T15:51:49.251+0000] {processor.py:183} INFO - Processing /opt/airflow/dags/main.py took 0.368 seconds
[2026-09-30T15:52:19.647+0000] {processor.py:161} INFO - Started process (PID=3227) to work on /opt/airflow/dags/main.py
[2026-09-30T15:52:19.650+0000] {processor.py:830} INFO - Processing file /opt/airflow/dags/main.py for tasks to queue
[2026-09-30T15:52:19.653+0000] {logging_mixin.py:188} INFO - [2026-09-30T15:52:19.653+0000] {dagbag.py:545} INFO - Filling up the DagBag from /opt/airflow/dags/main.py
[2026-09-30T15:52:19.961+0000] {processor.py:840} INFO - DAG(s) 'data_quality_check', 'update_db', 'produce_json' retrieved from /opt/airflow/dags/main.py
[2026-09-30T15:52:19.987+0000] {logging_mixin.py:188} INFO - [2026-09-30T15:52:19.986+0000] {dag.py:3096} INFO - Sync 3 DAGs
[2026-09-30T15:52:20.004+0000] {logging_mixin.py:188} INFO - [2026-09-30T15:52:20.004+0000] {dag.py:3954} INFO - Setting next_dagrun for data_quality_check to 2026-09-30 12:00:00+00:00, run_after=2026-10-01 12:00:00+00:00
[2026-09-30T15:52:20.010+0000] {logging_mixin.py:188} INFO - [2026-09-30T15:52:20.010+0000] {dag.py:3954} INFO - Setting next_dagrun for produce_json to 2026-09-30 12:00:00+00:00, run_after=2026-10-01 12:00:00+00:00
[2026-09-30T15:52:20.014+0000] {logging_mixin.py:188} INFO - [2026-09-30T15:52:20.014+0000] {dag.py:3954} INFO - Setting next_dagrun for update_db to 2026-09-30 12:00:00+00:00, run_after=2026-10-01 12:00:00+00:00
[2026-09-30T15:52:20.034+0000] {processor.py:183} INFO - Processing /opt/airflow/dags/main.py took 0.393 seconds
[2026-09-30T15:52:50.609+0000] {processor.py:161} INFO - Started process (PID=3234) to work on /opt/airflow/dags/main.py
[2026-09-30T15:52:50.612+0000] {processor.py:830} INFO - Processing file /opt/airflow/dags/main.py for tasks to queue
[2026-09-30T15:52:50.615+0000] {logging_mixin.py:188} INFO - [2026-09-30T15:52:50.615+0000] {dagbag.py:545} INFO - Filling up the DagBag from /opt/airflow/dags/main.py
[2026-09-30T15:52:50.910+0000] {processor.py:840} INFO - DAG(s) 'produce_json', 'data_quality_check', 'update_db' retrieved from /opt/airflow/dags/main.py
[2026-09-30T15:52:50.941+0000] {logging_mixin.py:188} INFO - [2026-09-30T15:52:50.941+0000] {dag.py:3096} INFO - Sync 3 DAGs
[2026-09-30T15:52:50.961+0000] {logging_mixin.py:188} INFO - [2026-09-30T15:52:50.961+0000] {dag.py:3954} INFO - Setting next_dagrun for data_quality_check to 2026-09-30 12:00:00+00:00, run_after=2026-10-01 12:00:00+00:00
[2026-09-30T15:52:50.967+0000] {logging_mixin.py:188} INFO - [2026-09-30T15:52:50.967+0000] {dag.py:3954} INFO - Setting next_dagrun for produce_json to 2026-09-30 12:00:00+00:00, run_after=2026-10-01 12:00:00+00:00
[2026-09-30T15:52:50.971+0000] {logging_mixin.py:188} INFO - [2026-09-30T15:52:50.971+0000] {dag.py:3954} INFO - Setting next_dagrun for update_db to 2026-09-30 12:00:00+00:00, run_after=2026-10-01 12:00:00+00:00
[2026-09-30T15:52:50.992+0000] {processor.py:183} INFO - Processing /opt/airflow/dags/main.py took 0.387 seconds
[2026-09-30T15:53:21.383+0000] {processor.py:161} INFO - Started process (PID=3241) to work on /opt/airflow/dags/main.py
[2026-09-30T15:53:21.386+0000] {processor.py:830} INFO - Processing file /opt/airflow/dags/main.py for tasks to queue
[2026-09-30T15:53:21.389+0000] {logging_mixin.py:188} INFO - [2026-09-30T15:53:21.389+0000] {dagbag.py:545} INFO - Filling up the DagBag from /opt/airflow/dags/main.py
[2026-09-30T15:53:21.683+0000] {processor.py:840} INFO - DAG(s) 'data_quality_check', 'update_db', 'produce_json' retrieved from /opt/airflow/dags/main.py
[2026-09-30T15:53:21.705+0000] {logging_mixin.py:188} INFO - [2026-09-30T15:53:21.705+0000] {dag.py:3096} INFO - Sync 3 DAGs
[2026-09-30T15:53:21.722+0000] {logging_mixin.py:188} INFO - [2026-09-30T15:53:21.721+0000] {dag.py:3954} INFO - Setting next_dagrun for data_quality_check to 2026-09-30 12:00:00+00:00, run_after=2026-10-01 12:00:00+00:00
[2026-09-30T15:53:21.727+0000] {logging_mixin.py:188} INFO - [2026-09-30T15:53:21.727+0000] {dag.py:3954} INFO - Setting next_dagrun for produce_json to 2026-09-30 12:00:00+00:00, run_after=2026-10-01 12:00:00+00:00
[2026-09-30T15:53:21.731+0000] {logging_mixin.py:188} INFO - [2026-09-30T15:53:21.731+0000] {dag.py:3954} INFO - Setting next_dagrun for update_db to 2026-09-30 12:00:00+00:00, run_after=2026-10-01 12:00:00+00:00
[2026-09-30T15:53:21.750+0000] {processor.py:183} INFO - Processing /opt/airflow/dags/main.py took 0.372 seconds
[2026-09-30T15:53:52.138+0000] {processor.py:161} INFO - Started process (PID=3248) to work on /opt/airflow/dags/main.py
[2026-09-30T15:53:52.141+0000] {processor.py:830} INFO - Processing file /opt/airflow/dags/main.py for tasks to queue
[2026-09-30T15:53:52.145+0000] {logging_mixin.py:188} INFO - [2026-09-30T15:53:52.144+0000] {dagbag.py:545} INFO - Filling up the DagBag from /opt/airflow/dags/main.py
[2026-09-30T15:53:52.448+0000] {processor.py:840} INFO - DAG(s) 'update_db', 'produce_json', 'data_quality_check' retrieved from /opt/airflow/dags/main.py
[2026-09-30T15:53:52.474+0000] {logging_mixin.py:188} INFO - [2026-09-30T15:53:52.474+0000] {dag.py:3096} INFO - Sync 3 DAGs
[2026-09-30T15:53:52.493+0000] {logging_mixin.py:188} INFO - [2026-09-30T15:53:52.492+0000] {dag.py:3954} INFO - Setting next_dagrun for data_quality_check to 2026-09-30 12:00:00+00:00, run_after=2026-10-01 12:00:00+00:00
[2026-09-30T15:53:52.498+0000] {logging_mixin.py:188} INFO - [2026-09-30T15:53:52.498+0000] {dag.py:3954} INFO - Setting next_dagrun for produce_json to 2026-09-30 12:00:00+00:00, run_after=2026-10-01 12:00:00+00:00
[2026-09-30T15:53:52.502+0000] {logging_mixin.py:188} INFO - [2026-09-30T15:53:52.502+0000] {dag.py:3954} INFO - Setting next_dagrun for update_db to 2026-09-30 12:00:00+00:00, run_after=2026-10-01 12:00:00+00:00
[2026-09-30T15:53:52.522+0000] {processor.py:183} INFO - Processing /opt/airflow/dags/main.py took 0.390 seconds
[2026-09-30T15:54:22.919+0000] {processor.py:161} INFO - Started process (PID=3255) to work on /opt/airflow/dags/main.py
[2026-09-30T15:54:22.922+0000] {processor.py:830} INFO - Processing file /opt/airflow/dags/main.py for tasks to queue
[2026-09-30T15:54:22.925+0000] {logging_mixin.py:188} INFO - [2026-09-30T15:54:22.924+0000] {dagbag.py:545} INFO - Filling up the DagBag from /opt/airflow/dags/main.py
[2026-09-30T15:54:23.229+0000] {processor.py:840} INFO - DAG(s) 'produce_json', 'data_quality_check', 'update_db' retrieved from /opt/airflow/dags/main.py
[2026-09-30T15:54:23.264+0000] {logging_mixin.py:188} INFO - [2026-09-30T15:54:23.263+0000] {dag.py:3096} INFO - Sync 3 DAGs
[2026-09-30T15:54:23.287+0000] {logging_mixin.py:188} INFO - [2026-09-30T15:54:23.287+0000] {dag.py:3954} INFO - Setting next_dagrun for data_quality_check to 2026-09-30 12:00:00+00:00, run_after=2026-10-01 12:00:00+00:00
[2026-09-30T15:54:23.294+0000] {logging_mixin.py:188} INFO - [2026-09-30T15:54:23.293+0000] {dag.py:3954} INFO - Setting next_dagrun for produce_json to 2026-09-30 12:00:00+00:00, run_after=2026-10-01 12:00:00+00:00
[2026-09-30T15:54:23.297+0000] {logging_mixin.py:188} INFO - [2026-09-30T15:54:23.296+0000] {dag.py:3954} INFO - Setting next_dagrun for update_db to 2026-09-30 12:00:00+00:00, run_after=2026-10-01 12:00:00+00:00
[2026-09-30T15:54:23.314+0000] {processor.py:183} INFO - Processing /opt/airflow/dags/main.py took 0.402 seconds
[2026-09-30T15:54:53.640+0000] {processor.py:161} INFO - Started process (PID=3262) to work on /opt/airflow/dags/main.py
[2026-09-30T15:54:53.643+0000] {processor.py:830} INFO - Processing file /opt/airflow/dags/main.py for tasks to queue
[2026-09-30T15:54:53.647+0000] {logging_mixin.py:188} INFO - [2026-09-30T15:54:53.646+0000] {dagbag.py:545} INFO - Filling up the DagBag from /opt/airflow/dags/main.py
[2026-09-30T15:54:53.905+0000] {processor.py:840} INFO - DAG(s) 'produce_json', 'data_quality_check', 'update_db' retrieved from /opt/airflow/dags/main.py
[2026-09-30T15:54:53.940+0000] {logging_mixin.py:188} INFO - [2026-09-30T15:54:53.940+0000] {dag.py:3096} INFO - Sync 3 DAGs
[2026-09-30T15:54:53.962+0000] {logging_mixin.py:188} INFO - [2026-09-30T15:54:53.962+0000] {dag.py:3954} INFO - Setting next_dagrun for data_quality_check to 2026-09-30 12:00:00+00:00, run_after=2026-10-01 12:00:00+00:00
[2026-09-30T15:54:53.969+0000] {logging_mixin.py:188} INFO - [2026-09-30T15:54:53.969+0000] {dag.py:3954} INFO - Setting next_dagrun for produce_json to 2026-09-30 12:00:00+00:00, run_after=2026-10-01 12:00:00+00:00
[2026-09-30T15:54:53.972+0000] {logging_mixin.py:188} INFO - [2026-09-30T15:54:53.972+0000] {dag.py:3954} INFO - Setting next_dagrun for update_db to 2026-09-30 12:00:00+00:00, run_after=2026-10-01 12:00:00+00:00
[2026-09-30T15:54:53.996+0000] {processor.py:183} INFO - Processing /opt/airflow/dags/main.py took 0.364 seconds
[2026-09-30T15:55:24.333+0000] {processor.py:161} INFO - Started process (PID=3269) to work on /opt/airflow/dags/main.py
[2026-09-30T15:55:24.336+0000] {processor.py:830} INFO - Processing file /opt/airflow/dags/main.py for tasks to queue
[2026-09-30T15:55:24.340+0000] {logging_mixin.py:188} INFO - [2026-09-30T15:55:24.339+0000] {dagbag.py:545} INFO - Filling up the DagBag from /opt/airflow/dags/main.py
[2026-09-30T15:55:24.673+0000] {processor.py:840} INFO - DAG(s) 'data_quality_check', 'update_db', 'produce_json' retrieved from /opt/airflow/dags/main.py
[2026-09-30T15:55:24.708+0000] {logging_mixin.py:188} INFO - [2026-09-30T15:55:24.708+0000] {dag.py:3096} INFO - Sync 3 DAGs
[2026-09-30T15:55:24.732+0000] {logging_mixin.py:188} INFO - [2026-09-30T15:55:24.731+0000] {dag.py:3954} INFO - Setting next_dagrun for data_quality_check to 2026-09-30 12:00:00+00:00, run_after=2026-10-01 12:00:00+00:00
[2026-09-30T15:55:24.739+0000] {logging_mixin.py:188} INFO - [2026-09-30T15:55:24.739+0000] {dag.py:3954} INFO - Setting next_dagrun for produce_json to 2026-09-30 12:00:00+00:00, run_after=2026-10-01 12:00:00+00:00
[2026-09-30T15:55:24.742+0000] {logging_mixin.py:188} INFO - [2026-09-30T15:55:24.742+0000] {dag.py:3954} INFO - Setting next_dagrun for update_db to 2026-09-30 12:00:00+00:00, run_after=2026-10-01 12:00:00+00:00
[2026-09-30T15:55:24.764+0000] {processor.py:183} INFO - Processing /opt/airflow/dags/main.py took 0.437 seconds
[2026-09-30T15:55:55.098+0000] {processor.py:161} INFO - Started process (PID=3276) to work on /opt/airflow/dags/main.py
[2026-09-30T15:55:55.100+0000] {processor.py:830} INFO - Processing file /opt/airflow/dags/main.py for tasks to queue
[2026-09-30T15:55:55.103+0000] {logging_mixin.py:188} INFO - [2026-09-30T15:55:55.103+0000] {dagbag.py:545} INFO - Filling up the DagBag from /opt/airflow/dags/main.py
[2026-09-30T15:55:55.497+0000] {processor.py:840} INFO - DAG(s) 'data_quality_check', 'update_db', 'produce_json' retrieved from /opt/airflow/dags/main.py
[2026-09-30T15:55:55.524+0000] {logging_mixin.py:188} INFO - [2026-09-30T15:55:55.524+0000] {dag.py:3096} INFO - Sync 3 DAGs
[2026-09-30T15:55:55.543+0000] {logging_mixin.py:188} INFO - [2026-09-30T15:55:55.543+0000] {dag.py:3954} INFO - Setting next_dagrun for data_quality_check to 2026-09-30 12:00:00+00:00, run_after=2026-10-01 12:00:00+00:00
[2026-09-30T15:55:55.550+0000] {logging_mixin.py:188} INFO - [2026-09-30T15:55:55.550+0000] {dag.py:3954} INFO - Setting next_dagrun for produce_json to 2026-09-30 12:00:00+00:00, run_after=2026-10-01 12:00:00+00:00
[2026-09-30T15:55:55.553+0000] {logging_mixin.py:188} INFO - [2026-09-30T15:55:55.553+0000] {dag.py:3954} INFO - Setting next_dagrun for update_db to 2026-09-30 12:00:00+00:00, run_after=2026-10-01 12:00:00+00:00
[2026-09-30T15:55:55.573+0000] {processor.py:183} INFO - Processing /opt/airflow/dags/main.py took 0.481 seconds
[2026-09-30T15:56:25.911+0000] {processor.py:161} INFO - Started process (PID=3283) to work on /opt/airflow/dags/main.py
[2026-09-30T15:56:25.913+0000] {processor.py:830} INFO - Processing file /opt/airflow/dags/main.py for tasks to queue
[2026-09-30T15:56:25.916+0000] {logging_mixin.py:188} INFO - [2026-09-30T15:56:25.916+0000] {dagbag.py:545} INFO - Filling up the DagBag from /opt/airflow/dags/main.py
[2026-09-30T15:56:26.263+0000] {processor.py:840} INFO - DAG(s) 'produce_json', 'data_quality_check', 'update_db' retrieved from /opt/airflow/dags/main.py
[2026-09-30T15:56:26.290+0000] {logging_mixin.py:188} INFO - [2026-09-30T15:56:26.290+0000] {dag.py:3096} INFO - Sync 3 DAGs
[2026-09-30T15:56:26.309+0000] {logging_mixin.py:188} INFO - [2026-09-30T15:56:26.309+0000] {dag.py:3954} INFO - Setting next_dagrun for data_quality_check to 2026-09-30 12:00:00+00:00, run_after=2026-10-01 12:00:00+00:00
[2026-09-30T15:56:26.316+0000] {logging_mixin.py:188} INFO - [2026-09-30T15:56:26.316+0000] {dag.py:3954} INFO - Setting next_dagrun for produce_json to 2026-09-30 12:00:00+00:00, run_after=2026-10-01 12:00:00+00:00
[2026-09-30T15:56:26.319+0000] {logging_mixin.py:188} INFO - [2026-09-30T15:56:26.319+0000] {dag.py:3954} INFO - Setting next_dagrun for update_db to 2026-09-30 12:00:00+00:00, run_after=2026-10-01 12:00:00+00:00
[2026-09-30T15:56:26.340+0000] {processor.py:183} INFO - Processing /opt/airflow/dags/main.py took 0.434 seconds
[2026-09-30T15:56:56.642+0000] {processor.py:161} INFO - Started process (PID=3290) to work on /opt/airflow/dags/main.py
[2026-09-30T15:56:56.645+0000] {processor.py:830} INFO - Processing file /opt/airflow/dags/main.py for tasks to queue
[2026-09-30T15:56:56.649+0000] {logging_mixin.py:188} INFO - [2026-09-30T15:56:56.649+0000] {dagbag.py:545} INFO - Filling up the DagBag from /opt/airflow/dags/main.py
[2026-09-30T15:56:56.925+0000] {processor.py:840} INFO - DAG(s) 'update_db', 'produce_json', 'data_quality_check' retrieved from /opt/airflow/dags/main.py
[2026-09-30T15:56:56.953+0000] {logging_mixin.py:188} INFO - [2026-09-30T15:56:56.952+0000] {dag.py:3096} INFO - Sync 3 DAGs
[2026-09-30T15:56:56.973+0000] {logging_mixin.py:188} INFO - [2026-09-30T15:56:56.973+0000] {dag.py:3954} INFO - Setting next_dagrun for data_quality_check to 2026-09-30 12:00:00+00:00, run_after=2026-10-01 12:00:00+00:00
[2026-09-30T15:56:56.979+0000] {logging_mixin.py:188} INFO - [2026-09-30T15:56:56.979+0000] {dag.py:3954} INFO - Setting next_dagrun for produce_json to 2026-09-30 12:00:00+00:00, run_after=2026-10-01 12:00:00+00:00
[2026-09-30T15:56:56.983+0000] {logging_mixin.py:188} INFO - [2026-09-30T15:56:56.983+0000] {dag.py:3954} INFO - Setting next_dagrun for update_db to 2026-09-30 12:00:00+00:00, run_after=2026-10-01 12:00:00+00:00
[2026-09-30T15:56:57.005+0000] {processor.py:183} INFO - Processing /opt/airflow/dags/main.py took 0.369 seconds
[2026-09-30T15:57:27.324+0000] {processor.py:161} INFO - Started process (PID=3297) to work on /opt/airflow/dags/main.py
[2026-09-30T15:57:27.326+0000] {processor.py:830} INFO - Processing file /opt/airflow/dags/main.py for tasks to queue
[2026-09-30T15:57:27.329+0000] {logging_mixin.py:188} INFO - [2026-09-30T15:57:27.329+0000] {dagbag.py:545} INFO - Filling up the DagBag from /opt/airflow/dags/main.py
[2026-09-30T15:57:27.663+0000] {processor.py:840} INFO - DAG(s) 'produce_json', 'data_quality_check', 'update_db' retrieved from /opt/airflow/dags/main.py
[2026-09-30T15:57:27.695+0000] {logging_mixin.py:188} INFO - [2026-09-30T15:57:27.695+0000] {dag.py:3096} INFO - Sync 3 DAGs
[2026-09-30T15:57:27.718+0000] {logging_mixin.py:188} INFO - [2026-09-30T15:57:27.718+0000] {dag.py:3954} INFO - Setting next_dagrun for data_quality_check to 2026-09-30 12:00:00+00:00, run_after=2026-10-01 12:00:00+00:00
[2026-09-30T15:57:27.725+0000] {logging_mixin.py:188} INFO - [2026-09-30T15:57:27.725+0000] {dag.py:3954} INFO - Setting next_dagrun for produce_json to 2026-09-30 12:00:00+00:00, run_after=2026-10-01 12:00:00+00:00
[2026-09-30T15:57:27.729+0000] {logging_mixin.py:188} INFO - [2026-09-30T15:57:27.729+0000] {dag.py:3954} INFO - Setting next_dagrun for update_db to 2026-09-30 12:00:00+00:00, run_after=2026-10-01 12:00:00+00:00
[2026-09-30T15:57:27.750+0000] {processor.py:183} INFO - Processing /opt/airflow/dags/main.py took 0.432 seconds
[2026-09-30T15:57:58.609+0000] {processor.py:161} INFO - Started process (PID=3310) to work on /opt/airflow/dags/main.py
[2026-09-30T15:57:58.611+0000] {processor.py:830} INFO - Processing file /opt/airflow/dags/main.py for tasks to queue
[2026-09-30T15:57:58.617+0000] {logging_mixin.py:188} INFO - [2026-09-30T15:57:58.616+0000] {dagbag.py:545} INFO - Filling up the DagBag from /opt/airflow/dags/main.py
[2026-09-30T15:57:58.918+0000] {processor.py:840} INFO - DAG(s) 'produce_json', 'data_quality_check', 'update_db' retrieved from /opt/airflow/dags/main.py
[2026-09-30T15:57:58.944+0000] {logging_mixin.py:188} INFO - [2026-09-30T15:57:58.944+0000] {dag.py:3096} INFO - Sync 3 DAGs
[2026-09-30T15:57:58.963+0000] {logging_mixin.py:188} INFO - [2026-09-30T15:57:58.963+0000] {dag.py:3954} INFO - Setting next_dagrun for data_quality_check to 2026-09-30 12:00:00+00:00, run_after=2026-10-01 12:00:00+00:00
[2026-09-30T15:57:58.969+0000] {logging_mixin.py:188} INFO - [2026-09-30T15:57:58.969+0000] {dag.py:3954} INFO - Setting next_dagrun for produce_json to 2026-09-30 12:00:00+00:00, run_after=2026-10-01 12:00:00+00:00
[2026-09-30T15:57:58.972+0000] {logging_mixin.py:188} INFO - [2026-09-30T15:57:58.972+0000] {dag.py:3954} INFO - Setting next_dagrun for update_db to 2026-09-30 12:00:00+00:00, run_after=2026-10-01 12:00:00+00:00
[2026-09-30T15:57:58.990+0000] {processor.py:183} INFO - Processing /opt/airflow/dags/main.py took 0.388 seconds
[2026-09-30T15:58:29.364+0000] {processor.py:161} INFO - Started process (PID=3317) to work on /opt/airflow/dags/main.py
[2026-09-30T15:58:29.367+0000] {processor.py:830} INFO - Processing file /opt/airflow/dags/main.py for tasks to queue
[2026-09-30T15:58:29.370+0000] {logging_mixin.py:188} INFO - [2026-09-30T15:58:29.370+0000] {dagbag.py:545} INFO - Filling up the DagBag from /opt/airflow/dags/main.py
[2026-09-30T15:58:29.685+0000] {processor.py:840} INFO - DAG(s) 'produce_json', 'update_db', 'data_quality_check' retrieved from /opt/airflow/dags/main.py
[2026-09-30T15:58:29.712+0000] {logging_mixin.py:188} INFO - [2026-09-30T15:58:29.712+0000] {dag.py:3096} INFO - Sync 3 DAGs
[2026-09-30T15:58:29.730+0000] {logging_mixin.py:188} INFO - [2026-09-30T15:58:29.730+0000] {dag.py:3954} INFO - Setting next_dagrun for data_quality_check to 2026-09-30 12:00:00+00:00, run_after=2026-10-01 12:00:00+00:00
[2026-09-30T15:58:29.736+0000] {logging_mixin.py:188} INFO - [2026-09-30T15:58:29.736+0000] {dag.py:3954} INFO - Setting next_dagrun for produce_json to 2026-09-30 12:00:00+00:00, run_after=2026-10-01 12:00:00+00:00
[2026-09-30T15:58:29.739+0000] {logging_mixin.py:188} INFO - [2026-09-30T15:58:29.739+0000] {dag.py:3954} INFO - Setting next_dagrun for update_db to 2026-09-30 12:00:00+00:00, run_after=2026-10-01 12:00:00+00:00
[2026-09-30T15:58:29.757+0000] {processor.py:183} INFO - Processing /opt/airflow/dags/main.py took 0.398 seconds
[2026-09-30T15:59:00.103+0000] {processor.py:161} INFO - Started process (PID=3324) to work on /opt/airflow/dags/main.py
[2026-09-30T15:59:00.106+0000] {processor.py:830} INFO - Processing file /opt/airflow/dags/main.py for tasks to queue
[2026-09-30T15:59:00.109+0000] {logging_mixin.py:188} INFO - [2026-09-30T15:59:00.109+0000] {dagbag.py:545} INFO - Filling up the DagBag from /opt/airflow/dags/main.py
[2026-09-30T15:59:00.389+0000] {processor.py:840} INFO - DAG(s) 'data_quality_check', 'update_db', 'produce_json' retrieved from /opt/airflow/dags/main.py
[2026-09-30T15:59:00.413+0000] {logging_mixin.py:188} INFO - [2026-09-30T15:59:00.413+0000] {dag.py:3096} INFO - Sync 3 DAGs
[2026-09-30T15:59:00.431+0000] {logging_mixin.py:188} INFO - [2026-09-30T15:59:00.431+0000] {dag.py:3954} INFO - Setting next_dagrun for data_quality_check to 2026-09-30 12:00:00+00:00, run_after=2026-10-01 12:00:00+00:00
[2026-09-30T15:59:00.438+0000] {logging_mixin.py:188} INFO - [2026-09-30T15:59:00.438+0000] {dag.py:3954} INFO - Setting next_dagrun for produce_json to 2026-09-30 12:00:00+00:00, run_after=2026-10-01 12:00:00+00:00
[2026-09-30T15:59:00.441+0000] {logging_mixin.py:188} INFO - [2026-09-30T15:59:00.441+0000] {dag.py:3954} INFO - Setting next_dagrun for update_db to 2026-09-30 12:00:00+00:00, run_after=2026-10-01 12:00:00+00:00
[2026-09-30T15:59:00.461+0000] {processor.py:183} INFO - Processing /opt/airflow/dags/main.py took 0.363 seconds
[2026-09-30T15:59:30.814+0000] {processor.py:161} INFO - Started process (PID=3331) to work on /opt/airflow/dags/main.py
[2026-09-30T15:59:30.817+0000] {processor.py:830} INFO - Processing file /opt/airflow/dags/main.py for tasks to queue
[2026-09-30T15:59:30.821+0000] {logging_mixin.py:188} INFO - [2026-09-30T15:59:30.821+0000] {dagbag.py:545} INFO - Filling up the DagBag from /opt/airflow/dags/main.py
[2026-09-30T15:59:31.137+0000] {processor.py:840} INFO - DAG(s) 'data_quality_check', 'produce_json', 'update_db' retrieved from /opt/airflow/dags/main.py
[2026-09-30T15:59:31.174+0000] {logging_mixin.py:188} INFO - [2026-09-30T15:59:31.174+0000] {dag.py:3096} INFO - Sync 3 DAGs
[2026-09-30T15:59:31.198+0000] {logging_mixin.py:188} INFO - [2026-09-30T15:59:31.198+0000] {dag.py:3954} INFO - Setting next_dagrun for data_quality_check to 2026-09-30 12:00:00+00:00, run_after=2026-10-01 12:00:00+00:00
[2026-09-30T15:59:31.206+0000] {logging_mixin.py:188} INFO - [2026-09-30T15:59:31.206+0000] {dag.py:3954} INFO - Setting next_dagrun for produce_json to 2026-09-30 12:00:00+00:00, run_after=2026-10-01 12:00:00+00:00
[2026-09-30T15:59:31.211+0000] {logging_mixin.py:188} INFO - [2026-09-30T15:59:31.211+0000] {dag.py:3954} INFO - Setting next_dagrun for update_db to 2026-09-30 12:00:00+00:00, run_after=2026-10-01 12:00:00+00:00
[2026-09-30T15:59:31.238+0000] {processor.py:183} INFO - Processing /opt/airflow/dags/main.py took 0.430 seconds
[2026-09-30T16:00:01.598+0000] {processor.py:161} INFO - Started process (PID=3338) to work on /opt/airflow/dags/main.py
[2026-09-30T16:00:01.601+0000] {processor.py:830} INFO - Processing file /opt/airflow/dags/main.py for tasks to queue
[2026-09-30T16:00:01.604+0000] {logging_mixin.py:188} INFO - [2026-09-30T16:00:01.603+0000] {dagbag.py:545} INFO - Filling up the DagBag from /opt/airflow/dags/main.py
[2026-09-30T16:00:01.863+0000] {processor.py:840} INFO - DAG(s) 'produce_json', 'data_quality_check', 'update_db' retrieved from /opt/airflow/dags/main.py
[2026-09-30T16:00:01.886+0000] {logging_mixin.py:188} INFO - [2026-09-30T16:00:01.886+0000] {dag.py:3096} INFO - Sync 3 DAGs
[2026-09-30T16:00:01.903+0000] {logging_mixin.py:188} INFO - [2026-09-30T16:00:01.903+0000] {dag.py:3954} INFO - Setting next_dagrun for data_quality_check to 2026-09-30 12:00:00+00:00, run_after=2026-10-01 12:00:00+00:00
[2026-09-30T16:00:01.909+0000] {logging_mixin.py:188} INFO - [2026-09-30T16:00:01.909+0000] {dag.py:3954} INFO - Setting next_dagrun for produce_json to 2026-09-30 12:00:00+00:00, run_after=2026-10-01 12:00:00+00:00
[2026-09-30T16:00:01.913+0000] {logging_mixin.py:188} INFO - [2026-09-30T16:00:01.913+0000] {dag.py:3954} INFO - Setting next_dagrun for update_db to 2026-09-30 12:00:00+00:00, run_after=2026-10-01 12:00:00+00:00
[2026-09-30T16:00:01.931+0000] {processor.py:183} INFO - Processing /opt/airflow/dags/main.py took 0.340 seconds
[2026-09-30T16:00:32.258+0000] {processor.py:161} INFO - Started process (PID=3345) to work on /opt/airflow/dags/main.py
[2026-09-30T16:00:32.261+0000] {processor.py:830} INFO - Processing file /opt/airflow/dags/main.py for tasks to queue
[2026-09-30T16:00:32.264+0000] {logging_mixin.py:188} INFO - [2026-09-30T16:00:32.264+0000] {dagbag.py:545} INFO - Filling up the DagBag from /opt/airflow/dags/main.py
[2026-09-30T16:00:32.568+0000] {processor.py:840} INFO - DAG(s) 'update_db', 'produce_json', 'data_quality_check' retrieved from /opt/airflow/dags/main.py
[2026-09-30T16:00:32.596+0000] {logging_mixin.py:188} INFO - [2026-09-30T16:00:32.595+0000] {dag.py:3096} INFO - Sync 3 DAGs
[2026-09-30T16:00:32.617+0000] {logging_mixin.py:188} INFO - [2026-09-30T16:00:32.616+0000] {dag.py:3954} INFO - Setting next_dagrun for data_quality_check to 2026-09-30 12:00:00+00:00, run_after=2026-10-01 12:00:00+00:00
[2026-09-30T16:00:32.623+0000] {logging_mixin.py:188} INFO - [2026-09-30T16:00:32.623+0000] {dag.py:3954} INFO - Setting next_dagrun for produce_json to 2026-09-30 12:00:00+00:00, run_after=2026-10-01 12:00:00+00:00
[2026-09-30T16:00:32.627+0000] {logging_mixin.py:188} INFO - [2026-09-30T16:00:32.626+0000] {dag.py:3954} INFO - Setting next_dagrun for update_db to 2026-09-30 12:00:00+00:00, run_after=2026-10-01 12:00:00+00:00
[2026-09-30T16:00:32.647+0000] {processor.py:183} INFO - Processing /opt/airflow/dags/main.py took 0.395 seconds
[2026-09-30T16:01:02.994+0000] {processor.py:161} INFO - Started process (PID=3352) to work on /opt/airflow/dags/main.py
[2026-09-30T16:01:02.997+0000] {processor.py:830} INFO - Processing file /opt/airflow/dags/main.py for tasks to queue
[2026-09-30T16:01:03.001+0000] {logging_mixin.py:188} INFO - [2026-09-30T16:01:03.001+0000] {dagbag.py:545} INFO - Filling up the DagBag from /opt/airflow/dags/main.py
[2026-09-30T16:01:03.300+0000] {processor.py:840} INFO - DAG(s) 'update_db', 'data_quality_check', 'produce_json' retrieved from /opt/airflow/dags/main.py
[2026-09-30T16:01:03.362+0000] {logging_mixin.py:188} INFO - [2026-09-30T16:01:03.362+0000] {dag.py:3096} INFO - Sync 3 DAGs
[2026-09-30T16:01:03.417+0000] {logging_mixin.py:188} INFO - [2026-09-30T16:01:03.416+0000] {dag.py:3954} INFO - Setting next_dagrun for data_quality_check to 2026-09-30 12:00:00+00:00, run_after=2026-10-01 12:00:00+00:00
[2026-09-30T16:01:03.430+0000] {logging_mixin.py:188} INFO - [2026-09-30T16:01:03.430+0000] {dag.py:3954} INFO - Setting next_dagrun for produce_json to 2026-09-30 12:00:00+00:00, run_after=2026-10-01 12:00:00+00:00
[2026-09-30T16:01:03.435+0000] {logging_mixin.py:188} INFO - [2026-09-30T16:01:03.435+0000] {dag.py:3954} INFO - Setting next_dagrun for update_db to 2026-09-30 12:00:00+00:00, run_after=2026-10-01 12:00:00+00:00
[2026-09-30T16:01:03.485+0000] {processor.py:183} INFO - Processing /opt/airflow/dags/main.py took 0.499 seconds
[2026-09-30T16:01:33.839+0000] {processor.py:161} INFO - Started process (PID=3359) to work on /opt/airflow/dags/main.py
[2026-09-30T16:01:33.841+0000] {processor.py:830} INFO - Processing file /opt/airflow/dags/main.py for tasks to queue
[2026-09-30T16:01:33.845+0000] {logging_mixin.py:188} INFO - [2026-09-30T16:01:33.844+0000] {dagbag.py:545} INFO - Filling up the DagBag from /opt/airflow/dags/main.py
[2026-09-30T16:01:34.118+0000] {processor.py:840} INFO - DAG(s) 'produce_json', 'update_db', 'data_quality_check' retrieved from /opt/airflow/dags/main.py
[2026-09-30T16:01:34.141+0000] {logging_mixin.py:188} INFO - [2026-09-30T16:01:34.141+0000] {dag.py:3096} INFO - Sync 3 DAGs
[2026-09-30T16:01:34.159+0000] {logging_mixin.py:188} INFO - [2026-09-30T16:01:34.159+0000] {dag.py:3954} INFO - Setting next_dagrun for data_quality_check to 2026-09-30 12:00:00+00:00, run_after=2026-10-01 12:00:00+00:00
[2026-09-30T16:01:34.165+0000] {logging_mixin.py:188} INFO - [2026-09-30T16:01:34.165+0000] {dag.py:3954} INFO - Setting next_dagrun for produce_json to 2026-09-30 12:00:00+00:00, run_after=2026-10-01 12:00:00+00:00
[2026-09-30T16:01:34.169+0000] {logging_mixin.py:188} INFO - [2026-09-30T16:01:34.169+0000] {dag.py:3954} INFO - Setting next_dagrun for update_db to 2026-09-30 12:00:00+00:00, run_after=2026-10-01 12:00:00+00:00
[2026-09-30T16:01:34.190+0000] {processor.py:183} INFO - Processing /opt/airflow/dags/main.py took 0.359 seconds
[2026-09-30T16:02:04.502+0000] {processor.py:161} INFO - Started process (PID=3366) to work on /opt/airflow/dags/main.py
[2026-09-30T16:02:04.504+0000] {processor.py:830} INFO - Processing file /opt/airflow/dags/main.py for tasks to queue
[2026-09-30T16:02:04.508+0000] {logging_mixin.py:188} INFO - [2026-09-30T16:02:04.508+0000] {dagbag.py:545} INFO - Filling up the DagBag from /opt/airflow/dags/main.py
[2026-09-30T16:02:04.858+0000] {processor.py:840} INFO - DAG(s) 'data_quality_check', 'produce_json', 'update_db' retrieved from /opt/airflow/dags/main.py
[2026-09-30T16:02:04.882+0000] {logging_mixin.py:188} INFO - [2026-09-30T16:02:04.881+0000] {dag.py:3096} INFO - Sync 3 DAGs
[2026-09-30T16:02:04.898+0000] {logging_mixin.py:188} INFO - [2026-09-30T16:02:04.898+0000] {dag.py:3954} INFO - Setting next_dagrun for data_quality_check to 2026-09-30 12:00:00+00:00, run_after=2026-10-01 12:00:00+00:00
[2026-09-30T16:02:04.903+0000] {logging_mixin.py:188} INFO - [2026-09-30T16:02:04.903+0000] {dag.py:3954} INFO - Setting next_dagrun for produce_json to 2026-09-30 12:00:00+00:00, run_after=2026-10-01 12:00:00+00:00
[2026-09-30T16:02:04.907+0000] {logging_mixin.py:188} INFO - [2026-09-30T16:02:04.907+0000] {dag.py:3954} INFO - Setting next_dagrun for update_db to 2026-09-30 12:00:00+00:00, run_after=2026-10-01 12:00:00+00:00
[2026-09-30T16:02:04.926+0000] {processor.py:183} INFO - Processing /opt/airflow/dags/main.py took 0.430 seconds
[2026-09-30T16:02:35.881+0000] {processor.py:161} INFO - Started process (PID=3373) to work on /opt/airflow/dags/main.py
[2026-09-30T16:02:35.885+0000] {processor.py:830} INFO - Processing file /opt/airflow/dags/main.py for tasks to queue
[2026-09-30T16:02:35.891+0000] {logging_mixin.py:188} INFO - [2026-09-30T16:02:35.891+0000] {dagbag.py:545} INFO - Filling up the DagBag from /opt/airflow/dags/main.py
[2026-09-30T16:02:36.255+0000] {processor.py:840} INFO - DAG(s) 'data_quality_check', 'update_db', 'produce_json' retrieved from /opt/airflow/dags/main.py
[2026-09-30T16:02:36.284+0000] {logging_mixin.py:188} INFO - [2026-09-30T16:02:36.283+0000] {dag.py:3096} INFO - Sync 3 DAGs
[2026-09-30T16:02:36.303+0000] {logging_mixin.py:188} INFO - [2026-09-30T16:02:36.303+0000] {dag.py:3954} INFO - Setting next_dagrun for data_quality_check to 2026-09-30 12:00:00+00:00, run_after=2026-10-01 12:00:00+00:00
[2026-09-30T16:02:36.309+0000] {logging_mixin.py:188} INFO - [2026-09-30T16:02:36.309+0000] {dag.py:3954} INFO - Setting next_dagrun for produce_json to 2026-09-30 12:00:00+00:00, run_after=2026-10-01 12:00:00+00:00
[2026-09-30T16:02:36.312+0000] {logging_mixin.py:188} INFO - [2026-09-30T16:02:36.312+0000] {dag.py:3954} INFO - Setting next_dagrun for update_db to 2026-09-30 12:00:00+00:00, run_after=2026-10-01 12:00:00+00:00
[2026-09-30T16:02:36.331+0000] {processor.py:183} INFO - Processing /opt/airflow/dags/main.py took 0.457 seconds
[2026-09-30T16:03:06.646+0000] {processor.py:161} INFO - Started process (PID=3380) to work on /opt/airflow/dags/main.py
[2026-09-30T16:03:06.649+0000] {processor.py:830} INFO - Processing file /opt/airflow/dags/main.py for tasks to queue
[2026-09-30T16:03:06.652+0000] {logging_mixin.py:188} INFO - [2026-09-30T16:03:06.651+0000] {dagbag.py:545} INFO - Filling up the DagBag from /opt/airflow/dags/main.py
[2026-09-30T16:03:06.965+0000] {processor.py:840} INFO - DAG(s) 'data_quality_check', 'produce_json', 'update_db' retrieved from /opt/airflow/dags/main.py
[2026-09-30T16:03:06.992+0000] {logging_mixin.py:188} INFO - [2026-09-30T16:03:06.991+0000] {dag.py:3096} INFO - Sync 3 DAGs
[2026-09-30T16:03:07.014+0000] {logging_mixin.py:188} INFO - [2026-09-30T16:03:07.014+0000] {dag.py:3954} INFO - Setting next_dagrun for data_quality_check to 2026-09-30 12:00:00+00:00, run_after=2026-10-01 12:00:00+00:00
[2026-09-30T16:03:07.020+0000] {logging_mixin.py:188} INFO - [2026-09-30T16:03:07.020+0000] {dag.py:3954} INFO - Setting next_dagrun for produce_json to 2026-09-30 12:00:00+00:00, run_after=2026-10-01 12:00:00+00:00
[2026-09-30T16:03:07.024+0000] {logging_mixin.py:188} INFO - [2026-09-30T16:03:07.024+0000] {dag.py:3954} INFO - Setting next_dagrun for update_db to 2026-09-30 12:00:00+00:00, run_after=2026-10-01 12:00:00+00:00
[2026-09-30T16:03:07.042+0000] {processor.py:183} INFO - Processing /opt/airflow/dags/main.py took 0.402 seconds
[2026-09-30T16:03:37.334+0000] {processor.py:161} INFO - Started process (PID=3387) to work on /opt/airflow/dags/main.py
[2026-09-30T16:03:37.337+0000] {processor.py:830} INFO - Processing file /opt/airflow/dags/main.py for tasks to queue
[2026-09-30T16:03:37.342+0000] {logging_mixin.py:188} INFO - [2026-09-30T16:03:37.341+0000] {dagbag.py:545} INFO - Filling up the DagBag from /opt/airflow/dags/main.py
[2026-09-30T16:03:37.655+0000] {processor.py:840} INFO - DAG(s) 'produce_json', 'data_quality_check', 'update_db' retrieved from /opt/airflow/dags/main.py
[2026-09-30T16:03:37.684+0000] {logging_mixin.py:188} INFO - [2026-09-30T16:03:37.684+0000] {dag.py:3096} INFO - Sync 3 DAGs
[2026-09-30T16:03:37.703+0000] {logging_mixin.py:188} INFO - [2026-09-30T16:03:37.703+0000] {dag.py:3954} INFO - Setting next_dagrun for data_quality_check to 2026-09-30 12:00:00+00:00, run_after=2026-10-01 12:00:00+00:00
[2026-09-30T16:03:37.710+0000] {logging_mixin.py:188} INFO - [2026-09-30T16:03:37.709+0000] {dag.py:3954} INFO - Setting next_dagrun for produce_json to 2026-09-30 12:00:00+00:00, run_after=2026-10-01 12:00:00+00:00
[2026-09-30T16:03:37.712+0000] {logging_mixin.py:188} INFO - [2026-09-30T16:03:37.712+0000] {dag.py:3954} INFO - Setting next_dagrun for update_db to 2026-09-30 12:00:00+00:00, run_after=2026-10-01 12:00:00+00:00
[2026-09-30T16:03:37.732+0000] {processor.py:183} INFO - Processing /opt/airflow/dags/main.py took 0.404 seconds
[2026-09-30T16:04:08.050+0000] {processor.py:161} INFO - Started process (PID=3394) to work on /opt/airflow/dags/main.py
[2026-09-30T16:04:08.052+0000] {processor.py:830} INFO - Processing file /opt/airflow/dags/main.py for tasks to queue
[2026-09-30T16:04:08.055+0000] {logging_mixin.py:188} INFO - [2026-09-30T16:04:08.055+0000] {dagbag.py:545} INFO - Filling up the DagBag from /opt/airflow/dags/main.py
[2026-09-30T16:04:08.413+0000] {processor.py:840} INFO - DAG(s) 'update_db', 'data_quality_check', 'produce_json' retrieved from /opt/airflow/dags/main.py
[2026-09-30T16:04:08.444+0000] {logging_mixin.py:188} INFO - [2026-09-30T16:04:08.444+0000] {dag.py:3096} INFO - Sync 3 DAGs
[2026-09-30T16:04:08.466+0000] {logging_mixin.py:188} INFO - [2026-09-30T16:04:08.465+0000] {dag.py:3954} INFO - Setting next_dagrun for data_quality_check to 2026-09-30 12:00:00+00:00, run_after=2026-10-01 12:00:00+00:00
[2026-09-30T16:04:08.473+0000] {logging_mixin.py:188} INFO - [2026-09-30T16:04:08.473+0000] {dag.py:3954} INFO - Setting next_dagrun for produce_json to 2026-09-30 12:00:00+00:00, run_after=2026-10-01 12:00:00+00:00
[2026-09-30T16:04:08.476+0000] {logging_mixin.py:188} INFO - [2026-09-30T16:04:08.476+0000] {dag.py:3954} INFO - Setting next_dagrun for update_db to 2026-09-30 12:00:00+00:00, run_after=2026-10-01 12:00:00+00:00
[2026-09-30T16:04:08.493+0000] {processor.py:183} INFO - Processing /opt/airflow/dags/main.py took 0.450 seconds
[2026-09-30T16:04:38.828+0000] {processor.py:161} INFO - Started process (PID=3401) to work on /opt/airflow/dags/main.py
[2026-09-30T16:04:38.831+0000] {processor.py:830} INFO - Processing file /opt/airflow/dags/main.py for tasks to queue
[2026-09-30T16:04:38.834+0000] {logging_mixin.py:188} INFO - [2026-09-30T16:04:38.834+0000] {dagbag.py:545} INFO - Filling up the DagBag from /opt/airflow/dags/main.py
[2026-09-30T16:04:39.161+0000] {processor.py:840} INFO - DAG(s) 'data_quality_check', 'produce_json', 'update_db' retrieved from /opt/airflow/dags/main.py
[2026-09-30T16:04:39.187+0000] {logging_mixin.py:188} INFO - [2026-09-30T16:04:39.187+0000] {dag.py:3096} INFO - Sync 3 DAGs
[2026-09-30T16:04:39.204+0000] {logging_mixin.py:188} INFO - [2026-09-30T16:04:39.204+0000] {dag.py:3954} INFO - Setting next_dagrun for data_quality_check to 2026-09-30 12:00:00+00:00, run_after=2026-10-01 12:00:00+00:00
[2026-09-30T16:04:39.210+0000] {logging_mixin.py:188} INFO - [2026-09-30T16:04:39.210+0000] {dag.py:3954} INFO - Setting next_dagrun for produce_json to 2026-09-30 12:00:00+00:00, run_after=2026-10-01 12:00:00+00:00
[2026-09-30T16:04:39.213+0000] {logging_mixin.py:188} INFO - [2026-09-30T16:04:39.213+0000] {dag.py:3954} INFO - Setting next_dagrun for update_db to 2026-09-30 12:00:00+00:00, run_after=2026-10-01 12:00:00+00:00
[2026-09-30T16:04:39.233+0000] {processor.py:183} INFO - Processing /opt/airflow/dags/main.py took 0.411 seconds
[2026-09-30T16:05:09.558+0000] {processor.py:161} INFO - Started process (PID=3408) to work on /opt/airflow/dags/main.py
[2026-09-30T16:05:09.561+0000] {processor.py:830} INFO - Processing file /opt/airflow/dags/main.py for tasks to queue
[2026-09-30T16:05:09.564+0000] {logging_mixin.py:188} INFO - [2026-09-30T16:05:09.564+0000] {dagbag.py:545} INFO - Filling up the DagBag from /opt/airflow/dags/main.py
[2026-09-30T16:05:09.822+0000] {processor.py:840} INFO - DAG(s) 'data_quality_check', 'update_db', 'produce_json' retrieved from /opt/airflow/dags/main.py
[2026-09-30T16:05:09.850+0000] {logging_mixin.py:188} INFO - [2026-09-30T16:05:09.850+0000] {dag.py:3096} INFO - Sync 3 DAGs
[2026-09-30T16:05:09.870+0000] {logging_mixin.py:188} INFO - [2026-09-30T16:05:09.869+0000] {dag.py:3954} INFO - Setting next_dagrun for data_quality_check to 2026-09-30 12:00:00+00:00, run_after=2026-10-01 12:00:00+00:00
[2026-09-30T16:05:09.877+0000] {logging_mixin.py:188} INFO - [2026-09-30T16:05:09.877+0000] {dag.py:3954} INFO - Setting next_dagrun for produce_json to 2026-09-30 12:00:00+00:00, run_after=2026-10-01 12:00:00+00:00
[2026-09-30T16:05:09.880+0000] {logging_mixin.py:188} INFO - [2026-09-30T16:05:09.880+0000] {dag.py:3954} INFO - Setting next_dagrun for update_db to 2026-09-30 12:00:00+00:00, run_after=2026-10-01 12:00:00+00:00
[2026-09-30T16:05:09.899+0000] {processor.py:183} INFO - Processing /opt/airflow/dags/main.py took 0.346 seconds
[2026-09-30T16:05:40.292+0000] {processor.py:161} INFO - Started process (PID=3415) to work on /opt/airflow/dags/main.py
[2026-09-30T16:05:40.295+0000] {processor.py:830} INFO - Processing file /opt/airflow/dags/main.py for tasks to queue
[2026-09-30T16:05:40.300+0000] {logging_mixin.py:188} INFO - [2026-09-30T16:05:40.299+0000] {dagbag.py:545} INFO - Filling up the DagBag from /opt/airflow/dags/main.py
[2026-09-30T16:05:40.679+0000] {processor.py:840} INFO - DAG(s) 'produce_json', 'data_quality_check', 'update_db' retrieved from /opt/airflow/dags/main.py
[2026-09-30T16:05:40.760+0000] {logging_mixin.py:188} INFO - [2026-09-30T16:05:40.759+0000] {dag.py:3096} INFO - Sync 3 DAGs
[2026-09-30T16:05:40.808+0000] {logging_mixin.py:188} INFO - [2026-09-30T16:05:40.808+0000] {dag.py:3954} INFO - Setting next_dagrun for data_quality_check to 2026-09-30 12:00:00+00:00, run_after=2026-10-01 12:00:00+00:00
[2026-09-30T16:05:40.820+0000] {logging_mixin.py:188} INFO - [2026-09-30T16:05:40.819+0000] {dag.py:3954} INFO - Setting next_dagrun for produce_json to 2026-09-30 12:00:00+00:00, run_after=2026-10-01 12:00:00+00:00
[2026-09-30T16:05:40.827+0000] {logging_mixin.py:188} INFO - [2026-09-30T16:05:40.827+0000] {dag.py:3954} INFO - Setting next_dagrun for update_db to 2026-09-30 12:00:00+00:00, run_after=2026-10-01 12:00:00+00:00
[2026-09-30T16:05:40.862+0000] {processor.py:183} INFO - Processing /opt/airflow/dags/main.py took 0.580 seconds
[2026-09-30T16:06:11.306+0000] {processor.py:161} INFO - Started process (PID=3422) to work on /opt/airflow/dags/main.py
[2026-09-30T16:06:11.310+0000] {processor.py:830} INFO - Processing file /opt/airflow/dags/main.py for tasks to queue
[2026-09-30T16:06:11.316+0000] {logging_mixin.py:188} INFO - [2026-09-30T16:06:11.315+0000] {dagbag.py:545} INFO - Filling up the DagBag from /opt/airflow/dags/main.py
[2026-09-30T16:06:11.650+0000] {processor.py:840} INFO - DAG(s) 'produce_json', 'data_quality_check', 'update_db' retrieved from /opt/airflow/dags/main.py
[2026-09-30T16:06:11.715+0000] {logging_mixin.py:188} INFO - [2026-09-30T16:06:11.714+0000] {dag.py:3096} INFO - Sync 3 DAGs
[2026-09-30T16:06:11.756+0000] {logging_mixin.py:188} INFO - [2026-09-30T16:06:11.755+0000] {dag.py:3954} INFO - Setting next_dagrun for data_quality_check to 2026-09-30 12:00:00+00:00, run_after=2026-10-01 12:00:00+00:00
[2026-09-30T16:06:11.771+0000] {logging_mixin.py:188} INFO - [2026-09-30T16:06:11.771+0000] {dag.py:3954} INFO - Setting next_dagrun for produce_json to 2026-09-30 12:00:00+00:00, run_after=2026-10-01 12:00:00+00:00
[2026-09-30T16:06:11.775+0000] {logging_mixin.py:188} INFO - [2026-09-30T16:06:11.775+0000] {dag.py:3954} INFO - Setting next_dagrun for update_db to 2026-09-30 12:00:00+00:00, run_after=2026-10-01 12:00:00+00:00
[2026-09-30T16:06:11.811+0000] {processor.py:183} INFO - Processing /opt/airflow/dags/main.py took 0.514 seconds
[2026-09-30T16:06:42.024+0000] {processor.py:161} INFO - Started process (PID=3429) to work on /opt/airflow/dags/main.py
[2026-09-30T16:06:42.029+0000] {processor.py:830} INFO - Processing file /opt/airflow/dags/main.py for tasks to queue
[2026-09-30T16:06:42.036+0000] {logging_mixin.py:188} INFO - [2026-09-30T16:06:42.035+0000] {dagbag.py:545} INFO - Filling up the DagBag from /opt/airflow/dags/main.py
[2026-09-30T16:06:42.426+0000] {processor.py:840} INFO - DAG(s) 'update_db', 'data_quality_check', 'produce_json' retrieved from /opt/airflow/dags/main.py
[2026-09-30T16:06:42.498+0000] {logging_mixin.py:188} INFO - [2026-09-30T16:06:42.497+0000] {dag.py:3096} INFO - Sync 3 DAGs
[2026-09-30T16:06:42.549+0000] {logging_mixin.py:188} INFO - [2026-09-30T16:06:42.548+0000] {dag.py:3954} INFO - Setting next_dagrun for data_quality_check to 2026-09-30 12:00:00+00:00, run_after=2026-10-01 12:00:00+00:00
[2026-09-30T16:06:42.563+0000] {logging_mixin.py:188} INFO - [2026-09-30T16:06:42.563+0000] {dag.py:3954} INFO - Setting next_dagrun for produce_json to 2026-09-30 12:00:00+00:00, run_after=2026-10-01 12:00:00+00:00
[2026-09-30T16:06:42.570+0000] {logging_mixin.py:188} INFO - [2026-09-30T16:06:42.569+0000] {dag.py:3954} INFO - Setting next_dagrun for update_db to 2026-09-30 12:00:00+00:00, run_after=2026-10-01 12:00:00+00:00
[2026-09-30T16:06:42.616+0000] {processor.py:183} INFO - Processing /opt/airflow/dags/main.py took 0.612 seconds
[2026-09-30T16:07:13.007+0000] {processor.py:161} INFO - Started process (PID=3436) to work on /opt/airflow/dags/main.py
[2026-09-30T16:07:13.010+0000] {processor.py:830} INFO - Processing file /opt/airflow/dags/main.py for tasks to queue
[2026-09-30T16:07:13.014+0000] {logging_mixin.py:188} INFO - [2026-09-30T16:07:13.014+0000] {dagbag.py:545} INFO - Filling up the DagBag from /opt/airflow/dags/main.py
[2026-09-30T16:07:13.278+0000] {processor.py:840} INFO - DAG(s) 'produce_json', 'data_quality_check', 'update_db' retrieved from /opt/airflow/dags/main.py
[2026-09-30T16:07:13.334+0000] {logging_mixin.py:188} INFO - [2026-09-30T16:07:13.334+0000] {dag.py:3096} INFO - Sync 3 DAGs
[2026-09-30T16:07:13.359+0000] {logging_mixin.py:188} INFO - [2026-09-30T16:07:13.359+0000] {dag.py:3954} INFO - Setting next_dagrun for data_quality_check to 2026-09-30 12:00:00+00:00, run_after=2026-10-01 12:00:00+00:00
[2026-09-30T16:07:13.367+0000] {logging_mixin.py:188} INFO - [2026-09-30T16:07:13.366+0000] {dag.py:3954} INFO - Setting next_dagrun for produce_json to 2026-09-30 12:00:00+00:00, run_after=2026-10-01 12:00:00+00:00
[2026-09-30T16:07:13.371+0000] {logging_mixin.py:188} INFO - [2026-09-30T16:07:13.371+0000] {dag.py:3954} INFO - Setting next_dagrun for update_db to 2026-09-30 12:00:00+00:00, run_after=2026-10-01 12:00:00+00:00
[2026-09-30T16:07:13.395+0000] {processor.py:183} INFO - Processing /opt/airflow/dags/main.py took 0.397 seconds
[2026-09-30T16:07:44.401+0000] {processor.py:161} INFO - Started process (PID=3443) to work on /opt/airflow/dags/main.py
[2026-09-30T16:07:44.404+0000] {processor.py:830} INFO - Processing file /opt/airflow/dags/main.py for tasks to queue
[2026-09-30T16:07:44.407+0000] {logging_mixin.py:188} INFO - [2026-09-30T16:07:44.407+0000] {dagbag.py:545} INFO - Filling up the DagBag from /opt/airflow/dags/main.py
[2026-09-30T16:07:44.697+0000] {processor.py:840} INFO - DAG(s) 'produce_json', 'update_db', 'data_quality_check' retrieved from /opt/airflow/dags/main.py
[2026-09-30T16:07:44.736+0000] {logging_mixin.py:188} INFO - [2026-09-30T16:07:44.735+0000] {dag.py:3096} INFO - Sync 3 DAGs
[2026-09-30T16:07:44.762+0000] {logging_mixin.py:188} INFO - [2026-09-30T16:07:44.762+0000] {dag.py:3954} INFO - Setting next_dagrun for data_quality_check to 2026-09-30 12:00:00+00:00, run_after=2026-10-01 12:00:00+00:00
[2026-09-30T16:07:44.770+0000] {logging_mixin.py:188} INFO - [2026-09-30T16:07:44.770+0000] {dag.py:3954} INFO - Setting next_dagrun for produce_json to 2026-09-30 12:00:00+00:00, run_after=2026-10-01 12:00:00+00:00
[2026-09-30T16:07:44.776+0000] {logging_mixin.py:188} INFO - [2026-09-30T16:07:44.775+0000] {dag.py:3954} INFO - Setting next_dagrun for update_db to 2026-09-30 12:00:00+00:00, run_after=2026-10-01 12:00:00+00:00
[2026-09-30T16:07:44.804+0000] {processor.py:183} INFO - Processing /opt/airflow/dags/main.py took 0.410 seconds
[2026-09-30T16:08:15.183+0000] {processor.py:161} INFO - Started process (PID=3450) to work on /opt/airflow/dags/main.py
[2026-09-30T16:08:15.190+0000] {processor.py:830} INFO - Processing file /opt/airflow/dags/main.py for tasks to queue
[2026-09-30T16:08:15.202+0000] {logging_mixin.py:188} INFO - [2026-09-30T16:08:15.199+0000] {dagbag.py:545} INFO - Filling up the DagBag from /opt/airflow/dags/main.py
[2026-09-30T16:08:15.608+0000] {processor.py:840} INFO - DAG(s) 'produce_json', 'data_quality_check', 'update_db' retrieved from /opt/airflow/dags/main.py
[2026-09-30T16:08:15.650+0000] {logging_mixin.py:188} INFO - [2026-09-30T16:08:15.650+0000] {dag.py:3096} INFO - Sync 3 DAGs
[2026-09-30T16:08:15.677+0000] {logging_mixin.py:188} INFO - [2026-09-30T16:08:15.676+0000] {dag.py:3954} INFO - Setting next_dagrun for data_quality_check to 2026-09-30 12:00:00+00:00, run_after=2026-10-01 12:00:00+00:00
[2026-09-30T16:08:15.687+0000] {logging_mixin.py:188} INFO - [2026-09-30T16:08:15.687+0000] {dag.py:3954} INFO - Setting next_dagrun for produce_json to 2026-09-30 12:00:00+00:00, run_after=2026-10-01 12:00:00+00:00
[2026-09-30T16:08:15.693+0000] {logging_mixin.py:188} INFO - [2026-09-30T16:08:15.692+0000] {dag.py:3954} INFO - Setting next_dagrun for update_db to 2026-09-30 12:00:00+00:00, run_after=2026-10-01 12:00:00+00:00
[2026-09-30T16:08:15.736+0000] {processor.py:183} INFO - Processing /opt/airflow/dags/main.py took 0.572 seconds
[2026-09-30T16:08:45.991+0000] {processor.py:161} INFO - Started process (PID=3457) to work on /opt/airflow/dags/main.py
[2026-09-30T16:08:45.994+0000] {processor.py:830} INFO - Processing file /opt/airflow/dags/main.py for tasks to queue
[2026-09-30T16:08:45.998+0000] {logging_mixin.py:188} INFO - [2026-09-30T16:08:45.997+0000] {dagbag.py:545} INFO - Filling up the DagBag from /opt/airflow/dags/main.py
[2026-09-30T16:08:46.332+0000] {processor.py:840} INFO - DAG(s) 'update_db', 'data_quality_check', 'produce_json' retrieved from /opt/airflow/dags/main.py
[2026-09-30T16:08:46.368+0000] {logging_mixin.py:188} INFO - [2026-09-30T16:08:46.368+0000] {dag.py:3096} INFO - Sync 3 DAGs
[2026-09-30T16:08:46.393+0000] {logging_mixin.py:188} INFO - [2026-09-30T16:08:46.393+0000] {dag.py:3954} INFO - Setting next_dagrun for data_quality_check to 2026-09-30 12:00:00+00:00, run_after=2026-10-01 12:00:00+00:00
[2026-09-30T16:08:46.400+0000] {logging_mixin.py:188} INFO - [2026-09-30T16:08:46.400+0000] {dag.py:3954} INFO - Setting next_dagrun for produce_json to 2026-09-30 12:00:00+00:00, run_after=2026-10-01 12:00:00+00:00
[2026-09-30T16:08:46.403+0000] {logging_mixin.py:188} INFO - [2026-09-30T16:08:46.403+0000] {dag.py:3954} INFO - Setting next_dagrun for update_db to 2026-09-30 12:00:00+00:00, run_after=2026-10-01 12:00:00+00:00
[2026-09-30T16:08:46.427+0000] {processor.py:183} INFO - Processing /opt/airflow/dags/main.py took 0.443 seconds
[2026-09-30T16:09:16.791+0000] {processor.py:161} INFO - Started process (PID=3464) to work on /opt/airflow/dags/main.py
[2026-09-30T16:09:16.795+0000] {processor.py:830} INFO - Processing file /opt/airflow/dags/main.py for tasks to queue
[2026-09-30T16:09:16.800+0000] {logging_mixin.py:188} INFO - [2026-09-30T16:09:16.799+0000] {dagbag.py:545} INFO - Filling up the DagBag from /opt/airflow/dags/main.py
[2026-09-30T16:09:17.193+0000] {processor.py:840} INFO - DAG(s) 'produce_json', 'data_quality_check', 'update_db' retrieved from /opt/airflow/dags/main.py
[2026-09-30T16:09:17.223+0000] {logging_mixin.py:188} INFO - [2026-09-30T16:09:17.223+0000] {dag.py:3096} INFO - Sync 3 DAGs
[2026-09-30T16:09:17.245+0000] {logging_mixin.py:188} INFO - [2026-09-30T16:09:17.245+0000] {dag.py:3954} INFO - Setting next_dagrun for data_quality_check to 2026-09-30 12:00:00+00:00, run_after=2026-10-01 12:00:00+00:00
[2026-09-30T16:09:17.252+0000] {logging_mixin.py:188} INFO - [2026-09-30T16:09:17.252+0000] {dag.py:3954} INFO - Setting next_dagrun for produce_json to 2026-09-30 12:00:00+00:00, run_after=2026-10-01 12:00:00+00:00
[2026-09-30T16:09:17.256+0000] {logging_mixin.py:188} INFO - [2026-09-30T16:09:17.255+0000] {dag.py:3954} INFO - Setting next_dagrun for update_db to 2026-09-30 12:00:00+00:00, run_after=2026-10-01 12:00:00+00:00
[2026-09-30T16:09:17.276+0000] {processor.py:183} INFO - Processing /opt/airflow/dags/main.py took 0.499 seconds
[2026-09-30T16:09:47.621+0000] {processor.py:161} INFO - Started process (PID=3471) to work on /opt/airflow/dags/main.py
[2026-09-30T16:09:47.625+0000] {processor.py:830} INFO - Processing file /opt/airflow/dags/main.py for tasks to queue
[2026-09-30T16:09:47.631+0000] {logging_mixin.py:188} INFO - [2026-09-30T16:09:47.630+0000] {dagbag.py:545} INFO - Filling up the DagBag from /opt/airflow/dags/main.py
[2026-09-30T16:09:47.914+0000] {processor.py:840} INFO - DAG(s) 'update_db', 'produce_json', 'data_quality_check' retrieved from /opt/airflow/dags/main.py
[2026-09-30T16:09:47.951+0000] {logging_mixin.py:188} INFO - [2026-09-30T16:09:47.951+0000] {dag.py:3096} INFO - Sync 3 DAGs
[2026-09-30T16:09:47.976+0000] {logging_mixin.py:188} INFO - [2026-09-30T16:09:47.976+0000] {dag.py:3954} INFO - Setting next_dagrun for data_quality_check to 2026-09-30 12:00:00+00:00, run_after=2026-10-01 12:00:00+00:00
[2026-09-30T16:09:47.984+0000] {logging_mixin.py:188} INFO - [2026-09-30T16:09:47.984+0000] {dag.py:3954} INFO - Setting next_dagrun for produce_json to 2026-09-30 12:00:00+00:00, run_after=2026-10-01 12:00:00+00:00
[2026-09-30T16:09:47.988+0000] {logging_mixin.py:188} INFO - [2026-09-30T16:09:47.988+0000] {dag.py:3954} INFO - Setting next_dagrun for update_db to 2026-09-30 12:00:00+00:00, run_after=2026-10-01 12:00:00+00:00
[2026-09-30T16:09:48.011+0000] {processor.py:183} INFO - Processing /opt/airflow/dags/main.py took 0.397 seconds
[2026-09-30T16:10:18.377+0000] {processor.py:161} INFO - Started process (PID=3479) to work on /opt/airflow/dags/main.py
[2026-09-30T16:10:18.379+0000] {processor.py:830} INFO - Processing file /opt/airflow/dags/main.py for tasks to queue
[2026-09-30T16:10:18.382+0000] {logging_mixin.py:188} INFO - [2026-09-30T16:10:18.382+0000] {dagbag.py:545} INFO - Filling up the DagBag from /opt/airflow/dags/main.py
[2026-09-30T16:10:18.697+0000] {processor.py:840} INFO - DAG(s) 'update_db', 'produce_json', 'data_quality_check' retrieved from /opt/airflow/dags/main.py
[2026-09-30T16:10:18.724+0000] {logging_mixin.py:188} INFO - [2026-09-30T16:10:18.723+0000] {dag.py:3096} INFO - Sync 3 DAGs
[2026-09-30T16:10:18.742+0000] {logging_mixin.py:188} INFO - [2026-09-30T16:10:18.741+0000] {dag.py:3954} INFO - Setting next_dagrun for data_quality_check to 2026-09-30 12:00:00+00:00, run_after=2026-10-01 12:00:00+00:00
[2026-09-30T16:10:18.747+0000] {logging_mixin.py:188} INFO - [2026-09-30T16:10:18.747+0000] {dag.py:3954} INFO - Setting next_dagrun for produce_json to 2026-09-30 12:00:00+00:00, run_after=2026-10-01 12:00:00+00:00
[2026-09-30T16:10:18.751+0000] {logging_mixin.py:188} INFO - [2026-09-30T16:10:18.751+0000] {dag.py:3954} INFO - Setting next_dagrun for update_db to 2026-09-30 12:00:00+00:00, run_after=2026-10-01 12:00:00+00:00
[2026-09-30T16:10:18.771+0000] {processor.py:183} INFO - Processing /opt/airflow/dags/main.py took 0.399 seconds
[2026-09-30T16:10:49.132+0000] {processor.py:161} INFO - Started process (PID=3486) to work on /opt/airflow/dags/main.py
[2026-09-30T16:10:49.137+0000] {processor.py:830} INFO - Processing file /opt/airflow/dags/main.py for tasks to queue
[2026-09-30T16:10:49.145+0000] {logging_mixin.py:188} INFO - [2026-09-30T16:10:49.144+0000] {dagbag.py:545} INFO - Filling up the DagBag from /opt/airflow/dags/main.py
[2026-09-30T16:10:49.473+0000] {processor.py:840} INFO - DAG(s) 'produce_json', 'update_db', 'data_quality_check' retrieved from /opt/airflow/dags/main.py
[2026-09-30T16:10:49.527+0000] {logging_mixin.py:188} INFO - [2026-09-30T16:10:49.527+0000] {dag.py:3096} INFO - Sync 3 DAGs
[2026-09-30T16:10:49.560+0000] {logging_mixin.py:188} INFO - [2026-09-30T16:10:49.560+0000] {dag.py:3954} INFO - Setting next_dagrun for data_quality_check to 2026-09-30 12:00:00+00:00, run_after=2026-10-01 12:00:00+00:00
[2026-09-30T16:10:49.576+0000] {logging_mixin.py:188} INFO - [2026-09-30T16:10:49.575+0000] {dag.py:3954} INFO - Setting next_dagrun for produce_json to 2026-09-30 12:00:00+00:00, run_after=2026-10-01 12:00:00+00:00
[2026-09-30T16:10:49.582+0000] {logging_mixin.py:188} INFO - [2026-09-30T16:10:49.581+0000] {dag.py:3954} INFO - Setting next_dagrun for update_db to 2026-09-30 12:00:00+00:00, run_after=2026-10-01 12:00:00+00:00
[2026-09-30T16:10:49.643+0000] {processor.py:183} INFO - Processing /opt/airflow/dags/main.py took 0.522 seconds
[2026-09-30T16:11:19.955+0000] {processor.py:161} INFO - Started process (PID=3493) to work on /opt/airflow/dags/main.py
[2026-09-30T16:11:19.957+0000] {processor.py:830} INFO - Processing file /opt/airflow/dags/main.py for tasks to queue
[2026-09-30T16:11:19.960+0000] {logging_mixin.py:188} INFO - [2026-09-30T16:11:19.960+0000] {dagbag.py:545} INFO - Filling up the DagBag from /opt/airflow/dags/main.py
[2026-09-30T16:11:20.258+0000] {processor.py:840} INFO - DAG(s) 'update_db', 'data_quality_check', 'produce_json' retrieved from /opt/airflow/dags/main.py
[2026-09-30T16:11:20.286+0000] {logging_mixin.py:188} INFO - [2026-09-30T16:11:20.286+0000] {dag.py:3096} INFO - Sync 3 DAGs
[2026-09-30T16:11:20.309+0000] {logging_mixin.py:188} INFO - [2026-09-30T16:11:20.309+0000] {dag.py:3954} INFO - Setting next_dagrun for data_quality_check to 2026-09-30 12:00:00+00:00, run_after=2026-10-01 12:00:00+00:00
[2026-09-30T16:11:20.316+0000] {logging_mixin.py:188} INFO - [2026-09-30T16:11:20.316+0000] {dag.py:3954} INFO - Setting next_dagrun for produce_json to 2026-09-30 12:00:00+00:00, run_after=2026-10-01 12:00:00+00:00
[2026-09-30T16:11:20.319+0000] {logging_mixin.py:188} INFO - [2026-09-30T16:11:20.319+0000] {dag.py:3954} INFO - Setting next_dagrun for update_db to 2026-09-30 12:00:00+00:00, run_after=2026-10-01 12:00:00+00:00
[2026-09-30T16:11:20.341+0000] {processor.py:183} INFO - Processing /opt/airflow/dags/main.py took 0.391 seconds
[2026-09-30T16:11:50.784+0000] {processor.py:161} INFO - Started process (PID=3500) to work on /opt/airflow/dags/main.py
[2026-09-30T16:11:50.791+0000] {processor.py:830} INFO - Processing file /opt/airflow/dags/main.py for tasks to queue
[2026-09-30T16:11:50.804+0000] {logging_mixin.py:188} INFO - [2026-09-30T16:11:50.802+0000] {dagbag.py:545} INFO - Filling up the DagBag from /opt/airflow/dags/main.py
[2026-09-30T16:11:51.307+0000] {processor.py:840} INFO - DAG(s) 'data_quality_check', 'produce_json', 'update_db' retrieved from /opt/airflow/dags/main.py
[2026-09-30T16:11:51.360+0000] {logging_mixin.py:188} INFO - [2026-09-30T16:11:51.360+0000] {dag.py:3096} INFO - Sync 3 DAGs
[2026-09-30T16:11:51.390+0000] {logging_mixin.py:188} INFO - [2026-09-30T16:11:51.390+0000] {dag.py:3954} INFO - Setting next_dagrun for data_quality_check to 2026-09-30 12:00:00+00:00, run_after=2026-10-01 12:00:00+00:00
[2026-09-30T16:11:51.399+0000] {logging_mixin.py:188} INFO - [2026-09-30T16:11:51.399+0000] {dag.py:3954} INFO - Setting next_dagrun for produce_json to 2026-09-30 12:00:00+00:00, run_after=2026-10-01 12:00:00+00:00
[2026-09-30T16:11:51.403+0000] {logging_mixin.py:188} INFO - [2026-09-30T16:11:51.402+0000] {dag.py:3954} INFO - Setting next_dagrun for update_db to 2026-09-30 12:00:00+00:00, run_after=2026-10-01 12:00:00+00:00
[2026-09-30T16:11:51.429+0000] {processor.py:183} INFO - Processing /opt/airflow/dags/main.py took 0.683 seconds
[2026-09-30T16:12:21.591+0000] {processor.py:161} INFO - Started process (PID=3507) to work on /opt/airflow/dags/main.py
[2026-09-30T16:12:21.594+0000] {processor.py:830} INFO - Processing file /opt/airflow/dags/main.py for tasks to queue
[2026-09-30T16:12:21.598+0000] {logging_mixin.py:188} INFO - [2026-09-30T16:12:21.598+0000] {dagbag.py:545} INFO - Filling up the DagBag from /opt/airflow/dags/main.py
[2026-09-30T16:12:21.899+0000] {processor.py:840} INFO - DAG(s) 'data_quality_check', 'produce_json', 'update_db' retrieved from /opt/airflow/dags/main.py
[2026-09-30T16:12:21.927+0000] {logging_mixin.py:188} INFO - [2026-09-30T16:12:21.927+0000] {dag.py:3096} INFO - Sync 3 DAGs
[2026-09-30T16:12:21.948+0000] {logging_mixin.py:188} INFO - [2026-09-30T16:12:21.948+0000] {dag.py:3954} INFO - Setting next_dagrun for data_quality_check to 2026-09-30 12:00:00+00:00, run_after=2026-10-01 12:00:00+00:00
[2026-09-30T16:12:21.954+0000] {logging_mixin.py:188} INFO - [2026-09-30T16:12:21.954+0000] {dag.py:3954} INFO - Setting next_dagrun for produce_json to 2026-09-30 12:00:00+00:00, run_after=2026-10-01 12:00:00+00:00
[2026-09-30T16:12:21.958+0000] {logging_mixin.py:188} INFO - [2026-09-30T16:12:21.958+0000] {dag.py:3954} INFO - Setting next_dagrun for update_db to 2026-09-30 12:00:00+00:00, run_after=2026-10-01 12:00:00+00:00
[2026-09-30T16:12:21.979+0000] {processor.py:183} INFO - Processing /opt/airflow/dags/main.py took 0.394 seconds
[2026-09-30T16:12:52.621+0000] {processor.py:161} INFO - Started process (PID=3514) to work on /opt/airflow/dags/main.py
[2026-09-30T16:12:52.623+0000] {processor.py:830} INFO - Processing file /opt/airflow/dags/main.py for tasks to queue
[2026-09-30T16:12:52.626+0000] {logging_mixin.py:188} INFO - [2026-09-30T16:12:52.626+0000] {dagbag.py:545} INFO - Filling up the DagBag from /opt/airflow/dags/main.py
[2026-09-30T16:12:52.931+0000] {processor.py:840} INFO - DAG(s) 'data_quality_check', 'update_db', 'produce_json' retrieved from /opt/airflow/dags/main.py
[2026-09-30T16:12:52.970+0000] {logging_mixin.py:188} INFO - [2026-09-30T16:12:52.969+0000] {dag.py:3096} INFO - Sync 3 DAGs
[2026-09-30T16:12:52.993+0000] {logging_mixin.py:188} INFO - [2026-09-30T16:12:52.993+0000] {dag.py:3954} INFO - Setting next_dagrun for data_quality_check to 2026-09-30 12:00:00+00:00, run_after=2026-10-01 12:00:00+00:00
[2026-09-30T16:12:53.000+0000] {logging_mixin.py:188} INFO - [2026-09-30T16:12:53.000+0000] {dag.py:3954} INFO - Setting next_dagrun for produce_json to 2026-09-30 12:00:00+00:00, run_after=2026-10-01 12:00:00+00:00
[2026-09-30T16:12:53.003+0000] {logging_mixin.py:188} INFO - [2026-09-30T16:12:53.003+0000] {dag.py:3954} INFO - Setting next_dagrun for update_db to 2026-09-30 12:00:00+00:00, run_after=2026-10-01 12:00:00+00:00
[2026-09-30T16:12:53.023+0000] {processor.py:183} INFO - Processing /opt/airflow/dags/main.py took 0.409 seconds
[2026-09-30T16:13:23.394+0000] {processor.py:161} INFO - Started process (PID=3521) to work on /opt/airflow/dags/main.py
[2026-09-30T16:13:23.398+0000] {processor.py:830} INFO - Processing file /opt/airflow/dags/main.py for tasks to queue
[2026-09-30T16:13:23.404+0000] {logging_mixin.py:188} INFO - [2026-09-30T16:13:23.403+0000] {dagbag.py:545} INFO - Filling up the DagBag from /opt/airflow/dags/main.py
[2026-09-30T16:13:23.739+0000] {processor.py:840} INFO - DAG(s) 'update_db', 'produce_json', 'data_quality_check' retrieved from /opt/airflow/dags/main.py
[2026-09-30T16:13:23.788+0000] {logging_mixin.py:188} INFO - [2026-09-30T16:13:23.788+0000] {dag.py:3096} INFO - Sync 3 DAGs
[2026-09-30T16:13:23.824+0000] {logging_mixin.py:188} INFO - [2026-09-30T16:13:23.824+0000] {dag.py:3954} INFO - Setting next_dagrun for data_quality_check to 2026-09-30 12:00:00+00:00, run_after=2026-10-01 12:00:00+00:00
[2026-09-30T16:13:23.835+0000] {logging_mixin.py:188} INFO - [2026-09-30T16:13:23.835+0000] {dag.py:3954} INFO - Setting next_dagrun for produce_json to 2026-09-30 12:00:00+00:00, run_after=2026-10-01 12:00:00+00:00
[2026-09-30T16:13:23.839+0000] {logging_mixin.py:188} INFO - [2026-09-30T16:13:23.839+0000] {dag.py:3954} INFO - Setting next_dagrun for update_db to 2026-09-30 12:00:00+00:00, run_after=2026-10-01 12:00:00+00:00
[2026-09-30T16:13:23.883+0000] {processor.py:183} INFO - Processing /opt/airflow/dags/main.py took 0.498 seconds
[2026-09-30T16:13:54.730+0000] {processor.py:161} INFO - Started process (PID=3528) to work on /opt/airflow/dags/main.py
[2026-09-30T16:13:54.746+0000] {processor.py:830} INFO - Processing file /opt/airflow/dags/main.py for tasks to queue
[2026-09-30T16:13:54.781+0000] {logging_mixin.py:188} INFO - [2026-09-30T16:13:54.779+0000] {dagbag.py:545} INFO - Filling up the DagBag from /opt/airflow/dags/main.py
[2026-09-30T16:13:56.021+0000] {processor.py:840} INFO - DAG(s) 'produce_json', 'update_db', 'data_quality_check' retrieved from /opt/airflow/dags/main.py
[2026-09-30T16:13:56.229+0000] {logging_mixin.py:188} INFO - [2026-09-30T16:13:56.227+0000] {dag.py:3096} INFO - Sync 3 DAGs
[2026-09-30T16:13:56.326+0000] {logging_mixin.py:188} INFO - [2026-09-30T16:13:56.325+0000] {dag.py:3954} INFO - Setting next_dagrun for data_quality_check to 2026-09-30 12:00:00+00:00, run_after=2026-10-01 12:00:00+00:00
[2026-09-30T16:13:56.348+0000] {logging_mixin.py:188} INFO - [2026-09-30T16:13:56.348+0000] {dag.py:3954} INFO - Setting next_dagrun for produce_json to 2026-09-30 12:00:00+00:00, run_after=2026-10-01 12:00:00+00:00
[2026-09-30T16:13:56.359+0000] {logging_mixin.py:188} INFO - [2026-09-30T16:13:56.358+0000] {dag.py:3954} INFO - Setting next_dagrun for update_db to 2026-09-30 12:00:00+00:00, run_after=2026-10-01 12:00:00+00:00
[2026-09-30T16:13:56.436+0000] {processor.py:183} INFO - Processing /opt/airflow/dags/main.py took 1.837 seconds
[2026-09-30T16:14:26.783+0000] {processor.py:161} INFO - Started process (PID=3535) to work on /opt/airflow/dags/main.py
[2026-09-30T16:14:26.786+0000] {processor.py:830} INFO - Processing file /opt/airflow/dags/main.py for tasks to queue
[2026-09-30T16:14:26.789+0000] {logging_mixin.py:188} INFO - [2026-09-30T16:14:26.788+0000] {dagbag.py:545} INFO - Filling up the DagBag from /opt/airflow/dags/main.py
[2026-09-30T16:14:27.144+0000] {processor.py:840} INFO - DAG(s) 'produce_json', 'update_db', 'data_quality_check' retrieved from /opt/airflow/dags/main.py
[2026-09-30T16:14:27.181+0000] {logging_mixin.py:188} INFO - [2026-09-30T16:14:27.181+0000] {dag.py:3096} INFO - Sync 3 DAGs
[2026-09-30T16:14:27.207+0000] {logging_mixin.py:188} INFO - [2026-09-30T16:14:27.206+0000] {dag.py:3954} INFO - Setting next_dagrun for data_quality_check to 2026-09-30 12:00:00+00:00, run_after=2026-10-01 12:00:00+00:00
[2026-09-30T16:14:27.216+0000] {logging_mixin.py:188} INFO - [2026-09-30T16:14:27.215+0000] {dag.py:3954} INFO - Setting next_dagrun for produce_json to 2026-09-30 12:00:00+00:00, run_after=2026-10-01 12:00:00+00:00
[2026-09-30T16:14:27.219+0000] {logging_mixin.py:188} INFO - [2026-09-30T16:14:27.219+0000] {dag.py:3954} INFO - Setting next_dagrun for update_db to 2026-09-30 12:00:00+00:00, run_after=2026-10-01 12:00:00+00:00
[2026-09-30T16:14:27.245+0000] {processor.py:183} INFO - Processing /opt/airflow/dags/main.py took 0.468 seconds
[2026-09-30T16:14:57.654+0000] {processor.py:161} INFO - Started process (PID=3542) to work on /opt/airflow/dags/main.py
[2026-09-30T16:14:57.658+0000] {processor.py:830} INFO - Processing file /opt/airflow/dags/main.py for tasks to queue
[2026-09-30T16:14:57.662+0000] {logging_mixin.py:188} INFO - [2026-09-30T16:14:57.661+0000] {dagbag.py:545} INFO - Filling up the DagBag from /opt/airflow/dags/main.py
[2026-09-30T16:14:57.967+0000] {processor.py:840} INFO - DAG(s) 'produce_json', 'update_db', 'data_quality_check' retrieved from /opt/airflow/dags/main.py
[2026-09-30T16:14:58.009+0000] {logging_mixin.py:188} INFO - [2026-09-30T16:14:58.009+0000] {dag.py:3096} INFO - Sync 3 DAGs
[2026-09-30T16:14:58.037+0000] {logging_mixin.py:188} INFO - [2026-09-30T16:14:58.036+0000] {dag.py:3954} INFO - Setting next_dagrun for data_quality_check to 2026-09-30 12:00:00+00:00, run_after=2026-10-01 12:00:00+00:00
[2026-09-30T16:14:58.046+0000] {logging_mixin.py:188} INFO - [2026-09-30T16:14:58.045+0000] {dag.py:3954} INFO - Setting next_dagrun for produce_json to 2026-09-30 12:00:00+00:00, run_after=2026-10-01 12:00:00+00:00
[2026-09-30T16:14:58.049+0000] {logging_mixin.py:188} INFO - [2026-09-30T16:14:58.049+0000] {dag.py:3954} INFO - Setting next_dagrun for update_db to 2026-09-30 12:00:00+00:00, run_after=2026-10-01 12:00:00+00:00
[2026-09-30T16:14:58.081+0000] {processor.py:183} INFO - Processing /opt/airflow/dags/main.py took 0.434 seconds
[2026-09-30T16:15:28.450+0000] {processor.py:161} INFO - Started process (PID=3549) to work on /opt/airflow/dags/main.py
[2026-09-30T16:15:28.456+0000] {processor.py:830} INFO - Processing file /opt/airflow/dags/main.py for tasks to queue
[2026-09-30T16:15:28.464+0000] {logging_mixin.py:188} INFO - [2026-09-30T16:15:28.463+0000] {dagbag.py:545} INFO - Filling up the DagBag from /opt/airflow/dags/main.py
[2026-09-30T16:15:28.943+0000] {processor.py:840} INFO - DAG(s) 'data_quality_check', 'produce_json', 'update_db' retrieved from /opt/airflow/dags/main.py
[2026-09-30T16:15:28.979+0000] {logging_mixin.py:188} INFO - [2026-09-30T16:15:28.978+0000] {dag.py:3096} INFO - Sync 3 DAGs
[2026-09-30T16:15:29.004+0000] {logging_mixin.py:188} INFO - [2026-09-30T16:15:29.003+0000] {dag.py:3954} INFO - Setting next_dagrun for data_quality_check to 2026-09-30 12:00:00+00:00, run_after=2026-10-01 12:00:00+00:00
[2026-09-30T16:15:29.011+0000] {logging_mixin.py:188} INFO - [2026-09-30T16:15:29.011+0000] {dag.py:3954} INFO - Setting next_dagrun for produce_json to 2026-09-30 12:00:00+00:00, run_after=2026-10-01 12:00:00+00:00
[2026-09-30T16:15:29.014+0000] {logging_mixin.py:188} INFO - [2026-09-30T16:15:29.014+0000] {dag.py:3954} INFO - Setting next_dagrun for update_db to 2026-09-30 12:00:00+00:00, run_after=2026-10-01 12:00:00+00:00
[2026-09-30T16:15:29.037+0000] {processor.py:183} INFO - Processing /opt/airflow/dags/main.py took 0.605 seconds
[2026-09-30T16:15:59.282+0000] {processor.py:161} INFO - Started process (PID=3556) to work on /opt/airflow/dags/main.py
[2026-09-30T16:15:59.286+0000] {processor.py:830} INFO - Processing file /opt/airflow/dags/main.py for tasks to queue
[2026-09-30T16:15:59.289+0000] {logging_mixin.py:188} INFO - [2026-09-30T16:15:59.289+0000] {dagbag.py:545} INFO - Filling up the DagBag from /opt/airflow/dags/main.py
[2026-09-30T16:15:59.582+0000] {processor.py:840} INFO - DAG(s) 'update_db', 'data_quality_check', 'produce_json' retrieved from /opt/airflow/dags/main.py
[2026-09-30T16:15:59.611+0000] {logging_mixin.py:188} INFO - [2026-09-30T16:15:59.610+0000] {dag.py:3096} INFO - Sync 3 DAGs
[2026-09-30T16:15:59.637+0000] {logging_mixin.py:188} INFO - [2026-09-30T16:15:59.637+0000] {dag.py:3954} INFO - Setting next_dagrun for data_quality_check to 2026-09-30 12:00:00+00:00, run_after=2026-10-01 12:00:00+00:00
[2026-09-30T16:15:59.645+0000] {logging_mixin.py:188} INFO - [2026-09-30T16:15:59.645+0000] {dag.py:3954} INFO - Setting next_dagrun for produce_json to 2026-09-30 12:00:00+00:00, run_after=2026-10-01 12:00:00+00:00
[2026-09-30T16:15:59.649+0000] {logging_mixin.py:188} INFO - [2026-09-30T16:15:59.649+0000] {dag.py:3954} INFO - Setting next_dagrun for update_db to 2026-09-30 12:00:00+00:00, run_after=2026-10-01 12:00:00+00:00
[2026-09-30T16:15:59.677+0000] {processor.py:183} INFO - Processing /opt/airflow/dags/main.py took 0.412 seconds
[2026-09-30T16:16:30.013+0000] {processor.py:161} INFO - Started process (PID=3563) to work on /opt/airflow/dags/main.py
[2026-09-30T16:16:30.015+0000] {processor.py:830} INFO - Processing file /opt/airflow/dags/main.py for tasks to queue
[2026-09-30T16:16:30.019+0000] {logging_mixin.py:188} INFO - [2026-09-30T16:16:30.019+0000] {dagbag.py:545} INFO - Filling up the DagBag from /opt/airflow/dags/main.py
[2026-09-30T16:16:30.318+0000] {processor.py:840} INFO - DAG(s) 'data_quality_check', 'produce_json', 'update_db' retrieved from /opt/airflow/dags/main.py
[2026-09-30T16:16:30.346+0000] {logging_mixin.py:188} INFO - [2026-09-30T16:16:30.346+0000] {dag.py:3096} INFO - Sync 3 DAGs
[2026-09-30T16:16:30.365+0000] {logging_mixin.py:188} INFO - [2026-09-30T16:16:30.365+0000] {dag.py:3954} INFO - Setting next_dagrun for data_quality_check to 2026-09-30 12:00:00+00:00, run_after=2026-10-01 12:00:00+00:00
[2026-09-30T16:16:30.372+0000] {logging_mixin.py:188} INFO - [2026-09-30T16:16:30.372+0000] {dag.py:3954} INFO - Setting next_dagrun for produce_json to 2026-09-30 12:00:00+00:00, run_after=2026-10-01 12:00:00+00:00
[2026-09-30T16:16:30.375+0000] {logging_mixin.py:188} INFO - [2026-09-30T16:16:30.375+0000] {dag.py:3954} INFO - Setting next_dagrun for update_db to 2026-09-30 12:00:00+00:00, run_after=2026-10-01 12:00:00+00:00
[2026-09-30T16:16:30.393+0000] {processor.py:183} INFO - Processing /opt/airflow/dags/main.py took 0.387 seconds
[2026-09-30T16:17:00.830+0000] {processor.py:161} INFO - Started process (PID=3576) to work on /opt/airflow/dags/main.py
[2026-09-30T16:17:00.835+0000] {processor.py:830} INFO - Processing file /opt/airflow/dags/main.py for tasks to queue
[2026-09-30T16:17:00.841+0000] {logging_mixin.py:188} INFO - [2026-09-30T16:17:00.840+0000] {dagbag.py:545} INFO - Filling up the DagBag from /opt/airflow/dags/main.py
[2026-09-30T16:17:01.276+0000] {processor.py:840} INFO - DAG(s) 'update_db', 'produce_json', 'data_quality_check' retrieved from /opt/airflow/dags/main.py
[2026-09-30T16:17:01.378+0000] {logging_mixin.py:188} INFO - [2026-09-30T16:17:01.377+0000] {dag.py:3096} INFO - Sync 3 DAGs
[2026-09-30T16:17:01.424+0000] {logging_mixin.py:188} INFO - [2026-09-30T16:17:01.423+0000] {dag.py:3954} INFO - Setting next_dagrun for data_quality_check to 2026-09-30 12:00:00+00:00, run_after=2026-10-01 12:00:00+00:00
[2026-09-30T16:17:01.436+0000] {logging_mixin.py:188} INFO - [2026-09-30T16:17:01.435+0000] {dag.py:3954} INFO - Setting next_dagrun for produce_json to 2026-09-30 12:00:00+00:00, run_after=2026-10-01 12:00:00+00:00
[2026-09-30T16:17:01.443+0000] {logging_mixin.py:188} INFO - [2026-09-30T16:17:01.442+0000] {dag.py:3954} INFO - Setting next_dagrun for update_db to 2026-09-30 12:00:00+00:00, run_after=2026-10-01 12:00:00+00:00
[2026-09-30T16:17:01.506+0000] {processor.py:183} INFO - Processing /opt/airflow/dags/main.py took 0.687 seconds
[2026-09-30T16:17:31.723+0000] {processor.py:161} INFO - Started process (PID=3583) to work on /opt/airflow/dags/main.py
[2026-09-30T16:17:31.726+0000] {processor.py:830} INFO - Processing file /opt/airflow/dags/main.py for tasks to queue
[2026-09-30T16:17:31.730+0000] {logging_mixin.py:188} INFO - [2026-09-30T16:17:31.729+0000] {dagbag.py:545} INFO - Filling up the DagBag from /opt/airflow/dags/main.py
[2026-09-30T16:17:32.017+0000] {processor.py:840} INFO - DAG(s) 'produce_json', 'data_quality_check', 'update_db' retrieved from /opt/airflow/dags/main.py
[2026-09-30T16:17:32.044+0000] {logging_mixin.py:188} INFO - [2026-09-30T16:17:32.044+0000] {dag.py:3096} INFO - Sync 3 DAGs
[2026-09-30T16:17:32.063+0000] {logging_mixin.py:188} INFO - [2026-09-30T16:17:32.062+0000] {dag.py:3954} INFO - Setting next_dagrun for data_quality_check to 2026-09-30 12:00:00+00:00, run_after=2026-10-01 12:00:00+00:00
[2026-09-30T16:17:32.069+0000] {logging_mixin.py:188} INFO - [2026-09-30T16:17:32.069+0000] {dag.py:3954} INFO - Setting next_dagrun for produce_json to 2026-09-30 12:00:00+00:00, run_after=2026-10-01 12:00:00+00:00
[2026-09-30T16:17:32.073+0000] {logging_mixin.py:188} INFO - [2026-09-30T16:17:32.073+0000] {dag.py:3954} INFO - Setting next_dagrun for update_db to 2026-09-30 12:00:00+00:00, run_after=2026-10-01 12:00:00+00:00
[2026-09-30T16:17:32.095+0000] {processor.py:183} INFO - Processing /opt/airflow/dags/main.py took 0.379 seconds
[2026-09-30T16:18:02.794+0000] {processor.py:161} INFO - Started process (PID=3590) to work on /opt/airflow/dags/main.py
[2026-09-30T16:18:02.798+0000] {processor.py:830} INFO - Processing file /opt/airflow/dags/main.py for tasks to queue
[2026-09-30T16:18:02.801+0000] {logging_mixin.py:188} INFO - [2026-09-30T16:18:02.801+0000] {dagbag.py:545} INFO - Filling up the DagBag from /opt/airflow/dags/main.py
[2026-09-30T16:18:03.077+0000] {processor.py:840} INFO - DAG(s) 'update_db', 'produce_json', 'data_quality_check' retrieved from /opt/airflow/dags/main.py
[2026-09-30T16:18:03.101+0000] {logging_mixin.py:188} INFO - [2026-09-30T16:18:03.101+0000] {dag.py:3096} INFO - Sync 3 DAGs
[2026-09-30T16:18:03.118+0000] {logging_mixin.py:188} INFO - [2026-09-30T16:18:03.118+0000] {dag.py:3954} INFO - Setting next_dagrun for data_quality_check to 2026-09-30 12:00:00+00:00, run_after=2026-10-01 12:00:00+00:00
[2026-09-30T16:18:03.124+0000] {logging_mixin.py:188} INFO - [2026-09-30T16:18:03.124+0000] {dag.py:3954} INFO - Setting next_dagrun for produce_json to 2026-09-30 12:00:00+00:00, run_after=2026-10-01 12:00:00+00:00
[2026-09-30T16:18:03.128+0000] {logging_mixin.py:188} INFO - [2026-09-30T16:18:03.128+0000] {dag.py:3954} INFO - Setting next_dagrun for update_db to 2026-09-30 12:00:00+00:00, run_after=2026-10-01 12:00:00+00:00
[2026-09-30T16:18:03.157+0000] {processor.py:183} INFO - Processing /opt/airflow/dags/main.py took 0.371 seconds
[2026-09-30T16:18:33.530+0000] {processor.py:161} INFO - Started process (PID=3597) to work on /opt/airflow/dags/main.py
[2026-09-30T16:18:33.533+0000] {processor.py:830} INFO - Processing file /opt/airflow/dags/main.py for tasks to queue
[2026-09-30T16:18:33.537+0000] {logging_mixin.py:188} INFO - [2026-09-30T16:18:33.537+0000] {dagbag.py:545} INFO - Filling up the DagBag from /opt/airflow/dags/main.py
[2026-09-30T16:18:33.861+0000] {processor.py:840} INFO - DAG(s) 'produce_json', 'update_db', 'data_quality_check' retrieved from /opt/airflow/dags/main.py
[2026-09-30T16:18:33.915+0000] {logging_mixin.py:188} INFO - [2026-09-30T16:18:33.915+0000] {dag.py:3096} INFO - Sync 3 DAGs
[2026-09-30T16:18:33.940+0000] {logging_mixin.py:188} INFO - [2026-09-30T16:18:33.940+0000] {dag.py:3954} INFO - Setting next_dagrun for data_quality_check to 2026-09-30 12:00:00+00:00, run_after=2026-10-01 12:00:00+00:00
[2026-09-30T16:18:33.948+0000] {logging_mixin.py:188} INFO - [2026-09-30T16:18:33.948+0000] {dag.py:3954} INFO - Setting next_dagrun for produce_json to 2026-09-30 12:00:00+00:00, run_after=2026-10-01 12:00:00+00:00
[2026-09-30T16:18:33.952+0000] {logging_mixin.py:188} INFO - [2026-09-30T16:18:33.952+0000] {dag.py:3954} INFO - Setting next_dagrun for update_db to 2026-09-30 12:00:00+00:00, run_after=2026-10-01 12:00:00+00:00
[2026-09-30T16:18:33.977+0000] {processor.py:183} INFO - Processing /opt/airflow/dags/main.py took 0.455 seconds
[2026-09-30T16:19:04.429+0000] {processor.py:161} INFO - Started process (PID=3604) to work on /opt/airflow/dags/main.py
[2026-09-30T16:19:04.442+0000] {processor.py:830} INFO - Processing file /opt/airflow/dags/main.py for tasks to queue
[2026-09-30T16:19:04.470+0000] {logging_mixin.py:188} INFO - [2026-09-30T16:19:04.468+0000] {dagbag.py:545} INFO - Filling up the DagBag from /opt/airflow/dags/main.py
[2026-09-30T16:19:04.974+0000] {processor.py:840} INFO - DAG(s) 'produce_json', 'update_db', 'data_quality_check' retrieved from /opt/airflow/dags/main.py
[2026-09-30T16:19:05.091+0000] {logging_mixin.py:188} INFO - [2026-09-30T16:19:05.091+0000] {dag.py:3096} INFO - Sync 3 DAGs
[2026-09-30T16:19:05.148+0000] {logging_mixin.py:188} INFO - [2026-09-30T16:19:05.148+0000] {dag.py:3954} INFO - Setting next_dagrun for data_quality_check to 2026-09-30 12:00:00+00:00, run_after=2026-10-01 12:00:00+00:00
[2026-09-30T16:19:05.166+0000] {logging_mixin.py:188} INFO - [2026-09-30T16:19:05.165+0000] {dag.py:3954} INFO - Setting next_dagrun for produce_json to 2026-09-30 12:00:00+00:00, run_after=2026-10-01 12:00:00+00:00
[2026-09-30T16:19:05.173+0000] {logging_mixin.py:188} INFO - [2026-09-30T16:19:05.173+0000] {dag.py:3954} INFO - Setting next_dagrun for update_db to 2026-09-30 12:00:00+00:00, run_after=2026-10-01 12:00:00+00:00
[2026-09-30T16:19:05.235+0000] {processor.py:183} INFO - Processing /opt/airflow/dags/main.py took 0.852 seconds
[2026-09-30T16:19:35.616+0000] {processor.py:161} INFO - Started process (PID=3611) to work on /opt/airflow/dags/main.py
[2026-09-30T16:19:35.618+0000] {processor.py:830} INFO - Processing file /opt/airflow/dags/main.py for tasks to queue
[2026-09-30T16:19:35.623+0000] {logging_mixin.py:188} INFO - [2026-09-30T16:19:35.623+0000] {dagbag.py:545} INFO - Filling up the DagBag from /opt/airflow/dags/main.py
[2026-09-30T16:19:35.961+0000] {processor.py:840} INFO - DAG(s) 'data_quality_check', 'produce_json', 'update_db' retrieved from /opt/airflow/dags/main.py
[2026-09-30T16:19:36.019+0000] {logging_mixin.py:188} INFO - [2026-09-30T16:19:36.018+0000] {dag.py:3096} INFO - Sync 3 DAGs
[2026-09-30T16:19:36.056+0000] {logging_mixin.py:188} INFO - [2026-09-30T16:19:36.056+0000] {dag.py:3954} INFO - Setting next_dagrun for data_quality_check to 2026-09-30 12:00:00+00:00, run_after=2026-10-01 12:00:00+00:00
[2026-09-30T16:19:36.066+0000] {logging_mixin.py:188} INFO - [2026-09-30T16:19:36.066+0000] {dag.py:3954} INFO - Setting next_dagrun for produce_json to 2026-09-30 12:00:00+00:00, run_after=2026-10-01 12:00:00+00:00
[2026-09-30T16:19:36.071+0000] {logging_mixin.py:188} INFO - [2026-09-30T16:19:36.070+0000] {dag.py:3954} INFO - Setting next_dagrun for update_db to 2026-09-30 12:00:00+00:00, run_after=2026-10-01 12:00:00+00:00
[2026-09-30T16:19:36.104+0000] {processor.py:183} INFO - Processing /opt/airflow/dags/main.py took 0.496 seconds
[2026-09-30T16:20:06.427+0000] {processor.py:161} INFO - Started process (PID=3618) to work on /opt/airflow/dags/main.py
[2026-09-30T16:20:06.430+0000] {processor.py:830} INFO - Processing file /opt/airflow/dags/main.py for tasks to queue
[2026-09-30T16:20:06.433+0000] {logging_mixin.py:188} INFO - [2026-09-30T16:20:06.433+0000] {dagbag.py:545} INFO - Filling up the DagBag from /opt/airflow/dags/main.py
[2026-09-30T16:20:06.720+0000] {processor.py:840} INFO - DAG(s) 'produce_json', 'data_quality_check', 'update_db' retrieved from /opt/airflow/dags/main.py
[2026-09-30T16:20:06.745+0000] {logging_mixin.py:188} INFO - [2026-09-30T16:20:06.745+0000] {dag.py:3096} INFO - Sync 3 DAGs
[2026-09-30T16:20:06.765+0000] {logging_mixin.py:188} INFO - [2026-09-30T16:20:06.765+0000] {dag.py:3954} INFO - Setting next_dagrun for data_quality_check to 2026-09-30 12:00:00+00:00, run_after=2026-10-01 12:00:00+00:00
[2026-09-30T16:20:06.772+0000] {logging_mixin.py:188} INFO - [2026-09-30T16:20:06.772+0000] {dag.py:3954} INFO - Setting next_dagrun for produce_json to 2026-09-30 12:00:00+00:00, run_after=2026-10-01 12:00:00+00:00
[2026-09-30T16:20:06.775+0000] {logging_mixin.py:188} INFO - [2026-09-30T16:20:06.775+0000] {dag.py:3954} INFO - Setting next_dagrun for update_db to 2026-09-30 12:00:00+00:00, run_after=2026-10-01 12:00:00+00:00
[2026-09-30T16:20:06.799+0000] {processor.py:183} INFO - Processing /opt/airflow/dags/main.py took 0.377 seconds
[2026-09-30T16:20:37.130+0000] {processor.py:161} INFO - Started process (PID=3625) to work on /opt/airflow/dags/main.py
[2026-09-30T16:20:37.133+0000] {processor.py:830} INFO - Processing file /opt/airflow/dags/main.py for tasks to queue
[2026-09-30T16:20:37.137+0000] {logging_mixin.py:188} INFO - [2026-09-30T16:20:37.137+0000] {dagbag.py:545} INFO - Filling up the DagBag from /opt/airflow/dags/main.py
[2026-09-30T16:20:37.422+0000] {processor.py:840} INFO - DAG(s) 'produce_json', 'update_db', 'data_quality_check' retrieved from /opt/airflow/dags/main.py
[2026-09-30T16:20:37.461+0000] {logging_mixin.py:188} INFO - [2026-09-30T16:20:37.460+0000] {dag.py:3096} INFO - Sync 3 DAGs
[2026-09-30T16:20:37.487+0000] {logging_mixin.py:188} INFO - [2026-09-30T16:20:37.487+0000] {dag.py:3954} INFO - Setting next_dagrun for data_quality_check to 2026-09-30 12:00:00+00:00, run_after=2026-10-01 12:00:00+00:00
[2026-09-30T16:20:37.497+0000] {logging_mixin.py:188} INFO - [2026-09-30T16:20:37.496+0000] {dag.py:3954} INFO - Setting next_dagrun for produce_json to 2026-09-30 12:00:00+00:00, run_after=2026-10-01 12:00:00+00:00
[2026-09-30T16:20:37.501+0000] {logging_mixin.py:188} INFO - [2026-09-30T16:20:37.501+0000] {dag.py:3954} INFO - Setting next_dagrun for update_db to 2026-09-30 12:00:00+00:00, run_after=2026-10-01 12:00:00+00:00
[2026-09-30T16:20:37.529+0000] {processor.py:183} INFO - Processing /opt/airflow/dags/main.py took 0.405 seconds
[2026-09-30T16:21:07.942+0000] {processor.py:161} INFO - Started process (PID=3633) to work on /opt/airflow/dags/main.py
[2026-09-30T16:21:07.945+0000] {processor.py:830} INFO - Processing file /opt/airflow/dags/main.py for tasks to queue
[2026-09-30T16:21:07.948+0000] {logging_mixin.py:188} INFO - [2026-09-30T16:21:07.948+0000] {dagbag.py:545} INFO - Filling up the DagBag from /opt/airflow/dags/main.py
[2026-09-30T16:21:08.332+0000] {processor.py:840} INFO - DAG(s) 'data_quality_check', 'produce_json', 'update_db' retrieved from /opt/airflow/dags/main.py
[2026-09-30T16:21:08.359+0000] {logging_mixin.py:188} INFO - [2026-09-30T16:21:08.358+0000] {dag.py:3096} INFO - Sync 3 DAGs
[2026-09-30T16:21:08.377+0000] {logging_mixin.py:188} INFO - [2026-09-30T16:21:08.376+0000] {dag.py:3954} INFO - Setting next_dagrun for data_quality_check to 2026-09-30 12:00:00+00:00, run_after=2026-10-01 12:00:00+00:00
[2026-09-30T16:21:08.383+0000] {logging_mixin.py:188} INFO - [2026-09-30T16:21:08.383+0000] {dag.py:3954} INFO - Setting next_dagrun for produce_json to 2026-09-30 12:00:00+00:00, run_after=2026-10-01 12:00:00+00:00
[2026-09-30T16:21:08.386+0000] {logging_mixin.py:188} INFO - [2026-09-30T16:21:08.386+0000] {dag.py:3954} INFO - Setting next_dagrun for update_db to 2026-09-30 12:00:00+00:00, run_after=2026-10-01 12:00:00+00:00
[2026-09-30T16:21:08.405+0000] {processor.py:183} INFO - Processing /opt/airflow/dags/main.py took 0.469 seconds
[2026-09-30T16:21:38.726+0000] {processor.py:161} INFO - Started process (PID=3640) to work on /opt/airflow/dags/main.py
[2026-09-30T16:21:38.730+0000] {processor.py:830} INFO - Processing file /opt/airflow/dags/main.py for tasks to queue
[2026-09-30T16:21:38.733+0000] {logging_mixin.py:188} INFO - [2026-09-30T16:21:38.733+0000] {dagbag.py:545} INFO - Filling up the DagBag from /opt/airflow/dags/main.py
[2026-09-30T16:21:39.028+0000] {processor.py:840} INFO - DAG(s) 'data_quality_check', 'produce_json', 'update_db' retrieved from /opt/airflow/dags/main.py
[2026-09-30T16:21:39.061+0000] {logging_mixin.py:188} INFO - [2026-09-30T16:21:39.061+0000] {dag.py:3096} INFO - Sync 3 DAGs
[2026-09-30T16:21:39.085+0000] {logging_mixin.py:188} INFO - [2026-09-30T16:21:39.084+0000] {dag.py:3954} INFO - Setting next_dagrun for data_quality_check to 2026-09-30 12:00:00+00:00, run_after=2026-10-01 12:00:00+00:00
[2026-09-30T16:21:39.092+0000] {logging_mixin.py:188} INFO - [2026-09-30T16:21:39.091+0000] {dag.py:3954} INFO - Setting next_dagrun for produce_json to 2026-09-30 12:00:00+00:00, run_after=2026-10-01 12:00:00+00:00
[2026-09-30T16:21:39.096+0000] {logging_mixin.py:188} INFO - [2026-09-30T16:21:39.096+0000] {dag.py:3954} INFO - Setting next_dagrun for update_db to 2026-09-30 12:00:00+00:00, run_after=2026-10-01 12:00:00+00:00
[2026-09-30T16:21:39.118+0000] {processor.py:183} INFO - Processing /opt/airflow/dags/main.py took 0.401 seconds
[2026-09-30T16:22:09.436+0000] {processor.py:161} INFO - Started process (PID=3647) to work on /opt/airflow/dags/main.py
[2026-09-30T16:22:09.439+0000] {processor.py:830} INFO - Processing file /opt/airflow/dags/main.py for tasks to queue
[2026-09-30T16:22:09.444+0000] {logging_mixin.py:188} INFO - [2026-09-30T16:22:09.443+0000] {dagbag.py:545} INFO - Filling up the DagBag from /opt/airflow/dags/main.py
[2026-09-30T16:22:09.731+0000] {processor.py:840} INFO - DAG(s) 'data_quality_check', 'produce_json', 'update_db' retrieved from /opt/airflow/dags/main.py
[2026-09-30T16:22:09.764+0000] {logging_mixin.py:188} INFO - [2026-09-30T16:22:09.764+0000] {dag.py:3096} INFO - Sync 3 DAGs
[2026-09-30T16:22:09.790+0000] {logging_mixin.py:188} INFO - [2026-09-30T16:22:09.790+0000] {dag.py:3954} INFO - Setting next_dagrun for data_quality_check to 2026-09-30 12:00:00+00:00, run_after=2026-10-01 12:00:00+00:00
[2026-09-30T16:22:09.800+0000] {logging_mixin.py:188} INFO - [2026-09-30T16:22:09.799+0000] {dag.py:3954} INFO - Setting next_dagrun for produce_json to 2026-09-30 12:00:00+00:00, run_after=2026-10-01 12:00:00+00:00
[2026-09-30T16:22:09.804+0000] {logging_mixin.py:188} INFO - [2026-09-30T16:22:09.803+0000] {dag.py:3954} INFO - Setting next_dagrun for update_db to 2026-09-30 12:00:00+00:00, run_after=2026-10-01 12:00:00+00:00
[2026-09-30T16:22:09.826+0000] {processor.py:183} INFO - Processing /opt/airflow/dags/main.py took 0.397 seconds
[2026-09-30T16:22:40.772+0000] {processor.py:161} INFO - Started process (PID=3654) to work on /opt/airflow/dags/main.py
[2026-09-30T16:22:40.776+0000] {processor.py:830} INFO - Processing file /opt/airflow/dags/main.py for tasks to queue
[2026-09-30T16:22:40.782+0000] {logging_mixin.py:188} INFO - [2026-09-30T16:22:40.781+0000] {dagbag.py:545} INFO - Filling up the DagBag from /opt/airflow/dags/main.py
[2026-09-30T16:22:41.208+0000] {processor.py:840} INFO - DAG(s) 'produce_json', 'update_db', 'data_quality_check' retrieved from /opt/airflow/dags/main.py
[2026-09-30T16:22:41.275+0000] {logging_mixin.py:188} INFO - [2026-09-30T16:22:41.275+0000] {dag.py:3096} INFO - Sync 3 DAGs
[2026-09-30T16:22:41.331+0000] {logging_mixin.py:188} INFO - [2026-09-30T16:22:41.330+0000] {dag.py:3954} INFO - Setting next_dagrun for data_quality_check to 2026-09-30 12:00:00+00:00, run_after=2026-10-01 12:00:00+00:00
[2026-09-30T16:22:41.347+0000] {logging_mixin.py:188} INFO - [2026-09-30T16:22:41.346+0000] {dag.py:3954} INFO - Setting next_dagrun for produce_json to 2026-09-30 12:00:00+00:00, run_after=2026-10-01 12:00:00+00:00
[2026-09-30T16:22:41.353+0000] {logging_mixin.py:188} INFO - [2026-09-30T16:22:41.353+0000] {dag.py:3954} INFO - Setting next_dagrun for update_db to 2026-09-30 12:00:00+00:00, run_after=2026-10-01 12:00:00+00:00
[2026-09-30T16:22:41.400+0000] {processor.py:183} INFO - Processing /opt/airflow/dags/main.py took 0.637 seconds
[2026-09-30T16:23:11.754+0000] {processor.py:161} INFO - Started process (PID=3661) to work on /opt/airflow/dags/main.py
[2026-09-30T16:23:11.757+0000] {processor.py:830} INFO - Processing file /opt/airflow/dags/main.py for tasks to queue
[2026-09-30T16:23:11.760+0000] {logging_mixin.py:188} INFO - [2026-09-30T16:23:11.760+0000] {dagbag.py:545} INFO - Filling up the DagBag from /opt/airflow/dags/main.py
[2026-09-30T16:23:12.037+0000] {processor.py:840} INFO - DAG(s) 'produce_json', 'data_quality_check', 'update_db' retrieved from /opt/airflow/dags/main.py
[2026-09-30T16:23:12.067+0000] {logging_mixin.py:188} INFO - [2026-09-30T16:23:12.067+0000] {dag.py:3096} INFO - Sync 3 DAGs
[2026-09-30T16:23:12.090+0000] {logging_mixin.py:188} INFO - [2026-09-30T16:23:12.090+0000] {dag.py:3954} INFO - Setting next_dagrun for data_quality_check to 2026-09-30 12:00:00+00:00, run_after=2026-10-01 12:00:00+00:00
[2026-09-30T16:23:12.097+0000] {logging_mixin.py:188} INFO - [2026-09-30T16:23:12.097+0000] {dag.py:3954} INFO - Setting next_dagrun for produce_json to 2026-09-30 12:00:00+00:00, run_after=2026-10-01 12:00:00+00:00
[2026-09-30T16:23:12.102+0000] {logging_mixin.py:188} INFO - [2026-09-30T16:23:12.102+0000] {dag.py:3954} INFO - Setting next_dagrun for update_db to 2026-09-30 12:00:00+00:00, run_after=2026-10-01 12:00:00+00:00
[2026-09-30T16:23:12.127+0000] {processor.py:183} INFO - Processing /opt/airflow/dags/main.py took 0.380 seconds
[2026-09-30T16:23:42.411+0000] {processor.py:161} INFO - Started process (PID=3668) to work on /opt/airflow/dags/main.py
[2026-09-30T16:23:42.414+0000] {processor.py:830} INFO - Processing file /opt/airflow/dags/main.py for tasks to queue
[2026-09-30T16:23:42.418+0000] {logging_mixin.py:188} INFO - [2026-09-30T16:23:42.417+0000] {dagbag.py:545} INFO - Filling up the DagBag from /opt/airflow/dags/main.py
[2026-09-30T16:23:42.799+0000] {processor.py:840} INFO - DAG(s) 'data_quality_check', 'update_db', 'produce_json' retrieved from /opt/airflow/dags/main.py
[2026-09-30T16:23:42.892+0000] {logging_mixin.py:188} INFO - [2026-09-30T16:23:42.892+0000] {dag.py:3096} INFO - Sync 3 DAGs
[2026-09-30T16:23:42.964+0000] {logging_mixin.py:188} INFO - [2026-09-30T16:23:42.963+0000] {dag.py:3954} INFO - Setting next_dagrun for data_quality_check to 2026-09-30 12:00:00+00:00, run_after=2026-10-01 12:00:00+00:00
[2026-09-30T16:23:42.979+0000] {logging_mixin.py:188} INFO - [2026-09-30T16:23:42.979+0000] {dag.py:3954} INFO - Setting next_dagrun for produce_json to 2026-09-30 12:00:00+00:00, run_after=2026-10-01 12:00:00+00:00
[2026-09-30T16:23:42.986+0000] {logging_mixin.py:188} INFO - [2026-09-30T16:23:42.986+0000] {dag.py:3954} INFO - Setting next_dagrun for update_db to 2026-09-30 12:00:00+00:00, run_after=2026-10-01 12:00:00+00:00
[2026-09-30T16:23:43.041+0000] {processor.py:183} INFO - Processing /opt/airflow/dags/main.py took 0.639 seconds
[2026-09-30T16:24:13.480+0000] {processor.py:161} INFO - Started process (PID=3675) to work on /opt/airflow/dags/main.py
[2026-09-30T16:24:13.489+0000] {processor.py:830} INFO - Processing file /opt/airflow/dags/main.py for tasks to queue
[2026-09-30T16:24:13.503+0000] {logging_mixin.py:188} INFO - [2026-09-30T16:24:13.500+0000] {dagbag.py:545} INFO - Filling up the DagBag from /opt/airflow/dags/main.py
[2026-09-30T16:24:13.871+0000] {processor.py:840} INFO - DAG(s) 'data_quality_check', 'produce_json', 'update_db' retrieved from /opt/airflow/dags/main.py
[2026-09-30T16:24:13.933+0000] {logging_mixin.py:188} INFO - [2026-09-30T16:24:13.933+0000] {dag.py:3096} INFO - Sync 3 DAGs
[2026-09-30T16:24:13.977+0000] {logging_mixin.py:188} INFO - [2026-09-30T16:24:13.976+0000] {dag.py:3954} INFO - Setting next_dagrun for data_quality_check to 2026-09-30 12:00:00+00:00, run_after=2026-10-01 12:00:00+00:00
[2026-09-30T16:24:13.988+0000] {logging_mixin.py:188} INFO - [2026-09-30T16:24:13.987+0000] {dag.py:3954} INFO - Setting next_dagrun for produce_json to 2026-09-30 12:00:00+00:00, run_after=2026-10-01 12:00:00+00:00
[2026-09-30T16:24:13.994+0000] {logging_mixin.py:188} INFO - [2026-09-30T16:24:13.993+0000] {dag.py:3954} INFO - Setting next_dagrun for update_db to 2026-09-30 12:00:00+00:00, run_after=2026-10-01 12:00:00+00:00
[2026-09-30T16:24:14.035+0000] {processor.py:183} INFO - Processing /opt/airflow/dags/main.py took 0.568 seconds
[2026-09-30T16:24:44.207+0000] {processor.py:161} INFO - Started process (PID=3682) to work on /opt/airflow/dags/main.py
[2026-09-30T16:24:44.211+0000] {processor.py:830} INFO - Processing file /opt/airflow/dags/main.py for tasks to queue
[2026-09-30T16:24:44.215+0000] {logging_mixin.py:188} INFO - [2026-09-30T16:24:44.215+0000] {dagbag.py:545} INFO - Filling up the DagBag from /opt/airflow/dags/main.py
[2026-09-30T16:24:44.557+0000] {processor.py:840} INFO - DAG(s) 'produce_json', 'update_db', 'data_quality_check' retrieved from /opt/airflow/dags/main.py
[2026-09-30T16:24:44.658+0000] {logging_mixin.py:188} INFO - [2026-09-30T16:24:44.658+0000] {dag.py:3096} INFO - Sync 3 DAGs
[2026-09-30T16:24:44.726+0000] {logging_mixin.py:188} INFO - [2026-09-30T16:24:44.725+0000] {dag.py:3954} INFO - Setting next_dagrun for data_quality_check to 2026-09-30 12:00:00+00:00, run_after=2026-10-01 12:00:00+00:00
[2026-09-30T16:24:44.745+0000] {logging_mixin.py:188} INFO - [2026-09-30T16:24:44.745+0000] {dag.py:3954} INFO - Setting next_dagrun for produce_json to 2026-09-30 12:00:00+00:00, run_after=2026-10-01 12:00:00+00:00
[2026-09-30T16:24:44.752+0000] {logging_mixin.py:188} INFO - [2026-09-30T16:24:44.752+0000] {dag.py:3954} INFO - Setting next_dagrun for update_db to 2026-09-30 12:00:00+00:00, run_after=2026-10-01 12:00:00+00:00
[2026-09-30T16:24:44.828+0000] {processor.py:183} INFO - Processing /opt/airflow/dags/main.py took 0.627 seconds
[2026-09-30T16:25:15.197+0000] {processor.py:161} INFO - Started process (PID=3689) to work on /opt/airflow/dags/main.py
[2026-09-30T16:25:15.200+0000] {processor.py:830} INFO - Processing file /opt/airflow/dags/main.py for tasks to queue
[2026-09-30T16:25:15.206+0000] {logging_mixin.py:188} INFO - [2026-09-30T16:25:15.206+0000] {dagbag.py:545} INFO - Filling up the DagBag from /opt/airflow/dags/main.py
[2026-09-30T16:25:15.573+0000] {processor.py:840} INFO - DAG(s) 'update_db', 'produce_json', 'data_quality_check' retrieved from /opt/airflow/dags/main.py
[2026-09-30T16:25:15.624+0000] {logging_mixin.py:188} INFO - [2026-09-30T16:25:15.624+0000] {dag.py:3096} INFO - Sync 3 DAGs
[2026-09-30T16:25:15.661+0000] {logging_mixin.py:188} INFO - [2026-09-30T16:25:15.660+0000] {dag.py:3954} INFO - Setting next_dagrun for data_quality_check to 2026-09-30 12:00:00+00:00, run_after=2026-10-01 12:00:00+00:00
[2026-09-30T16:25:15.671+0000] {logging_mixin.py:188} INFO - [2026-09-30T16:25:15.671+0000] {dag.py:3954} INFO - Setting next_dagrun for produce_json to 2026-09-30 12:00:00+00:00, run_after=2026-10-01 12:00:00+00:00
[2026-09-30T16:25:15.675+0000] {logging_mixin.py:188} INFO - [2026-09-30T16:25:15.675+0000] {dag.py:3954} INFO - Setting next_dagrun for update_db to 2026-09-30 12:00:00+00:00, run_after=2026-10-01 12:00:00+00:00
[2026-09-30T16:25:15.708+0000] {processor.py:183} INFO - Processing /opt/airflow/dags/main.py took 0.524 seconds
[2026-09-30T16:25:45.918+0000] {processor.py:161} INFO - Started process (PID=3696) to work on /opt/airflow/dags/main.py
[2026-09-30T16:25:45.923+0000] {processor.py:830} INFO - Processing file /opt/airflow/dags/main.py for tasks to queue
[2026-09-30T16:25:45.927+0000] {logging_mixin.py:188} INFO - [2026-09-30T16:25:45.926+0000] {dagbag.py:545} INFO - Filling up the DagBag from /opt/airflow/dags/main.py
[2026-09-30T16:25:46.254+0000] {processor.py:840} INFO - DAG(s) 'produce_json', 'data_quality_check', 'update_db' retrieved from /opt/airflow/dags/main.py
[2026-09-30T16:25:46.295+0000] {logging_mixin.py:188} INFO - [2026-09-30T16:25:46.294+0000] {dag.py:3096} INFO - Sync 3 DAGs
[2026-09-30T16:25:46.333+0000] {logging_mixin.py:188} INFO - [2026-09-30T16:25:46.332+0000] {dag.py:3954} INFO - Setting next_dagrun for data_quality_check to 2026-09-30 12:00:00+00:00, run_after=2026-10-01 12:00:00+00:00
[2026-09-30T16:25:46.341+0000] {logging_mixin.py:188} INFO - [2026-09-30T16:25:46.341+0000] {dag.py:3954} INFO - Setting next_dagrun for produce_json to 2026-09-30 12:00:00+00:00, run_after=2026-10-01 12:00:00+00:00
[2026-09-30T16:25:46.346+0000] {logging_mixin.py:188} INFO - [2026-09-30T16:25:46.346+0000] {dag.py:3954} INFO - Setting next_dagrun for update_db to 2026-09-30 12:00:00+00:00, run_after=2026-10-01 12:00:00+00:00
[2026-09-30T16:25:46.376+0000] {processor.py:183} INFO - Processing /opt/airflow/dags/main.py took 0.467 seconds
[2026-09-30T16:26:16.797+0000] {processor.py:161} INFO - Started process (PID=3703) to work on /opt/airflow/dags/main.py
[2026-09-30T16:26:16.811+0000] {processor.py:830} INFO - Processing file /opt/airflow/dags/main.py for tasks to queue
[2026-09-30T16:26:16.827+0000] {logging_mixin.py:188} INFO - [2026-09-30T16:26:16.824+0000] {dagbag.py:545} INFO - Filling up the DagBag from /opt/airflow/dags/main.py
[2026-09-30T16:26:17.194+0000] {processor.py:840} INFO - DAG(s) 'update_db', 'data_quality_check', 'produce_json' retrieved from /opt/airflow/dags/main.py
[2026-09-30T16:26:17.239+0000] {logging_mixin.py:188} INFO - [2026-09-30T16:26:17.238+0000] {dag.py:3096} INFO - Sync 3 DAGs
[2026-09-30T16:26:17.293+0000] {logging_mixin.py:188} INFO - [2026-09-30T16:26:17.293+0000] {dag.py:3954} INFO - Setting next_dagrun for data_quality_check to 2026-09-30 12:00:00+00:00, run_after=2026-10-01 12:00:00+00:00
[2026-09-30T16:26:17.308+0000] {logging_mixin.py:188} INFO - [2026-09-30T16:26:17.307+0000] {dag.py:3954} INFO - Setting next_dagrun for produce_json to 2026-09-30 12:00:00+00:00, run_after=2026-10-01 12:00:00+00:00
[2026-09-30T16:26:17.318+0000] {logging_mixin.py:188} INFO - [2026-09-30T16:26:17.317+0000] {dag.py:3954} INFO - Setting next_dagrun for update_db to 2026-09-30 12:00:00+00:00, run_after=2026-10-01 12:00:00+00:00
[2026-09-30T16:26:17.363+0000] {processor.py:183} INFO - Processing /opt/airflow/dags/main.py took 0.601 seconds
[2026-09-30T16:26:47.774+0000] {processor.py:161} INFO - Started process (PID=3710) to work on /opt/airflow/dags/main.py
[2026-09-30T16:26:47.778+0000] {processor.py:830} INFO - Processing file /opt/airflow/dags/main.py for tasks to queue
[2026-09-30T16:26:47.781+0000] {logging_mixin.py:188} INFO - [2026-09-30T16:26:47.781+0000] {dagbag.py:545} INFO - Filling up the DagBag from /opt/airflow/dags/main.py
[2026-09-30T16:26:48.110+0000] {processor.py:840} INFO - DAG(s) 'update_db', 'produce_json', 'data_quality_check' retrieved from /opt/airflow/dags/main.py
[2026-09-30T16:26:48.138+0000] {logging_mixin.py:188} INFO - [2026-09-30T16:26:48.138+0000] {dag.py:3096} INFO - Sync 3 DAGs
[2026-09-30T16:26:48.173+0000] {logging_mixin.py:188} INFO - [2026-09-30T16:26:48.173+0000] {dag.py:3954} INFO - Setting next_dagrun for data_quality_check to 2026-09-30 12:00:00+00:00, run_after=2026-10-01 12:00:00+00:00
[2026-09-30T16:26:48.181+0000] {logging_mixin.py:188} INFO - [2026-09-30T16:26:48.181+0000] {dag.py:3954} INFO - Setting next_dagrun for produce_json to 2026-09-30 12:00:00+00:00, run_after=2026-10-01 12:00:00+00:00
[2026-09-30T16:26:48.185+0000] {logging_mixin.py:188} INFO - [2026-09-30T16:26:48.185+0000] {dag.py:3954} INFO - Setting next_dagrun for update_db to 2026-09-30 12:00:00+00:00, run_after=2026-10-01 12:00:00+00:00
[2026-09-30T16:26:48.207+0000] {processor.py:183} INFO - Processing /opt/airflow/dags/main.py took 0.441 seconds
[2026-09-30T16:27:18.665+0000] {processor.py:161} INFO - Started process (PID=3717) to work on /opt/airflow/dags/main.py
[2026-09-30T16:27:18.668+0000] {processor.py:830} INFO - Processing file /opt/airflow/dags/main.py for tasks to queue
[2026-09-30T16:27:18.672+0000] {logging_mixin.py:188} INFO - [2026-09-30T16:27:18.672+0000] {dagbag.py:545} INFO - Filling up the DagBag from /opt/airflow/dags/main.py
[2026-09-30T16:27:19.016+0000] {processor.py:840} INFO - DAG(s) 'produce_json', 'update_db', 'data_quality_check' retrieved from /opt/airflow/dags/main.py
[2026-09-30T16:27:19.045+0000] {logging_mixin.py:188} INFO - [2026-09-30T16:27:19.045+0000] {dag.py:3096} INFO - Sync 3 DAGs
[2026-09-30T16:27:19.066+0000] {logging_mixin.py:188} INFO - [2026-09-30T16:27:19.065+0000] {dag.py:3954} INFO - Setting next_dagrun for data_quality_check to 2026-09-30 12:00:00+00:00, run_after=2026-10-01 12:00:00+00:00
[2026-09-30T16:27:19.072+0000] {logging_mixin.py:188} INFO - [2026-09-30T16:27:19.072+0000] {dag.py:3954} INFO - Setting next_dagrun for produce_json to 2026-09-30 12:00:00+00:00, run_after=2026-10-01 12:00:00+00:00
[2026-09-30T16:27:19.076+0000] {logging_mixin.py:188} INFO - [2026-09-30T16:27:19.076+0000] {dag.py:3954} INFO - Setting next_dagrun for update_db to 2026-09-30 12:00:00+00:00, run_after=2026-10-01 12:00:00+00:00
[2026-09-30T16:27:19.096+0000] {processor.py:183} INFO - Processing /opt/airflow/dags/main.py took 0.443 seconds
[2026-09-30T16:27:50.021+0000] {processor.py:161} INFO - Started process (PID=3724) to work on /opt/airflow/dags/main.py
[2026-09-30T16:27:50.023+0000] {processor.py:830} INFO - Processing file /opt/airflow/dags/main.py for tasks to queue
[2026-09-30T16:27:50.028+0000] {logging_mixin.py:188} INFO - [2026-09-30T16:27:50.027+0000] {dagbag.py:545} INFO - Filling up the DagBag from /opt/airflow/dags/main.py
[2026-09-30T16:27:50.378+0000] {processor.py:840} INFO - DAG(s) 'produce_json', 'data_quality_check', 'update_db' retrieved from /opt/airflow/dags/main.py
[2026-09-30T16:27:50.420+0000] {logging_mixin.py:188} INFO - [2026-09-30T16:27:50.419+0000] {dag.py:3096} INFO - Sync 3 DAGs
[2026-09-30T16:27:50.451+0000] {logging_mixin.py:188} INFO - [2026-09-30T16:27:50.451+0000] {dag.py:3954} INFO - Setting next_dagrun for data_quality_check to 2026-09-30 12:00:00+00:00, run_after=2026-10-01 12:00:00+00:00
[2026-09-30T16:27:50.460+0000] {logging_mixin.py:188} INFO - [2026-09-30T16:27:50.459+0000] {dag.py:3954} INFO - Setting next_dagrun for produce_json to 2026-09-30 12:00:00+00:00, run_after=2026-10-01 12:00:00+00:00
[2026-09-30T16:27:50.463+0000] {logging_mixin.py:188} INFO - [2026-09-30T16:27:50.463+0000] {dag.py:3954} INFO - Setting next_dagrun for update_db to 2026-09-30 12:00:00+00:00, run_after=2026-10-01 12:00:00+00:00
[2026-09-30T16:27:50.492+0000] {processor.py:183} INFO - Processing /opt/airflow/dags/main.py took 0.477 seconds
[2026-09-30T16:28:20.842+0000] {processor.py:161} INFO - Started process (PID=3731) to work on /opt/airflow/dags/main.py
[2026-09-30T16:28:20.846+0000] {processor.py:830} INFO - Processing file /opt/airflow/dags/main.py for tasks to queue
[2026-09-30T16:28:20.851+0000] {logging_mixin.py:188} INFO - [2026-09-30T16:28:20.850+0000] {dagbag.py:545} INFO - Filling up the DagBag from /opt/airflow/dags/main.py
[2026-09-30T16:28:21.219+0000] {processor.py:840} INFO - DAG(s) 'produce_json', 'data_quality_check', 'update_db' retrieved from /opt/airflow/dags/main.py
[2026-09-30T16:28:21.276+0000] {logging_mixin.py:188} INFO - [2026-09-30T16:28:21.276+0000] {dag.py:3096} INFO - Sync 3 DAGs
[2026-09-30T16:28:21.331+0000] {logging_mixin.py:188} INFO - [2026-09-30T16:28:21.330+0000] {dag.py:3954} INFO - Setting next_dagrun for data_quality_check to 2026-09-30 12:00:00+00:00, run_after=2026-10-01 12:00:00+00:00
[2026-09-30T16:28:21.342+0000] {logging_mixin.py:188} INFO - [2026-09-30T16:28:21.342+0000] {dag.py:3954} INFO - Setting next_dagrun for produce_json to 2026-09-30 12:00:00+00:00, run_after=2026-10-01 12:00:00+00:00
[2026-09-30T16:28:21.349+0000] {logging_mixin.py:188} INFO - [2026-09-30T16:28:21.349+0000] {dag.py:3954} INFO - Setting next_dagrun for update_db to 2026-09-30 12:00:00+00:00, run_after=2026-10-01 12:00:00+00:00
[2026-09-30T16:28:21.387+0000] {processor.py:183} INFO - Processing /opt/airflow/dags/main.py took 0.555 seconds
[2026-09-30T16:28:51.655+0000] {processor.py:161} INFO - Started process (PID=3739) to work on /opt/airflow/dags/main.py
[2026-09-30T16:28:51.658+0000] {processor.py:830} INFO - Processing file /opt/airflow/dags/main.py for tasks to queue
[2026-09-30T16:28:51.662+0000] {logging_mixin.py:188} INFO - [2026-09-30T16:28:51.661+0000] {dagbag.py:545} INFO - Filling up the DagBag from /opt/airflow/dags/main.py
[2026-09-30T16:28:51.943+0000] {processor.py:840} INFO - DAG(s) 'produce_json', 'data_quality_check', 'update_db' retrieved from /opt/airflow/dags/main.py
[2026-09-30T16:28:52.002+0000] {logging_mixin.py:188} INFO - [2026-09-30T16:28:52.002+0000] {dag.py:3096} INFO - Sync 3 DAGs
[2026-09-30T16:28:52.036+0000] {logging_mixin.py:188} INFO - [2026-09-30T16:28:52.036+0000] {dag.py:3954} INFO - Setting next_dagrun for data_quality_check to 2026-09-30 12:00:00+00:00, run_after=2026-10-01 12:00:00+00:00
[2026-09-30T16:28:52.046+0000] {logging_mixin.py:188} INFO - [2026-09-30T16:28:52.045+0000] {dag.py:3954} INFO - Setting next_dagrun for produce_json to 2026-09-30 12:00:00+00:00, run_after=2026-10-01 12:00:00+00:00
[2026-09-30T16:28:52.049+0000] {logging_mixin.py:188} INFO - [2026-09-30T16:28:52.049+0000] {dag.py:3954} INFO - Setting next_dagrun for update_db to 2026-09-30 12:00:00+00:00, run_after=2026-10-01 12:00:00+00:00
[2026-09-30T16:28:52.078+0000] {processor.py:183} INFO - Processing /opt/airflow/dags/main.py took 0.428 seconds
[2026-09-30T16:29:22.473+0000] {processor.py:161} INFO - Started process (PID=3746) to work on /opt/airflow/dags/main.py
[2026-09-30T16:29:22.475+0000] {processor.py:830} INFO - Processing file /opt/airflow/dags/main.py for tasks to queue
[2026-09-30T16:29:22.479+0000] {logging_mixin.py:188} INFO - [2026-09-30T16:29:22.479+0000] {dagbag.py:545} INFO - Filling up the DagBag from /opt/airflow/dags/main.py
[2026-09-30T16:29:22.772+0000] {processor.py:840} INFO - DAG(s) 'data_quality_check', 'update_db', 'produce_json' retrieved from /opt/airflow/dags/main.py
[2026-09-30T16:29:22.826+0000] {logging_mixin.py:188} INFO - [2026-09-30T16:29:22.826+0000] {dag.py:3096} INFO - Sync 3 DAGs
[2026-09-30T16:29:22.849+0000] {logging_mixin.py:188} INFO - [2026-09-30T16:29:22.849+0000] {dag.py:3954} INFO - Setting next_dagrun for data_quality_check to 2026-09-30 12:00:00+00:00, run_after=2026-10-01 12:00:00+00:00
[2026-09-30T16:29:22.856+0000] {logging_mixin.py:188} INFO - [2026-09-30T16:29:22.856+0000] {dag.py:3954} INFO - Setting next_dagrun for produce_json to 2026-09-30 12:00:00+00:00, run_after=2026-10-01 12:00:00+00:00
[2026-09-30T16:29:22.860+0000] {logging_mixin.py:188} INFO - [2026-09-30T16:29:22.860+0000] {dag.py:3954} INFO - Setting next_dagrun for update_db to 2026-09-30 12:00:00+00:00, run_after=2026-10-01 12:00:00+00:00
[2026-09-30T16:29:22.882+0000] {processor.py:183} INFO - Processing /opt/airflow/dags/main.py took 0.417 seconds
[2026-09-30T16:29:53.222+0000] {processor.py:161} INFO - Started process (PID=3753) to work on /opt/airflow/dags/main.py
[2026-09-30T16:29:53.224+0000] {processor.py:830} INFO - Processing file /opt/airflow/dags/main.py for tasks to queue
[2026-09-30T16:29:53.228+0000] {logging_mixin.py:188} INFO - [2026-09-30T16:29:53.228+0000] {dagbag.py:545} INFO - Filling up the DagBag from /opt/airflow/dags/main.py
[2026-09-30T16:29:53.519+0000] {processor.py:840} INFO - DAG(s) 'data_quality_check', 'update_db', 'produce_json' retrieved from /opt/airflow/dags/main.py
[2026-09-30T16:29:53.546+0000] {logging_mixin.py:188} INFO - [2026-09-30T16:29:53.545+0000] {dag.py:3096} INFO - Sync 3 DAGs
[2026-09-30T16:29:53.565+0000] {logging_mixin.py:188} INFO - [2026-09-30T16:29:53.565+0000] {dag.py:3954} INFO - Setting next_dagrun for data_quality_check to 2026-09-30 12:00:00+00:00, run_after=2026-10-01 12:00:00+00:00
[2026-09-30T16:29:53.571+0000] {logging_mixin.py:188} INFO - [2026-09-30T16:29:53.571+0000] {dag.py:3954} INFO - Setting next_dagrun for produce_json to 2026-09-30 12:00:00+00:00, run_after=2026-10-01 12:00:00+00:00
[2026-09-30T16:29:53.575+0000] {logging_mixin.py:188} INFO - [2026-09-30T16:29:53.575+0000] {dag.py:3954} INFO - Setting next_dagrun for update_db to 2026-09-30 12:00:00+00:00, run_after=2026-10-01 12:00:00+00:00
[2026-09-30T16:29:53.594+0000] {processor.py:183} INFO - Processing /opt/airflow/dags/main.py took 0.378 seconds
[2026-09-30T16:30:23.911+0000] {processor.py:161} INFO - Started process (PID=3760) to work on /opt/airflow/dags/main.py
[2026-09-30T16:30:23.914+0000] {processor.py:830} INFO - Processing file /opt/airflow/dags/main.py for tasks to queue
[2026-09-30T16:30:23.919+0000] {logging_mixin.py:188} INFO - [2026-09-30T16:30:23.919+0000] {dagbag.py:545} INFO - Filling up the DagBag from /opt/airflow/dags/main.py
[2026-09-30T16:30:24.218+0000] {processor.py:840} INFO - DAG(s) 'data_quality_check', 'update_db', 'produce_json' retrieved from /opt/airflow/dags/main.py
[2026-09-30T16:30:24.281+0000] {logging_mixin.py:188} INFO - [2026-09-30T16:30:24.280+0000] {dag.py:3096} INFO - Sync 3 DAGs
[2026-09-30T16:30:24.319+0000] {logging_mixin.py:188} INFO - [2026-09-30T16:30:24.319+0000] {dag.py:3954} INFO - Setting next_dagrun for data_quality_check to 2026-09-30 12:00:00+00:00, run_after=2026-10-01 12:00:00+00:00
[2026-09-30T16:30:24.327+0000] {logging_mixin.py:188} INFO - [2026-09-30T16:30:24.327+0000] {dag.py:3954} INFO - Setting next_dagrun for produce_json to 2026-09-30 12:00:00+00:00, run_after=2026-10-01 12:00:00+00:00
[2026-09-30T16:30:24.331+0000] {logging_mixin.py:188} INFO - [2026-09-30T16:30:24.330+0000] {dag.py:3954} INFO - Setting next_dagrun for update_db to 2026-09-30 12:00:00+00:00, run_after=2026-10-01 12:00:00+00:00
[2026-09-30T16:30:24.355+0000] {processor.py:183} INFO - Processing /opt/airflow/dags/main.py took 0.452 seconds
[2026-09-30T16:30:54.692+0000] {processor.py:161} INFO - Started process (PID=3767) to work on /opt/airflow/dags/main.py
[2026-09-30T16:30:54.695+0000] {processor.py:830} INFO - Processing file /opt/airflow/dags/main.py for tasks to queue
[2026-09-30T16:30:54.698+0000] {logging_mixin.py:188} INFO - [2026-09-30T16:30:54.698+0000] {dagbag.py:545} INFO - Filling up the DagBag from /opt/airflow/dags/main.py
[2026-09-30T16:30:55.218+0000] {processor.py:840} INFO - DAG(s) 'data_quality_check', 'produce_json', 'update_db' retrieved from /opt/airflow/dags/main.py
[2026-09-30T16:30:55.252+0000] {logging_mixin.py:188} INFO - [2026-09-30T16:30:55.251+0000] {dag.py:3096} INFO - Sync 3 DAGs
[2026-09-30T16:30:55.278+0000] {logging_mixin.py:188} INFO - [2026-09-30T16:30:55.278+0000] {dag.py:3954} INFO - Setting next_dagrun for data_quality_check to 2026-09-30 12:00:00+00:00, run_after=2026-10-01 12:00:00+00:00
[2026-09-30T16:30:55.285+0000] {logging_mixin.py:188} INFO - [2026-09-30T16:30:55.285+0000] {dag.py:3954} INFO - Setting next_dagrun for produce_json to 2026-09-30 12:00:00+00:00, run_after=2026-10-01 12:00:00+00:00
[2026-09-30T16:30:55.289+0000] {logging_mixin.py:188} INFO - [2026-09-30T16:30:55.289+0000] {dag.py:3954} INFO - Setting next_dagrun for update_db to 2026-09-30 12:00:00+00:00, run_after=2026-10-01 12:00:00+00:00
[2026-09-30T16:30:55.312+0000] {processor.py:183} INFO - Processing /opt/airflow/dags/main.py took 0.627 seconds
[2026-09-30T16:31:25.485+0000] {processor.py:161} INFO - Started process (PID=3774) to work on /opt/airflow/dags/main.py
[2026-09-30T16:31:25.487+0000] {processor.py:830} INFO - Processing file /opt/airflow/dags/main.py for tasks to queue
[2026-09-30T16:31:25.490+0000] {logging_mixin.py:188} INFO - [2026-09-30T16:31:25.490+0000] {dagbag.py:545} INFO - Filling up the DagBag from /opt/airflow/dags/main.py
[2026-09-30T16:31:25.785+0000] {processor.py:840} INFO - DAG(s) 'update_db', 'data_quality_check', 'produce_json' retrieved from /opt/airflow/dags/main.py
[2026-09-30T16:31:25.825+0000] {logging_mixin.py:188} INFO - [2026-09-30T16:31:25.824+0000] {dag.py:3096} INFO - Sync 3 DAGs
[2026-09-30T16:31:25.870+0000] {logging_mixin.py:188} INFO - [2026-09-30T16:31:25.869+0000] {dag.py:3954} INFO - Setting next_dagrun for data_quality_check to 2026-09-30 12:00:00+00:00, run_after=2026-10-01 12:00:00+00:00
[2026-09-30T16:31:25.879+0000] {logging_mixin.py:188} INFO - [2026-09-30T16:31:25.879+0000] {dag.py:3954} INFO - Setting next_dagrun for produce_json to 2026-09-30 12:00:00+00:00, run_after=2026-10-01 12:00:00+00:00
[2026-09-30T16:31:25.883+0000] {logging_mixin.py:188} INFO - [2026-09-30T16:31:25.883+0000] {dag.py:3954} INFO - Setting next_dagrun for update_db to 2026-09-30 12:00:00+00:00, run_after=2026-10-01 12:00:00+00:00
[2026-09-30T16:31:25.922+0000] {processor.py:183} INFO - Processing /opt/airflow/dags/main.py took 0.444 seconds
[2026-09-30T16:31:56.267+0000] {processor.py:161} INFO - Started process (PID=3781) to work on /opt/airflow/dags/main.py
[2026-09-30T16:31:56.270+0000] {processor.py:830} INFO - Processing file /opt/airflow/dags/main.py for tasks to queue
[2026-09-30T16:31:56.275+0000] {logging_mixin.py:188} INFO - [2026-09-30T16:31:56.275+0000] {dagbag.py:545} INFO - Filling up the DagBag from /opt/airflow/dags/main.py
[2026-09-30T16:31:56.601+0000] {processor.py:840} INFO - DAG(s) 'data_quality_check', 'update_db', 'produce_json' retrieved from /opt/airflow/dags/main.py
[2026-09-30T16:31:56.659+0000] {logging_mixin.py:188} INFO - [2026-09-30T16:31:56.658+0000] {dag.py:3096} INFO - Sync 3 DAGs
[2026-09-30T16:31:56.696+0000] {logging_mixin.py:188} INFO - [2026-09-30T16:31:56.696+0000] {dag.py:3954} INFO - Setting next_dagrun for data_quality_check to 2026-09-30 12:00:00+00:00, run_after=2026-10-01 12:00:00+00:00
[2026-09-30T16:31:56.712+0000] {logging_mixin.py:188} INFO - [2026-09-30T16:31:56.711+0000] {dag.py:3954} INFO - Setting next_dagrun for produce_json to 2026-09-30 12:00:00+00:00, run_after=2026-10-01 12:00:00+00:00
[2026-09-30T16:31:56.720+0000] {logging_mixin.py:188} INFO - [2026-09-30T16:31:56.720+0000] {dag.py:3954} INFO - Setting next_dagrun for update_db to 2026-09-30 12:00:00+00:00, run_after=2026-10-01 12:00:00+00:00
[2026-09-30T16:31:56.806+0000] {processor.py:183} INFO - Processing /opt/airflow/dags/main.py took 0.555 seconds
[2026-09-30T16:32:27.249+0000] {processor.py:161} INFO - Started process (PID=3788) to work on /opt/airflow/dags/main.py
[2026-09-30T16:32:27.251+0000] {processor.py:830} INFO - Processing file /opt/airflow/dags/main.py for tasks to queue
[2026-09-30T16:32:27.255+0000] {logging_mixin.py:188} INFO - [2026-09-30T16:32:27.255+0000] {dagbag.py:545} INFO - Filling up the DagBag from /opt/airflow/dags/main.py
[2026-09-30T16:32:27.530+0000] {processor.py:840} INFO - DAG(s) 'update_db', 'produce_json', 'data_quality_check' retrieved from /opt/airflow/dags/main.py
[2026-09-30T16:32:27.563+0000] {logging_mixin.py:188} INFO - [2026-09-30T16:32:27.562+0000] {dag.py:3096} INFO - Sync 3 DAGs
[2026-09-30T16:32:27.585+0000] {logging_mixin.py:188} INFO - [2026-09-30T16:32:27.585+0000] {dag.py:3954} INFO - Setting next_dagrun for data_quality_check to 2026-09-30 12:00:00+00:00, run_after=2026-10-01 12:00:00+00:00
[2026-09-30T16:32:27.595+0000] {logging_mixin.py:188} INFO - [2026-09-30T16:32:27.595+0000] {dag.py:3954} INFO - Setting next_dagrun for produce_json to 2026-09-30 12:00:00+00:00, run_after=2026-10-01 12:00:00+00:00
[2026-09-30T16:32:27.599+0000] {logging_mixin.py:188} INFO - [2026-09-30T16:32:27.599+0000] {dag.py:3954} INFO - Setting next_dagrun for update_db to 2026-09-30 12:00:00+00:00, run_after=2026-10-01 12:00:00+00:00
[2026-09-30T16:32:27.624+0000] {processor.py:183} INFO - Processing /opt/airflow/dags/main.py took 0.382 seconds
[2026-09-30T16:32:57.972+0000] {processor.py:161} INFO - Started process (PID=3795) to work on /opt/airflow/dags/main.py
[2026-09-30T16:32:57.974+0000] {processor.py:830} INFO - Processing file /opt/airflow/dags/main.py for tasks to queue
[2026-09-30T16:32:57.978+0000] {logging_mixin.py:188} INFO - [2026-09-30T16:32:57.978+0000] {dagbag.py:545} INFO - Filling up the DagBag from /opt/airflow/dags/main.py
[2026-09-30T16:32:58.225+0000] {processor.py:840} INFO - DAG(s) 'produce_json', 'update_db', 'data_quality_check' retrieved from /opt/airflow/dags/main.py
[2026-09-30T16:32:58.263+0000] {logging_mixin.py:188} INFO - [2026-09-30T16:32:58.262+0000] {dag.py:3096} INFO - Sync 3 DAGs
[2026-09-30T16:32:58.291+0000] {logging_mixin.py:188} INFO - [2026-09-30T16:32:58.291+0000] {dag.py:3954} INFO - Setting next_dagrun for data_quality_check to 2026-09-30 12:00:00+00:00, run_after=2026-10-01 12:00:00+00:00
[2026-09-30T16:32:58.299+0000] {logging_mixin.py:188} INFO - [2026-09-30T16:32:58.299+0000] {dag.py:3954} INFO - Setting next_dagrun for produce_json to 2026-09-30 12:00:00+00:00, run_after=2026-10-01 12:00:00+00:00
[2026-09-30T16:32:58.303+0000] {logging_mixin.py:188} INFO - [2026-09-30T16:32:58.303+0000] {dag.py:3954} INFO - Setting next_dagrun for update_db to 2026-09-30 12:00:00+00:00, run_after=2026-10-01 12:00:00+00:00
[2026-09-30T16:32:58.331+0000] {processor.py:183} INFO - Processing /opt/airflow/dags/main.py took 0.367 seconds
[2026-09-30T16:33:28.665+0000] {processor.py:161} INFO - Started process (PID=3802) to work on /opt/airflow/dags/main.py
[2026-09-30T16:33:28.669+0000] {processor.py:830} INFO - Processing file /opt/airflow/dags/main.py for tasks to queue
[2026-09-30T16:33:28.675+0000] {logging_mixin.py:188} INFO - [2026-09-30T16:33:28.674+0000] {dagbag.py:545} INFO - Filling up the DagBag from /opt/airflow/dags/main.py
[2026-09-30T16:33:29.117+0000] {processor.py:840} INFO - DAG(s) 'data_quality_check', 'update_db', 'produce_json' retrieved from /opt/airflow/dags/main.py
[2026-09-30T16:33:29.162+0000] {logging_mixin.py:188} INFO - [2026-09-30T16:33:29.162+0000] {dag.py:3096} INFO - Sync 3 DAGs
[2026-09-30T16:33:29.190+0000] {logging_mixin.py:188} INFO - [2026-09-30T16:33:29.190+0000] {dag.py:3954} INFO - Setting next_dagrun for data_quality_check to 2026-09-30 12:00:00+00:00, run_after=2026-10-01 12:00:00+00:00
[2026-09-30T16:33:29.199+0000] {logging_mixin.py:188} INFO - [2026-09-30T16:33:29.199+0000] {dag.py:3954} INFO - Setting next_dagrun for produce_json to 2026-09-30 12:00:00+00:00, run_after=2026-10-01 12:00:00+00:00
[2026-09-30T16:33:29.203+0000] {logging_mixin.py:188} INFO - [2026-09-30T16:33:29.203+0000] {dag.py:3954} INFO - Setting next_dagrun for update_db to 2026-09-30 12:00:00+00:00, run_after=2026-10-01 12:00:00+00:00
[2026-09-30T16:33:29.235+0000] {processor.py:183} INFO - Processing /opt/airflow/dags/main.py took 0.579 seconds
[2026-09-30T16:33:59.552+0000] {processor.py:161} INFO - Started process (PID=3809) to work on /opt/airflow/dags/main.py
[2026-09-30T16:33:59.556+0000] {processor.py:830} INFO - Processing file /opt/airflow/dags/main.py for tasks to queue
[2026-09-30T16:33:59.561+0000] {logging_mixin.py:188} INFO - [2026-09-30T16:33:59.560+0000] {dagbag.py:545} INFO - Filling up the DagBag from /opt/airflow/dags/main.py
[2026-09-30T16:33:59.844+0000] {processor.py:840} INFO - DAG(s) 'data_quality_check', 'produce_json', 'update_db' retrieved from /opt/airflow/dags/main.py
[2026-09-30T16:33:59.874+0000] {logging_mixin.py:188} INFO - [2026-09-30T16:33:59.874+0000] {dag.py:3096} INFO - Sync 3 DAGs
[2026-09-30T16:33:59.896+0000] {logging_mixin.py:188} INFO - [2026-09-30T16:33:59.896+0000] {dag.py:3954} INFO - Setting next_dagrun for data_quality_check to 2026-09-30 12:00:00+00:00, run_after=2026-10-01 12:00:00+00:00
[2026-09-30T16:33:59.903+0000] {logging_mixin.py:188} INFO - [2026-09-30T16:33:59.903+0000] {dag.py:3954} INFO - Setting next_dagrun for produce_json to 2026-09-30 12:00:00+00:00, run_after=2026-10-01 12:00:00+00:00
[2026-09-30T16:33:59.907+0000] {logging_mixin.py:188} INFO - [2026-09-30T16:33:59.907+0000] {dag.py:3954} INFO - Setting next_dagrun for update_db to 2026-09-30 12:00:00+00:00, run_after=2026-10-01 12:00:00+00:00
[2026-09-30T16:33:59.929+0000] {processor.py:183} INFO - Processing /opt/airflow/dags/main.py took 0.383 seconds
[2026-09-30T16:34:30.262+0000] {processor.py:161} INFO - Started process (PID=3816) to work on /opt/airflow/dags/main.py
[2026-09-30T16:34:30.264+0000] {processor.py:830} INFO - Processing file /opt/airflow/dags/main.py for tasks to queue
[2026-09-30T16:34:30.268+0000] {logging_mixin.py:188} INFO - [2026-09-30T16:34:30.268+0000] {dagbag.py:545} INFO - Filling up the DagBag from /opt/airflow/dags/main.py
[2026-09-30T16:34:30.544+0000] {processor.py:840} INFO - DAG(s) 'produce_json', 'update_db', 'data_quality_check' retrieved from /opt/airflow/dags/main.py
[2026-09-30T16:34:30.576+0000] {logging_mixin.py:188} INFO - [2026-09-30T16:34:30.575+0000] {dag.py:3096} INFO - Sync 3 DAGs
[2026-09-30T16:34:30.600+0000] {logging_mixin.py:188} INFO - [2026-09-30T16:34:30.599+0000] {dag.py:3954} INFO - Setting next_dagrun for data_quality_check to 2026-09-30 12:00:00+00:00, run_after=2026-10-01 12:00:00+00:00
[2026-09-30T16:34:30.612+0000] {logging_mixin.py:188} INFO - [2026-09-30T16:34:30.612+0000] {dag.py:3954} INFO - Setting next_dagrun for produce_json to 2026-09-30 12:00:00+00:00, run_after=2026-10-01 12:00:00+00:00
[2026-09-30T16:34:30.617+0000] {logging_mixin.py:188} INFO - [2026-09-30T16:34:30.617+0000] {dag.py:3954} INFO - Setting next_dagrun for update_db to 2026-09-30 12:00:00+00:00, run_after=2026-10-01 12:00:00+00:00
[2026-09-30T16:34:30.643+0000] {processor.py:183} INFO - Processing /opt/airflow/dags/main.py took 0.387 seconds
[2026-09-30T16:35:00.990+0000] {processor.py:161} INFO - Started process (PID=3823) to work on /opt/airflow/dags/main.py
[2026-09-30T16:35:00.993+0000] {processor.py:830} INFO - Processing file /opt/airflow/dags/main.py for tasks to queue
[2026-09-30T16:35:00.998+0000] {logging_mixin.py:188} INFO - [2026-09-30T16:35:00.997+0000] {dagbag.py:545} INFO - Filling up the DagBag from /opt/airflow/dags/main.py
[2026-09-30T16:35:01.287+0000] {processor.py:840} INFO - DAG(s) 'data_quality_check', 'produce_json', 'update_db' retrieved from /opt/airflow/dags/main.py
[2026-09-30T16:35:01.316+0000] {logging_mixin.py:188} INFO - [2026-09-30T16:35:01.316+0000] {dag.py:3096} INFO - Sync 3 DAGs
[2026-09-30T16:35:01.336+0000] {logging_mixin.py:188} INFO - [2026-09-30T16:35:01.335+0000] {dag.py:3954} INFO - Setting next_dagrun for data_quality_check to 2026-09-30 12:00:00+00:00, run_after=2026-10-01 12:00:00+00:00
[2026-09-30T16:35:01.342+0000] {logging_mixin.py:188} INFO - [2026-09-30T16:35:01.342+0000] {dag.py:3954} INFO - Setting next_dagrun for produce_json to 2026-09-30 12:00:00+00:00, run_after=2026-10-01 12:00:00+00:00
[2026-09-30T16:35:01.346+0000] {logging_mixin.py:188} INFO - [2026-09-30T16:35:01.346+0000] {dag.py:3954} INFO - Setting next_dagrun for update_db to 2026-09-30 12:00:00+00:00, run_after=2026-10-01 12:00:00+00:00
[2026-09-30T16:35:01.367+0000] {processor.py:183} INFO - Processing /opt/airflow/dags/main.py took 0.384 seconds
[2026-09-30T16:35:31.744+0000] {processor.py:161} INFO - Started process (PID=3830) to work on /opt/airflow/dags/main.py
[2026-09-30T16:35:31.748+0000] {processor.py:830} INFO - Processing file /opt/airflow/dags/main.py for tasks to queue
[2026-09-30T16:35:31.753+0000] {logging_mixin.py:188} INFO - [2026-09-30T16:35:31.752+0000] {dagbag.py:545} INFO - Filling up the DagBag from /opt/airflow/dags/main.py
[2026-09-30T16:35:32.008+0000] {processor.py:840} INFO - DAG(s) 'update_db', 'data_quality_check', 'produce_json' retrieved from /opt/airflow/dags/main.py
[2026-09-30T16:35:32.034+0000] {logging_mixin.py:188} INFO - [2026-09-30T16:35:32.034+0000] {dag.py:3096} INFO - Sync 3 DAGs
[2026-09-30T16:35:32.053+0000] {logging_mixin.py:188} INFO - [2026-09-30T16:35:32.053+0000] {dag.py:3954} INFO - Setting next_dagrun for data_quality_check to 2026-09-30 12:00:00+00:00, run_after=2026-10-01 12:00:00+00:00
[2026-09-30T16:35:32.060+0000] {logging_mixin.py:188} INFO - [2026-09-30T16:35:32.059+0000] {dag.py:3954} INFO - Setting next_dagrun for produce_json to 2026-09-30 12:00:00+00:00, run_after=2026-10-01 12:00:00+00:00
[2026-09-30T16:35:32.063+0000] {logging_mixin.py:188} INFO - [2026-09-30T16:35:32.063+0000] {dag.py:3954} INFO - Setting next_dagrun for update_db to 2026-09-30 12:00:00+00:00, run_after=2026-10-01 12:00:00+00:00
[2026-09-30T16:35:32.084+0000] {processor.py:183} INFO - Processing /opt/airflow/dags/main.py took 0.353 seconds
[2026-09-30T16:36:02.418+0000] {processor.py:161} INFO - Started process (PID=3837) to work on /opt/airflow/dags/main.py
[2026-09-30T16:36:02.420+0000] {processor.py:830} INFO - Processing file /opt/airflow/dags/main.py for tasks to queue
[2026-09-30T16:36:02.424+0000] {logging_mixin.py:188} INFO - [2026-09-30T16:36:02.424+0000] {dagbag.py:545} INFO - Filling up the DagBag from /opt/airflow/dags/main.py
[2026-09-30T16:36:02.711+0000] {processor.py:840} INFO - DAG(s) 'produce_json', 'update_db', 'data_quality_check' retrieved from /opt/airflow/dags/main.py
[2026-09-30T16:36:02.738+0000] {logging_mixin.py:188} INFO - [2026-09-30T16:36:02.738+0000] {dag.py:3096} INFO - Sync 3 DAGs
[2026-09-30T16:36:02.759+0000] {logging_mixin.py:188} INFO - [2026-09-30T16:36:02.758+0000] {dag.py:3954} INFO - Setting next_dagrun for data_quality_check to 2026-09-30 12:00:00+00:00, run_after=2026-10-01 12:00:00+00:00
[2026-09-30T16:36:02.766+0000] {logging_mixin.py:188} INFO - [2026-09-30T16:36:02.766+0000] {dag.py:3954} INFO - Setting next_dagrun for produce_json to 2026-09-30 12:00:00+00:00, run_after=2026-10-01 12:00:00+00:00
[2026-09-30T16:36:02.770+0000] {logging_mixin.py:188} INFO - [2026-09-30T16:36:02.770+0000] {dag.py:3954} INFO - Setting next_dagrun for update_db to 2026-09-30 12:00:00+00:00, run_after=2026-10-01 12:00:00+00:00
[2026-09-30T16:36:02.793+0000] {processor.py:183} INFO - Processing /opt/airflow/dags/main.py took 0.381 seconds
[2026-09-30T16:36:33.143+0000] {processor.py:161} INFO - Started process (PID=3844) to work on /opt/airflow/dags/main.py
[2026-09-30T16:36:33.146+0000] {processor.py:830} INFO - Processing file /opt/airflow/dags/main.py for tasks to queue
[2026-09-30T16:36:33.150+0000] {logging_mixin.py:188} INFO - [2026-09-30T16:36:33.150+0000] {dagbag.py:545} INFO - Filling up the DagBag from /opt/airflow/dags/main.py
[2026-09-30T16:36:33.473+0000] {processor.py:840} INFO - DAG(s) 'data_quality_check', 'produce_json', 'update_db' retrieved from /opt/airflow/dags/main.py
[2026-09-30T16:36:33.509+0000] {logging_mixin.py:188} INFO - [2026-09-30T16:36:33.509+0000] {dag.py:3096} INFO - Sync 3 DAGs
[2026-09-30T16:36:33.533+0000] {logging_mixin.py:188} INFO - [2026-09-30T16:36:33.532+0000] {dag.py:3954} INFO - Setting next_dagrun for data_quality_check to 2026-09-30 12:00:00+00:00, run_after=2026-10-01 12:00:00+00:00
[2026-09-30T16:36:33.539+0000] {logging_mixin.py:188} INFO - [2026-09-30T16:36:33.539+0000] {dag.py:3954} INFO - Setting next_dagrun for produce_json to 2026-09-30 12:00:00+00:00, run_after=2026-10-01 12:00:00+00:00
[2026-09-30T16:36:33.543+0000] {logging_mixin.py:188} INFO - [2026-09-30T16:36:33.543+0000] {dag.py:3954} INFO - Setting next_dagrun for update_db to 2026-09-30 12:00:00+00:00, run_after=2026-10-01 12:00:00+00:00
[2026-09-30T16:36:33.567+0000] {processor.py:183} INFO - Processing /opt/airflow/dags/main.py took 0.430 seconds
[2026-09-30T16:37:03.925+0000] {processor.py:161} INFO - Started process (PID=3857) to work on /opt/airflow/dags/main.py
[2026-09-30T16:37:03.928+0000] {processor.py:830} INFO - Processing file /opt/airflow/dags/main.py for tasks to queue
[2026-09-30T16:37:03.932+0000] {logging_mixin.py:188} INFO - [2026-09-30T16:37:03.932+0000] {dagbag.py:545} INFO - Filling up the DagBag from /opt/airflow/dags/main.py
[2026-09-30T16:37:04.213+0000] {processor.py:840} INFO - DAG(s) 'update_db', 'data_quality_check', 'produce_json' retrieved from /opt/airflow/dags/main.py
[2026-09-30T16:37:04.253+0000] {logging_mixin.py:188} INFO - [2026-09-30T16:37:04.253+0000] {dag.py:3096} INFO - Sync 3 DAGs
[2026-09-30T16:37:04.274+0000] {logging_mixin.py:188} INFO - [2026-09-30T16:37:04.274+0000] {dag.py:3954} INFO - Setting next_dagrun for data_quality_check to 2026-09-30 12:00:00+00:00, run_after=2026-10-01 12:00:00+00:00
[2026-09-30T16:37:04.280+0000] {logging_mixin.py:188} INFO - [2026-09-30T16:37:04.280+0000] {dag.py:3954} INFO - Setting next_dagrun for produce_json to 2026-09-30 12:00:00+00:00, run_after=2026-10-01 12:00:00+00:00
[2026-09-30T16:37:04.284+0000] {logging_mixin.py:188} INFO - [2026-09-30T16:37:04.284+0000] {dag.py:3954} INFO - Setting next_dagrun for update_db to 2026-09-30 12:00:00+00:00, run_after=2026-10-01 12:00:00+00:00
[2026-09-30T16:37:04.304+0000] {processor.py:183} INFO - Processing /opt/airflow/dags/main.py took 0.387 seconds
[2026-09-30T16:37:34.620+0000] {processor.py:161} INFO - Started process (PID=3864) to work on /opt/airflow/dags/main.py
[2026-09-30T16:37:34.623+0000] {processor.py:830} INFO - Processing file /opt/airflow/dags/main.py for tasks to queue
[2026-09-30T16:37:34.626+0000] {logging_mixin.py:188} INFO - [2026-09-30T16:37:34.626+0000] {dagbag.py:545} INFO - Filling up the DagBag from /opt/airflow/dags/main.py
[2026-09-30T16:37:34.908+0000] {processor.py:840} INFO - DAG(s) 'update_db', 'produce_json', 'data_quality_check' retrieved from /opt/airflow/dags/main.py
[2026-09-30T16:37:34.940+0000] {logging_mixin.py:188} INFO - [2026-09-30T16:37:34.940+0000] {dag.py:3096} INFO - Sync 3 DAGs
[2026-09-30T16:37:34.967+0000] {logging_mixin.py:188} INFO - [2026-09-30T16:37:34.967+0000] {dag.py:3954} INFO - Setting next_dagrun for data_quality_check to 2026-09-30 12:00:00+00:00, run_after=2026-10-01 12:00:00+00:00
[2026-09-30T16:37:34.975+0000] {logging_mixin.py:188} INFO - [2026-09-30T16:37:34.975+0000] {dag.py:3954} INFO - Setting next_dagrun for produce_json to 2026-09-30 12:00:00+00:00, run_after=2026-10-01 12:00:00+00:00
[2026-09-30T16:37:34.979+0000] {logging_mixin.py:188} INFO - [2026-09-30T16:37:34.979+0000] {dag.py:3954} INFO - Setting next_dagrun for update_db to 2026-09-30 12:00:00+00:00, run_after=2026-10-01 12:00:00+00:00
[2026-09-30T16:37:35.020+0000] {processor.py:183} INFO - Processing /opt/airflow/dags/main.py took 0.406 seconds
[2026-09-30T16:38:05.436+0000] {processor.py:161} INFO - Started process (PID=3871) to work on /opt/airflow/dags/main.py
[2026-09-30T16:38:05.441+0000] {processor.py:830} INFO - Processing file /opt/airflow/dags/main.py for tasks to queue
[2026-09-30T16:38:05.448+0000] {logging_mixin.py:188} INFO - [2026-09-30T16:38:05.447+0000] {dagbag.py:545} INFO - Filling up the DagBag from /opt/airflow/dags/main.py
[2026-09-30T16:38:05.783+0000] {processor.py:840} INFO - DAG(s) 'produce_json', 'data_quality_check', 'update_db' retrieved from /opt/airflow/dags/main.py
[2026-09-30T16:38:05.829+0000] {logging_mixin.py:188} INFO - [2026-09-30T16:38:05.829+0000] {dag.py:3096} INFO - Sync 3 DAGs
[2026-09-30T16:38:05.865+0000] {logging_mixin.py:188} INFO - [2026-09-30T16:38:05.864+0000] {dag.py:3954} INFO - Setting next_dagrun for data_quality_check to 2026-09-30 12:00:00+00:00, run_after=2026-10-01 12:00:00+00:00
[2026-09-30T16:38:05.876+0000] {logging_mixin.py:188} INFO - [2026-09-30T16:38:05.876+0000] {dag.py:3954} INFO - Setting next_dagrun for produce_json to 2026-09-30 12:00:00+00:00, run_after=2026-10-01 12:00:00+00:00
[2026-09-30T16:38:05.880+0000] {logging_mixin.py:188} INFO - [2026-09-30T16:38:05.880+0000] {dag.py:3954} INFO - Setting next_dagrun for update_db to 2026-09-30 12:00:00+00:00, run_after=2026-10-01 12:00:00+00:00
[2026-09-30T16:38:05.915+0000] {processor.py:183} INFO - Processing /opt/airflow/dags/main.py took 0.494 seconds
[2026-09-30T16:38:36.268+0000] {processor.py:161} INFO - Started process (PID=3878) to work on /opt/airflow/dags/main.py
[2026-09-30T16:38:36.272+0000] {processor.py:830} INFO - Processing file /opt/airflow/dags/main.py for tasks to queue
[2026-09-30T16:38:36.278+0000] {logging_mixin.py:188} INFO - [2026-09-30T16:38:36.277+0000] {dagbag.py:545} INFO - Filling up the DagBag from /opt/airflow/dags/main.py
[2026-09-30T16:38:36.621+0000] {processor.py:840} INFO - DAG(s) 'data_quality_check', 'update_db', 'produce_json' retrieved from /opt/airflow/dags/main.py
[2026-09-30T16:38:36.672+0000] {logging_mixin.py:188} INFO - [2026-09-30T16:38:36.672+0000] {dag.py:3096} INFO - Sync 3 DAGs
[2026-09-30T16:38:36.713+0000] {logging_mixin.py:188} INFO - [2026-09-30T16:38:36.713+0000] {dag.py:3954} INFO - Setting next_dagrun for data_quality_check to 2026-09-30 12:00:00+00:00, run_after=2026-10-01 12:00:00+00:00
[2026-09-30T16:38:36.731+0000] {logging_mixin.py:188} INFO - [2026-09-30T16:38:36.731+0000] {dag.py:3954} INFO - Setting next_dagrun for produce_json to 2026-09-30 12:00:00+00:00, run_after=2026-10-01 12:00:00+00:00
[2026-09-30T16:38:36.736+0000] {logging_mixin.py:188} INFO - [2026-09-30T16:38:36.736+0000] {dag.py:3954} INFO - Setting next_dagrun for update_db to 2026-09-30 12:00:00+00:00, run_after=2026-10-01 12:00:00+00:00
[2026-09-30T16:38:36.778+0000] {processor.py:183} INFO - Processing /opt/airflow/dags/main.py took 0.519 seconds
