[2026-09-29T16:29:34.115+0000] {local_task_job_runner.py:120} INFO - ::group::Pre task execution logs
[2026-09-29T16:29:34.137+0000] {taskinstance.py:2076} INFO - Dependencies all met for dep_context=non-requeueable deps ti=<TaskInstance: update_db.core_tables manual__2026-09-29T16:29:22.749923+00:00 [queued]>
[2026-09-29T16:29:34.150+0000] {taskinstance.py:2076} INFO - Dependencies all met for dep_context=requeueable deps ti=<TaskInstance: update_db.core_tables manual__2026-09-29T16:29:22.749923+00:00 [queued]>
[2026-09-29T16:29:34.153+0000] {taskinstance.py:2306} INFO - Starting attempt 1 of 1
[2026-09-29T16:29:34.171+0000] {taskinstance.py:2330} INFO - Executing <Task(_PythonDecoratedOperator): core_tables> on 2026-09-29 16:29:22.749923+00:00
[2026-09-29T16:29:34.182+0000] {standard_task_runner.py:63} INFO - Started process 1961 to run task
[2026-09-29T16:29:34.185+0000] {standard_task_runner.py:90} INFO - Running: ['airflow', 'tasks', 'run', 'update_db', 'core_tables', 'manual__2026-09-29T16:29:22.749923+00:00', '--job-id', '68', '--raw', '--subdir', 'DAGS_FOLDER/main.py', '--cfg-path', '/tmp/tmph2mfl3sv']
[2026-09-29T16:29:34.187+0000] {standard_task_runner.py:91} INFO - Job 68: Subtask core_tables
[2026-09-29T16:29:34.232+0000] {task_command.py:426} INFO - Running <TaskInstance: update_db.core_tables manual__2026-09-29T16:29:22.749923+00:00 [running]> on host e4c27909d31b
[2026-09-29T16:29:34.294+0000] {taskinstance.py:2648} INFO - Exporting env vars: AIRFLOW_CTX_DAG_EMAIL='data@engineer.com' AIRFLOW_CTX_DAG_OWNER='data engineer' AIRFLOW_CTX_DAG_ID='update_db' AIRFLOW_CTX_TASK_ID='core_tables' AIRFLOW_CTX_EXECUTION_DATE='2026-09-29T16:29:22.749923+00:00' AIRFLOW_CTX_TRY_NUMBER='1' AIRFLOW_CTX_DAG_RUN_ID='manual__2026-09-29T16:29:22.749923+00:00'
[2026-09-29T16:29:34.297+0000] {taskinstance.py:430} INFO - ::endgroup::
[2026-09-29T16:29:34.304+0000] {base.py:84} INFO - Using connection ID 'postgres_db_yt_elt' for task execution.
[2026-09-29T16:29:34.320+0000] {data_modification.py:56} INFO - Updated row with Video_ID: LiH-P4rSkLI
[2026-09-29T16:29:34.323+0000] {data_modification.py:56} INFO - Updated row with Video_ID: Af6i6ChAVTw
[2026-09-29T16:29:34.325+0000] {data_modification.py:56} INFO - Updated row with Video_ID: NMR32p4kwAQ
[2026-09-29T16:29:34.328+0000] {data_modification.py:56} INFO - Updated row with Video_ID: f7y2XikE7sY
[2026-09-29T16:29:34.330+0000] {data_modification.py:56} INFO - Updated row with Video_ID: Df5Y-2ndQyU
[2026-09-29T16:29:34.332+0000] {data_modification.py:56} INFO - Updated row with Video_ID: egvLKQe6I4I
[2026-09-29T16:29:34.335+0000] {data_modification.py:56} INFO - Updated row with Video_ID: LgbyEFILLJI
[2026-09-29T16:29:34.337+0000] {data_modification.py:56} INFO - Updated row with Video_ID: iYlODtkyw_I
[2026-09-29T16:29:34.339+0000] {data_modification.py:56} INFO - Updated row with Video_ID: YA_kX8hu1gg
[2026-09-29T16:29:34.342+0000] {data_modification.py:56} INFO - Updated row with Video_ID: XCGVurja73c
[2026-09-29T16:29:34.344+0000] {data_modification.py:56} INFO - Updated row with Video_ID: GpQSUjNsNm0
[2026-09-29T16:29:34.346+0000] {data_modification.py:56} INFO - Updated row with Video_ID: y1UVAtHALaA
[2026-09-29T16:29:34.349+0000] {data_modification.py:56} INFO - Updated row with Video_ID: hYahU_Cqwp8
[2026-09-29T16:29:34.351+0000] {data_modification.py:56} INFO - Updated row with Video_ID: SllXaJiQjBA
[2026-09-29T16:29:34.353+0000] {data_modification.py:56} INFO - Updated row with Video_ID: dqpCvSU-ECE
[2026-09-29T16:29:34.355+0000] {data_modification.py:56} INFO - Updated row with Video_ID: AaMdXZMvT3w
[2026-09-29T16:29:34.357+0000] {data_modification.py:56} INFO - Updated row with Video_ID: QAkEMtJpq3c
[2026-09-29T16:29:34.360+0000] {data_modification.py:56} INFO - Updated row with Video_ID: hCuqh2NU2Yg
[2026-09-29T16:29:34.362+0000] {data_modification.py:56} INFO - Updated row with Video_ID: B9LizOAAoLg
[2026-09-29T16:29:34.364+0000] {data_modification.py:56} INFO - Updated row with Video_ID: rqsRdfdN4uI
[2026-09-29T16:29:34.366+0000] {data_modification.py:56} INFO - Updated row with Video_ID: feu5PQvoCiA
[2026-09-29T16:29:34.369+0000] {data_modification.py:56} INFO - Updated row with Video_ID: EdT5Z16Y5WE
[2026-09-29T16:29:34.371+0000] {data_modification.py:56} INFO - Updated row with Video_ID: ScjQAcbA9e4
[2026-09-29T16:29:34.373+0000] {data_modification.py:56} INFO - Updated row with Video_ID: hRBpDdWbUpI
[2026-09-29T16:29:34.375+0000] {data_modification.py:56} INFO - Updated row with Video_ID: pzxtGL9kzPs
[2026-09-29T16:29:34.379+0000] {data_modification.py:56} INFO - Updated row with Video_ID: yy-Nt0dRhNI
[2026-09-29T16:29:34.381+0000] {data_modification.py:56} INFO - Updated row with Video_ID: DXVHmGoCTco
[2026-09-29T16:29:34.384+0000] {data_modification.py:56} INFO - Updated row with Video_ID: _JUlWtSCNbs
[2026-09-29T16:29:34.386+0000] {data_modification.py:56} INFO - Updated row with Video_ID: AKC50SZQFN8
[2026-09-29T16:29:34.389+0000] {data_modification.py:56} INFO - Updated row with Video_ID: 897gvApD6V4
[2026-09-29T16:29:34.392+0000] {data_modification.py:56} INFO - Updated row with Video_ID: Z9NxQdQ8Rpg
[2026-09-29T16:29:34.394+0000] {data_modification.py:56} INFO - Updated row with Video_ID: JFtlf8RoPZY
[2026-09-29T16:29:34.396+0000] {data_modification.py:56} INFO - Updated row with Video_ID: jCE1Ol3PYDs
[2026-09-29T16:29:34.399+0000] {data_modification.py:56} INFO - Updated row with Video_ID: IqL-ZunFfpk
[2026-09-29T16:29:34.401+0000] {data_modification.py:56} INFO - Updated row with Video_ID: purAsH7pXTQ
[2026-09-29T16:29:34.403+0000] {data_modification.py:56} INFO - Updated row with Video_ID: IEuDUhGIJ5c
[2026-09-29T16:29:34.406+0000] {data_modification.py:56} INFO - Updated row with Video_ID: AoN1K4c7VKE
[2026-09-29T16:29:34.408+0000] {data_modification.py:56} INFO - Updated row with Video_ID: IcuJ3vO_t3k
[2026-09-29T16:29:34.410+0000] {data_modification.py:56} INFO - Updated row with Video_ID: c9VS_cgInT4
[2026-09-29T16:29:34.413+0000] {data_modification.py:56} INFO - Updated row with Video_ID: KaUuPNYHFNg
[2026-09-29T16:29:34.415+0000] {data_modification.py:56} INFO - Updated row with Video_ID: 5OLs1GWB4OA
[2026-09-29T16:29:34.417+0000] {data_modification.py:56} INFO - Updated row with Video_ID: hjkbqeWQAM8
[2026-09-29T16:29:34.420+0000] {data_modification.py:56} INFO - Updated row with Video_ID: XbaZ45LVzzM
[2026-09-29T16:29:34.422+0000] {data_modification.py:56} INFO - Updated row with Video_ID: gar4U3n-ILY
[2026-09-29T16:29:34.425+0000] {data_modification.py:56} INFO - Updated row with Video_ID: 9WEQts7b8Pw
[2026-09-29T16:29:34.427+0000] {data_modification.py:56} INFO - Updated row with Video_ID: toIeUtplfWQ
[2026-09-29T16:29:34.429+0000] {data_modification.py:56} INFO - Updated row with Video_ID: _sBRk9ADpK8
[2026-09-29T16:29:34.432+0000] {data_modification.py:56} INFO - Updated row with Video_ID: kNLr-cduzuo
[2026-09-29T16:29:34.434+0000] {data_modification.py:56} INFO - Updated row with Video_ID: pAnGwRiQ4-4
[2026-09-29T16:29:34.437+0000] {data_modification.py:56} INFO - Updated row with Video_ID: wSh8fAFWEWs
[2026-09-29T16:29:34.440+0000] {data_modification.py:56} INFO - Updated row with Video_ID: 3GNyw4uaAqU
[2026-09-29T16:29:34.443+0000] {data_modification.py:56} INFO - Updated row with Video_ID: ywIcdSNJolo
[2026-09-29T16:29:34.446+0000] {data_modification.py:56} INFO - Updated row with Video_ID: mktYW177p6U
[2026-09-29T16:29:34.448+0000] {data_modification.py:56} INFO - Updated row with Video_ID: 7aE4EhHXzlA
[2026-09-29T16:29:34.451+0000] {data_modification.py:56} INFO - Updated row with Video_ID: IJkB-oapuks
[2026-09-29T16:29:34.454+0000] {data_modification.py:56} INFO - Updated row with Video_ID: ZFoNBxpXen4
[2026-09-29T16:29:34.456+0000] {data_modification.py:56} INFO - Updated row with Video_ID: RB71Z-vVvCc
[2026-09-29T16:29:34.459+0000] {data_modification.py:56} INFO - Updated row with Video_ID: fO5FwBcCJBY
[2026-09-29T16:29:34.462+0000] {data_modification.py:56} INFO - Updated row with Video_ID: T_SMf9j50uc
[2026-09-29T16:29:34.465+0000] {data_modification.py:56} INFO - Updated row with Video_ID: gTKS8SAwUzE
[2026-09-29T16:29:34.467+0000] {data_modification.py:56} INFO - Updated row with Video_ID: 5mU6SRS2Bxo
[2026-09-29T16:29:34.469+0000] {data_modification.py:56} INFO - Updated row with Video_ID: Qtl8lJwbd4g
[2026-09-29T16:29:34.472+0000] {data_modification.py:56} INFO - Updated row with Video_ID: zRtGL0-5rg4
[2026-09-29T16:29:34.474+0000] {data_modification.py:56} INFO - Updated row with Video_ID: mFWpUx3FiyU
[2026-09-29T16:29:34.477+0000] {data_modification.py:56} INFO - Updated row with Video_ID: 6W_841xoprg
[2026-09-29T16:29:34.479+0000] {data_modification.py:56} INFO - Updated row with Video_ID: VIJLIo5yT1I
[2026-09-29T16:29:34.481+0000] {data_modification.py:56} INFO - Updated row with Video_ID: uNu6XEPTy5g
[2026-09-29T16:29:34.484+0000] {data_modification.py:56} INFO - Updated row with Video_ID: AWBsoArakNY
[2026-09-29T16:29:34.486+0000] {data_modification.py:56} INFO - Updated row with Video_ID: Ah_uuTwGOYU
[2026-09-29T16:29:34.489+0000] {data_modification.py:56} INFO - Updated row with Video_ID: HISfrcjiNPM
[2026-09-29T16:29:34.491+0000] {data_modification.py:56} INFO - Updated row with Video_ID: WROMyJAJmp4
[2026-09-29T16:29:34.493+0000] {data_modification.py:56} INFO - Updated row with Video_ID: tAwzBYE18Us
[2026-09-29T16:29:34.495+0000] {data_modification.py:56} INFO - Updated row with Video_ID: LyFMbY-c_Lc
[2026-09-29T16:29:34.498+0000] {data_modification.py:56} INFO - Updated row with Video_ID: 3RmOvxilbPM
[2026-09-29T16:29:34.500+0000] {data_modification.py:56} INFO - Updated row with Video_ID: R7MkZL5i3FQ
[2026-09-29T16:29:34.502+0000] {data_modification.py:56} INFO - Updated row with Video_ID: yWEUL3crU_E
[2026-09-29T16:29:34.505+0000] {data_modification.py:56} INFO - Updated row with Video_ID: JgJrQnDIRgg
[2026-09-29T16:29:34.507+0000] {data_modification.py:56} INFO - Updated row with Video_ID: gtkqnhN0VkU
[2026-09-29T16:29:34.510+0000] {data_modification.py:56} INFO - Updated row with Video_ID: oBXSvS2QKxU
[2026-09-29T16:29:34.512+0000] {data_modification.py:56} INFO - Updated row with Video_ID: UTdcX1e0cMA
[2026-09-29T16:29:34.514+0000] {data_modification.py:56} INFO - Updated row with Video_ID: oiZvK6MY7tI
[2026-09-29T16:29:34.517+0000] {data_modification.py:56} INFO - Updated row with Video_ID: F0OkwXKcPSE
[2026-09-29T16:29:34.519+0000] {data_modification.py:56} INFO - Updated row with Video_ID: 686PL7rt654
[2026-09-29T16:29:34.522+0000] {data_modification.py:56} INFO - Updated row with Video_ID: NfhuGUyWYfQ
[2026-09-29T16:29:34.524+0000] {data_modification.py:56} INFO - Updated row with Video_ID: wIpWCJKfRXs
[2026-09-29T16:29:34.526+0000] {data_modification.py:56} INFO - Updated row with Video_ID: 9Xeepzg1B8I
[2026-09-29T16:29:34.529+0000] {data_modification.py:56} INFO - Updated row with Video_ID: 50G0kIty7Cg
[2026-09-29T16:29:34.531+0000] {data_modification.py:56} INFO - Updated row with Video_ID: 4l97aNza_Zc
[2026-09-29T16:29:34.534+0000] {data_modification.py:56} INFO - Updated row with Video_ID: 3ih2bPKSWsQ
[2026-09-29T16:29:34.537+0000] {data_modification.py:56} INFO - Updated row with Video_ID: uA9Zcg3vHvo
[2026-09-29T16:29:34.539+0000] {data_modification.py:56} INFO - Updated row with Video_ID: _AbFXuGDRTs
[2026-09-29T16:29:34.542+0000] {data_modification.py:56} INFO - Updated row with Video_ID: MOGW3v3pJ5Y
[2026-09-29T16:29:34.545+0000] {data_modification.py:56} INFO - Updated row with Video_ID: XNtTO_339kU
[2026-09-29T16:29:34.549+0000] {data_modification.py:56} INFO - Updated row with Video_ID: rB9NynBZ4go
[2026-09-29T16:29:34.551+0000] {data_modification.py:56} INFO - Updated row with Video_ID: TDv56whosPQ
[2026-09-29T16:29:34.554+0000] {data_modification.py:56} INFO - Updated row with Video_ID: R_BmT1OJw98
[2026-09-29T16:29:34.557+0000] {data_modification.py:56} INFO - Updated row with Video_ID: vpRW4JhzfSE
[2026-09-29T16:29:34.560+0000] {data_modification.py:56} INFO - Updated row with Video_ID: qXW93Cois2s
[2026-09-29T16:29:34.563+0000] {data_modification.py:56} INFO - Updated row with Video_ID: r7f0L48dHpc
[2026-09-29T16:29:34.566+0000] {data_modification.py:56} INFO - Updated row with Video_ID: Z4hVGCWH1Kc
[2026-09-29T16:29:34.568+0000] {data_modification.py:56} INFO - Updated row with Video_ID: zxuICI0kL3s
[2026-09-29T16:29:34.570+0000] {data_modification.py:56} INFO - Updated row with Video_ID: R1SFXJo-FlE
[2026-09-29T16:29:34.573+0000] {data_modification.py:56} INFO - Updated row with Video_ID: pzBi1nwDn8U
[2026-09-29T16:29:34.575+0000] {data_modification.py:56} INFO - Updated row with Video_ID: R7oW0LwS_e4
[2026-09-29T16:29:34.577+0000] {data_modification.py:56} INFO - Updated row with Video_ID: BfKI_TQnQvo
[2026-09-29T16:29:34.579+0000] {data_modification.py:56} INFO - Updated row with Video_ID: FWAdfuPpLOc
[2026-09-29T16:29:34.582+0000] {data_modification.py:56} INFO - Updated row with Video_ID: NjlP2_l1Wr0
[2026-09-29T16:29:34.584+0000] {data_modification.py:56} INFO - Updated row with Video_ID: gGcaGdHlt60
[2026-09-29T16:29:34.587+0000] {data_modification.py:56} INFO - Updated row with Video_ID: pe_ejTiIcSs
[2026-09-29T16:29:34.589+0000] {data_modification.py:56} INFO - Updated row with Video_ID: V6In4tmd-w8
[2026-09-29T16:29:34.591+0000] {data_modification.py:56} INFO - Updated row with Video_ID: hTSaweR8qMI
[2026-09-29T16:29:34.594+0000] {data_modification.py:56} INFO - Updated row with Video_ID: KCRLP-zBacU
[2026-09-29T16:29:34.597+0000] {data_modification.py:56} INFO - Updated row with Video_ID: c2ukL_zjFCk
[2026-09-29T16:29:34.600+0000] {data_modification.py:56} INFO - Updated row with Video_ID: DZIASl9q90s
[2026-09-29T16:29:34.602+0000] {data_modification.py:56} INFO - Updated row with Video_ID: 7qY-qalCI2Y
[2026-09-29T16:29:34.604+0000] {data_modification.py:56} INFO - Updated row with Video_ID: N0pwLtonPdg
[2026-09-29T16:29:34.607+0000] {data_modification.py:56} INFO - Updated row with Video_ID: -4GmbBoYQjE
[2026-09-29T16:29:34.609+0000] {data_modification.py:56} INFO - Updated row with Video_ID: 0yPgljFcTR4
[2026-09-29T16:29:34.611+0000] {data_modification.py:56} INFO - Updated row with Video_ID: TN1wErFGTzM
[2026-09-29T16:29:34.613+0000] {data_modification.py:56} INFO - Updated row with Video_ID: 3dxksf0CzS8
[2026-09-29T16:29:34.615+0000] {data_modification.py:56} INFO - Updated row with Video_ID: x7yv72s8h0o
[2026-09-29T16:29:34.618+0000] {data_modification.py:56} INFO - Updated row with Video_ID: uyiG6uw-6pA
[2026-09-29T16:29:34.620+0000] {data_modification.py:56} INFO - Updated row with Video_ID: M1STzb7k9L8
[2026-09-29T16:29:34.622+0000] {data_modification.py:56} INFO - Updated row with Video_ID: 7K-yxGWYsnk
[2026-09-29T16:29:34.624+0000] {data_modification.py:56} INFO - Updated row with Video_ID: Tbn4cYCaZCk
[2026-09-29T16:29:34.626+0000] {data_modification.py:56} INFO - Updated row with Video_ID: figrl0aOULs
[2026-09-29T16:29:34.628+0000] {data_modification.py:56} INFO - Updated row with Video_ID: Uxc84UUrVHk
[2026-09-29T16:29:34.630+0000] {data_modification.py:56} INFO - Updated row with Video_ID: BzKaMelDzqo
[2026-09-29T16:29:34.632+0000] {data_modification.py:56} INFO - Updated row with Video_ID: 4yx9ZJDfyKk
[2026-09-29T16:29:34.635+0000] {data_modification.py:56} INFO - Updated row with Video_ID: kPa_S6jN9ls
[2026-09-29T16:29:34.638+0000] {data_modification.py:56} INFO - Updated row with Video_ID: 69g-YcbmgQA
[2026-09-29T16:29:34.641+0000] {data_modification.py:56} INFO - Updated row with Video_ID: 8bMh8azh3CY
[2026-09-29T16:29:34.643+0000] {data_modification.py:56} INFO - Updated row with Video_ID: SE9xF1l3ZwE
[2026-09-29T16:29:34.645+0000] {data_modification.py:56} INFO - Updated row with Video_ID: rF00lQ_upzg
[2026-09-29T16:29:34.648+0000] {data_modification.py:56} INFO - Updated row with Video_ID: uZY9xr-QAk0
[2026-09-29T16:29:34.650+0000] {data_modification.py:56} INFO - Updated row with Video_ID: lQz5aqjZ3lQ
[2026-09-29T16:29:34.653+0000] {data_modification.py:56} INFO - Updated row with Video_ID: EiFcNbXBqeo
[2026-09-29T16:29:34.655+0000] {data_modification.py:56} INFO - Updated row with Video_ID: PXevNM0awlI
[2026-09-29T16:29:34.657+0000] {data_modification.py:56} INFO - Updated row with Video_ID: PuQ5UxKUY48
[2026-09-29T16:29:34.660+0000] {data_modification.py:56} INFO - Updated row with Video_ID: L5ihmu87xTE
[2026-09-29T16:29:34.662+0000] {data_modification.py:56} INFO - Updated row with Video_ID: nAiKLoCP-kU
[2026-09-29T16:29:34.665+0000] {data_modification.py:56} INFO - Updated row with Video_ID: NDsO1LT_0lw
[2026-09-29T16:29:34.667+0000] {data_modification.py:56} INFO - Updated row with Video_ID: sF5LYGgKbUA
[2026-09-29T16:29:34.669+0000] {data_modification.py:56} INFO - Updated row with Video_ID: MFpWEKN9c6Y
[2026-09-29T16:29:34.672+0000] {data_modification.py:56} INFO - Updated row with Video_ID: TRxMLLuWIhw
[2026-09-29T16:29:34.674+0000] {data_modification.py:56} INFO - Updated row with Video_ID: SM66GDRyIVY
[2026-09-29T16:29:34.677+0000] {data_modification.py:56} INFO - Updated row with Video_ID: EvqtfK_RaRg
[2026-09-29T16:29:34.679+0000] {data_modification.py:56} INFO - Updated row with Video_ID: 3cWm9B_0_kI
[2026-09-29T16:29:34.681+0000] {data_modification.py:56} INFO - Updated row with Video_ID: qtWqHIx8Z-o
[2026-09-29T16:29:34.684+0000] {data_modification.py:56} INFO - Updated row with Video_ID: gs8qfL9PNac
[2026-09-29T16:29:34.686+0000] {data_modification.py:56} INFO - Updated row with Video_ID: DBPYB8WkkDc
[2026-09-29T16:29:34.689+0000] {data_modification.py:56} INFO - Updated row with Video_ID: zvBXpoBegwE
[2026-09-29T16:29:34.691+0000] {data_modification.py:56} INFO - Updated row with Video_ID: SWc8fI_9iqA
[2026-09-29T16:29:34.693+0000] {data_modification.py:56} INFO - Updated row with Video_ID: 0BjlBnfHcHM
[2026-09-29T16:29:34.695+0000] {data_modification.py:56} INFO - Updated row with Video_ID: HcL1EQ5qD_g
[2026-09-29T16:29:34.698+0000] {data_modification.py:56} INFO - Updated row with Video_ID: vXNtju4VFm4
[2026-09-29T16:29:34.700+0000] {data_modification.py:56} INFO - Updated row with Video_ID: I9mw5UlDyPI
[2026-09-29T16:29:34.703+0000] {data_modification.py:56} INFO - Updated row with Video_ID: pS-fFdvyHLE
[2026-09-29T16:29:34.705+0000] {data_modification.py:56} INFO - Updated row with Video_ID: Xj0Jtjg3lHQ
[2026-09-29T16:29:34.707+0000] {data_modification.py:56} INFO - Updated row with Video_ID: 9UtcHPCEBgg
[2026-09-29T16:29:34.710+0000] {data_modification.py:56} INFO - Updated row with Video_ID: ZNt_GoOBHq8
[2026-09-29T16:29:34.712+0000] {data_modification.py:56} INFO - Updated row with Video_ID: dDVFnfCwjHA
[2026-09-29T16:29:34.714+0000] {data_modification.py:56} INFO - Updated row with Video_ID: Kt2HvqRruHQ
[2026-09-29T16:29:34.716+0000] {data_modification.py:56} INFO - Updated row with Video_ID: vDrSCXFMAKk
[2026-09-29T16:29:34.718+0000] {data_modification.py:56} INFO - Updated row with Video_ID: snX5YyflrGw
[2026-09-29T16:29:34.721+0000] {data_modification.py:56} INFO - Updated row with Video_ID: nbzQdlWrcnk
[2026-09-29T16:29:34.722+0000] {data_modification.py:56} INFO - Updated row with Video_ID: 8krJy31Diow
[2026-09-29T16:29:34.724+0000] {data_modification.py:56} INFO - Updated row with Video_ID: ndAQfTzlVjc
[2026-09-29T16:29:34.726+0000] {data_modification.py:56} INFO - Updated row with Video_ID: AydS-vA3qa4
[2026-09-29T16:29:34.728+0000] {data_modification.py:56} INFO - Updated row with Video_ID: UPrkC1LdlLY
[2026-09-29T16:29:34.731+0000] {data_modification.py:56} INFO - Updated row with Video_ID: 8bTQMDM4qvY
[2026-09-29T16:29:34.733+0000] {data_modification.py:56} INFO - Updated row with Video_ID: DBw0oD38z0Q
[2026-09-29T16:29:34.735+0000] {data_modification.py:56} INFO - Updated row with Video_ID: 4SNThp0YiU4
[2026-09-29T16:29:34.738+0000] {data_modification.py:56} INFO - Updated row with Video_ID: XhuisK0bTSA
[2026-09-29T16:29:34.740+0000] {data_modification.py:56} INFO - Updated row with Video_ID: lkCRPp7cnP8
[2026-09-29T16:29:34.742+0000] {data_modification.py:56} INFO - Updated row with Video_ID: KkCXLABwHP0
[2026-09-29T16:29:34.744+0000] {data_modification.py:56} INFO - Updated row with Video_ID: PWirijQkH4M
[2026-09-29T16:29:34.747+0000] {data_modification.py:56} INFO - Updated row with Video_ID: T8I165Qxeo8
[2026-09-29T16:29:34.749+0000] {data_modification.py:56} INFO - Updated row with Video_ID: i-9V21MqlhY
[2026-09-29T16:29:34.752+0000] {data_modification.py:56} INFO - Updated row with Video_ID: YyNz4--6fro
[2026-09-29T16:29:34.754+0000] {data_modification.py:56} INFO - Updated row with Video_ID: f0cXJ6mJxGc
[2026-09-29T16:29:34.756+0000] {data_modification.py:56} INFO - Updated row with Video_ID: F6PqxbvOCUI
[2026-09-29T16:29:34.758+0000] {data_modification.py:56} INFO - Updated row with Video_ID: oA4LSZvX4iE
[2026-09-29T16:29:34.761+0000] {data_modification.py:56} INFO - Updated row with Video_ID: ZKxnjszkZto
[2026-09-29T16:29:34.763+0000] {data_modification.py:56} INFO - Updated row with Video_ID: 8_gdcaX9Xqk
[2026-09-29T16:29:34.765+0000] {data_modification.py:56} INFO - Updated row with Video_ID: snUyLbGx6U4
[2026-09-29T16:29:34.767+0000] {data_modification.py:56} INFO - Updated row with Video_ID: Pv0iVoSZzN8
[2026-09-29T16:29:34.769+0000] {data_modification.py:56} INFO - Updated row with Video_ID: CWbV3NItSdY
[2026-09-29T16:29:34.772+0000] {data_modification.py:56} INFO - Updated row with Video_ID: l-nMKJ5J3Uc
[2026-09-29T16:29:34.774+0000] {data_modification.py:56} INFO - Updated row with Video_ID: XE1Qyss8GIY
[2026-09-29T16:29:34.776+0000] {data_modification.py:56} INFO - Updated row with Video_ID: 6GzHPS0rEgc
[2026-09-29T16:29:34.778+0000] {data_modification.py:56} INFO - Updated row with Video_ID: imhY0pe-Sd8
[2026-09-29T16:29:34.780+0000] {data_modification.py:56} INFO - Updated row with Video_ID: erLbbextvlY
[2026-09-29T16:29:34.783+0000] {data_modification.py:56} INFO - Updated row with Video_ID: OnTTThIzuNU
[2026-09-29T16:29:34.785+0000] {data_modification.py:56} INFO - Updated row with Video_ID: mKdjycj-7eE
[2026-09-29T16:29:34.787+0000] {data_modification.py:56} INFO - Updated row with Video_ID: tWYsfOSY9vY
[2026-09-29T16:29:34.790+0000] {data_modification.py:56} INFO - Updated row with Video_ID: sH48lKbayNU
[2026-09-29T16:29:34.792+0000] {data_modification.py:56} INFO - Updated row with Video_ID: AFXoSFNMwIA
[2026-09-29T16:29:34.795+0000] {data_modification.py:56} INFO - Updated row with Video_ID: k194wHZHjB0
[2026-09-29T16:29:34.797+0000] {data_modification.py:56} INFO - Updated row with Video_ID: TNtpUQbW4mg
[2026-09-29T16:29:34.800+0000] {data_modification.py:56} INFO - Updated row with Video_ID: TgCm8oDmxOk
[2026-09-29T16:29:34.802+0000] {data_modification.py:56} INFO - Updated row with Video_ID: 954wJ3uHVAk
[2026-09-29T16:29:34.805+0000] {data_modification.py:56} INFO - Updated row with Video_ID: zajUgQLviwk
[2026-09-29T16:29:34.807+0000] {data_modification.py:56} INFO - Updated row with Video_ID: QtD-CeUdRUQ
[2026-09-29T16:29:34.809+0000] {data_modification.py:56} INFO - Updated row with Video_ID: ZVt9ZJfWV1c
[2026-09-29T16:29:34.812+0000] {data_modification.py:56} INFO - Updated row with Video_ID: rWBOITBjitE
[2026-09-29T16:29:34.814+0000] {data_modification.py:56} INFO - Updated row with Video_ID: Wdjh81uH6FU
[2026-09-29T16:29:34.816+0000] {data_modification.py:56} INFO - Updated row with Video_ID: 7dYTw-jAYkY
[2026-09-29T16:29:34.819+0000] {data_modification.py:56} INFO - Updated row with Video_ID: AjZDwxt7S8w
[2026-09-29T16:29:34.821+0000] {data_modification.py:56} INFO - Updated row with Video_ID: aZnqqXaT02g
[2026-09-29T16:29:34.823+0000] {data_modification.py:56} INFO - Updated row with Video_ID: mwKJfNYwvm8
[2026-09-29T16:29:34.825+0000] {data_modification.py:56} INFO - Updated row with Video_ID: l9_8_pDTmis
[2026-09-29T16:29:34.827+0000] {data_modification.py:56} INFO - Updated row with Video_ID: n7x4Jj9pdH8
[2026-09-29T16:29:34.829+0000] {data_modification.py:56} INFO - Updated row with Video_ID: QjvpjXdgugA
[2026-09-29T16:29:34.832+0000] {data_modification.py:56} INFO - Updated row with Video_ID: 3ryID_SwU5E
[2026-09-29T16:29:34.834+0000] {data_modification.py:56} INFO - Updated row with Video_ID: IemzxkkzI5s
[2026-09-29T16:29:34.836+0000] {data_modification.py:56} INFO - Updated row with Video_ID: 3OFj6l2tQ9s
[2026-09-29T16:29:34.838+0000] {data_modification.py:56} INFO - Updated row with Video_ID: bvlFjrcpD6s
[2026-09-29T16:29:34.841+0000] {data_modification.py:56} INFO - Updated row with Video_ID: AZlBZuS4hr0
[2026-09-29T16:29:34.843+0000] {data_modification.py:56} INFO - Updated row with Video_ID: Gx6VeIIbWwM
[2026-09-29T16:29:34.845+0000] {data_modification.py:56} INFO - Updated row with Video_ID: CAOY8EKH1qU
[2026-09-29T16:29:34.848+0000] {data_modification.py:56} INFO - Updated row with Video_ID: IQxea9UB1nQ
[2026-09-29T16:29:34.850+0000] {data_modification.py:56} INFO - Updated row with Video_ID: KrLj6nc516A
[2026-09-29T16:29:34.852+0000] {data_modification.py:56} INFO - Updated row with Video_ID: zgLhCT7aFCA
[2026-09-29T16:29:34.855+0000] {data_modification.py:56} INFO - Updated row with Video_ID: SGzWIoLAzmY
[2026-09-29T16:29:34.857+0000] {data_modification.py:56} INFO - Updated row with Video_ID: NnNZLCl78Ao
[2026-09-29T16:29:34.859+0000] {data_modification.py:56} INFO - Updated row with Video_ID: NTZhwAldqwg
[2026-09-29T16:29:34.862+0000] {data_modification.py:56} INFO - Updated row with Video_ID: J_z-W4UVHkw
[2026-09-29T16:29:34.864+0000] {data_modification.py:56} INFO - Updated row with Video_ID: mKIhHNznt4s
[2026-09-29T16:29:34.866+0000] {data_modification.py:56} INFO - Updated row with Video_ID: jObOjhUkf50
[2026-09-29T16:29:34.868+0000] {data_modification.py:56} INFO - Updated row with Video_ID: O3YVBJ2n5xg
[2026-09-29T16:29:34.870+0000] {data_modification.py:56} INFO - Updated row with Video_ID: yhB3BgJyGl8
[2026-09-29T16:29:34.872+0000] {data_modification.py:56} INFO - Updated row with Video_ID: CP82DAKzL1U
[2026-09-29T16:29:34.874+0000] {data_modification.py:56} INFO - Updated row with Video_ID: fuhE6PYnRMc
[2026-09-29T16:29:34.877+0000] {data_modification.py:56} INFO - Updated row with Video_ID: stUofW3whpE
[2026-09-29T16:29:34.879+0000] {data_modification.py:56} INFO - Updated row with Video_ID: 48h57PspBec
[2026-09-29T16:29:34.882+0000] {data_modification.py:56} INFO - Updated row with Video_ID: ooAwCOP67GQ
[2026-09-29T16:29:34.884+0000] {data_modification.py:56} INFO - Updated row with Video_ID: FM7Z-Xq8Drc
[2026-09-29T16:29:34.887+0000] {data_modification.py:56} INFO - Updated row with Video_ID: ykRq_rp7NhM
[2026-09-29T16:29:34.889+0000] {data_modification.py:56} INFO - Updated row with Video_ID: WTOm65IZneg
[2026-09-29T16:29:34.892+0000] {data_modification.py:56} INFO - Updated row with Video_ID: 8kggT2ej-lo
[2026-09-29T16:29:34.894+0000] {data_modification.py:56} INFO - Updated row with Video_ID: GGBy50KtvRk
[2026-09-29T16:29:34.897+0000] {data_modification.py:56} INFO - Updated row with Video_ID: Y4-gFIfGXiQ
[2026-09-29T16:29:34.899+0000] {data_modification.py:56} INFO - Updated row with Video_ID: 1WEAJ-DFkHE
[2026-09-29T16:29:34.902+0000] {data_modification.py:56} INFO - Updated row with Video_ID: Y0cBiGUuB1Y
[2026-09-29T16:29:34.905+0000] {data_modification.py:56} INFO - Updated row with Video_ID: YLt73w6criQ
[2026-09-29T16:29:34.907+0000] {data_modification.py:56} INFO - Updated row with Video_ID: NPYPXWJBTWM
[2026-09-29T16:29:34.910+0000] {data_modification.py:56} INFO - Updated row with Video_ID: lglIQkCHO0g
[2026-09-29T16:29:34.912+0000] {data_modification.py:56} INFO - Updated row with Video_ID: TJ2ifmkGGus
[2026-09-29T16:29:34.914+0000] {data_modification.py:56} INFO - Updated row with Video_ID: 7IKab3HcfFk
[2026-09-29T16:29:34.917+0000] {data_modification.py:56} INFO - Updated row with Video_ID: h5NvTTOlOtI
[2026-09-29T16:29:34.919+0000] {data_modification.py:56} INFO - Updated row with Video_ID: se50viFJ0AQ
[2026-09-29T16:29:34.921+0000] {data_modification.py:56} INFO - Updated row with Video_ID: 0CTp1a-aCUM
[2026-09-29T16:29:34.923+0000] {data_modification.py:56} INFO - Updated row with Video_ID: FD-0KG-h2-c
[2026-09-29T16:29:34.926+0000] {data_modification.py:56} INFO - Updated row with Video_ID: kX3nB4PpJko
[2026-09-29T16:29:34.928+0000] {data_modification.py:56} INFO - Updated row with Video_ID: YlvcFJOE-OE
[2026-09-29T16:29:34.930+0000] {data_modification.py:56} INFO - Updated row with Video_ID: iogcY_4xGjo
[2026-09-29T16:29:34.932+0000] {data_modification.py:56} INFO - Updated row with Video_ID: S_CUEOBZ0P4
[2026-09-29T16:29:34.935+0000] {data_modification.py:56} INFO - Updated row with Video_ID: gHzuabZUd6c
[2026-09-29T16:29:34.937+0000] {data_modification.py:56} INFO - Updated row with Video_ID: 65fN_OUawjk
[2026-09-29T16:29:34.939+0000] {data_modification.py:56} INFO - Updated row with Video_ID: jdMNoQE3mIQ
[2026-09-29T16:29:34.942+0000] {data_modification.py:56} INFO - Updated row with Video_ID: 2isYuQZMbdU
[2026-09-29T16:29:34.944+0000] {data_modification.py:56} INFO - Updated row with Video_ID: tVWWp1PqDus
[2026-09-29T16:29:34.946+0000] {data_modification.py:56} INFO - Updated row with Video_ID: vaIgyRoUkQI
[2026-09-29T16:29:34.948+0000] {data_modification.py:56} INFO - Updated row with Video_ID: Hwybp38GnZw
[2026-09-29T16:29:34.951+0000] {data_modification.py:56} INFO - Updated row with Video_ID: hD1YtmKXNb4
[2026-09-29T16:29:34.953+0000] {data_modification.py:56} INFO - Updated row with Video_ID: krsBRQbOPQ4
[2026-09-29T16:29:34.955+0000] {data_modification.py:56} INFO - Updated row with Video_ID: 7ESeQBeikKs
[2026-09-29T16:29:34.957+0000] {data_modification.py:56} INFO - Updated row with Video_ID: 9RhWXPcKBI8
[2026-09-29T16:29:34.960+0000] {data_modification.py:56} INFO - Updated row with Video_ID: L5kIXRdwGAI
[2026-09-29T16:29:34.962+0000] {data_modification.py:56} INFO - Updated row with Video_ID: vBpQ1SlfVtU
[2026-09-29T16:29:34.964+0000] {data_modification.py:56} INFO - Updated row with Video_ID: 0e3GPea1Tyg
[2026-09-29T16:29:34.966+0000] {data_modification.py:56} INFO - Updated row with Video_ID: cV2gBU6hKfY
[2026-09-29T16:29:34.968+0000] {data_modification.py:56} INFO - Updated row with Video_ID: qIsgdOVGA04
[2026-09-29T16:29:34.970+0000] {data_modification.py:56} INFO - Updated row with Video_ID: cExLQ1o2pDw
[2026-09-29T16:29:34.972+0000] {data_modification.py:56} INFO - Updated row with Video_ID: uocETPj4Jx4
[2026-09-29T16:29:34.974+0000] {data_modification.py:56} INFO - Updated row with Video_ID: zxYjTTXc-J8
[2026-09-29T16:29:34.977+0000] {data_modification.py:56} INFO - Updated row with Video_ID: hxwpkM5w3Cc
[2026-09-29T16:29:34.979+0000] {data_modification.py:56} INFO - Updated row with Video_ID: ktyJIj6i4Qw
[2026-09-29T16:29:34.981+0000] {data_modification.py:56} INFO - Updated row with Video_ID: urtFrxDUV6c
[2026-09-29T16:29:34.983+0000] {data_modification.py:56} INFO - Updated row with Video_ID: NZlClr_ivb4
[2026-09-29T16:29:34.985+0000] {data_modification.py:56} INFO - Updated row with Video_ID: TQHEJj68Jew
[2026-09-29T16:29:34.987+0000] {data_modification.py:56} INFO - Updated row with Video_ID: WcwGleN38zE
[2026-09-29T16:29:34.990+0000] {data_modification.py:56} INFO - Updated row with Video_ID: fMfipiV_17o
[2026-09-29T16:29:34.992+0000] {data_modification.py:56} INFO - Updated row with Video_ID: 9bqk6ZUsKyA
[2026-09-29T16:29:34.994+0000] {data_modification.py:56} INFO - Updated row with Video_ID: DuQbOQwVaNE
[2026-09-29T16:29:34.996+0000] {data_modification.py:56} INFO - Updated row with Video_ID: vJH28ICkCdU
[2026-09-29T16:29:34.999+0000] {data_modification.py:56} INFO - Updated row with Video_ID: _uwNDiU04zE
[2026-09-29T16:29:35.001+0000] {data_modification.py:56} INFO - Updated row with Video_ID: C680oxL__ck
[2026-09-29T16:29:35.003+0000] {data_modification.py:56} INFO - Updated row with Video_ID: 5Fg9oZk-5uA
[2026-09-29T16:29:35.006+0000] {data_modification.py:56} INFO - Updated row with Video_ID: PKtnafFtfEo
[2026-09-29T16:29:35.008+0000] {data_modification.py:56} INFO - Updated row with Video_ID: f0c7pSCoZqE
[2026-09-29T16:29:35.010+0000] {data_modification.py:56} INFO - Updated row with Video_ID: Dc2ZRmuH5OM
[2026-09-29T16:29:35.012+0000] {data_modification.py:56} INFO - Updated row with Video_ID: GLoeAJUcz38
[2026-09-29T16:29:35.015+0000] {data_modification.py:56} INFO - Updated row with Video_ID: SZQhgExjBvQ
[2026-09-29T16:29:35.017+0000] {data_modification.py:56} INFO - Updated row with Video_ID: IoZri9hq7z4
[2026-09-29T16:29:35.019+0000] {data_modification.py:56} INFO - Updated row with Video_ID: AKJfakEsgy0
[2026-09-29T16:29:35.021+0000] {data_modification.py:56} INFO - Updated row with Video_ID: Vl3swga-Xrk
[2026-09-29T16:29:35.024+0000] {data_modification.py:56} INFO - Updated row with Video_ID: UE5AHE2Ypr8
[2026-09-29T16:29:35.026+0000] {data_modification.py:56} INFO - Updated row with Video_ID: TDiXxsQ0w2Q
[2026-09-29T16:29:35.029+0000] {data_modification.py:56} INFO - Updated row with Video_ID: oD155zWANQg
[2026-09-29T16:29:35.031+0000] {data_modification.py:56} INFO - Updated row with Video_ID: s1ax8Tx_Jz0
[2026-09-29T16:29:35.034+0000] {data_modification.py:56} INFO - Updated row with Video_ID: NkE0AMGzpJY
[2026-09-29T16:29:35.036+0000] {data_modification.py:56} INFO - Updated row with Video_ID: FbM1yi4mMMc
[2026-09-29T16:29:35.038+0000] {data_modification.py:56} INFO - Updated row with Video_ID: 5V2B28OqfqM
[2026-09-29T16:29:35.041+0000] {data_modification.py:56} INFO - Updated row with Video_ID: Rj_vssRaZlQ
[2026-09-29T16:29:35.043+0000] {data_modification.py:56} INFO - Updated row with Video_ID: YQDDm9HLkV4
[2026-09-29T16:29:35.045+0000] {data_modification.py:56} INFO - Updated row with Video_ID: erQ_9yEz0ls
[2026-09-29T16:29:35.047+0000] {data_modification.py:56} INFO - Updated row with Video_ID: OAbP-V6fEVc
[2026-09-29T16:29:35.050+0000] {data_modification.py:56} INFO - Updated row with Video_ID: _qAJMXfL6o0
[2026-09-29T16:29:35.052+0000] {data_modification.py:56} INFO - Updated row with Video_ID: 59AYXzCa-Cs
[2026-09-29T16:29:35.054+0000] {data_modification.py:56} INFO - Updated row with Video_ID: r7zJ8srwwjk
[2026-09-29T16:29:35.056+0000] {data_modification.py:56} INFO - Updated row with Video_ID: YSoJPA8-oHc
[2026-09-29T16:29:35.058+0000] {data_modification.py:56} INFO - Updated row with Video_ID: 5Hg_QSIJm8I
[2026-09-29T16:29:35.061+0000] {data_modification.py:56} INFO - Updated row with Video_ID: gsWPpE4Rid0
[2026-09-29T16:29:35.064+0000] {data_modification.py:56} INFO - Updated row with Video_ID: HBMmK1c44sE
[2026-09-29T16:29:35.067+0000] {data_modification.py:56} INFO - Updated row with Video_ID: oBYbxw8f5OI
[2026-09-29T16:29:35.069+0000] {data_modification.py:56} INFO - Updated row with Video_ID: AiGKBNGlzHo
[2026-09-29T16:29:35.071+0000] {data_modification.py:56} INFO - Updated row with Video_ID: _mdKvblL_8s
[2026-09-29T16:29:35.074+0000] {data_modification.py:56} INFO - Updated row with Video_ID: yXWw0_UfSFg
[2026-09-29T16:29:35.076+0000] {data_modification.py:56} INFO - Updated row with Video_ID: F4Y3Pkn95GI
[2026-09-29T16:29:35.078+0000] {data_modification.py:56} INFO - Updated row with Video_ID: KSKJKLmAqpI
[2026-09-29T16:29:35.081+0000] {data_modification.py:56} INFO - Updated row with Video_ID: IYVjOfoU3uI
[2026-09-29T16:29:35.083+0000] {data_modification.py:56} INFO - Updated row with Video_ID: oI6aXhowFDY
[2026-09-29T16:29:35.085+0000] {data_modification.py:56} INFO - Updated row with Video_ID: LdMx2U5tby0
[2026-09-29T16:29:35.088+0000] {data_modification.py:56} INFO - Updated row with Video_ID: fY-LA3YaZ_M
[2026-09-29T16:29:35.090+0000] {data_modification.py:56} INFO - Updated row with Video_ID: 0hVZOJCYBBM
[2026-09-29T16:29:35.093+0000] {data_modification.py:56} INFO - Updated row with Video_ID: Z9WQy9jEY8M
[2026-09-29T16:29:35.095+0000] {data_modification.py:56} INFO - Updated row with Video_ID: bs0SWXbty18
[2026-09-29T16:29:35.097+0000] {data_modification.py:56} INFO - Updated row with Video_ID: yeqARWqjkps
[2026-09-29T16:29:35.100+0000] {data_modification.py:56} INFO - Updated row with Video_ID: 3jS_yEK8qVI
[2026-09-29T16:29:35.102+0000] {data_modification.py:56} INFO - Updated row with Video_ID: 00NgUctWoLQ
[2026-09-29T16:29:35.104+0000] {data_modification.py:56} INFO - Updated row with Video_ID: x9TQ6culXIA
[2026-09-29T16:29:35.108+0000] {data_modification.py:56} INFO - Updated row with Video_ID: QbJJwaVdgIs
[2026-09-29T16:29:35.110+0000] {data_modification.py:56} INFO - Updated row with Video_ID: E6E22XQPhhg
[2026-09-29T16:29:35.113+0000] {data_modification.py:56} INFO - Updated row with Video_ID: vp5sSqyZ5Go
[2026-09-29T16:29:35.116+0000] {data_modification.py:56} INFO - Updated row with Video_ID: ORUX1lHbOa8
[2026-09-29T16:29:35.118+0000] {data_modification.py:56} INFO - Updated row with Video_ID: tQ4m4zD7BBA
[2026-09-29T16:29:35.120+0000] {data_modification.py:56} INFO - Updated row with Video_ID: D9lVNzyhYnc
[2026-09-29T16:29:35.124+0000] {data_modification.py:56} INFO - Updated row with Video_ID: jokVbbLqV_E
[2026-09-29T16:29:35.127+0000] {data_modification.py:56} INFO - Updated row with Video_ID: HPJKxAhLw5I
[2026-09-29T16:29:35.129+0000] {data_modification.py:56} INFO - Updated row with Video_ID: Ims5p6wjW9s
[2026-09-29T16:29:35.132+0000] {data_modification.py:56} INFO - Updated row with Video_ID: anFxsa5jXrE
[2026-09-29T16:29:35.134+0000] {data_modification.py:56} INFO - Updated row with Video_ID: QxGVgXf_LNk
[2026-09-29T16:29:35.136+0000] {data_modification.py:56} INFO - Updated row with Video_ID: al6130OD1Ck
[2026-09-29T16:29:35.139+0000] {data_modification.py:56} INFO - Updated row with Video_ID: d1010B3sKNQ
[2026-09-29T16:29:35.141+0000] {data_modification.py:56} INFO - Updated row with Video_ID: NS3hse9ezik
[2026-09-29T16:29:35.144+0000] {data_modification.py:56} INFO - Updated row with Video_ID: npDey6_9YRs
[2026-09-29T16:29:35.146+0000] {data_modification.py:56} INFO - Updated row with Video_ID: 3LLnjRLrvLU
[2026-09-29T16:29:35.149+0000] {data_modification.py:56} INFO - Updated row with Video_ID: bTrV5v7GLcQ
[2026-09-29T16:29:35.151+0000] {data_modification.py:56} INFO - Updated row with Video_ID: lBYC4_Lccjw
[2026-09-29T16:29:35.154+0000] {data_modification.py:56} INFO - Updated row with Video_ID: gL6iSCSHjco
[2026-09-29T16:29:35.156+0000] {data_modification.py:56} INFO - Updated row with Video_ID: UQtltNZ_pjs
[2026-09-29T16:29:35.158+0000] {data_modification.py:56} INFO - Updated row with Video_ID: 0DaMUhgcAqo
[2026-09-29T16:29:35.161+0000] {data_modification.py:56} INFO - Updated row with Video_ID: TOcGSwJBPMQ
[2026-09-29T16:29:35.164+0000] {data_modification.py:56} INFO - Updated row with Video_ID: ws694xrKopA
[2026-09-29T16:29:35.166+0000] {data_modification.py:56} INFO - Updated row with Video_ID: UtnsWzaoRtg
[2026-09-29T16:29:35.169+0000] {data_modification.py:56} INFO - Updated row with Video_ID: 6wsFjjhZPJI
[2026-09-29T16:29:35.171+0000] {data_modification.py:56} INFO - Updated row with Video_ID: Rmf6T_Ewt38
[2026-09-29T16:29:35.173+0000] {data_modification.py:56} INFO - Updated row with Video_ID: n6qc4LHN2KQ
[2026-09-29T16:29:35.175+0000] {data_modification.py:56} INFO - Updated row with Video_ID: 2eFSU7TFOnk
[2026-09-29T16:29:35.178+0000] {data_modification.py:56} INFO - Updated row with Video_ID: RCvnytndd9c
[2026-09-29T16:29:35.180+0000] {data_modification.py:56} INFO - Updated row with Video_ID: AA-VpIj8F5Y
[2026-09-29T16:29:35.182+0000] {data_modification.py:56} INFO - Updated row with Video_ID: fWcSBWadolA
[2026-09-29T16:29:35.185+0000] {data_modification.py:56} INFO - Updated row with Video_ID: YyhKdOCwD7s
[2026-09-29T16:29:35.187+0000] {data_modification.py:56} INFO - Updated row with Video_ID: ha4tRQwKIUg
[2026-09-29T16:29:35.190+0000] {data_modification.py:56} INFO - Updated row with Video_ID: xRwy_rKc7gI
[2026-09-29T16:29:35.192+0000] {data_modification.py:56} INFO - Updated row with Video_ID: H1WBdh56Vq4
[2026-09-29T16:29:35.194+0000] {data_modification.py:56} INFO - Updated row with Video_ID: xhIYirjB4Yc
[2026-09-29T16:29:35.197+0000] {data_modification.py:56} INFO - Updated row with Video_ID: HfJMs4mrSJM
[2026-09-29T16:29:35.199+0000] {data_modification.py:56} INFO - Updated row with Video_ID: tYHTVjfShOA
[2026-09-29T16:29:35.200+0000] {data_modification.py:56} INFO - Updated row with Video_ID: JTQcIR2ZxU4
[2026-09-29T16:29:35.202+0000] {data_modification.py:56} INFO - Updated row with Video_ID: xpNeg0hPZIs
[2026-09-29T16:29:35.204+0000] {data_modification.py:56} INFO - Updated row with Video_ID: 9yrdFAJUSaU
[2026-09-29T16:29:35.206+0000] {data_modification.py:56} INFO - Updated row with Video_ID: i2O6GMpNWGo
[2026-09-29T16:29:35.208+0000] {data_modification.py:56} INFO - Updated row with Video_ID: Y6jC6VaO3j0
[2026-09-29T16:29:35.210+0000] {data_modification.py:56} INFO - Updated row with Video_ID: Ooke4YZv8Ts
[2026-09-29T16:29:35.212+0000] {data_modification.py:56} INFO - Updated row with Video_ID: ZV7rU6lnAKQ
[2026-09-29T16:29:35.214+0000] {data_modification.py:56} INFO - Updated row with Video_ID: 9cCpZl8euLI
[2026-09-29T16:29:35.218+0000] {data_modification.py:56} INFO - Updated row with Video_ID: I046_n20d3s
[2026-09-29T16:29:35.221+0000] {data_modification.py:56} INFO - Updated row with Video_ID: 2nd73lyvq4w
[2026-09-29T16:29:35.223+0000] {data_modification.py:56} INFO - Updated row with Video_ID: nuM0Z4a7kMs
[2026-09-29T16:29:35.225+0000] {data_modification.py:56} INFO - Updated row with Video_ID: qPBtTPJHS0Q
[2026-09-29T16:29:35.228+0000] {data_modification.py:56} INFO - Updated row with Video_ID: A-vX1AGBGsc
[2026-09-29T16:29:35.230+0000] {data_modification.py:56} INFO - Updated row with Video_ID: IiW2smvEcBM
[2026-09-29T16:29:35.232+0000] {data_modification.py:56} INFO - Updated row with Video_ID: q6Qw8mUVTrE
[2026-09-29T16:29:35.235+0000] {data_modification.py:56} INFO - Updated row with Video_ID: dBxOYE2j55U
[2026-09-29T16:29:35.237+0000] {data_modification.py:56} INFO - Updated row with Video_ID: 984NGLLYDUg
[2026-09-29T16:29:35.239+0000] {data_modification.py:56} INFO - Updated row with Video_ID: 7zi0bi-RDj4
[2026-09-29T16:29:35.241+0000] {data_modification.py:56} INFO - Updated row with Video_ID: XaxhLbxZ13k
[2026-09-29T16:29:35.244+0000] {data_modification.py:56} INFO - Updated row with Video_ID: NbaWrbJDr48
[2026-09-29T16:29:35.246+0000] {data_modification.py:56} INFO - Updated row with Video_ID: sfv1QaRzJg8
[2026-09-29T16:29:35.248+0000] {data_modification.py:56} INFO - Updated row with Video_ID: RwnN2FVaHmw
[2026-09-29T16:29:35.251+0000] {data_modification.py:56} INFO - Updated row with Video_ID: X1jMMFOqxEw
[2026-09-29T16:29:35.256+0000] {data_modification.py:56} INFO - Updated row with Video_ID: LU_xVr4b2qM
[2026-09-29T16:29:35.261+0000] {data_modification.py:56} INFO - Updated row with Video_ID: ZPuEUe_8SRM
[2026-09-29T16:29:35.264+0000] {data_modification.py:56} INFO - Updated row with Video_ID: gKVZz4kcuns
[2026-09-29T16:29:35.268+0000] {data_modification.py:56} INFO - Updated row with Video_ID: nywT2SenPIo
[2026-09-29T16:29:35.273+0000] {data_modification.py:56} INFO - Updated row with Video_ID: xBP9EUQIkNs
[2026-09-29T16:29:35.276+0000] {data_modification.py:56} INFO - Updated row with Video_ID: qZNxvnQv0h4
[2026-09-29T16:29:35.278+0000] {data_modification.py:56} INFO - Updated row with Video_ID: uE6gud1voDs
[2026-09-29T16:29:35.280+0000] {data_modification.py:56} INFO - Updated row with Video_ID: GUWGsIVEMSQ
[2026-09-29T16:29:35.282+0000] {data_modification.py:56} INFO - Updated row with Video_ID: wDqJZ_2ZA3A
[2026-09-29T16:29:35.285+0000] {data_modification.py:56} INFO - Updated row with Video_ID: RywkkwO78m8
[2026-09-29T16:29:35.287+0000] {data_modification.py:56} INFO - Updated row with Video_ID: P4qWhSZ7_WA
[2026-09-29T16:29:35.290+0000] {data_modification.py:56} INFO - Updated row with Video_ID: UlUcwJc5nBs
[2026-09-29T16:29:35.293+0000] {data_modification.py:56} INFO - Updated row with Video_ID: qAW6CE7_bFM
[2026-09-29T16:29:35.295+0000] {data_modification.py:56} INFO - Updated row with Video_ID: tBEBc4KQVsU
[2026-09-29T16:29:35.298+0000] {data_modification.py:56} INFO - Updated row with Video_ID: q0OK-zHnvnA
[2026-09-29T16:29:35.301+0000] {data_modification.py:56} INFO - Updated row with Video_ID: bFZdU9dr4OM
[2026-09-29T16:29:35.305+0000] {data_modification.py:56} INFO - Updated row with Video_ID: nd-bwvNB7YA
[2026-09-29T16:29:35.309+0000] {data_modification.py:56} INFO - Updated row with Video_ID: 6_im_hGxGRk
[2026-09-29T16:29:35.312+0000] {data_modification.py:56} INFO - Updated row with Video_ID: b91vrgVY-ZQ
[2026-09-29T16:29:35.315+0000] {data_modification.py:56} INFO - Updated row with Video_ID: 52ubXjlVzUY
[2026-09-29T16:29:35.318+0000] {data_modification.py:56} INFO - Updated row with Video_ID: XHb7g6yuGgE
[2026-09-29T16:29:35.320+0000] {data_modification.py:56} INFO - Updated row with Video_ID: rH1D_3G56DY
[2026-09-29T16:29:35.322+0000] {data_modification.py:56} INFO - Updated row with Video_ID: WRzIuC2MKOU
[2026-09-29T16:29:35.325+0000] {data_modification.py:56} INFO - Updated row with Video_ID: foLlul8Tl3E
[2026-09-29T16:29:35.327+0000] {data_modification.py:56} INFO - Updated row with Video_ID: 3iaDrpKdaIc
[2026-09-29T16:29:35.329+0000] {data_modification.py:56} INFO - Updated row with Video_ID: qrIh-ZHN4-E
[2026-09-29T16:29:35.332+0000] {data_modification.py:56} INFO - Updated row with Video_ID: mpZWt5pGKZ8
[2026-09-29T16:29:35.334+0000] {data_modification.py:56} INFO - Updated row with Video_ID: XE9pUM9MEFA
[2026-09-29T16:29:35.336+0000] {data_modification.py:56} INFO - Updated row with Video_ID: wbzD04leeLI
[2026-09-29T16:29:35.339+0000] {data_modification.py:56} INFO - Updated row with Video_ID: MC5h-ShR-S8
[2026-09-29T16:29:35.341+0000] {data_modification.py:56} INFO - Updated row with Video_ID: dp8IaLrZpGs
[2026-09-29T16:29:35.344+0000] {data_modification.py:56} INFO - Updated row with Video_ID: 97Gh93Daio0
[2026-09-29T16:29:35.346+0000] {data_modification.py:56} INFO - Updated row with Video_ID: t4OumncEiKo
[2026-09-29T16:29:35.348+0000] {data_modification.py:56} INFO - Updated row with Video_ID: Ejou8aa5eZk
[2026-09-29T16:29:35.350+0000] {data_modification.py:56} INFO - Updated row with Video_ID: ehEuczQUh8E
[2026-09-29T16:29:35.353+0000] {data_modification.py:56} INFO - Updated row with Video_ID: uBC7805Smsg
[2026-09-29T16:29:35.355+0000] {data_modification.py:56} INFO - Updated row with Video_ID: d8pJkuSp1iI
[2026-09-29T16:29:35.358+0000] {data_modification.py:56} INFO - Updated row with Video_ID: dFr5YQaQQdo
[2026-09-29T16:29:35.360+0000] {data_modification.py:56} INFO - Updated row with Video_ID: xBLxMfO3pDw
[2026-09-29T16:29:35.362+0000] {data_modification.py:56} INFO - Updated row with Video_ID: d7QmQtNwhcU
[2026-09-29T16:29:35.364+0000] {data_modification.py:56} INFO - Updated row with Video_ID: NZR4WEjpOQg
[2026-09-29T16:29:35.366+0000] {data_modification.py:56} INFO - Updated row with Video_ID: vETSAZgfDP4
[2026-09-29T16:29:35.369+0000] {data_modification.py:56} INFO - Updated row with Video_ID: zE3FLbpu9-Q
[2026-09-29T16:29:35.371+0000] {data_modification.py:56} INFO - Updated row with Video_ID: Izmibu7dxcs
[2026-09-29T16:29:35.373+0000] {data_modification.py:56} INFO - Updated row with Video_ID: 2Pvt8awds44
[2026-09-29T16:29:35.376+0000] {data_modification.py:56} INFO - Updated row with Video_ID: n9BbAfbsyj0
[2026-09-29T16:29:35.378+0000] {data_modification.py:56} INFO - Updated row with Video_ID: WZ2rYlVxt4g
[2026-09-29T16:29:35.381+0000] {data_modification.py:56} INFO - Updated row with Video_ID: CWK6an4mYL0
[2026-09-29T16:29:35.383+0000] {data_modification.py:56} INFO - Updated row with Video_ID: VwWV4JelEzY
[2026-09-29T16:29:35.386+0000] {data_modification.py:56} INFO - Updated row with Video_ID: koRKIlRQj4g
[2026-09-29T16:29:35.390+0000] {data_modification.py:56} INFO - Updated row with Video_ID: XKFKPQHdWRI
[2026-09-29T16:29:35.392+0000] {data_modification.py:56} INFO - Updated row with Video_ID: yuGEB4ZZdUQ
[2026-09-29T16:29:35.395+0000] {data_modification.py:56} INFO - Updated row with Video_ID: sg_XFT4K3N4
[2026-09-29T16:29:35.397+0000] {data_modification.py:56} INFO - Updated row with Video_ID: szt8xabJoSo
[2026-09-29T16:29:35.400+0000] {data_modification.py:56} INFO - Updated row with Video_ID: Fbl3E_XCQfA
[2026-09-29T16:29:35.403+0000] {data_modification.py:56} INFO - Updated row with Video_ID: Pe3pGsCeYXg
[2026-09-29T16:29:35.405+0000] {data_modification.py:56} INFO - Updated row with Video_ID: uxzBq4Y_fNw
[2026-09-29T16:29:35.408+0000] {data_modification.py:56} INFO - Updated row with Video_ID: 9vB-48kHbBU
[2026-09-29T16:29:35.410+0000] {data_modification.py:56} INFO - Updated row with Video_ID: mGIpOtncmSM
[2026-09-29T16:29:35.412+0000] {data_modification.py:56} INFO - Updated row with Video_ID: VqnQ-0q2gb4
[2026-09-29T16:29:35.415+0000] {data_modification.py:56} INFO - Updated row with Video_ID: 1SwVSTKFCsc
[2026-09-29T16:29:35.417+0000] {data_modification.py:56} INFO - Updated row with Video_ID: f0M64XpmTz8
[2026-09-29T16:29:35.419+0000] {data_modification.py:56} INFO - Updated row with Video_ID: 9GD6hbqu2oM
[2026-09-29T16:29:35.422+0000] {data_modification.py:56} INFO - Updated row with Video_ID: nLpqZEAFnkE
[2026-09-29T16:29:35.424+0000] {data_modification.py:56} INFO - Updated row with Video_ID: sirrTXiPFmw
[2026-09-29T16:29:35.426+0000] {data_modification.py:56} INFO - Updated row with Video_ID: nRkwuTOESCc
[2026-09-29T16:29:35.429+0000] {data_modification.py:56} INFO - Updated row with Video_ID: AS6WMS_Bemg
[2026-09-29T16:29:35.431+0000] {data_modification.py:56} INFO - Updated row with Video_ID: wMn8d7IeCYM
[2026-09-29T16:29:35.434+0000] {data_modification.py:56} INFO - Updated row with Video_ID: BMZP4CtphaU
[2026-09-29T16:29:35.437+0000] {data_modification.py:56} INFO - Updated row with Video_ID: ln9aLVd__8w
[2026-09-29T16:29:35.439+0000] {data_modification.py:56} INFO - Updated row with Video_ID: 93s1JECSy60
[2026-09-29T16:29:35.441+0000] {data_modification.py:56} INFO - Updated row with Video_ID: YR6Wh2Zy9jE
[2026-09-29T16:29:35.443+0000] {data_modification.py:56} INFO - Updated row with Video_ID: 5PCxQSMOl3o
[2026-09-29T16:29:35.445+0000] {data_modification.py:56} INFO - Updated row with Video_ID: 5qzAVMe_SnM
[2026-09-29T16:29:35.447+0000] {data_modification.py:56} INFO - Updated row with Video_ID: zAAXW7ySu1k
[2026-09-29T16:29:35.450+0000] {data_modification.py:56} INFO - Updated row with Video_ID: sx5k8xd_VoU
[2026-09-29T16:29:35.452+0000] {data_modification.py:56} INFO - Updated row with Video_ID: uotb9ZHnI2g
[2026-09-29T16:29:35.454+0000] {data_modification.py:56} INFO - Updated row with Video_ID: nPlqRbVFBHI
[2026-09-29T16:29:35.457+0000] {data_modification.py:56} INFO - Updated row with Video_ID: _FX6rml2Yjs
[2026-09-29T16:29:35.459+0000] {data_modification.py:56} INFO - Updated row with Video_ID: kupaqq-xJ_8
[2026-09-29T16:29:35.461+0000] {data_modification.py:56} INFO - Updated row with Video_ID: Er6QUQZbv0w
[2026-09-29T16:29:35.464+0000] {data_modification.py:56} INFO - Updated row with Video_ID: 4KVmSG6KS2k
[2026-09-29T16:29:35.466+0000] {data_modification.py:56} INFO - Updated row with Video_ID: Lx9fRu5ehFo
[2026-09-29T16:29:35.468+0000] {data_modification.py:56} INFO - Updated row with Video_ID: KcsRxHwGz7A
[2026-09-29T16:29:35.470+0000] {data_modification.py:56} INFO - Updated row with Video_ID: ZJwX2jTXWwQ
[2026-09-29T16:29:35.472+0000] {data_modification.py:56} INFO - Updated row with Video_ID: N_GMakKf7G4
[2026-09-29T16:29:35.475+0000] {data_modification.py:56} INFO - Updated row with Video_ID: 63gyUQ_JeOE
[2026-09-29T16:29:35.477+0000] {data_modification.py:56} INFO - Updated row with Video_ID: IZVbzNRUlQI
[2026-09-29T16:29:35.479+0000] {data_modification.py:56} INFO - Updated row with Video_ID: 8D3vI1615K4
[2026-09-29T16:29:35.481+0000] {data_modification.py:56} INFO - Updated row with Video_ID: igVcy5dtN80
[2026-09-29T16:29:35.483+0000] {data_modification.py:56} INFO - Updated row with Video_ID: dEOlvTqYUNo
[2026-09-29T16:29:35.485+0000] {data_modification.py:56} INFO - Updated row with Video_ID: AS5CxLCWq-Q
[2026-09-29T16:29:35.487+0000] {data_modification.py:56} INFO - Updated row with Video_ID: jtOalDNVrKM
[2026-09-29T16:29:35.490+0000] {data_modification.py:56} INFO - Updated row with Video_ID: dDYP56hEYF0
[2026-09-29T16:29:35.492+0000] {data_modification.py:56} INFO - Updated row with Video_ID: pJSbLk-Iixc
[2026-09-29T16:29:35.494+0000] {data_modification.py:56} INFO - Updated row with Video_ID: iengNekeTNo
[2026-09-29T16:29:35.497+0000] {data_modification.py:56} INFO - Updated row with Video_ID: rqUvnLPvbrM
[2026-09-29T16:29:35.499+0000] {data_modification.py:56} INFO - Updated row with Video_ID: 9CVwXBYVqVk
[2026-09-29T16:29:35.501+0000] {data_modification.py:56} INFO - Updated row with Video_ID: i8pmk5xnO2s
[2026-09-29T16:29:35.503+0000] {data_modification.py:56} INFO - Updated row with Video_ID: xWcldHxHFpo
[2026-09-29T16:29:35.505+0000] {data_modification.py:56} INFO - Updated row with Video_ID: YH1-fDzHHpo
[2026-09-29T16:29:35.507+0000] {data_modification.py:56} INFO - Updated row with Video_ID: ntlG5XgYg4k
[2026-09-29T16:29:35.510+0000] {data_modification.py:56} INFO - Updated row with Video_ID: Qy17S3g8ZuY
[2026-09-29T16:29:35.512+0000] {data_modification.py:56} INFO - Updated row with Video_ID: PJyWmlWNor8
[2026-09-29T16:29:35.514+0000] {data_modification.py:56} INFO - Updated row with Video_ID: KzwTYZ2W3ZA
[2026-09-29T16:29:35.516+0000] {data_modification.py:56} INFO - Updated row with Video_ID: 9fa_JYTPZ2Y
[2026-09-29T16:29:35.518+0000] {data_modification.py:56} INFO - Updated row with Video_ID: t1BWMa8btIw
[2026-09-29T16:29:35.520+0000] {data_modification.py:56} INFO - Updated row with Video_ID: 2O8wta4FsD4
[2026-09-29T16:29:35.522+0000] {data_modification.py:56} INFO - Updated row with Video_ID: DbC9CauTXoM
[2026-09-29T16:29:35.524+0000] {data_modification.py:56} INFO - Updated row with Video_ID: yhNcDBnQsEY
[2026-09-29T16:29:35.526+0000] {data_modification.py:56} INFO - Updated row with Video_ID: Wyyqz3OxB5c
[2026-09-29T16:29:35.528+0000] {data_modification.py:56} INFO - Updated row with Video_ID: KO8B2kw_Jxs
[2026-09-29T16:29:35.531+0000] {data_modification.py:56} INFO - Updated row with Video_ID: NEDPgQYhbqs
[2026-09-29T16:29:35.533+0000] {data_modification.py:56} INFO - Updated row with Video_ID: DpIvW6av0pI
[2026-09-29T16:29:35.535+0000] {data_modification.py:56} INFO - Updated row with Video_ID: RPcXg2-0ejw
[2026-09-29T16:29:35.538+0000] {data_modification.py:56} INFO - Updated row with Video_ID: jhYG5BStQSk
[2026-09-29T16:29:35.540+0000] {data_modification.py:56} INFO - Updated row with Video_ID: wTIPpjUgAFE
[2026-09-29T16:29:35.542+0000] {data_modification.py:56} INFO - Updated row with Video_ID: Fzh65vCyHWQ
[2026-09-29T16:29:35.544+0000] {data_modification.py:56} INFO - Updated row with Video_ID: vBp0bzVr09s
[2026-09-29T16:29:35.547+0000] {data_modification.py:56} INFO - Updated row with Video_ID: AXjdI_LHWJU
[2026-09-29T16:29:35.550+0000] {data_modification.py:56} INFO - Updated row with Video_ID: dJCsc_Cq9i4
[2026-09-29T16:29:35.552+0000] {data_modification.py:56} INFO - Updated row with Video_ID: bqpKlkPpT10
[2026-09-29T16:29:35.554+0000] {data_modification.py:56} INFO - Updated row with Video_ID: TIIU1ivhLKs
[2026-09-29T16:29:35.556+0000] {data_modification.py:56} INFO - Updated row with Video_ID: G4qOiwIE_o0
[2026-09-29T16:29:35.558+0000] {data_modification.py:56} INFO - Updated row with Video_ID: yozl6enFC-w
[2026-09-29T16:29:35.562+0000] {data_modification.py:56} INFO - Updated row with Video_ID: op0N7axawJA
[2026-09-29T16:29:35.565+0000] {data_modification.py:56} INFO - Updated row with Video_ID: l_huIWJBhJM
[2026-09-29T16:29:35.568+0000] {data_modification.py:56} INFO - Updated row with Video_ID: CvMRiR4k49Y
[2026-09-29T16:29:35.571+0000] {data_modification.py:56} INFO - Updated row with Video_ID: g2rbhIB-ITM
[2026-09-29T16:29:35.573+0000] {data_modification.py:56} INFO - Updated row with Video_ID: hRj5qNfkdO0
[2026-09-29T16:29:35.577+0000] {data_modification.py:56} INFO - Updated row with Video_ID: ocruJKe2tFk
[2026-09-29T16:29:35.581+0000] {data_modification.py:56} INFO - Updated row with Video_ID: MgRMNzKknto
[2026-09-29T16:29:35.583+0000] {data_modification.py:56} INFO - Updated row with Video_ID: tqO3_AKC5Ks
[2026-09-29T16:29:35.587+0000] {data_modification.py:56} INFO - Updated row with Video_ID: XW1TsAVdXsw
[2026-09-29T16:29:35.590+0000] {data_modification.py:56} INFO - Updated row with Video_ID: hC3xW8xeCDs
[2026-09-29T16:29:35.593+0000] {data_modification.py:56} INFO - Updated row with Video_ID: xGJEPTCw9GU
[2026-09-29T16:29:35.596+0000] {data_modification.py:56} INFO - Updated row with Video_ID: FmjsePPBbdU
[2026-09-29T16:29:35.599+0000] {data_modification.py:56} INFO - Updated row with Video_ID: lMLEcUXz6T8
[2026-09-29T16:29:35.601+0000] {data_modification.py:56} INFO - Updated row with Video_ID: BKJy7BFP3Is
[2026-09-29T16:29:35.605+0000] {data_modification.py:56} INFO - Updated row with Video_ID: 1gfgZhW3YgU
[2026-09-29T16:29:35.607+0000] {data_modification.py:56} INFO - Updated row with Video_ID: VXmKt_1T0QM
[2026-09-29T16:29:35.610+0000] {data_modification.py:56} INFO - Updated row with Video_ID: 6XCUHLhdnEY
[2026-09-29T16:29:35.612+0000] {data_modification.py:56} INFO - Updated row with Video_ID: ttWTSskmxTA
[2026-09-29T16:29:35.614+0000] {data_modification.py:56} INFO - Updated row with Video_ID: 5bCyFf8lSfk
[2026-09-29T16:29:35.617+0000] {data_modification.py:56} INFO - Updated row with Video_ID: ngVEpJs5A5s
[2026-09-29T16:29:35.619+0000] {data_modification.py:56} INFO - Updated row with Video_ID: zjC48c3ptt0
[2026-09-29T16:29:35.621+0000] {data_modification.py:56} INFO - Updated row with Video_ID: rS2sntC-lJI
[2026-09-29T16:29:35.623+0000] {data_modification.py:56} INFO - Updated row with Video_ID: fG1N5kzeAhM
[2026-09-29T16:29:35.625+0000] {data_modification.py:56} INFO - Updated row with Video_ID: vT_gRRMjDi0
[2026-09-29T16:29:35.628+0000] {data_modification.py:56} INFO - Updated row with Video_ID: dfcPUqiivDY
[2026-09-29T16:29:35.630+0000] {data_modification.py:56} INFO - Updated row with Video_ID: zCR6DJX7Kak
[2026-09-29T16:29:35.632+0000] {data_modification.py:56} INFO - Updated row with Video_ID: 4cX-w-ia0RU
[2026-09-29T16:29:35.634+0000] {data_modification.py:56} INFO - Updated row with Video_ID: 2nVjy-zd65Q
[2026-09-29T16:29:35.636+0000] {data_modification.py:56} INFO - Updated row with Video_ID: xlzpD4GeBW0
[2026-09-29T16:29:35.638+0000] {data_modification.py:56} INFO - Updated row with Video_ID: 8ZTy3K2QgOY
[2026-09-29T16:29:35.642+0000] {data_modification.py:56} INFO - Updated row with Video_ID: k9zko79_3_I
[2026-09-29T16:29:35.644+0000] {data_modification.py:56} INFO - Updated row with Video_ID: fYnPyLfxSJg
[2026-09-29T16:29:35.646+0000] {data_modification.py:56} INFO - Updated row with Video_ID: pBH_QL4JGcI
[2026-09-29T16:29:35.650+0000] {data_modification.py:56} INFO - Updated row with Video_ID: 1wtFD9zSQO8
[2026-09-29T16:29:35.654+0000] {data_modification.py:56} INFO - Updated row with Video_ID: VqhjiwmGNKA
[2026-09-29T16:29:35.656+0000] {data_modification.py:56} INFO - Updated row with Video_ID: LHtkve6-O0g
[2026-09-29T16:29:35.659+0000] {data_modification.py:56} INFO - Updated row with Video_ID: m3Ol8zn7brk
[2026-09-29T16:29:35.661+0000] {data_modification.py:56} INFO - Updated row with Video_ID: qBiZA4QDsj0
[2026-09-29T16:29:35.664+0000] {data_modification.py:56} INFO - Updated row with Video_ID: NeOrh4GnPZ4
[2026-09-29T16:29:35.666+0000] {data_modification.py:56} INFO - Updated row with Video_ID: fWhfOAuOqjY
[2026-09-29T16:29:35.668+0000] {data_modification.py:56} INFO - Updated row with Video_ID: 9Ax56oRhcZc
[2026-09-29T16:29:35.670+0000] {data_modification.py:56} INFO - Updated row with Video_ID: -cWVrFABWHw
[2026-09-29T16:29:35.672+0000] {data_modification.py:56} INFO - Updated row with Video_ID: z7qtJAAV5d0
[2026-09-29T16:29:35.675+0000] {data_modification.py:56} INFO - Updated row with Video_ID: 9pk-neTrDoM
[2026-09-29T16:29:35.677+0000] {data_modification.py:56} INFO - Updated row with Video_ID: JQscW6DfNZY
[2026-09-29T16:29:35.679+0000] {data_modification.py:56} INFO - Updated row with Video_ID: 9smE_EiKJ8Q
[2026-09-29T16:29:35.681+0000] {data_modification.py:56} INFO - Updated row with Video_ID: hfaPkoXeYfU
[2026-09-29T16:29:35.683+0000] {data_modification.py:56} INFO - Updated row with Video_ID: u0hHxeWkB_o
[2026-09-29T16:29:35.686+0000] {data_modification.py:56} INFO - Updated row with Video_ID: 64WGWubQO3I
[2026-09-29T16:29:35.688+0000] {data_modification.py:56} INFO - Updated row with Video_ID: QJUs6CSRCFU
[2026-09-29T16:29:35.691+0000] {data_modification.py:56} INFO - Updated row with Video_ID: Om4c4ilT_6g
[2026-09-29T16:29:35.693+0000] {data_modification.py:56} INFO - Updated row with Video_ID: GbOfxRfHdeg
[2026-09-29T16:29:35.695+0000] {data_modification.py:56} INFO - Updated row with Video_ID: yzxYCRDcGDs
[2026-09-29T16:29:35.697+0000] {data_modification.py:56} INFO - Updated row with Video_ID: PCakYf_PnT0
[2026-09-29T16:29:35.699+0000] {data_modification.py:56} INFO - Updated row with Video_ID: 8nv_ltg4RAg
[2026-09-29T16:29:35.701+0000] {data_modification.py:56} INFO - Updated row with Video_ID: VvphlSvCyj8
[2026-09-29T16:29:35.704+0000] {data_modification.py:56} INFO - Updated row with Video_ID: JP3v6UxI124
[2026-09-29T16:29:35.707+0000] {data_modification.py:56} INFO - Updated row with Video_ID: jRURlbRAUhI
[2026-09-29T16:29:35.710+0000] {data_modification.py:56} INFO - Updated row with Video_ID: I_3R9YGFlHE
[2026-09-29T16:29:35.713+0000] {data_modification.py:56} INFO - Updated row with Video_ID: cqirhwhq_qM
[2026-09-29T16:29:35.716+0000] {data_modification.py:56} INFO - Updated row with Video_ID: 3IQdDBwc42o
[2026-09-29T16:29:35.719+0000] {data_modification.py:56} INFO - Updated row with Video_ID: 4YHnf3YepwU
[2026-09-29T16:29:35.722+0000] {data_modification.py:56} INFO - Updated row with Video_ID: DoIQMkoYSzw
[2026-09-29T16:29:35.725+0000] {data_modification.py:56} INFO - Updated row with Video_ID: e-If_d_bzfI
[2026-09-29T16:29:35.727+0000] {data_modification.py:56} INFO - Updated row with Video_ID: 5J6-5g2alp8
[2026-09-29T16:29:35.730+0000] {data_modification.py:56} INFO - Updated row with Video_ID: qjGNBluF6_I
[2026-09-29T16:29:35.732+0000] {data_modification.py:56} INFO - Updated row with Video_ID: TLoDwqQF5ug
[2026-09-29T16:29:35.734+0000] {data_modification.py:56} INFO - Updated row with Video_ID: 9LiS_3HEErU
[2026-09-29T16:29:35.737+0000] {data_modification.py:56} INFO - Updated row with Video_ID: hD_Af6W2qug
[2026-09-29T16:29:35.739+0000] {data_modification.py:56} INFO - Updated row with Video_ID: XOtTKQujlkI
[2026-09-29T16:29:35.742+0000] {data_modification.py:56} INFO - Updated row with Video_ID: dRqthQ2Mc_0
[2026-09-29T16:29:35.744+0000] {data_modification.py:56} INFO - Updated row with Video_ID: 8TFq_vvO_Wg
[2026-09-29T16:29:35.747+0000] {data_modification.py:56} INFO - Updated row with Video_ID: oo8ve4Ldpck
[2026-09-29T16:29:35.749+0000] {data_modification.py:56} INFO - Updated row with Video_ID: g0IrVKXIbmE
[2026-09-29T16:29:35.752+0000] {data_modification.py:56} INFO - Updated row with Video_ID: 2Om2M4_Kyd0
[2026-09-29T16:29:35.754+0000] {data_modification.py:56} INFO - Updated row with Video_ID: KaaEivIqX6M
[2026-09-29T16:29:35.757+0000] {data_modification.py:56} INFO - Updated row with Video_ID: W4gBpws7Ug8
[2026-09-29T16:29:35.759+0000] {data_modification.py:56} INFO - Updated row with Video_ID: NT3EkjxO8hs
[2026-09-29T16:29:35.762+0000] {data_modification.py:56} INFO - Updated row with Video_ID: syMozMiJneM
[2026-09-29T16:29:35.764+0000] {data_modification.py:56} INFO - Updated row with Video_ID: Wt6cMjn3YLg
[2026-09-29T16:29:35.767+0000] {data_modification.py:56} INFO - Updated row with Video_ID: OEuS7fjMlMc
[2026-09-29T16:29:35.769+0000] {data_modification.py:56} INFO - Updated row with Video_ID: 1Pr-R2nKTY4
[2026-09-29T16:29:35.771+0000] {data_modification.py:56} INFO - Updated row with Video_ID: QqdUhn99E-s
[2026-09-29T16:29:35.774+0000] {data_modification.py:56} INFO - Updated row with Video_ID: 1UygJmcHUdQ
[2026-09-29T16:29:35.776+0000] {data_modification.py:56} INFO - Updated row with Video_ID: g4DAFnZcCcQ
[2026-09-29T16:29:35.778+0000] {data_modification.py:56} INFO - Updated row with Video_ID: LTr8cXAxy1I
[2026-09-29T16:29:35.781+0000] {data_modification.py:56} INFO - Updated row with Video_ID: Ow3xqv7ahXo
[2026-09-29T16:29:35.783+0000] {data_modification.py:56} INFO - Updated row with Video_ID: YY2-jJojnOA
[2026-09-29T16:29:35.785+0000] {data_modification.py:56} INFO - Updated row with Video_ID: 7Pogam71094
[2026-09-29T16:29:35.788+0000] {data_modification.py:56} INFO - Updated row with Video_ID: DL0OPJ2hahc
[2026-09-29T16:29:35.790+0000] {data_modification.py:56} INFO - Updated row with Video_ID: WwE0tR08OTU
[2026-09-29T16:29:35.792+0000] {data_modification.py:56} INFO - Updated row with Video_ID: 2LIJtcI4dbg
[2026-09-29T16:29:35.795+0000] {data_modification.py:56} INFO - Updated row with Video_ID: rXnaD7PU9kY
[2026-09-29T16:29:35.797+0000] {data_modification.py:56} INFO - Updated row with Video_ID: Ng_qwlvhrJo
[2026-09-29T16:29:35.799+0000] {data_modification.py:56} INFO - Updated row with Video_ID: bzIPun3cVsw
[2026-09-29T16:29:35.802+0000] {data_modification.py:56} INFO - Updated row with Video_ID: miKQkeq5sbU
[2026-09-29T16:29:35.804+0000] {data_modification.py:56} INFO - Updated row with Video_ID: Lwt_VThQIdM
[2026-09-29T16:29:35.807+0000] {data_modification.py:56} INFO - Updated row with Video_ID: P2oPACr4uuU
[2026-09-29T16:29:35.809+0000] {data_modification.py:56} INFO - Updated row with Video_ID: h-D6ukDcS9o
[2026-09-29T16:29:35.812+0000] {data_modification.py:56} INFO - Updated row with Video_ID: mY77HA20MzA
[2026-09-29T16:29:35.815+0000] {data_modification.py:56} INFO - Updated row with Video_ID: 4krBgDFycgY
[2026-09-29T16:29:35.817+0000] {data_modification.py:56} INFO - Updated row with Video_ID: dpUxRIqbNlc
[2026-09-29T16:29:35.820+0000] {data_modification.py:56} INFO - Updated row with Video_ID: Cp431S5z8PE
[2026-09-29T16:29:35.822+0000] {data_modification.py:56} INFO - Updated row with Video_ID: vuOTP206zWM
[2026-09-29T16:29:35.825+0000] {data_modification.py:56} INFO - Updated row with Video_ID: J590MYm0SY8
[2026-09-29T16:29:35.828+0000] {data_modification.py:56} INFO - Updated row with Video_ID: vGB2d5cQJpY
[2026-09-29T16:29:35.831+0000] {data_modification.py:56} INFO - Updated row with Video_ID: M94G0iKYiSM
[2026-09-29T16:29:35.833+0000] {data_modification.py:56} INFO - Updated row with Video_ID: pGYyUssWLTA
[2026-09-29T16:29:35.836+0000] {data_modification.py:56} INFO - Updated row with Video_ID: j7kM8G_AjuY
[2026-09-29T16:29:35.838+0000] {data_modification.py:56} INFO - Updated row with Video_ID: deK-My3Of0o
[2026-09-29T16:29:35.841+0000] {data_modification.py:56} INFO - Updated row with Video_ID: X9eXa-Uzuj0
[2026-09-29T16:29:35.843+0000] {data_modification.py:56} INFO - Updated row with Video_ID: GxTVDClFXuc
[2026-09-29T16:29:35.846+0000] {data_modification.py:56} INFO - Updated row with Video_ID: kGaq-Qi9hoE
[2026-09-29T16:29:35.849+0000] {data_modification.py:56} INFO - Updated row with Video_ID: 9zFfp3gzZ88
[2026-09-29T16:29:35.852+0000] {data_modification.py:56} INFO - Updated row with Video_ID: mM2KwBYa-u4
[2026-09-29T16:29:35.855+0000] {data_modification.py:56} INFO - Updated row with Video_ID: WAcmsAISniQ
[2026-09-29T16:29:35.858+0000] {data_modification.py:56} INFO - Updated row with Video_ID: kqUT-s3a6tU
[2026-09-29T16:29:35.862+0000] {data_modification.py:56} INFO - Updated row with Video_ID: NUVglXbGBfs
[2026-09-29T16:29:35.865+0000] {data_modification.py:56} INFO - Updated row with Video_ID: T-v4b3WtPAg
[2026-09-29T16:29:35.868+0000] {data_modification.py:56} INFO - Updated row with Video_ID: m8qGlpcfAIw
[2026-09-29T16:29:35.871+0000] {data_modification.py:56} INFO - Updated row with Video_ID: uZPkMnv8b-o
[2026-09-29T16:29:35.874+0000] {data_modification.py:56} INFO - Updated row with Video_ID: qVLr6SMxvJw
[2026-09-29T16:29:35.878+0000] {data_modification.py:56} INFO - Updated row with Video_ID: 4AigP5OY8JE
[2026-09-29T16:29:35.881+0000] {data_modification.py:56} INFO - Updated row with Video_ID: RMoFUeBVefA
[2026-09-29T16:29:35.884+0000] {data_modification.py:56} INFO - Updated row with Video_ID: ep7S1XnuQLU
[2026-09-29T16:29:35.887+0000] {data_modification.py:56} INFO - Updated row with Video_ID: cpI5lCaqZcQ
[2026-09-29T16:29:35.890+0000] {data_modification.py:56} INFO - Updated row with Video_ID: 6zQhLOw1nw8
[2026-09-29T16:29:35.893+0000] {data_modification.py:56} INFO - Updated row with Video_ID: mfvi_jgdVqE
[2026-09-29T16:29:35.895+0000] {data_modification.py:56} INFO - Updated row with Video_ID: zExxMxcoJ6A
[2026-09-29T16:29:35.898+0000] {data_modification.py:56} INFO - Updated row with Video_ID: TRiF8PdrIP8
[2026-09-29T16:29:35.901+0000] {data_modification.py:56} INFO - Updated row with Video_ID: NFZ_MtTvwm0
[2026-09-29T16:29:35.903+0000] {data_modification.py:56} INFO - Updated row with Video_ID: gYaxI_allkQ
[2026-09-29T16:29:35.906+0000] {data_modification.py:56} INFO - Updated row with Video_ID: AjXbO2XfBkE
[2026-09-29T16:29:35.909+0000] {data_modification.py:56} INFO - Updated row with Video_ID: ZQZzR0DUujc
[2026-09-29T16:29:35.912+0000] {data_modification.py:56} INFO - Updated row with Video_ID: -V3-fhJQZkk
[2026-09-29T16:29:35.914+0000] {data_modification.py:56} INFO - Updated row with Video_ID: QX0wvWGW2qg
[2026-09-29T16:29:35.917+0000] {data_modification.py:56} INFO - Updated row with Video_ID: oODUkNQAzXU
[2026-09-29T16:29:35.919+0000] {data_modification.py:56} INFO - Updated row with Video_ID: 2jWZtKTN6jU
[2026-09-29T16:29:35.922+0000] {data_modification.py:56} INFO - Updated row with Video_ID: zsADECFHY8w
[2026-09-29T16:29:35.925+0000] {data_modification.py:56} INFO - Updated row with Video_ID: Feh8o-HmthM
[2026-09-29T16:29:35.927+0000] {data_modification.py:56} INFO - Updated row with Video_ID: 6Xv-LVYZQxk
[2026-09-29T16:29:35.930+0000] {data_modification.py:56} INFO - Updated row with Video_ID: 8-0ZHJHp9g4
[2026-09-29T16:29:35.932+0000] {data_modification.py:56} INFO - Updated row with Video_ID: QqIG0R-KpGk
[2026-09-29T16:29:35.935+0000] {data_modification.py:56} INFO - Updated row with Video_ID: qENpZBzgaUM
[2026-09-29T16:29:35.937+0000] {data_modification.py:56} INFO - Updated row with Video_ID: CnMv_zTXZ38
[2026-09-29T16:29:35.940+0000] {data_modification.py:56} INFO - Updated row with Video_ID: bEIK5ni_Pzs
[2026-09-29T16:29:35.943+0000] {data_modification.py:56} INFO - Updated row with Video_ID: _oZyp4mTzSQ
[2026-09-29T16:29:35.945+0000] {data_modification.py:56} INFO - Updated row with Video_ID: is1LSWbssuA
[2026-09-29T16:29:35.948+0000] {data_modification.py:56} INFO - Updated row with Video_ID: XR_q9_LEKuc
[2026-09-29T16:29:35.950+0000] {data_modification.py:56} INFO - Updated row with Video_ID: X9UiBpDHW3w
[2026-09-29T16:29:35.953+0000] {data_modification.py:56} INFO - Updated row with Video_ID: PRU47AuQF2M
[2026-09-29T16:29:35.956+0000] {data_modification.py:56} INFO - Updated row with Video_ID: Y3Rxgf5_R_I
[2026-09-29T16:29:35.958+0000] {data_modification.py:56} INFO - Updated row with Video_ID: R6zuvKbvKyU
[2026-09-29T16:29:35.961+0000] {data_modification.py:56} INFO - Updated row with Video_ID: yCKe65Nvp0Q
[2026-09-29T16:29:35.963+0000] {data_modification.py:56} INFO - Updated row with Video_ID: XBe57FyB2xU
[2026-09-29T16:29:35.966+0000] {data_modification.py:56} INFO - Updated row with Video_ID: zpCwHwWgbsI
[2026-09-29T16:29:35.968+0000] {data_modification.py:56} INFO - Updated row with Video_ID: yWnmEPgLroQ
[2026-09-29T16:29:35.971+0000] {data_modification.py:56} INFO - Updated row with Video_ID: eBklqeeIu10
[2026-09-29T16:29:35.973+0000] {data_modification.py:56} INFO - Updated row with Video_ID: SgMydsOucFg
[2026-09-29T16:29:35.975+0000] {data_modification.py:56} INFO - Updated row with Video_ID: jPm3hRiMKuU
[2026-09-29T16:29:35.978+0000] {data_modification.py:56} INFO - Updated row with Video_ID: OweuuinkVZI
[2026-09-29T16:29:35.981+0000] {data_modification.py:56} INFO - Updated row with Video_ID: 7Pr0HP-Trgk
[2026-09-29T16:29:35.983+0000] {data_modification.py:56} INFO - Updated row with Video_ID: UEK0fYAqMss
[2026-09-29T16:29:35.986+0000] {data_modification.py:56} INFO - Updated row with Video_ID: lRznKN2oPUc
[2026-09-29T16:29:35.988+0000] {data_modification.py:56} INFO - Updated row with Video_ID: IDrS_TrjuK4
[2026-09-29T16:29:35.990+0000] {data_modification.py:56} INFO - Updated row with Video_ID: J1lhxfZtR3M
[2026-09-29T16:29:35.992+0000] {data_modification.py:56} INFO - Updated row with Video_ID: b_o8cz0ZNdk
[2026-09-29T16:29:35.994+0000] {data_modification.py:56} INFO - Updated row with Video_ID: i5dhcAxO25Q
[2026-09-29T16:29:35.997+0000] {data_modification.py:56} INFO - Updated row with Video_ID: -o_8CDbFMJ0
[2026-09-29T16:29:35.999+0000] {data_modification.py:56} INFO - Updated row with Video_ID: v5J1Cycn3s8
[2026-09-29T16:29:36.001+0000] {data_modification.py:56} INFO - Updated row with Video_ID: YJiqYG-Mylk
[2026-09-29T16:29:36.003+0000] {data_modification.py:56} INFO - Updated row with Video_ID: jGE1sUTeR5g
[2026-09-29T16:29:36.005+0000] {data_modification.py:56} INFO - Updated row with Video_ID: 0tZCQ25fsoI
[2026-09-29T16:29:36.007+0000] {data_modification.py:56} INFO - Updated row with Video_ID: N9jTogPwqVY
[2026-09-29T16:29:36.009+0000] {data_modification.py:56} INFO - Updated row with Video_ID: yyJ7xEcENNI
[2026-09-29T16:29:36.011+0000] {data_modification.py:56} INFO - Updated row with Video_ID: 3rJgCGMPEqA
[2026-09-29T16:29:36.013+0000] {data_modification.py:56} INFO - Updated row with Video_ID: 7isfkomGg7o
[2026-09-29T16:29:36.015+0000] {data_modification.py:56} INFO - Updated row with Video_ID: UCYefSGBP00
[2026-09-29T16:29:36.018+0000] {data_modification.py:56} INFO - Updated row with Video_ID: dvdGkRK5a_0
[2026-09-29T16:29:36.020+0000] {data_modification.py:56} INFO - Updated row with Video_ID: X7doE4h6W64
[2026-09-29T16:29:36.022+0000] {data_modification.py:56} INFO - Updated row with Video_ID: QkXDatNdL4U
[2026-09-29T16:29:36.024+0000] {data_modification.py:56} INFO - Updated row with Video_ID: hyt2t4r8lQ4
[2026-09-29T16:29:36.026+0000] {data_modification.py:56} INFO - Updated row with Video_ID: -mlok5iT3GE
[2026-09-29T16:29:36.028+0000] {data_modification.py:56} INFO - Updated row with Video_ID: STvOHHgJ1sQ
[2026-09-29T16:29:36.030+0000] {data_modification.py:56} INFO - Updated row with Video_ID: 2-ErX5oDzwM
[2026-09-29T16:29:36.032+0000] {data_modification.py:56} INFO - Updated row with Video_ID: 7ytYV-tVIvg
[2026-09-29T16:29:36.034+0000] {data_modification.py:56} INFO - Updated row with Video_ID: ELIoOUKSOJQ
[2026-09-29T16:29:36.036+0000] {data_modification.py:56} INFO - Updated row with Video_ID: uAoayezOaug
[2026-09-29T16:29:36.038+0000] {data_modification.py:56} INFO - Updated row with Video_ID: 6T17licWsQ4
[2026-09-29T16:29:36.040+0000] {data_modification.py:56} INFO - Updated row with Video_ID: 3LuchpUc7PU
[2026-09-29T16:29:36.042+0000] {data_modification.py:56} INFO - Updated row with Video_ID: _f6xCA0-gAo
[2026-09-29T16:29:36.044+0000] {data_modification.py:56} INFO - Updated row with Video_ID: lfD7kMZKuNg
[2026-09-29T16:29:36.046+0000] {data_modification.py:56} INFO - Updated row with Video_ID: ejlkNGm82w4
[2026-09-29T16:29:36.048+0000] {data_modification.py:56} INFO - Updated row with Video_ID: 94A-bsumX9A
[2026-09-29T16:29:36.052+0000] {data_modification.py:56} INFO - Updated row with Video_ID: TacjQmKCiZg
[2026-09-29T16:29:36.055+0000] {data_modification.py:56} INFO - Updated row with Video_ID: AIytwdufwW8
[2026-09-29T16:29:36.057+0000] {data_modification.py:56} INFO - Updated row with Video_ID: UVin8WtE5eU
[2026-09-29T16:29:36.060+0000] {data_modification.py:56} INFO - Updated row with Video_ID: wNuxirsrwBk
[2026-09-29T16:29:36.062+0000] {data_modification.py:56} INFO - Updated row with Video_ID: 6bxZpS0cm5o
[2026-09-29T16:29:36.064+0000] {data_modification.py:56} INFO - Updated row with Video_ID: ajJbMGq9AS4
[2026-09-29T16:29:36.068+0000] {data_modification.py:56} INFO - Updated row with Video_ID: UXw9jqgJNNc
[2026-09-29T16:29:36.071+0000] {data_modification.py:56} INFO - Updated row with Video_ID: E3CqKvlzl-I
[2026-09-29T16:29:36.074+0000] {data_modification.py:56} INFO - Updated row with Video_ID: zfDr05ax0gM
[2026-09-29T16:29:36.076+0000] {data_modification.py:56} INFO - Updated row with Video_ID: 56OkH6ocYZU
[2026-09-29T16:29:36.078+0000] {data_modification.py:56} INFO - Updated row with Video_ID: w40Z8aT5fpQ
[2026-09-29T16:29:36.080+0000] {data_modification.py:56} INFO - Updated row with Video_ID: zgDezsMQyyU
[2026-09-29T16:29:36.082+0000] {data_modification.py:56} INFO - Updated row with Video_ID: UEwnitHoSDw
[2026-09-29T16:29:36.085+0000] {data_modification.py:56} INFO - Updated row with Video_ID: __SaaKSW9iE
[2026-09-29T16:29:36.087+0000] {data_modification.py:56} INFO - Updated row with Video_ID: qWnyJ55KBKo
[2026-09-29T16:29:36.090+0000] {data_modification.py:56} INFO - Updated row with Video_ID: 52awie9G00A
[2026-09-29T16:29:36.092+0000] {data_modification.py:56} INFO - Updated row with Video_ID: bB99NdUoxEQ
[2026-09-29T16:29:36.094+0000] {data_modification.py:56} INFO - Updated row with Video_ID: 7GjSaNi8Epg
[2026-09-29T16:29:36.096+0000] {data_modification.py:56} INFO - Updated row with Video_ID: h5uE4ERMiTk
[2026-09-29T16:29:36.099+0000] {data_modification.py:56} INFO - Updated row with Video_ID: umRLkCrmwcs
[2026-09-29T16:29:36.101+0000] {data_modification.py:56} INFO - Updated row with Video_ID: rHoLyltYDtQ
[2026-09-29T16:29:36.104+0000] {data_modification.py:56} INFO - Updated row with Video_ID: yeHjsYQ076A
[2026-09-29T16:29:36.106+0000] {data_modification.py:56} INFO - Updated row with Video_ID: qr4v9pdfVlU
[2026-09-29T16:29:36.108+0000] {data_modification.py:56} INFO - Updated row with Video_ID: hgiPX33AHas
[2026-09-29T16:29:36.110+0000] {data_modification.py:56} INFO - Updated row with Video_ID: oZ-Mn5p1xMw
[2026-09-29T16:29:36.112+0000] {data_modification.py:56} INFO - Updated row with Video_ID: 5UPa_hu5opg
[2026-09-29T16:29:36.114+0000] {data_modification.py:56} INFO - Updated row with Video_ID: zv_oq5UNDAo
[2026-09-29T16:29:36.116+0000] {data_modification.py:56} INFO - Updated row with Video_ID: NiqkH7qVW0U
[2026-09-29T16:29:36.118+0000] {data_modification.py:56} INFO - Updated row with Video_ID: boBokLXe5o8
[2026-09-29T16:29:36.120+0000] {data_modification.py:56} INFO - Updated row with Video_ID: 7YOzgk-U4EU
[2026-09-29T16:29:36.122+0000] {data_modification.py:56} INFO - Updated row with Video_ID: prdSftLj9-g
[2026-09-29T16:29:36.124+0000] {data_modification.py:56} INFO - Updated row with Video_ID: pzlPJmNyepA
[2026-09-29T16:29:36.126+0000] {data_modification.py:56} INFO - Updated row with Video_ID: QNoqAnJOSqU
[2026-09-29T16:29:36.130+0000] {data_modification.py:56} INFO - Updated row with Video_ID: kzIA4vKyhRQ
[2026-09-29T16:29:36.133+0000] {data_modification.py:56} INFO - Updated row with Video_ID: DfonKqMENrg
[2026-09-29T16:29:36.135+0000] {data_modification.py:56} INFO - Updated row with Video_ID: MUQCwdkEbq0
[2026-09-29T16:29:36.137+0000] {data_modification.py:56} INFO - Updated row with Video_ID: JlUzoQN9FWw
[2026-09-29T16:29:36.140+0000] {data_modification.py:56} INFO - Updated row with Video_ID: uCIpW9zOmgI
[2026-09-29T16:29:36.142+0000] {data_modification.py:56} INFO - Updated row with Video_ID: Z0Poefgrs4w
[2026-09-29T16:29:36.144+0000] {data_modification.py:56} INFO - Updated row with Video_ID: MLN6TRB9Jxw
[2026-09-29T16:29:36.147+0000] {data_modification.py:56} INFO - Updated row with Video_ID: vZrL_FFITgs
[2026-09-29T16:29:36.149+0000] {data_modification.py:56} INFO - Updated row with Video_ID: L7lGD_anC00
[2026-09-29T16:29:36.152+0000] {data_modification.py:56} INFO - Updated row with Video_ID: xu1nhAfnMGA
[2026-09-29T16:29:36.154+0000] {data_modification.py:56} INFO - Updated row with Video_ID: D1livXdFGkQ
[2026-09-29T16:29:36.156+0000] {data_modification.py:56} INFO - Updated row with Video_ID: bwp_3qLgWpQ
[2026-09-29T16:29:36.158+0000] {data_modification.py:56} INFO - Updated row with Video_ID: tZpnfF0-7Ls
[2026-09-29T16:29:36.160+0000] {data_modification.py:56} INFO - Updated row with Video_ID: BwAMltY3-c0
[2026-09-29T16:29:36.164+0000] {data_modification.py:56} INFO - Updated row with Video_ID: Ds9H2UnUHL0
[2026-09-29T16:29:36.167+0000] {data_modification.py:56} INFO - Updated row with Video_ID: iqUFeWAVp-0
[2026-09-29T16:29:36.169+0000] {data_modification.py:56} INFO - Updated row with Video_ID: W2skFWRk6qo
[2026-09-29T16:29:36.171+0000] {data_modification.py:56} INFO - Updated row with Video_ID: X_qd-1xSTFA
[2026-09-29T16:29:36.173+0000] {data_modification.py:56} INFO - Updated row with Video_ID: VWa0ImMY2bQ
[2026-09-29T16:29:36.176+0000] {data_modification.py:56} INFO - Updated row with Video_ID: fEcASr38n2E
[2026-09-29T16:29:36.179+0000] {data_modification.py:56} INFO - Updated row with Video_ID: udmf5MQLNGA
[2026-09-29T16:29:36.182+0000] {data_modification.py:56} INFO - Updated row with Video_ID: 0dg2eR2NSQ0
[2026-09-29T16:29:36.185+0000] {data_modification.py:56} INFO - Updated row with Video_ID: D51HaR-XvgM
[2026-09-29T16:29:36.187+0000] {data_modification.py:56} INFO - Updated row with Video_ID: Rio7r_vLUEo
[2026-09-29T16:29:36.189+0000] {data_modification.py:56} INFO - Updated row with Video_ID: 8E5Ygl02wtM
[2026-09-29T16:29:36.192+0000] {data_modification.py:56} INFO - Updated row with Video_ID: moMJjt5KECc
[2026-09-29T16:29:36.195+0000] {data_modification.py:56} INFO - Updated row with Video_ID: OffgqPzDi7Q
[2026-09-29T16:29:36.197+0000] {data_modification.py:56} INFO - Updated row with Video_ID: B_7uD3B62MM
[2026-09-29T16:29:36.199+0000] {data_modification.py:56} INFO - Updated row with Video_ID: bA20RJcegOI
[2026-09-29T16:29:36.202+0000] {data_modification.py:56} INFO - Updated row with Video_ID: NV7qmqbS8tM
[2026-09-29T16:29:36.204+0000] {data_modification.py:56} INFO - Updated row with Video_ID: U9c-ycvw02A
[2026-09-29T16:29:36.206+0000] {data_modification.py:56} INFO - Updated row with Video_ID: GfgcVOuHLAo
[2026-09-29T16:29:36.209+0000] {data_modification.py:56} INFO - Updated row with Video_ID: zi7tZ-2PhLk
[2026-09-29T16:29:36.211+0000] {data_modification.py:56} INFO - Updated row with Video_ID: pqrdPu2ESFo
[2026-09-29T16:29:36.214+0000] {data_modification.py:56} INFO - Updated row with Video_ID: ywZy_Fo2ydo
[2026-09-29T16:29:36.216+0000] {data_modification.py:56} INFO - Updated row with Video_ID: 460GXJiGCEs
[2026-09-29T16:29:36.218+0000] {data_modification.py:56} INFO - Updated row with Video_ID: ZiuoOcj2eLY
[2026-09-29T16:29:36.222+0000] {data_modification.py:56} INFO - Updated row with Video_ID: LYK6SPMtJ_Y
[2026-09-29T16:29:36.225+0000] {data_modification.py:56} INFO - Updated row with Video_ID: 2ljWxaMvE_0
[2026-09-29T16:29:36.227+0000] {data_modification.py:56} INFO - Updated row with Video_ID: vKKhX-Uyggw
[2026-09-29T16:29:36.231+0000] {data_modification.py:56} INFO - Updated row with Video_ID: EAwXH82m-6A
[2026-09-29T16:29:36.235+0000] {data_modification.py:56} INFO - Updated row with Video_ID: U_07AG_CR5A
[2026-09-29T16:29:36.238+0000] {data_modification.py:56} INFO - Updated row with Video_ID: Xe0AGtF5aNU
[2026-09-29T16:29:36.241+0000] {data_modification.py:56} INFO - Updated row with Video_ID: NCv0drAPm_M
[2026-09-29T16:29:36.244+0000] {data_modification.py:56} INFO - Updated row with Video_ID: HuLAAXZXIy0
[2026-09-29T16:29:36.246+0000] {data_modification.py:56} INFO - Updated row with Video_ID: pV7UcYW1OwA
[2026-09-29T16:29:36.249+0000] {data_modification.py:56} INFO - Updated row with Video_ID: x4IXCimma-s
[2026-09-29T16:29:36.251+0000] {data_modification.py:56} INFO - Updated row with Video_ID: anZbhN0Wh_4
[2026-09-29T16:29:36.254+0000] {data_modification.py:56} INFO - Updated row with Video_ID: 3Q3pQmzWyZM
[2026-09-29T16:29:36.258+0000] {data_modification.py:56} INFO - Updated row with Video_ID: BqS4iVHa-LU
[2026-09-29T16:29:36.261+0000] {data_modification.py:56} INFO - Updated row with Video_ID: zX04jQFKCpo
[2026-09-29T16:29:36.264+0000] {data_modification.py:56} INFO - Updated row with Video_ID: G7Y9ban7b0U
[2026-09-29T16:29:36.267+0000] {data_modification.py:56} INFO - Updated row with Video_ID: EMVvA5Cr0fY
[2026-09-29T16:29:36.269+0000] {data_modification.py:56} INFO - Updated row with Video_ID: e14MroQ5k_s
[2026-09-29T16:29:36.271+0000] {data_modification.py:56} INFO - Updated row with Video_ID: CuzdxsOXEZ8
[2026-09-29T16:29:36.274+0000] {data_modification.py:56} INFO - Updated row with Video_ID: 67Wj-0OyKOM
[2026-09-29T16:29:36.276+0000] {data_modification.py:56} INFO - Updated row with Video_ID: LWstCINhd8g
[2026-09-29T16:29:36.279+0000] {data_modification.py:56} INFO - Updated row with Video_ID: dg6iqLCPizs
[2026-09-29T16:29:36.281+0000] {data_modification.py:56} INFO - Updated row with Video_ID: cRPldarzw-M
[2026-09-29T16:29:36.283+0000] {data_modification.py:56} INFO - Updated row with Video_ID: -rdYtmUejSE
[2026-09-29T16:29:36.286+0000] {data_modification.py:56} INFO - Updated row with Video_ID: tusuuI7MEJU
[2026-09-29T16:29:36.289+0000] {data_modification.py:56} INFO - Updated row with Video_ID: XDe5f8BEvwY
[2026-09-29T16:29:36.292+0000] {data_modification.py:56} INFO - Updated row with Video_ID: BtCGABBPH9s
[2026-09-29T16:29:36.295+0000] {data_modification.py:56} INFO - Updated row with Video_ID: KJ_C_NSl0P8
[2026-09-29T16:29:36.298+0000] {data_modification.py:56} INFO - Updated row with Video_ID: LI8nWXeYtOs
[2026-09-29T16:29:36.301+0000] {data_modification.py:56} INFO - Updated row with Video_ID: LMe7k8I082w
[2026-09-29T16:29:36.304+0000] {data_modification.py:56} INFO - Updated row with Video_ID: h77pHTSPSiw
[2026-09-29T16:29:36.306+0000] {data_modification.py:56} INFO - Updated row with Video_ID: gpbY6zCEBv4
[2026-09-29T16:29:36.309+0000] {data_modification.py:56} INFO - Updated row with Video_ID: Kgu2ApayYvI
[2026-09-29T16:29:36.311+0000] {data_modification.py:56} INFO - Updated row with Video_ID: S9PIukDRcvk
[2026-09-29T16:29:36.313+0000] {data_modification.py:56} INFO - Updated row with Video_ID: lrw3zkGS9Vc
[2026-09-29T16:29:36.316+0000] {data_modification.py:56} INFO - Updated row with Video_ID: IQYW_lVBYGo
[2026-09-29T16:29:36.319+0000] {data_modification.py:56} INFO - Updated row with Video_ID: iOjxpow6jow
[2026-09-29T16:29:36.321+0000] {data_modification.py:56} INFO - Updated row with Video_ID: GdD2pqAdjXY
[2026-09-29T16:29:36.323+0000] {data_modification.py:56} INFO - Updated row with Video_ID: nmHCmLVLxcU
[2026-09-29T16:29:36.326+0000] {data_modification.py:56} INFO - Updated row with Video_ID: TZPlDuYrcDQ
[2026-09-29T16:29:36.328+0000] {data_modification.py:56} INFO - Updated row with Video_ID: Oub4nMrNTqQ
[2026-09-29T16:29:36.330+0000] {data_modification.py:56} INFO - Updated row with Video_ID: h5Z36IuyrKc
[2026-09-29T16:29:36.333+0000] {data_modification.py:56} INFO - Updated row with Video_ID: 2IGxSOfsBok
[2026-09-29T16:29:36.335+0000] {data_modification.py:56} INFO - Updated row with Video_ID: ZxkLCq49Tvk
[2026-09-29T16:29:36.338+0000] {data_modification.py:56} INFO - Updated row with Video_ID: smDPnIdlkhM
[2026-09-29T16:29:36.340+0000] {data_modification.py:56} INFO - Updated row with Video_ID: DjMYkWCEan8
[2026-09-29T16:29:36.342+0000] {data_modification.py:56} INFO - Updated row with Video_ID: 3nn_skHgkqI
[2026-09-29T16:29:36.344+0000] {data_modification.py:56} INFO - Updated row with Video_ID: A8IkOqb_7Yg
[2026-09-29T16:29:36.347+0000] {data_modification.py:56} INFO - Updated row with Video_ID: hHl_YMivv3c
[2026-09-29T16:29:36.349+0000] {data_modification.py:56} INFO - Updated row with Video_ID: 7mLSbgyjM0g
[2026-09-29T16:29:36.351+0000] {data_modification.py:56} INFO - Updated row with Video_ID: TGKkMl17Htg
[2026-09-29T16:29:36.353+0000] {data_modification.py:56} INFO - Updated row with Video_ID: Qw3eFnsSdlQ
[2026-09-29T16:29:36.356+0000] {data_modification.py:56} INFO - Updated row with Video_ID: KcNCJ1mgt14
[2026-09-29T16:29:36.358+0000] {data_modification.py:56} INFO - Updated row with Video_ID: A4lp4FRCo6o
[2026-09-29T16:29:36.360+0000] {data_modification.py:56} INFO - Updated row with Video_ID: WYKZz3Zygdc
[2026-09-29T16:29:36.362+0000] {data_modification.py:56} INFO - Updated row with Video_ID: 5U2fmvh9_Is
[2026-09-29T16:29:36.365+0000] {data_modification.py:56} INFO - Updated row with Video_ID: xvIpibLjs5k
[2026-09-29T16:29:36.367+0000] {data_modification.py:56} INFO - Updated row with Video_ID: jlpAON0ePME
[2026-09-29T16:29:36.369+0000] {data_modification.py:56} INFO - Updated row with Video_ID: RaDRWNz3Al4
[2026-09-29T16:29:36.372+0000] {data_modification.py:56} INFO - Updated row with Video_ID: Ms9MGkEm4mg
[2026-09-29T16:29:36.374+0000] {data_modification.py:56} INFO - Updated row with Video_ID: 90wWStXJX5c
[2026-09-29T16:29:36.376+0000] {data_modification.py:56} INFO - Updated row with Video_ID: ruSVy-u2DzM
[2026-09-29T16:29:36.378+0000] {data_modification.py:56} INFO - Updated row with Video_ID: pP1KMQb51GA
[2026-09-29T16:29:36.381+0000] {data_modification.py:56} INFO - Updated row with Video_ID: dPxAFqs2eYE
[2026-09-29T16:29:36.384+0000] {data_modification.py:56} INFO - Updated row with Video_ID: p-KVD5rA_Cw
[2026-09-29T16:29:36.387+0000] {data_modification.py:56} INFO - Updated row with Video_ID: VzsE09KjpKA
[2026-09-29T16:29:36.389+0000] {data_modification.py:56} INFO - Updated row with Video_ID: HduubRTdko4
[2026-09-29T16:29:36.391+0000] {data_modification.py:56} INFO - Updated row with Video_ID: qFOGv5zuTdw
[2026-09-29T16:29:36.393+0000] {data_modification.py:56} INFO - Updated row with Video_ID: u6t4jrhs56Q
[2026-09-29T16:29:36.396+0000] {data_modification.py:56} INFO - Updated row with Video_ID: v3tbnlc5cfo
[2026-09-29T16:29:36.398+0000] {data_modification.py:56} INFO - Updated row with Video_ID: ObYLL97-SBA
[2026-09-29T16:29:36.401+0000] {data_modification.py:56} INFO - Updated row with Video_ID: IaR7P4-wFK8
[2026-09-29T16:29:36.403+0000] {data_modification.py:56} INFO - Updated row with Video_ID: v1ELS84GQu8
[2026-09-29T16:29:36.406+0000] {data_modification.py:56} INFO - Updated row with Video_ID: ctJORnOjbrQ
[2026-09-29T16:29:36.408+0000] {data_modification.py:56} INFO - Updated row with Video_ID: -hrPQFaDVKQ
[2026-09-29T16:29:36.411+0000] {data_modification.py:56} INFO - Updated row with Video_ID: bIZ5_L1ru2w
[2026-09-29T16:29:36.413+0000] {data_modification.py:56} INFO - Updated row with Video_ID: 2bwPntvb90U
[2026-09-29T16:29:36.415+0000] {data_modification.py:56} INFO - Updated row with Video_ID: Wz1VHTZq16c
[2026-09-29T16:29:36.418+0000] {data_modification.py:56} INFO - Updated row with Video_ID: Cs-kyTJso-A
[2026-09-29T16:29:36.420+0000] {data_modification.py:56} INFO - Updated row with Video_ID: jkqd-oc0F00
[2026-09-29T16:29:36.422+0000] {data_modification.py:56} INFO - Updated row with Video_ID: mVkT6Cd9SoI
[2026-09-29T16:29:36.425+0000] {data_modification.py:56} INFO - Updated row with Video_ID: rffyxTTNkyk
[2026-09-29T16:29:36.427+0000] {data_modification.py:56} INFO - Updated row with Video_ID: OOesLeO6-pc
[2026-09-29T16:29:36.430+0000] {data_modification.py:56} INFO - Updated row with Video_ID: bWDmDsdvoBs
[2026-09-29T16:29:36.432+0000] {data_modification.py:56} INFO - Updated row with Video_ID: OJA1QK-j-Oo
[2026-09-29T16:29:36.435+0000] {data_modification.py:56} INFO - Updated row with Video_ID: KL1X8NsVGd0
[2026-09-29T16:29:36.438+0000] {data_modification.py:56} INFO - Updated row with Video_ID: q2HoSwCMcZw
[2026-09-29T16:29:36.441+0000] {data_modification.py:56} INFO - Updated row with Video_ID: RRknlgRqOds
[2026-09-29T16:29:36.444+0000] {data_modification.py:56} INFO - Updated row with Video_ID: j93M46a-W3U
[2026-09-29T16:29:36.447+0000] {data_modification.py:56} INFO - Updated row with Video_ID: uqjfMNEWNIg
[2026-09-29T16:29:36.450+0000] {data_modification.py:56} INFO - Updated row with Video_ID: X-g9aT2wFjM
[2026-09-29T16:29:36.453+0000] {data_modification.py:56} INFO - Updated row with Video_ID: pHKlrJeKmjA
[2026-09-29T16:29:36.455+0000] {data_modification.py:56} INFO - Updated row with Video_ID: C82suucz4i4
[2026-09-29T16:29:36.458+0000] {data_modification.py:56} INFO - Updated row with Video_ID: H_DYlka7QAQ
[2026-09-29T16:29:36.461+0000] {data_modification.py:56} INFO - Updated row with Video_ID: MC-7ziNt_U4
[2026-09-29T16:29:36.463+0000] {data_modification.py:56} INFO - Updated row with Video_ID: PNsF1Uh5yP8
[2026-09-29T16:29:36.466+0000] {data_modification.py:56} INFO - Updated row with Video_ID: 9Y2sAtN5yRs
[2026-09-29T16:29:36.468+0000] {data_modification.py:56} INFO - Updated row with Video_ID: -z349CGAOXs
[2026-09-29T16:29:36.470+0000] {data_modification.py:56} INFO - Updated row with Video_ID: pl4xmh3RWfE
[2026-09-29T16:29:36.472+0000] {data_modification.py:56} INFO - Updated row with Video_ID: 6z5RwrvnH28
[2026-09-29T16:29:36.475+0000] {data_modification.py:56} INFO - Updated row with Video_ID: ivdQqobHDPc
[2026-09-29T16:29:36.477+0000] {data_modification.py:56} INFO - Updated row with Video_ID: uUIlb2rpIuY
[2026-09-29T16:29:36.479+0000] {data_modification.py:56} INFO - Updated row with Video_ID: Ros1PpcO5Js
[2026-09-29T16:29:36.481+0000] {data_modification.py:56} INFO - Updated row with Video_ID: KYv1nqutbK0
[2026-09-29T16:29:36.483+0000] {data_modification.py:56} INFO - Updated row with Video_ID: 7Yi-ctyTNU4
[2026-09-29T16:29:36.486+0000] {data_modification.py:56} INFO - Updated row with Video_ID: VN2-3OfUzd8
[2026-09-29T16:29:36.488+0000] {data_modification.py:56} INFO - Updated row with Video_ID: -2IFrMOM36w
[2026-09-29T16:29:36.490+0000] {data_modification.py:56} INFO - Updated row with Video_ID: 7dIFHQkrASM
[2026-09-29T16:29:36.492+0000] {data_modification.py:56} INFO - Updated row with Video_ID: QicO1Gd0kvU
[2026-09-29T16:29:36.494+0000] {data_modification.py:56} INFO - Updated row with Video_ID: yFfcsmK2TOA
[2026-09-29T16:29:36.496+0000] {data_modification.py:56} INFO - Updated row with Video_ID: Jl0-6tbNGBo
[2026-09-29T16:29:36.499+0000] {data_modification.py:56} INFO - Updated row with Video_ID: IAbX0FwX-GY
[2026-09-29T16:29:36.501+0000] {data_modification.py:56} INFO - Updated row with Video_ID: XKSJRulqDNA
[2026-09-29T16:29:36.503+0000] {data_modification.py:56} INFO - Updated row with Video_ID: jysfHFHNjYQ
[2026-09-29T16:29:36.505+0000] {data_modification.py:56} INFO - Updated row with Video_ID: Yox25V8Qsm4
[2026-09-29T16:29:36.508+0000] {data_modification.py:56} INFO - Updated row with Video_ID: clcN3OA8SNw
[2026-09-29T16:29:36.510+0000] {data_modification.py:56} INFO - Updated row with Video_ID: m3lTwO0aNyw
[2026-09-29T16:29:36.513+0000] {data_modification.py:56} INFO - Updated row with Video_ID: gchqnwXlxJw
[2026-09-29T16:29:36.515+0000] {data_modification.py:56} INFO - Updated row with Video_ID: atCPtw4dg7g
[2026-09-29T16:29:36.518+0000] {data_modification.py:56} INFO - Updated row with Video_ID: t8aM4HuVLrQ
[2026-09-29T16:29:36.520+0000] {data_modification.py:56} INFO - Updated row with Video_ID: M82VAcabSiA
[2026-09-29T16:29:36.522+0000] {data_modification.py:56} INFO - Updated row with Video_ID: 7qj3nuF9Dzw
[2026-09-29T16:29:36.524+0000] {data_modification.py:56} INFO - Updated row with Video_ID: Y74b7WlcEpk
[2026-09-29T16:29:36.526+0000] {data_modification.py:56} INFO - Updated row with Video_ID: Z8nEEdXTaX0
[2026-09-29T16:29:36.529+0000] {data_modification.py:56} INFO - Updated row with Video_ID: jP82d277Cc8
[2026-09-29T16:29:36.531+0000] {data_modification.py:56} INFO - Updated row with Video_ID: 2XVcLrB7B3Y
[2026-09-29T16:29:36.533+0000] {data_modification.py:56} INFO - Updated row with Video_ID: v9QtM6qnG50
[2026-09-29T16:29:36.535+0000] {data_modification.py:56} INFO - Updated row with Video_ID: lVylRtlPOIE
[2026-09-29T16:29:36.537+0000] {data_modification.py:56} INFO - Updated row with Video_ID: 7anhkLPRk-A
[2026-09-29T16:29:36.540+0000] {data_modification.py:56} INFO - Updated row with Video_ID: XVMY7B3AzWM
[2026-09-29T16:29:36.542+0000] {data_modification.py:56} INFO - Updated row with Video_ID: QXag-irFHxE
[2026-09-29T16:29:36.544+0000] {data_modification.py:56} INFO - Updated row with Video_ID: vBEGODNmdas
[2026-09-29T16:29:36.546+0000] {data_modification.py:56} INFO - Updated row with Video_ID: p5rGgPZtjDw
[2026-09-29T16:29:36.549+0000] {data_modification.py:56} INFO - Updated row with Video_ID: PryTbmudhS8
[2026-09-29T16:29:36.550+0000] {data_modification.py:56} INFO - Updated row with Video_ID: Oo9EbArcQ1c
[2026-09-29T16:29:36.553+0000] {data_modification.py:56} INFO - Updated row with Video_ID: dc089EZRGcg
[2026-09-29T16:29:36.555+0000] {data_modification.py:56} INFO - Updated row with Video_ID: bn0Kh9c4Zv4
[2026-09-29T16:29:36.557+0000] {data_modification.py:56} INFO - Updated row with Video_ID: U_LlX4t0A9I
[2026-09-29T16:29:36.559+0000] {data_modification.py:56} INFO - Updated row with Video_ID: tnTPaLOaHz8
[2026-09-29T16:29:36.562+0000] {data_modification.py:56} INFO - Updated row with Video_ID: jGAJCAuV3pQ
[2026-09-29T16:29:36.563+0000] {data_modification.py:56} INFO - Updated row with Video_ID: c0v8OPItCOg
[2026-09-29T16:29:36.566+0000] {data_modification.py:56} INFO - Updated row with Video_ID: nM89Wl03Q4g
[2026-09-29T16:29:36.568+0000] {data_modification.py:56} INFO - Updated row with Video_ID: ayXxwJJId_c
[2026-09-29T16:29:36.571+0000] {data_modification.py:56} INFO - Updated row with Video_ID: LeYsRMZFUq0
[2026-09-29T16:29:36.573+0000] {data_modification.py:56} INFO - Updated row with Video_ID: wMuYiLby3-s
[2026-09-29T16:29:36.576+0000] {data_modification.py:56} INFO - Updated row with Video_ID: 0NGWT9COcEI
[2026-09-29T16:29:36.578+0000] {data_modification.py:56} INFO - Updated row with Video_ID: iUzi5JmJNWc
[2026-09-29T16:29:36.580+0000] {data_modification.py:56} INFO - Updated row with Video_ID: 71VpdDb8e6U
[2026-09-29T16:29:36.582+0000] {data_modification.py:56} INFO - Updated row with Video_ID: 3ix_gbcubTo
[2026-09-29T16:29:36.584+0000] {data_modification.py:56} INFO - Updated row with Video_ID: 3TflpIllQHY
[2026-09-29T16:29:36.587+0000] {data_modification.py:56} INFO - Updated row with Video_ID: -0zoWMSEOGg
[2026-09-29T16:29:36.590+0000] {data_modification.py:56} INFO - Updated row with Video_ID: yzGmnjDFuZE
[2026-09-29T16:29:36.592+0000] {data_modification.py:56} INFO - Updated row with Video_ID: dSDBr0WjrwQ
[2026-09-29T16:29:36.594+0000] {data_modification.py:56} INFO - Updated row with Video_ID: LP_mGU3CgXk
[2026-09-29T16:29:36.596+0000] {data_modification.py:56} INFO - Updated row with Video_ID: CHdy9wND1jo
[2026-09-29T16:29:36.598+0000] {data_modification.py:56} INFO - Updated row with Video_ID: Qhdj_Umh1IE
[2026-09-29T16:29:36.600+0000] {data_modification.py:56} INFO - Updated row with Video_ID: EhZ9gHZOZT8
[2026-09-29T16:29:36.602+0000] {data_modification.py:56} INFO - Updated row with Video_ID: HIhUkvAG0o4
[2026-09-29T16:29:36.605+0000] {data_modification.py:56} INFO - Updated row with Video_ID: sKn8Tbp2a-4
[2026-09-29T16:29:36.607+0000] {data_modification.py:56} INFO - Updated row with Video_ID: ttLYXcza4j4
[2026-09-29T16:29:36.609+0000] {data_modification.py:56} INFO - Updated row with Video_ID: 3-f9DEFsh4w
[2026-09-29T16:29:36.611+0000] {data_modification.py:56} INFO - Updated row with Video_ID: oB8kFFvJdhE
[2026-09-29T16:29:36.613+0000] {data_modification.py:56} INFO - Updated row with Video_ID: lh61MVUxJt0
[2026-09-29T16:29:36.615+0000] {data_modification.py:56} INFO - Updated row with Video_ID: GhppzOzN3MM
[2026-09-29T16:29:36.618+0000] {data_modification.py:56} INFO - Updated row with Video_ID: Vr2337tCLCI
[2026-09-29T16:29:36.620+0000] {data_modification.py:56} INFO - Updated row with Video_ID: KLAI0c0Spog
[2026-09-29T16:29:36.623+0000] {data_modification.py:56} INFO - Updated row with Video_ID: 0VjLq-go1fg
[2026-09-29T16:29:36.625+0000] {data_modification.py:56} INFO - Updated row with Video_ID: 7HBR3Ea72CY
[2026-09-29T16:29:36.628+0000] {data_modification.py:56} INFO - Updated row with Video_ID: NbHwVDt9Rjk
[2026-09-29T16:29:36.630+0000] {data_modification.py:56} INFO - Updated row with Video_ID: rSuuQ_s8gOw
[2026-09-29T16:29:36.635+0000] {data_modification.py:56} INFO - Updated row with Video_ID: JUiijjJOInw
[2026-09-29T16:29:36.642+0000] {data_modification.py:56} INFO - Updated row with Video_ID: sfp0a6zDoNQ
[2026-09-29T16:29:36.647+0000] {data_modification.py:56} INFO - Updated row with Video_ID: JdCgkcb1iwQ
[2026-09-29T16:29:36.652+0000] {data_modification.py:56} INFO - Updated row with Video_ID: yyssjJEJMt4
[2026-09-29T16:29:36.655+0000] {data_modification.py:56} INFO - Updated row with Video_ID: ov0KQthQ50U
[2026-09-29T16:29:36.659+0000] {data_modification.py:56} INFO - Updated row with Video_ID: CEJXqm2eiJ0
[2026-09-29T16:29:36.661+0000] {data_modification.py:56} INFO - Updated row with Video_ID: r9aWeGqp43s
[2026-09-29T16:29:36.664+0000] {data_modification.py:56} INFO - Updated row with Video_ID: U-x6KxH1kB4
[2026-09-29T16:29:36.667+0000] {data_modification.py:56} INFO - Updated row with Video_ID: 26QQE7EsnLA
[2026-09-29T16:29:36.670+0000] {data_modification.py:56} INFO - Updated row with Video_ID: zo7i8VTpfNM
[2026-09-29T16:29:36.673+0000] {data_modification.py:56} INFO - Updated row with Video_ID: ZGvn9ywXjpY
[2026-09-29T16:29:36.675+0000] {data_modification.py:56} INFO - Updated row with Video_ID: aKq8bkY5eTU
[2026-09-29T16:29:36.678+0000] {data_modification.py:56} INFO - Updated row with Video_ID: LnlKwzc_TNA
[2026-09-29T16:29:36.680+0000] {data_modification.py:56} INFO - Updated row with Video_ID: vbph9F_pRNI
[2026-09-29T16:29:36.682+0000] {data_modification.py:56} INFO - Updated row with Video_ID: 7ALCsEyn3mg
[2026-09-29T16:29:36.684+0000] {data_modification.py:56} INFO - Updated row with Video_ID: p6bzNpgbX8Y
[2026-09-29T16:29:36.687+0000] {data_modification.py:56} INFO - Updated row with Video_ID: 1s6UOlWdpw4
[2026-09-29T16:29:36.689+0000] {data_modification.py:56} INFO - Updated row with Video_ID: xDuuM3ERr5Q
[2026-09-29T16:29:36.691+0000] {data_modification.py:56} INFO - Updated row with Video_ID: __fmDj0ZJ1Q
[2026-09-29T16:29:36.693+0000] {data_modification.py:56} INFO - Updated row with Video_ID: xCl2gndzFqE
[2026-09-29T16:29:36.695+0000] {data_modification.py:56} INFO - Updated row with Video_ID: 6Zy5VLcEbZc
[2026-09-29T16:29:36.698+0000] {data_modification.py:56} INFO - Updated row with Video_ID: QJI0an6irrA
[2026-09-29T16:29:36.700+0000] {data_modification.py:56} INFO - Updated row with Video_ID: KOEfDvr4DcQ
[2026-09-29T16:29:36.702+0000] {data_modification.py:56} INFO - Updated row with Video_ID: dg2Ag3e8W-Q
[2026-09-29T16:29:36.704+0000] {data_modification.py:56} INFO - Updated row with Video_ID: xjJJ_wDlc1E
[2026-09-29T16:29:36.706+0000] {data_modification.py:56} INFO - Updated row with Video_ID: aRcUVhVlSHg
[2026-09-29T16:29:36.708+0000] {data_modification.py:56} INFO - Updated row with Video_ID: Jo7sfpeWqwE
[2026-09-29T16:29:36.710+0000] {data_modification.py:56} INFO - Updated row with Video_ID: AjwAdtlRKf8
[2026-09-29T16:29:36.713+0000] {data_modification.py:56} INFO - Updated row with Video_ID: K_CbgLpvH9E
[2026-09-29T16:29:36.716+0000] {data_modification.py:56} INFO - Updated row with Video_ID: lOKASgtr6kU
[2026-09-29T16:29:36.718+0000] {data_modification.py:56} INFO - Updated row with Video_ID: 19NmWqv4Alk
[2026-09-29T16:29:36.721+0000] {data_modification.py:56} INFO - Updated row with Video_ID: L8nh1wuXTbI
[2026-09-29T16:29:36.723+0000] {data_modification.py:56} INFO - Updated row with Video_ID: 9-HphHIJS9c
[2026-09-29T16:29:36.725+0000] {data_modification.py:56} INFO - Updated row with Video_ID: rPXmbM2UEbU
[2026-09-29T16:29:36.727+0000] {data_modification.py:56} INFO - Updated row with Video_ID: sESRuTyfsEk
[2026-09-29T16:29:36.730+0000] {data_modification.py:56} INFO - Updated row with Video_ID: QapO3maXd9k
[2026-09-29T16:29:36.733+0000] {data_modification.py:56} INFO - Updated row with Video_ID: Su34c5Z8DW4
[2026-09-29T16:29:36.735+0000] {data_modification.py:56} INFO - Updated row with Video_ID: e5DqdX-7_g4
[2026-09-29T16:29:36.737+0000] {data_modification.py:56} INFO - Updated row with Video_ID: Gz3yak1cl-8
[2026-09-29T16:29:36.739+0000] {data_modification.py:56} INFO - Updated row with Video_ID: uAFGIQPWL54
[2026-09-29T16:29:36.741+0000] {data_modification.py:56} INFO - Updated row with Video_ID: SaDDjW9Rw-M
[2026-09-29T16:29:36.744+0000] {data_modification.py:56} INFO - Updated row with Video_ID: fN_RQFqaGHI
[2026-09-29T16:29:36.746+0000] {data_modification.py:56} INFO - Updated row with Video_ID: Pgxi8dsUW-o
[2026-09-29T16:29:36.748+0000] {data_modification.py:56} INFO - Updated row with Video_ID: Jtj9rUqlB1Y
[2026-09-29T16:29:36.751+0000] {data_modification.py:56} INFO - Updated row with Video_ID: ZqzFRGH_tMQ
[2026-09-29T16:29:36.753+0000] {data_modification.py:56} INFO - Updated row with Video_ID: 4DYBVA4884Y
[2026-09-29T16:29:36.755+0000] {data_modification.py:56} INFO - Updated row with Video_ID: skEf9R0TXkM
[2026-09-29T16:29:36.757+0000] {data_modification.py:56} INFO - Updated row with Video_ID: 6BNOWeYFyP8
[2026-09-29T16:29:36.759+0000] {data_modification.py:56} INFO - Updated row with Video_ID: LDegY-H60_U
[2026-09-29T16:29:36.762+0000] {data_modification.py:56} INFO - Updated row with Video_ID: Q5lcjP6XlHw
[2026-09-29T16:29:36.764+0000] {data_modification.py:56} INFO - Updated row with Video_ID: sE3ZZmYotSs
[2026-09-29T16:29:36.766+0000] {data_modification.py:56} INFO - Updated row with Video_ID: pUwUAtmBKxw
[2026-09-29T16:29:36.768+0000] {dwh.py:84} INFO - core table update completed
[2026-09-29T16:29:36.769+0000] {python.py:237} INFO - Done. Returned value was: None
[2026-09-29T16:29:36.772+0000] {taskinstance.py:441} INFO - ::group::Post task execution logs
[2026-09-29T16:29:36.779+0000] {taskinstance.py:1206} INFO - Marking task as SUCCESS. dag_id=update_db, task_id=core_tables, run_id=manual__2026-09-29T16:29:22.749923+00:00, execution_date=20260929T162922, start_date=20260929T162934, end_date=20260929T162936
[2026-09-29T16:29:36.809+0000] {local_task_job_runner.py:240} INFO - Task exited with return code 0
[2026-09-29T16:29:36.826+0000] {taskinstance.py:3503} INFO - 1 downstream tasks scheduled from follow-on schedule check
[2026-09-29T16:29:36.830+0000] {local_task_job_runner.py:222} INFO - ::endgroup::
