[2026-09-25T14:37:16.189+0000] {local_task_job_runner.py:120} INFO - ::group::Pre task execution logs
[2026-09-25T14:37:16.209+0000] {taskinstance.py:2076} INFO - Dependencies all met for dep_context=non-requeueable deps ti=<TaskInstance: update_db.core_tables manual__2026-09-25T14:37:11.220480+00:00 [queued]>
[2026-09-25T14:37:16.217+0000] {taskinstance.py:2076} INFO - Dependencies all met for dep_context=requeueable deps ti=<TaskInstance: update_db.core_tables manual__2026-09-25T14:37:11.220480+00:00 [queued]>
[2026-09-25T14:37:16.220+0000] {taskinstance.py:2306} INFO - Starting attempt 1 of 1
[2026-09-25T14:37:16.233+0000] {taskinstance.py:2330} INFO - Executing <Task(_PythonDecoratedOperator): core_tables> on 2026-09-25 14:37:11.220480+00:00
[2026-09-25T14:37:16.239+0000] {standard_task_runner.py:63} INFO - Started process 637 to run task
[2026-09-25T14:37:16.242+0000] {standard_task_runner.py:90} INFO - Running: ['airflow', 'tasks', 'run', 'update_db', 'core_tables', 'manual__2026-09-25T14:37:11.220480+00:00', '--job-id', '41', '--raw', '--subdir', 'DAGS_FOLDER/main.py', '--cfg-path', '/tmp/tmp16yitx_f']
[2026-09-25T14:37:16.245+0000] {standard_task_runner.py:91} INFO - Job 41: Subtask core_tables
[2026-09-25T14:37:16.293+0000] {task_command.py:426} INFO - Running <TaskInstance: update_db.core_tables manual__2026-09-25T14:37:11.220480+00:00 [running]> on host 638804a4f8d7
[2026-09-25T14:37:16.361+0000] {taskinstance.py:2648} INFO - Exporting env vars: AIRFLOW_CTX_DAG_EMAIL='data@engineer.com' AIRFLOW_CTX_DAG_OWNER='data engineer' AIRFLOW_CTX_DAG_ID='update_db' AIRFLOW_CTX_TASK_ID='core_tables' AIRFLOW_CTX_EXECUTION_DATE='2026-09-25T14:37:11.220480+00:00' AIRFLOW_CTX_TRY_NUMBER='1' AIRFLOW_CTX_DAG_RUN_ID='manual__2026-09-25T14:37:11.220480+00:00'
[2026-09-25T14:37:16.364+0000] {taskinstance.py:430} INFO - ::endgroup::
[2026-09-25T14:37:16.372+0000] {base.py:84} INFO - Using connection ID 'postgres_db_yt_elt' for task execution.
[2026-09-25T14:37:16.388+0000] {data_modification.py:23} INFO - Inserted row with Video ID: gTKS8SAwUzE
[2026-09-25T14:37:16.390+0000] {data_modification.py:23} INFO - Inserted row with Video ID: 5mU6SRS2Bxo
[2026-09-25T14:37:16.394+0000] {data_modification.py:23} INFO - Inserted row with Video ID: Qtl8lJwbd4g
[2026-09-25T14:37:16.397+0000] {data_modification.py:23} INFO - Inserted row with Video ID: LiH-P4rSkLI
[2026-09-25T14:37:16.400+0000] {data_modification.py:23} INFO - Inserted row with Video ID: Af6i6ChAVTw
[2026-09-25T14:37:16.403+0000] {data_modification.py:23} INFO - Inserted row with Video ID: NMR32p4kwAQ
[2026-09-25T14:37:16.406+0000] {data_modification.py:23} INFO - Inserted row with Video ID: f7y2XikE7sY
[2026-09-25T14:37:16.409+0000] {data_modification.py:23} INFO - Inserted row with Video ID: Df5Y-2ndQyU
[2026-09-25T14:37:16.411+0000] {data_modification.py:23} INFO - Inserted row with Video ID: egvLKQe6I4I
[2026-09-25T14:37:16.414+0000] {data_modification.py:23} INFO - Inserted row with Video ID: LgbyEFILLJI
[2026-09-25T14:37:16.418+0000] {data_modification.py:23} INFO - Inserted row with Video ID: iYlODtkyw_I
[2026-09-25T14:37:16.421+0000] {data_modification.py:23} INFO - Inserted row with Video ID: YA_kX8hu1gg
[2026-09-25T14:37:16.423+0000] {data_modification.py:23} INFO - Inserted row with Video ID: XCGVurja73c
[2026-09-25T14:37:16.427+0000] {data_modification.py:23} INFO - Inserted row with Video ID: r9aWeGqp43s
[2026-09-25T14:37:16.429+0000] {data_modification.py:23} INFO - Inserted row with Video ID: xDuuM3ERr5Q
[2026-09-25T14:37:16.432+0000] {data_modification.py:23} INFO - Inserted row with Video ID: __fmDj0ZJ1Q
[2026-09-25T14:37:16.434+0000] {data_modification.py:23} INFO - Inserted row with Video ID: xCl2gndzFqE
[2026-09-25T14:37:16.438+0000] {data_modification.py:23} INFO - Inserted row with Video ID: GpQSUjNsNm0
[2026-09-25T14:37:16.440+0000] {data_modification.py:23} INFO - Inserted row with Video ID: y1UVAtHALaA
[2026-09-25T14:37:16.444+0000] {data_modification.py:23} INFO - Inserted row with Video ID: hYahU_Cqwp8
[2026-09-25T14:37:16.447+0000] {data_modification.py:23} INFO - Inserted row with Video ID: SllXaJiQjBA
[2026-09-25T14:37:16.449+0000] {data_modification.py:23} INFO - Inserted row with Video ID: dqpCvSU-ECE
[2026-09-25T14:37:16.454+0000] {data_modification.py:23} INFO - Inserted row with Video ID: AaMdXZMvT3w
[2026-09-25T14:37:16.460+0000] {data_modification.py:23} INFO - Inserted row with Video ID: QAkEMtJpq3c
[2026-09-25T14:37:16.464+0000] {data_modification.py:23} INFO - Inserted row with Video ID: hCuqh2NU2Yg
[2026-09-25T14:37:16.467+0000] {data_modification.py:23} INFO - Inserted row with Video ID: B9LizOAAoLg
[2026-09-25T14:37:16.471+0000] {data_modification.py:23} INFO - Inserted row with Video ID: rqsRdfdN4uI
[2026-09-25T14:37:16.473+0000] {data_modification.py:23} INFO - Inserted row with Video ID: feu5PQvoCiA
[2026-09-25T14:37:16.477+0000] {data_modification.py:23} INFO - Inserted row with Video ID: EdT5Z16Y5WE
[2026-09-25T14:37:16.479+0000] {data_modification.py:23} INFO - Inserted row with Video ID: ScjQAcbA9e4
[2026-09-25T14:37:16.482+0000] {data_modification.py:23} INFO - Inserted row with Video ID: hRBpDdWbUpI
[2026-09-25T14:37:16.485+0000] {data_modification.py:23} INFO - Inserted row with Video ID: pzxtGL9kzPs
[2026-09-25T14:37:16.487+0000] {data_modification.py:23} INFO - Inserted row with Video ID: yy-Nt0dRhNI
[2026-09-25T14:37:16.490+0000] {data_modification.py:23} INFO - Inserted row with Video ID: zRtGL0-5rg4
[2026-09-25T14:37:16.494+0000] {data_modification.py:23} INFO - Inserted row with Video ID: mFWpUx3FiyU
[2026-09-25T14:37:16.498+0000] {data_modification.py:23} INFO - Inserted row with Video ID: 6W_841xoprg
[2026-09-25T14:37:16.501+0000] {data_modification.py:23} INFO - Inserted row with Video ID: VIJLIo5yT1I
[2026-09-25T14:37:16.504+0000] {data_modification.py:23} INFO - Inserted row with Video ID: uNu6XEPTy5g
[2026-09-25T14:37:16.507+0000] {data_modification.py:23} INFO - Inserted row with Video ID: DXVHmGoCTco
[2026-09-25T14:37:16.510+0000] {data_modification.py:23} INFO - Inserted row with Video ID: _JUlWtSCNbs
[2026-09-25T14:37:16.513+0000] {data_modification.py:23} INFO - Inserted row with Video ID: AKC50SZQFN8
[2026-09-25T14:37:16.516+0000] {data_modification.py:23} INFO - Inserted row with Video ID: 897gvApD6V4
[2026-09-25T14:37:16.520+0000] {data_modification.py:23} INFO - Inserted row with Video ID: Z9NxQdQ8Rpg
[2026-09-25T14:37:16.525+0000] {data_modification.py:23} INFO - Inserted row with Video ID: JFtlf8RoPZY
[2026-09-25T14:37:16.528+0000] {data_modification.py:23} INFO - Inserted row with Video ID: jCE1Ol3PYDs
[2026-09-25T14:37:16.531+0000] {data_modification.py:23} INFO - Inserted row with Video ID: IqL-ZunFfpk
[2026-09-25T14:37:16.533+0000] {data_modification.py:23} INFO - Inserted row with Video ID: purAsH7pXTQ
[2026-09-25T14:37:16.536+0000] {data_modification.py:23} INFO - Inserted row with Video ID: IEuDUhGIJ5c
[2026-09-25T14:37:16.539+0000] {data_modification.py:23} INFO - Inserted row with Video ID: AoN1K4c7VKE
[2026-09-25T14:37:16.542+0000] {data_modification.py:23} INFO - Inserted row with Video ID: IcuJ3vO_t3k
[2026-09-25T14:37:16.545+0000] {data_modification.py:23} INFO - Inserted row with Video ID: c9VS_cgInT4
[2026-09-25T14:37:16.547+0000] {data_modification.py:23} INFO - Inserted row with Video ID: KaUuPNYHFNg
[2026-09-25T14:37:16.550+0000] {data_modification.py:23} INFO - Inserted row with Video ID: 5OLs1GWB4OA
[2026-09-25T14:37:16.552+0000] {data_modification.py:23} INFO - Inserted row with Video ID: hjkbqeWQAM8
[2026-09-25T14:37:16.555+0000] {data_modification.py:23} INFO - Inserted row with Video ID: XbaZ45LVzzM
[2026-09-25T14:37:16.557+0000] {data_modification.py:23} INFO - Inserted row with Video ID: gar4U3n-ILY
[2026-09-25T14:37:16.560+0000] {data_modification.py:23} INFO - Inserted row with Video ID: 9WEQts7b8Pw
[2026-09-25T14:37:16.563+0000] {data_modification.py:23} INFO - Inserted row with Video ID: toIeUtplfWQ
[2026-09-25T14:37:16.565+0000] {data_modification.py:23} INFO - Inserted row with Video ID: _sBRk9ADpK8
[2026-09-25T14:37:16.568+0000] {data_modification.py:23} INFO - Inserted row with Video ID: kNLr-cduzuo
[2026-09-25T14:37:16.571+0000] {data_modification.py:23} INFO - Inserted row with Video ID: pAnGwRiQ4-4
[2026-09-25T14:37:16.574+0000] {data_modification.py:23} INFO - Inserted row with Video ID: wSh8fAFWEWs
[2026-09-25T14:37:16.576+0000] {data_modification.py:23} INFO - Inserted row with Video ID: 3GNyw4uaAqU
[2026-09-25T14:37:16.579+0000] {data_modification.py:23} INFO - Inserted row with Video ID: ywIcdSNJolo
[2026-09-25T14:37:16.581+0000] {data_modification.py:23} INFO - Inserted row with Video ID: mktYW177p6U
[2026-09-25T14:37:16.584+0000] {data_modification.py:23} INFO - Inserted row with Video ID: 7aE4EhHXzlA
[2026-09-25T14:37:16.587+0000] {data_modification.py:23} INFO - Inserted row with Video ID: IJkB-oapuks
[2026-09-25T14:37:16.590+0000] {data_modification.py:23} INFO - Inserted row with Video ID: ZFoNBxpXen4
[2026-09-25T14:37:16.593+0000] {data_modification.py:23} INFO - Inserted row with Video ID: RB71Z-vVvCc
[2026-09-25T14:37:16.595+0000] {data_modification.py:23} INFO - Inserted row with Video ID: fO5FwBcCJBY
[2026-09-25T14:37:16.598+0000] {data_modification.py:23} INFO - Inserted row with Video ID: T_SMf9j50uc
[2026-09-25T14:37:16.601+0000] {data_modification.py:23} INFO - Inserted row with Video ID: SE9xF1l3ZwE
[2026-09-25T14:37:16.604+0000] {data_modification.py:23} INFO - Inserted row with Video ID: rF00lQ_upzg
[2026-09-25T14:37:16.606+0000] {data_modification.py:23} INFO - Inserted row with Video ID: uZY9xr-QAk0
[2026-09-25T14:37:16.610+0000] {data_modification.py:23} INFO - Inserted row with Video ID: AWBsoArakNY
[2026-09-25T14:37:16.612+0000] {data_modification.py:23} INFO - Inserted row with Video ID: Ah_uuTwGOYU
[2026-09-25T14:37:16.615+0000] {data_modification.py:23} INFO - Inserted row with Video ID: HISfrcjiNPM
[2026-09-25T14:37:16.618+0000] {data_modification.py:23} INFO - Inserted row with Video ID: WROMyJAJmp4
[2026-09-25T14:37:16.621+0000] {data_modification.py:23} INFO - Inserted row with Video ID: tAwzBYE18Us
[2026-09-25T14:37:16.623+0000] {data_modification.py:23} INFO - Inserted row with Video ID: LyFMbY-c_Lc
[2026-09-25T14:37:16.626+0000] {data_modification.py:23} INFO - Inserted row with Video ID: 3RmOvxilbPM
[2026-09-25T14:37:16.629+0000] {data_modification.py:23} INFO - Inserted row with Video ID: R7MkZL5i3FQ
[2026-09-25T14:37:16.631+0000] {data_modification.py:23} INFO - Inserted row with Video ID: yWEUL3crU_E
[2026-09-25T14:37:16.634+0000] {data_modification.py:23} INFO - Inserted row with Video ID: JgJrQnDIRgg
[2026-09-25T14:37:16.637+0000] {data_modification.py:23} INFO - Inserted row with Video ID: gtkqnhN0VkU
[2026-09-25T14:37:16.640+0000] {data_modification.py:23} INFO - Inserted row with Video ID: oBXSvS2QKxU
[2026-09-25T14:37:16.643+0000] {data_modification.py:23} INFO - Inserted row with Video ID: UTdcX1e0cMA
[2026-09-25T14:37:16.647+0000] {data_modification.py:23} INFO - Inserted row with Video ID: oiZvK6MY7tI
[2026-09-25T14:37:16.650+0000] {data_modification.py:23} INFO - Inserted row with Video ID: F0OkwXKcPSE
[2026-09-25T14:37:16.653+0000] {data_modification.py:23} INFO - Inserted row with Video ID: 686PL7rt654
[2026-09-25T14:37:16.656+0000] {data_modification.py:23} INFO - Inserted row with Video ID: NfhuGUyWYfQ
[2026-09-25T14:37:16.659+0000] {data_modification.py:23} INFO - Inserted row with Video ID: wIpWCJKfRXs
[2026-09-25T14:37:16.662+0000] {data_modification.py:23} INFO - Inserted row with Video ID: 9Xeepzg1B8I
[2026-09-25T14:37:16.665+0000] {data_modification.py:23} INFO - Inserted row with Video ID: 50G0kIty7Cg
[2026-09-25T14:37:16.669+0000] {data_modification.py:23} INFO - Inserted row with Video ID: 4l97aNza_Zc
[2026-09-25T14:37:16.672+0000] {data_modification.py:23} INFO - Inserted row with Video ID: 3ih2bPKSWsQ
[2026-09-25T14:37:16.675+0000] {data_modification.py:23} INFO - Inserted row with Video ID: uA9Zcg3vHvo
[2026-09-25T14:37:16.678+0000] {data_modification.py:23} INFO - Inserted row with Video ID: _AbFXuGDRTs
[2026-09-25T14:37:16.680+0000] {data_modification.py:23} INFO - Inserted row with Video ID: MOGW3v3pJ5Y
[2026-09-25T14:37:16.683+0000] {data_modification.py:23} INFO - Inserted row with Video ID: XNtTO_339kU
[2026-09-25T14:37:16.685+0000] {data_modification.py:23} INFO - Inserted row with Video ID: rB9NynBZ4go
[2026-09-25T14:37:16.688+0000] {data_modification.py:23} INFO - Inserted row with Video ID: TDv56whosPQ
[2026-09-25T14:37:16.691+0000] {data_modification.py:23} INFO - Inserted row with Video ID: R_BmT1OJw98
[2026-09-25T14:37:16.694+0000] {data_modification.py:23} INFO - Inserted row with Video ID: vpRW4JhzfSE
[2026-09-25T14:37:16.696+0000] {data_modification.py:23} INFO - Inserted row with Video ID: qXW93Cois2s
[2026-09-25T14:37:16.698+0000] {data_modification.py:23} INFO - Inserted row with Video ID: r7f0L48dHpc
[2026-09-25T14:37:16.702+0000] {data_modification.py:23} INFO - Inserted row with Video ID: Z4hVGCWH1Kc
[2026-09-25T14:37:16.704+0000] {data_modification.py:23} INFO - Inserted row with Video ID: zxuICI0kL3s
[2026-09-25T14:37:16.707+0000] {data_modification.py:23} INFO - Inserted row with Video ID: R1SFXJo-FlE
[2026-09-25T14:37:16.710+0000] {data_modification.py:23} INFO - Inserted row with Video ID: lQz5aqjZ3lQ
[2026-09-25T14:37:16.712+0000] {data_modification.py:23} INFO - Inserted row with Video ID: EiFcNbXBqeo
[2026-09-25T14:37:16.715+0000] {data_modification.py:23} INFO - Inserted row with Video ID: pzBi1nwDn8U
[2026-09-25T14:37:16.718+0000] {data_modification.py:23} INFO - Inserted row with Video ID: R7oW0LwS_e4
[2026-09-25T14:37:16.721+0000] {data_modification.py:23} INFO - Inserted row with Video ID: BfKI_TQnQvo
[2026-09-25T14:37:16.723+0000] {data_modification.py:23} INFO - Inserted row with Video ID: FWAdfuPpLOc
[2026-09-25T14:37:16.726+0000] {data_modification.py:23} INFO - Inserted row with Video ID: NjlP2_l1Wr0
[2026-09-25T14:37:16.729+0000] {data_modification.py:23} INFO - Inserted row with Video ID: gGcaGdHlt60
[2026-09-25T14:37:16.731+0000] {data_modification.py:23} INFO - Inserted row with Video ID: pe_ejTiIcSs
[2026-09-25T14:37:16.734+0000] {data_modification.py:23} INFO - Inserted row with Video ID: V6In4tmd-w8
[2026-09-25T14:37:16.737+0000] {data_modification.py:23} INFO - Inserted row with Video ID: hTSaweR8qMI
[2026-09-25T14:37:16.740+0000] {data_modification.py:23} INFO - Inserted row with Video ID: KCRLP-zBacU
[2026-09-25T14:37:16.744+0000] {data_modification.py:23} INFO - Inserted row with Video ID: c2ukL_zjFCk
[2026-09-25T14:37:16.747+0000] {data_modification.py:23} INFO - Inserted row with Video ID: DZIASl9q90s
[2026-09-25T14:37:16.750+0000] {data_modification.py:23} INFO - Inserted row with Video ID: 7qY-qalCI2Y
[2026-09-25T14:37:16.754+0000] {data_modification.py:23} INFO - Inserted row with Video ID: N0pwLtonPdg
[2026-09-25T14:37:16.756+0000] {data_modification.py:23} INFO - Inserted row with Video ID: -4GmbBoYQjE
[2026-09-25T14:37:16.760+0000] {data_modification.py:23} INFO - Inserted row with Video ID: 0yPgljFcTR4
[2026-09-25T14:37:16.762+0000] {data_modification.py:23} INFO - Inserted row with Video ID: TN1wErFGTzM
[2026-09-25T14:37:16.765+0000] {data_modification.py:23} INFO - Inserted row with Video ID: 3dxksf0CzS8
[2026-09-25T14:37:16.768+0000] {data_modification.py:23} INFO - Inserted row with Video ID: x7yv72s8h0o
[2026-09-25T14:37:16.771+0000] {data_modification.py:23} INFO - Inserted row with Video ID: uyiG6uw-6pA
[2026-09-25T14:37:16.773+0000] {data_modification.py:23} INFO - Inserted row with Video ID: M1STzb7k9L8
[2026-09-25T14:37:16.776+0000] {data_modification.py:23} INFO - Inserted row with Video ID: 7K-yxGWYsnk
[2026-09-25T14:37:16.779+0000] {data_modification.py:23} INFO - Inserted row with Video ID: Tbn4cYCaZCk
[2026-09-25T14:37:16.782+0000] {data_modification.py:23} INFO - Inserted row with Video ID: figrl0aOULs
[2026-09-25T14:37:16.784+0000] {data_modification.py:23} INFO - Inserted row with Video ID: Uxc84UUrVHk
[2026-09-25T14:37:16.787+0000] {data_modification.py:23} INFO - Inserted row with Video ID: BzKaMelDzqo
[2026-09-25T14:37:16.790+0000] {data_modification.py:23} INFO - Inserted row with Video ID: 4yx9ZJDfyKk
[2026-09-25T14:37:16.793+0000] {data_modification.py:23} INFO - Inserted row with Video ID: kPa_S6jN9ls
[2026-09-25T14:37:16.796+0000] {data_modification.py:23} INFO - Inserted row with Video ID: 69g-YcbmgQA
[2026-09-25T14:37:16.798+0000] {data_modification.py:23} INFO - Inserted row with Video ID: 8bMh8azh3CY
[2026-09-25T14:37:16.802+0000] {data_modification.py:23} INFO - Inserted row with Video ID: TgCm8oDmxOk
[2026-09-25T14:37:16.805+0000] {data_modification.py:23} INFO - Inserted row with Video ID: 954wJ3uHVAk
[2026-09-25T14:37:16.807+0000] {data_modification.py:23} INFO - Inserted row with Video ID: zajUgQLviwk
[2026-09-25T14:37:16.810+0000] {data_modification.py:23} INFO - Inserted row with Video ID: PXevNM0awlI
[2026-09-25T14:37:16.813+0000] {data_modification.py:23} INFO - Inserted row with Video ID: PuQ5UxKUY48
[2026-09-25T14:37:16.815+0000] {data_modification.py:23} INFO - Inserted row with Video ID: L5ihmu87xTE
[2026-09-25T14:37:16.819+0000] {data_modification.py:23} INFO - Inserted row with Video ID: nAiKLoCP-kU
[2026-09-25T14:37:16.822+0000] {data_modification.py:23} INFO - Inserted row with Video ID: NDsO1LT_0lw
[2026-09-25T14:37:16.825+0000] {data_modification.py:23} INFO - Inserted row with Video ID: sF5LYGgKbUA
[2026-09-25T14:37:16.828+0000] {data_modification.py:23} INFO - Inserted row with Video ID: MFpWEKN9c6Y
[2026-09-25T14:37:16.830+0000] {data_modification.py:23} INFO - Inserted row with Video ID: TRxMLLuWIhw
[2026-09-25T14:37:16.833+0000] {data_modification.py:23} INFO - Inserted row with Video ID: SM66GDRyIVY
[2026-09-25T14:37:16.836+0000] {data_modification.py:23} INFO - Inserted row with Video ID: EvqtfK_RaRg
[2026-09-25T14:37:16.838+0000] {data_modification.py:23} INFO - Inserted row with Video ID: 3cWm9B_0_kI
[2026-09-25T14:37:16.841+0000] {data_modification.py:23} INFO - Inserted row with Video ID: qtWqHIx8Z-o
[2026-09-25T14:37:16.844+0000] {data_modification.py:23} INFO - Inserted row with Video ID: gs8qfL9PNac
[2026-09-25T14:37:16.847+0000] {data_modification.py:23} INFO - Inserted row with Video ID: DBPYB8WkkDc
[2026-09-25T14:37:16.849+0000] {data_modification.py:23} INFO - Inserted row with Video ID: zvBXpoBegwE
[2026-09-25T14:37:16.852+0000] {data_modification.py:23} INFO - Inserted row with Video ID: SWc8fI_9iqA
[2026-09-25T14:37:16.855+0000] {data_modification.py:23} INFO - Inserted row with Video ID: 0BjlBnfHcHM
[2026-09-25T14:37:16.857+0000] {data_modification.py:23} INFO - Inserted row with Video ID: HcL1EQ5qD_g
[2026-09-25T14:37:16.860+0000] {data_modification.py:23} INFO - Inserted row with Video ID: vXNtju4VFm4
[2026-09-25T14:37:16.863+0000] {data_modification.py:23} INFO - Inserted row with Video ID: I9mw5UlDyPI
[2026-09-25T14:37:16.865+0000] {data_modification.py:23} INFO - Inserted row with Video ID: pS-fFdvyHLE
[2026-09-25T14:37:16.868+0000] {data_modification.py:23} INFO - Inserted row with Video ID: Xj0Jtjg3lHQ
[2026-09-25T14:37:16.871+0000] {data_modification.py:23} INFO - Inserted row with Video ID: 9UtcHPCEBgg
[2026-09-25T14:37:16.873+0000] {data_modification.py:23} INFO - Inserted row with Video ID: ZNt_GoOBHq8
[2026-09-25T14:37:16.876+0000] {data_modification.py:23} INFO - Inserted row with Video ID: bn0Kh9c4Zv4
[2026-09-25T14:37:16.878+0000] {data_modification.py:23} INFO - Inserted row with Video ID: dDVFnfCwjHA
[2026-09-25T14:37:16.881+0000] {data_modification.py:23} INFO - Inserted row with Video ID: Kt2HvqRruHQ
[2026-09-25T14:37:16.883+0000] {data_modification.py:23} INFO - Inserted row with Video ID: vDrSCXFMAKk
[2026-09-25T14:37:16.885+0000] {data_modification.py:23} INFO - Inserted row with Video ID: snX5YyflrGw
[2026-09-25T14:37:16.888+0000] {data_modification.py:23} INFO - Inserted row with Video ID: nbzQdlWrcnk
[2026-09-25T14:37:16.890+0000] {data_modification.py:23} INFO - Inserted row with Video ID: 8krJy31Diow
[2026-09-25T14:37:16.894+0000] {data_modification.py:23} INFO - Inserted row with Video ID: aRcUVhVlSHg
[2026-09-25T14:37:16.896+0000] {data_modification.py:23} INFO - Inserted row with Video ID: Jo7sfpeWqwE
[2026-09-25T14:37:16.899+0000] {data_modification.py:23} INFO - Inserted row with Video ID: QtD-CeUdRUQ
[2026-09-25T14:37:16.902+0000] {data_modification.py:23} INFO - Inserted row with Video ID: ndAQfTzlVjc
[2026-09-25T14:37:16.904+0000] {data_modification.py:23} INFO - Inserted row with Video ID: AydS-vA3qa4
[2026-09-25T14:37:16.906+0000] {data_modification.py:23} INFO - Inserted row with Video ID: UPrkC1LdlLY
[2026-09-25T14:37:16.909+0000] {data_modification.py:23} INFO - Inserted row with Video ID: 8bTQMDM4qvY
[2026-09-25T14:37:16.912+0000] {data_modification.py:23} INFO - Inserted row with Video ID: DBw0oD38z0Q
[2026-09-25T14:37:16.915+0000] {data_modification.py:23} INFO - Inserted row with Video ID: 4SNThp0YiU4
[2026-09-25T14:37:16.918+0000] {data_modification.py:23} INFO - Inserted row with Video ID: XhuisK0bTSA
[2026-09-25T14:37:16.920+0000] {data_modification.py:23} INFO - Inserted row with Video ID: lkCRPp7cnP8
[2026-09-25T14:37:16.923+0000] {data_modification.py:23} INFO - Inserted row with Video ID: KkCXLABwHP0
[2026-09-25T14:37:16.925+0000] {data_modification.py:23} INFO - Inserted row with Video ID: PWirijQkH4M
[2026-09-25T14:37:16.928+0000] {data_modification.py:23} INFO - Inserted row with Video ID: T8I165Qxeo8
[2026-09-25T14:37:16.930+0000] {data_modification.py:23} INFO - Inserted row with Video ID: i-9V21MqlhY
[2026-09-25T14:37:16.933+0000] {data_modification.py:23} INFO - Inserted row with Video ID: YyNz4--6fro
[2026-09-25T14:37:16.935+0000] {data_modification.py:23} INFO - Inserted row with Video ID: f0cXJ6mJxGc
[2026-09-25T14:37:16.938+0000] {data_modification.py:23} INFO - Inserted row with Video ID: F6PqxbvOCUI
[2026-09-25T14:37:16.940+0000] {data_modification.py:23} INFO - Inserted row with Video ID: oA4LSZvX4iE
[2026-09-25T14:37:16.943+0000] {data_modification.py:23} INFO - Inserted row with Video ID: ZKxnjszkZto
[2026-09-25T14:37:16.946+0000] {data_modification.py:23} INFO - Inserted row with Video ID: 8_gdcaX9Xqk
[2026-09-25T14:37:16.949+0000] {data_modification.py:23} INFO - Inserted row with Video ID: snUyLbGx6U4
[2026-09-25T14:37:16.952+0000] {data_modification.py:23} INFO - Inserted row with Video ID: Pv0iVoSZzN8
[2026-09-25T14:37:16.955+0000] {data_modification.py:23} INFO - Inserted row with Video ID: CWbV3NItSdY
[2026-09-25T14:37:16.957+0000] {data_modification.py:23} INFO - Inserted row with Video ID: l-nMKJ5J3Uc
[2026-09-25T14:37:16.961+0000] {data_modification.py:23} INFO - Inserted row with Video ID: XE1Qyss8GIY
[2026-09-25T14:37:16.963+0000] {data_modification.py:23} INFO - Inserted row with Video ID: 6GzHPS0rEgc
[2026-09-25T14:37:16.965+0000] {data_modification.py:23} INFO - Inserted row with Video ID: imhY0pe-Sd8
[2026-09-25T14:37:16.968+0000] {data_modification.py:23} INFO - Inserted row with Video ID: erLbbextvlY
[2026-09-25T14:37:16.971+0000] {data_modification.py:23} INFO - Inserted row with Video ID: OnTTThIzuNU
[2026-09-25T14:37:16.973+0000] {data_modification.py:23} INFO - Inserted row with Video ID: mKdjycj-7eE
[2026-09-25T14:37:16.976+0000] {data_modification.py:23} INFO - Inserted row with Video ID: tWYsfOSY9vY
[2026-09-25T14:37:16.979+0000] {data_modification.py:23} INFO - Inserted row with Video ID: sH48lKbayNU
[2026-09-25T14:37:16.981+0000] {data_modification.py:23} INFO - Inserted row with Video ID: AFXoSFNMwIA
[2026-09-25T14:37:16.984+0000] {data_modification.py:23} INFO - Inserted row with Video ID: k194wHZHjB0
[2026-09-25T14:37:16.986+0000] {data_modification.py:23} INFO - Inserted row with Video ID: AjwAdtlRKf8
[2026-09-25T14:37:16.989+0000] {data_modification.py:23} INFO - Inserted row with Video ID: TNtpUQbW4mg
[2026-09-25T14:37:16.991+0000] {data_modification.py:23} INFO - Inserted row with Video ID: 7ESeQBeikKs
[2026-09-25T14:37:16.994+0000] {data_modification.py:23} INFO - Inserted row with Video ID: K_CbgLpvH9E
[2026-09-25T14:37:16.996+0000] {data_modification.py:23} INFO - Inserted row with Video ID: lOKASgtr6kU
[2026-09-25T14:37:16.999+0000] {data_modification.py:23} INFO - Inserted row with Video ID: 9RhWXPcKBI8
[2026-09-25T14:37:17.002+0000] {data_modification.py:23} INFO - Inserted row with Video ID: ZVt9ZJfWV1c
[2026-09-25T14:37:17.004+0000] {data_modification.py:23} INFO - Inserted row with Video ID: rWBOITBjitE
[2026-09-25T14:37:17.007+0000] {data_modification.py:23} INFO - Inserted row with Video ID: Wdjh81uH6FU
[2026-09-25T14:37:17.010+0000] {data_modification.py:23} INFO - Inserted row with Video ID: 7dYTw-jAYkY
[2026-09-25T14:37:17.012+0000] {data_modification.py:23} INFO - Inserted row with Video ID: AjZDwxt7S8w
[2026-09-25T14:37:17.015+0000] {data_modification.py:23} INFO - Inserted row with Video ID: aZnqqXaT02g
[2026-09-25T14:37:17.018+0000] {data_modification.py:23} INFO - Inserted row with Video ID: mwKJfNYwvm8
[2026-09-25T14:37:17.021+0000] {data_modification.py:23} INFO - Inserted row with Video ID: l9_8_pDTmis
[2026-09-25T14:37:17.024+0000] {data_modification.py:23} INFO - Inserted row with Video ID: n7x4Jj9pdH8
[2026-09-25T14:37:17.027+0000] {data_modification.py:23} INFO - Inserted row with Video ID: QjvpjXdgugA
[2026-09-25T14:37:17.029+0000] {data_modification.py:23} INFO - Inserted row with Video ID: 3ryID_SwU5E
[2026-09-25T14:37:17.032+0000] {data_modification.py:23} INFO - Inserted row with Video ID: IemzxkkzI5s
[2026-09-25T14:37:17.035+0000] {data_modification.py:23} INFO - Inserted row with Video ID: 3OFj6l2tQ9s
[2026-09-25T14:37:17.038+0000] {data_modification.py:23} INFO - Inserted row with Video ID: bvlFjrcpD6s
[2026-09-25T14:37:17.040+0000] {data_modification.py:23} INFO - Inserted row with Video ID: AZlBZuS4hr0
[2026-09-25T14:37:17.043+0000] {data_modification.py:23} INFO - Inserted row with Video ID: Gx6VeIIbWwM
[2026-09-25T14:37:17.046+0000] {data_modification.py:23} INFO - Inserted row with Video ID: CAOY8EKH1qU
[2026-09-25T14:37:17.048+0000] {data_modification.py:23} INFO - Inserted row with Video ID: IQxea9UB1nQ
[2026-09-25T14:37:17.052+0000] {data_modification.py:23} INFO - Inserted row with Video ID: KrLj6nc516A
[2026-09-25T14:37:17.055+0000] {data_modification.py:23} INFO - Inserted row with Video ID: zgLhCT7aFCA
[2026-09-25T14:37:17.061+0000] {data_modification.py:23} INFO - Inserted row with Video ID: L5kIXRdwGAI
[2026-09-25T14:37:17.065+0000] {data_modification.py:23} INFO - Inserted row with Video ID: 19NmWqv4Alk
[2026-09-25T14:37:17.070+0000] {data_modification.py:23} INFO - Inserted row with Video ID: vBpQ1SlfVtU
[2026-09-25T14:37:17.073+0000] {data_modification.py:23} INFO - Inserted row with Video ID: SGzWIoLAzmY
[2026-09-25T14:37:17.078+0000] {data_modification.py:23} INFO - Inserted row with Video ID: NnNZLCl78Ao
[2026-09-25T14:37:17.082+0000] {data_modification.py:23} INFO - Inserted row with Video ID: NTZhwAldqwg
[2026-09-25T14:37:17.085+0000] {data_modification.py:23} INFO - Inserted row with Video ID: J_z-W4UVHkw
[2026-09-25T14:37:17.088+0000] {data_modification.py:23} INFO - Inserted row with Video ID: mKIhHNznt4s
[2026-09-25T14:37:17.091+0000] {data_modification.py:23} INFO - Inserted row with Video ID: jObOjhUkf50
[2026-09-25T14:37:17.094+0000] {data_modification.py:23} INFO - Inserted row with Video ID: O3YVBJ2n5xg
[2026-09-25T14:37:17.097+0000] {data_modification.py:23} INFO - Inserted row with Video ID: yhB3BgJyGl8
[2026-09-25T14:37:17.100+0000] {data_modification.py:23} INFO - Inserted row with Video ID: CP82DAKzL1U
[2026-09-25T14:37:17.102+0000] {data_modification.py:23} INFO - Inserted row with Video ID: fuhE6PYnRMc
[2026-09-25T14:37:17.105+0000] {data_modification.py:23} INFO - Inserted row with Video ID: stUofW3whpE
[2026-09-25T14:37:17.107+0000] {data_modification.py:23} INFO - Inserted row with Video ID: 48h57PspBec
[2026-09-25T14:37:17.110+0000] {data_modification.py:23} INFO - Inserted row with Video ID: ooAwCOP67GQ
[2026-09-25T14:37:17.113+0000] {data_modification.py:23} INFO - Inserted row with Video ID: FM7Z-Xq8Drc
[2026-09-25T14:37:17.115+0000] {data_modification.py:23} INFO - Inserted row with Video ID: ykRq_rp7NhM
[2026-09-25T14:37:17.118+0000] {data_modification.py:23} INFO - Inserted row with Video ID: WTOm65IZneg
[2026-09-25T14:37:17.121+0000] {data_modification.py:23} INFO - Inserted row with Video ID: 8kggT2ej-lo
[2026-09-25T14:37:17.123+0000] {data_modification.py:23} INFO - Inserted row with Video ID: GGBy50KtvRk
[2026-09-25T14:37:17.127+0000] {data_modification.py:23} INFO - Inserted row with Video ID: Y4-gFIfGXiQ
[2026-09-25T14:37:17.130+0000] {data_modification.py:23} INFO - Inserted row with Video ID: 1WEAJ-DFkHE
[2026-09-25T14:37:17.132+0000] {data_modification.py:23} INFO - Inserted row with Video ID: Y0cBiGUuB1Y
[2026-09-25T14:37:17.135+0000] {data_modification.py:23} INFO - Inserted row with Video ID: YLt73w6criQ
[2026-09-25T14:37:17.138+0000] {data_modification.py:23} INFO - Inserted row with Video ID: NPYPXWJBTWM
[2026-09-25T14:37:17.140+0000] {data_modification.py:23} INFO - Inserted row with Video ID: lglIQkCHO0g
[2026-09-25T14:37:17.143+0000] {data_modification.py:23} INFO - Inserted row with Video ID: TJ2ifmkGGus
[2026-09-25T14:37:17.146+0000] {data_modification.py:23} INFO - Inserted row with Video ID: 7IKab3HcfFk
[2026-09-25T14:37:17.148+0000] {data_modification.py:23} INFO - Inserted row with Video ID: h5NvTTOlOtI
[2026-09-25T14:37:17.152+0000] {data_modification.py:23} INFO - Inserted row with Video ID: se50viFJ0AQ
[2026-09-25T14:37:17.155+0000] {data_modification.py:23} INFO - Inserted row with Video ID: 0CTp1a-aCUM
[2026-09-25T14:37:17.157+0000] {data_modification.py:23} INFO - Inserted row with Video ID: FD-0KG-h2-c
[2026-09-25T14:37:17.160+0000] {data_modification.py:23} INFO - Inserted row with Video ID: kX3nB4PpJko
[2026-09-25T14:37:17.163+0000] {data_modification.py:23} INFO - Inserted row with Video ID: YlvcFJOE-OE
[2026-09-25T14:37:17.166+0000] {data_modification.py:23} INFO - Inserted row with Video ID: iogcY_4xGjo
[2026-09-25T14:37:17.169+0000] {data_modification.py:23} INFO - Inserted row with Video ID: S_CUEOBZ0P4
[2026-09-25T14:37:17.172+0000] {data_modification.py:23} INFO - Inserted row with Video ID: gHzuabZUd6c
[2026-09-25T14:37:17.174+0000] {data_modification.py:23} INFO - Inserted row with Video ID: 65fN_OUawjk
[2026-09-25T14:37:17.177+0000] {data_modification.py:23} INFO - Inserted row with Video ID: jdMNoQE3mIQ
[2026-09-25T14:37:17.180+0000] {data_modification.py:23} INFO - Inserted row with Video ID: 2isYuQZMbdU
[2026-09-25T14:37:17.182+0000] {data_modification.py:23} INFO - Inserted row with Video ID: tVWWp1PqDus
[2026-09-25T14:37:17.185+0000] {data_modification.py:23} INFO - Inserted row with Video ID: vaIgyRoUkQI
[2026-09-25T14:37:17.188+0000] {data_modification.py:23} INFO - Inserted row with Video ID: Hwybp38GnZw
[2026-09-25T14:37:17.191+0000] {data_modification.py:23} INFO - Inserted row with Video ID: hD1YtmKXNb4
[2026-09-25T14:37:17.194+0000] {data_modification.py:23} INFO - Inserted row with Video ID: krsBRQbOPQ4
[2026-09-25T14:37:17.196+0000] {data_modification.py:23} INFO - Inserted row with Video ID: 00NgUctWoLQ
[2026-09-25T14:37:17.199+0000] {data_modification.py:23} INFO - Inserted row with Video ID: x9TQ6culXIA
[2026-09-25T14:37:17.202+0000] {data_modification.py:23} INFO - Inserted row with Video ID: QbJJwaVdgIs
[2026-09-25T14:37:17.204+0000] {data_modification.py:23} INFO - Inserted row with Video ID: 0e3GPea1Tyg
[2026-09-25T14:37:17.207+0000] {data_modification.py:23} INFO - Inserted row with Video ID: cV2gBU6hKfY
[2026-09-25T14:37:17.210+0000] {data_modification.py:23} INFO - Inserted row with Video ID: qIsgdOVGA04
[2026-09-25T14:37:17.213+0000] {data_modification.py:23} INFO - Inserted row with Video ID: cExLQ1o2pDw
[2026-09-25T14:37:17.215+0000] {data_modification.py:23} INFO - Inserted row with Video ID: uocETPj4Jx4
[2026-09-25T14:37:17.218+0000] {data_modification.py:23} INFO - Inserted row with Video ID: zxYjTTXc-J8
[2026-09-25T14:37:17.221+0000] {data_modification.py:23} INFO - Inserted row with Video ID: hxwpkM5w3Cc
[2026-09-25T14:37:17.223+0000] {data_modification.py:23} INFO - Inserted row with Video ID: ktyJIj6i4Qw
[2026-09-25T14:37:17.226+0000] {data_modification.py:23} INFO - Inserted row with Video ID: urtFrxDUV6c
[2026-09-25T14:37:17.229+0000] {data_modification.py:23} INFO - Inserted row with Video ID: nM89Wl03Q4g
[2026-09-25T14:37:17.231+0000] {data_modification.py:23} INFO - Inserted row with Video ID: NZlClr_ivb4
[2026-09-25T14:37:17.233+0000] {data_modification.py:23} INFO - Inserted row with Video ID: E6E22XQPhhg
[2026-09-25T14:37:17.236+0000] {data_modification.py:23} INFO - Inserted row with Video ID: TQHEJj68Jew
[2026-09-25T14:37:17.238+0000] {data_modification.py:23} INFO - Inserted row with Video ID: WcwGleN38zE
[2026-09-25T14:37:17.241+0000] {data_modification.py:23} INFO - Inserted row with Video ID: fMfipiV_17o
[2026-09-25T14:37:17.244+0000] {data_modification.py:23} INFO - Inserted row with Video ID: 9bqk6ZUsKyA
[2026-09-25T14:37:17.247+0000] {data_modification.py:23} INFO - Inserted row with Video ID: DuQbOQwVaNE
[2026-09-25T14:37:17.249+0000] {data_modification.py:23} INFO - Inserted row with Video ID: vJH28ICkCdU
[2026-09-25T14:37:17.252+0000] {data_modification.py:23} INFO - Inserted row with Video ID: _uwNDiU04zE
[2026-09-25T14:37:17.254+0000] {data_modification.py:23} INFO - Inserted row with Video ID: C680oxL__ck
[2026-09-25T14:37:17.257+0000] {data_modification.py:23} INFO - Inserted row with Video ID: 5Fg9oZk-5uA
[2026-09-25T14:37:17.260+0000] {data_modification.py:23} INFO - Inserted row with Video ID: PKtnafFtfEo
[2026-09-25T14:37:17.263+0000] {data_modification.py:23} INFO - Inserted row with Video ID: f0c7pSCoZqE
[2026-09-25T14:37:17.265+0000] {data_modification.py:23} INFO - Inserted row with Video ID: Dc2ZRmuH5OM
[2026-09-25T14:37:17.268+0000] {data_modification.py:23} INFO - Inserted row with Video ID: GLoeAJUcz38
[2026-09-25T14:37:17.271+0000] {data_modification.py:23} INFO - Inserted row with Video ID: SZQhgExjBvQ
[2026-09-25T14:37:17.274+0000] {data_modification.py:23} INFO - Inserted row with Video ID: IoZri9hq7z4
[2026-09-25T14:37:17.277+0000] {data_modification.py:23} INFO - Inserted row with Video ID: vp5sSqyZ5Go
[2026-09-25T14:37:17.280+0000] {data_modification.py:23} INFO - Inserted row with Video ID: AKJfakEsgy0
[2026-09-25T14:37:17.282+0000] {data_modification.py:23} INFO - Inserted row with Video ID: Vl3swga-Xrk
[2026-09-25T14:37:17.285+0000] {data_modification.py:23} INFO - Inserted row with Video ID: UE5AHE2Ypr8
[2026-09-25T14:37:17.288+0000] {data_modification.py:23} INFO - Inserted row with Video ID: TDiXxsQ0w2Q
[2026-09-25T14:37:17.291+0000] {data_modification.py:23} INFO - Inserted row with Video ID: oD155zWANQg
[2026-09-25T14:37:17.293+0000] {data_modification.py:23} INFO - Inserted row with Video ID: s1ax8Tx_Jz0
[2026-09-25T14:37:17.296+0000] {data_modification.py:23} INFO - Inserted row with Video ID: NkE0AMGzpJY
[2026-09-25T14:37:17.299+0000] {data_modification.py:23} INFO - Inserted row with Video ID: FbM1yi4mMMc
[2026-09-25T14:37:17.302+0000] {data_modification.py:23} INFO - Inserted row with Video ID: 5V2B28OqfqM
[2026-09-25T14:37:17.305+0000] {data_modification.py:23} INFO - Inserted row with Video ID: Rj_vssRaZlQ
[2026-09-25T14:37:17.307+0000] {data_modification.py:23} INFO - Inserted row with Video ID: YQDDm9HLkV4
[2026-09-25T14:37:17.310+0000] {data_modification.py:23} INFO - Inserted row with Video ID: erQ_9yEz0ls
[2026-09-25T14:37:17.313+0000] {data_modification.py:23} INFO - Inserted row with Video ID: OAbP-V6fEVc
[2026-09-25T14:37:17.315+0000] {data_modification.py:23} INFO - Inserted row with Video ID: _qAJMXfL6o0
[2026-09-25T14:37:17.318+0000] {data_modification.py:23} INFO - Inserted row with Video ID: 59AYXzCa-Cs
[2026-09-25T14:37:17.321+0000] {data_modification.py:23} INFO - Inserted row with Video ID: r7zJ8srwwjk
[2026-09-25T14:37:17.323+0000] {data_modification.py:23} INFO - Inserted row with Video ID: YSoJPA8-oHc
[2026-09-25T14:37:17.326+0000] {data_modification.py:23} INFO - Inserted row with Video ID: 5Hg_QSIJm8I
[2026-09-25T14:37:17.329+0000] {data_modification.py:23} INFO - Inserted row with Video ID: gsWPpE4Rid0
[2026-09-25T14:37:17.332+0000] {data_modification.py:23} INFO - Inserted row with Video ID: HBMmK1c44sE
[2026-09-25T14:37:17.335+0000] {data_modification.py:23} INFO - Inserted row with Video ID: oBYbxw8f5OI
[2026-09-25T14:37:17.338+0000] {data_modification.py:23} INFO - Inserted row with Video ID: AiGKBNGlzHo
[2026-09-25T14:37:17.340+0000] {data_modification.py:23} INFO - Inserted row with Video ID: _mdKvblL_8s
[2026-09-25T14:37:17.342+0000] {data_modification.py:23} INFO - Inserted row with Video ID: yXWw0_UfSFg
[2026-09-25T14:37:17.345+0000] {data_modification.py:23} INFO - Inserted row with Video ID: F4Y3Pkn95GI
[2026-09-25T14:37:17.348+0000] {data_modification.py:23} INFO - Inserted row with Video ID: KSKJKLmAqpI
[2026-09-25T14:37:17.350+0000] {data_modification.py:23} INFO - Inserted row with Video ID: IYVjOfoU3uI
[2026-09-25T14:37:17.353+0000] {data_modification.py:23} INFO - Inserted row with Video ID: oI6aXhowFDY
[2026-09-25T14:37:17.355+0000] {data_modification.py:23} INFO - Inserted row with Video ID: LdMx2U5tby0
[2026-09-25T14:37:17.358+0000] {data_modification.py:23} INFO - Inserted row with Video ID: fY-LA3YaZ_M
[2026-09-25T14:37:17.360+0000] {data_modification.py:23} INFO - Inserted row with Video ID: 0hVZOJCYBBM
[2026-09-25T14:37:17.363+0000] {data_modification.py:23} INFO - Inserted row with Video ID: Z9WQy9jEY8M
[2026-09-25T14:37:17.366+0000] {data_modification.py:23} INFO - Inserted row with Video ID: bs0SWXbty18
[2026-09-25T14:37:17.369+0000] {data_modification.py:23} INFO - Inserted row with Video ID: yeqARWqjkps
[2026-09-25T14:37:17.371+0000] {data_modification.py:23} INFO - Inserted row with Video ID: 3jS_yEK8qVI
[2026-09-25T14:37:17.374+0000] {data_modification.py:23} INFO - Inserted row with Video ID: sfv1QaRzJg8
[2026-09-25T14:37:17.376+0000] {data_modification.py:23} INFO - Inserted row with Video ID: RwnN2FVaHmw
[2026-09-25T14:37:17.379+0000] {data_modification.py:23} INFO - Inserted row with Video ID: X1jMMFOqxEw
[2026-09-25T14:37:17.381+0000] {data_modification.py:23} INFO - Inserted row with Video ID: ORUX1lHbOa8
[2026-09-25T14:37:17.384+0000] {data_modification.py:23} INFO - Inserted row with Video ID: LU_xVr4b2qM
[2026-09-25T14:37:17.386+0000] {data_modification.py:23} INFO - Inserted row with Video ID: tQ4m4zD7BBA
[2026-09-25T14:37:17.389+0000] {data_modification.py:23} INFO - Inserted row with Video ID: D9lVNzyhYnc
[2026-09-25T14:37:17.391+0000] {data_modification.py:23} INFO - Inserted row with Video ID: jokVbbLqV_E
[2026-09-25T14:37:17.396+0000] {data_modification.py:23} INFO - Inserted row with Video ID: HPJKxAhLw5I
[2026-09-25T14:37:17.398+0000] {data_modification.py:23} INFO - Inserted row with Video ID: Ims5p6wjW9s
[2026-09-25T14:37:17.402+0000] {data_modification.py:23} INFO - Inserted row with Video ID: anFxsa5jXrE
[2026-09-25T14:37:17.404+0000] {data_modification.py:23} INFO - Inserted row with Video ID: QxGVgXf_LNk
[2026-09-25T14:37:17.407+0000] {data_modification.py:23} INFO - Inserted row with Video ID: al6130OD1Ck
[2026-09-25T14:37:17.410+0000] {data_modification.py:23} INFO - Inserted row with Video ID: d1010B3sKNQ
[2026-09-25T14:37:17.413+0000] {data_modification.py:23} INFO - Inserted row with Video ID: NS3hse9ezik
[2026-09-25T14:37:17.415+0000] {data_modification.py:23} INFO - Inserted row with Video ID: npDey6_9YRs
[2026-09-25T14:37:17.419+0000] {data_modification.py:23} INFO - Inserted row with Video ID: 3LLnjRLrvLU
[2026-09-25T14:37:17.421+0000] {data_modification.py:23} INFO - Inserted row with Video ID: bTrV5v7GLcQ
[2026-09-25T14:37:17.424+0000] {data_modification.py:23} INFO - Inserted row with Video ID: lBYC4_Lccjw
[2026-09-25T14:37:17.427+0000] {data_modification.py:23} INFO - Inserted row with Video ID: gL6iSCSHjco
[2026-09-25T14:37:17.430+0000] {data_modification.py:23} INFO - Inserted row with Video ID: UQtltNZ_pjs
[2026-09-25T14:37:17.432+0000] {data_modification.py:23} INFO - Inserted row with Video ID: 0DaMUhgcAqo
[2026-09-25T14:37:17.435+0000] {data_modification.py:23} INFO - Inserted row with Video ID: TOcGSwJBPMQ
[2026-09-25T14:37:17.438+0000] {data_modification.py:23} INFO - Inserted row with Video ID: ws694xrKopA
[2026-09-25T14:37:17.440+0000] {data_modification.py:23} INFO - Inserted row with Video ID: UtnsWzaoRtg
[2026-09-25T14:37:17.443+0000] {data_modification.py:23} INFO - Inserted row with Video ID: 6wsFjjhZPJI
[2026-09-25T14:37:17.446+0000] {data_modification.py:23} INFO - Inserted row with Video ID: Rmf6T_Ewt38
[2026-09-25T14:37:17.449+0000] {data_modification.py:23} INFO - Inserted row with Video ID: n6qc4LHN2KQ
[2026-09-25T14:37:17.452+0000] {data_modification.py:23} INFO - Inserted row with Video ID: 2eFSU7TFOnk
[2026-09-25T14:37:17.455+0000] {data_modification.py:23} INFO - Inserted row with Video ID: RCvnytndd9c
[2026-09-25T14:37:17.457+0000] {data_modification.py:23} INFO - Inserted row with Video ID: AA-VpIj8F5Y
[2026-09-25T14:37:17.460+0000] {data_modification.py:23} INFO - Inserted row with Video ID: fWcSBWadolA
[2026-09-25T14:37:17.463+0000] {data_modification.py:23} INFO - Inserted row with Video ID: YyhKdOCwD7s
[2026-09-25T14:37:17.465+0000] {data_modification.py:23} INFO - Inserted row with Video ID: ha4tRQwKIUg
[2026-09-25T14:37:17.468+0000] {data_modification.py:23} INFO - Inserted row with Video ID: xRwy_rKc7gI
[2026-09-25T14:37:17.471+0000] {data_modification.py:23} INFO - Inserted row with Video ID: H1WBdh56Vq4
[2026-09-25T14:37:17.473+0000] {data_modification.py:23} INFO - Inserted row with Video ID: xhIYirjB4Yc
[2026-09-25T14:37:17.477+0000] {data_modification.py:23} INFO - Inserted row with Video ID: HfJMs4mrSJM
[2026-09-25T14:37:17.480+0000] {data_modification.py:23} INFO - Inserted row with Video ID: tYHTVjfShOA
[2026-09-25T14:37:17.482+0000] {data_modification.py:23} INFO - Inserted row with Video ID: JTQcIR2ZxU4
[2026-09-25T14:37:17.485+0000] {data_modification.py:23} INFO - Inserted row with Video ID: xpNeg0hPZIs
[2026-09-25T14:37:17.487+0000] {data_modification.py:23} INFO - Inserted row with Video ID: 9yrdFAJUSaU
[2026-09-25T14:37:17.489+0000] {data_modification.py:23} INFO - Inserted row with Video ID: i2O6GMpNWGo
[2026-09-25T14:37:17.491+0000] {data_modification.py:23} INFO - Inserted row with Video ID: Y6jC6VaO3j0
[2026-09-25T14:37:17.494+0000] {data_modification.py:23} INFO - Inserted row with Video ID: Ooke4YZv8Ts
[2026-09-25T14:37:17.496+0000] {data_modification.py:23} INFO - Inserted row with Video ID: ZV7rU6lnAKQ
[2026-09-25T14:37:17.499+0000] {data_modification.py:23} INFO - Inserted row with Video ID: 9cCpZl8euLI
[2026-09-25T14:37:17.502+0000] {data_modification.py:23} INFO - Inserted row with Video ID: I046_n20d3s
[2026-09-25T14:37:17.505+0000] {data_modification.py:23} INFO - Inserted row with Video ID: 2nd73lyvq4w
[2026-09-25T14:37:17.507+0000] {data_modification.py:23} INFO - Inserted row with Video ID: nuM0Z4a7kMs
[2026-09-25T14:37:17.510+0000] {data_modification.py:23} INFO - Inserted row with Video ID: qPBtTPJHS0Q
[2026-09-25T14:37:17.513+0000] {data_modification.py:23} INFO - Inserted row with Video ID: A-vX1AGBGsc
[2026-09-25T14:37:17.515+0000] {data_modification.py:23} INFO - Inserted row with Video ID: IiW2smvEcBM
[2026-09-25T14:37:17.518+0000] {data_modification.py:23} INFO - Inserted row with Video ID: q6Qw8mUVTrE
[2026-09-25T14:37:17.521+0000] {data_modification.py:23} INFO - Inserted row with Video ID: dBxOYE2j55U
[2026-09-25T14:37:17.523+0000] {data_modification.py:23} INFO - Inserted row with Video ID: 984NGLLYDUg
[2026-09-25T14:37:17.526+0000] {data_modification.py:23} INFO - Inserted row with Video ID: 7zi0bi-RDj4
[2026-09-25T14:37:17.529+0000] {data_modification.py:23} INFO - Inserted row with Video ID: XaxhLbxZ13k
[2026-09-25T14:37:17.531+0000] {data_modification.py:23} INFO - Inserted row with Video ID: L8nh1wuXTbI
[2026-09-25T14:37:17.534+0000] {data_modification.py:23} INFO - Inserted row with Video ID: 9-HphHIJS9c
[2026-09-25T14:37:17.538+0000] {data_modification.py:23} INFO - Inserted row with Video ID: rPXmbM2UEbU
[2026-09-25T14:37:17.540+0000] {data_modification.py:23} INFO - Inserted row with Video ID: sESRuTyfsEk
[2026-09-25T14:37:17.543+0000] {data_modification.py:23} INFO - Inserted row with Video ID: QapO3maXd9k
[2026-09-25T14:37:17.546+0000] {data_modification.py:23} INFO - Inserted row with Video ID: 71VpdDb8e6U
[2026-09-25T14:37:17.548+0000] {data_modification.py:23} INFO - Inserted row with Video ID: Su34c5Z8DW4
[2026-09-25T14:37:17.551+0000] {data_modification.py:23} INFO - Inserted row with Video ID: NbaWrbJDr48
[2026-09-25T14:37:17.554+0000] {data_modification.py:23} INFO - Inserted row with Video ID: mGIpOtncmSM
[2026-09-25T14:37:17.556+0000] {data_modification.py:23} INFO - Inserted row with Video ID: VqnQ-0q2gb4
[2026-09-25T14:37:17.559+0000] {data_modification.py:23} INFO - Inserted row with Video ID: 1SwVSTKFCsc
[2026-09-25T14:37:17.562+0000] {data_modification.py:23} INFO - Inserted row with Video ID: ZPuEUe_8SRM
[2026-09-25T14:37:17.564+0000] {data_modification.py:23} INFO - Inserted row with Video ID: gKVZz4kcuns
[2026-09-25T14:37:17.566+0000] {data_modification.py:23} INFO - Inserted row with Video ID: nywT2SenPIo
[2026-09-25T14:37:17.569+0000] {data_modification.py:23} INFO - Inserted row with Video ID: xBP9EUQIkNs
[2026-09-25T14:37:17.572+0000] {data_modification.py:23} INFO - Inserted row with Video ID: qZNxvnQv0h4
[2026-09-25T14:37:17.574+0000] {data_modification.py:23} INFO - Inserted row with Video ID: uE6gud1voDs
[2026-09-25T14:37:17.577+0000] {data_modification.py:23} INFO - Inserted row with Video ID: f0M64XpmTz8
[2026-09-25T14:37:17.580+0000] {data_modification.py:23} INFO - Inserted row with Video ID: Gz3yak1cl-8
[2026-09-25T14:37:17.582+0000] {data_modification.py:23} INFO - Inserted row with Video ID: 9GD6hbqu2oM
[2026-09-25T14:37:17.585+0000] {data_modification.py:23} INFO - Inserted row with Video ID: GUWGsIVEMSQ
[2026-09-25T14:37:17.588+0000] {data_modification.py:23} INFO - Inserted row with Video ID: wDqJZ_2ZA3A
[2026-09-25T14:37:17.590+0000] {data_modification.py:23} INFO - Inserted row with Video ID: RywkkwO78m8
[2026-09-25T14:37:17.593+0000] {data_modification.py:23} INFO - Inserted row with Video ID: P4qWhSZ7_WA
[2026-09-25T14:37:17.596+0000] {data_modification.py:23} INFO - Inserted row with Video ID: UlUcwJc5nBs
[2026-09-25T14:37:17.598+0000] {data_modification.py:23} INFO - Inserted row with Video ID: qAW6CE7_bFM
[2026-09-25T14:37:17.601+0000] {data_modification.py:23} INFO - Inserted row with Video ID: tBEBc4KQVsU
[2026-09-25T14:37:17.604+0000] {data_modification.py:23} INFO - Inserted row with Video ID: q0OK-zHnvnA
[2026-09-25T14:37:17.606+0000] {data_modification.py:23} INFO - Inserted row with Video ID: bFZdU9dr4OM
[2026-09-25T14:37:17.609+0000] {data_modification.py:23} INFO - Inserted row with Video ID: nd-bwvNB7YA
[2026-09-25T14:37:17.612+0000] {data_modification.py:23} INFO - Inserted row with Video ID: 6_im_hGxGRk
[2026-09-25T14:37:17.614+0000] {data_modification.py:23} INFO - Inserted row with Video ID: b91vrgVY-ZQ
[2026-09-25T14:37:17.617+0000] {data_modification.py:23} INFO - Inserted row with Video ID: 52ubXjlVzUY
[2026-09-25T14:37:17.620+0000] {data_modification.py:23} INFO - Inserted row with Video ID: XHb7g6yuGgE
[2026-09-25T14:37:17.622+0000] {data_modification.py:23} INFO - Inserted row with Video ID: rH1D_3G56DY
[2026-09-25T14:37:17.625+0000] {data_modification.py:23} INFO - Inserted row with Video ID: WRzIuC2MKOU
[2026-09-25T14:37:17.627+0000] {data_modification.py:23} INFO - Inserted row with Video ID: foLlul8Tl3E
[2026-09-25T14:37:17.630+0000] {data_modification.py:23} INFO - Inserted row with Video ID: 3iaDrpKdaIc
[2026-09-25T14:37:17.632+0000] {data_modification.py:23} INFO - Inserted row with Video ID: qrIh-ZHN4-E
[2026-09-25T14:37:17.635+0000] {data_modification.py:23} INFO - Inserted row with Video ID: mpZWt5pGKZ8
[2026-09-25T14:37:17.638+0000] {data_modification.py:23} INFO - Inserted row with Video ID: XE9pUM9MEFA
[2026-09-25T14:37:17.640+0000] {data_modification.py:23} INFO - Inserted row with Video ID: wbzD04leeLI
[2026-09-25T14:37:17.643+0000] {data_modification.py:23} INFO - Inserted row with Video ID: MC5h-ShR-S8
[2026-09-25T14:37:17.646+0000] {data_modification.py:23} INFO - Inserted row with Video ID: dp8IaLrZpGs
[2026-09-25T14:37:17.648+0000] {data_modification.py:23} INFO - Inserted row with Video ID: 97Gh93Daio0
[2026-09-25T14:37:17.651+0000] {data_modification.py:23} INFO - Inserted row with Video ID: t4OumncEiKo
[2026-09-25T14:37:17.656+0000] {data_modification.py:23} INFO - Inserted row with Video ID: Ejou8aa5eZk
[2026-09-25T14:37:17.661+0000] {data_modification.py:23} INFO - Inserted row with Video ID: ehEuczQUh8E
[2026-09-25T14:37:17.666+0000] {data_modification.py:23} INFO - Inserted row with Video ID: uBC7805Smsg
[2026-09-25T14:37:17.671+0000] {data_modification.py:23} INFO - Inserted row with Video ID: d8pJkuSp1iI
[2026-09-25T14:37:17.675+0000] {data_modification.py:23} INFO - Inserted row with Video ID: dFr5YQaQQdo
[2026-09-25T14:37:17.679+0000] {data_modification.py:23} INFO - Inserted row with Video ID: xBLxMfO3pDw
[2026-09-25T14:37:17.683+0000] {data_modification.py:23} INFO - Inserted row with Video ID: d7QmQtNwhcU
[2026-09-25T14:37:17.688+0000] {data_modification.py:23} INFO - Inserted row with Video ID: NZR4WEjpOQg
[2026-09-25T14:37:17.692+0000] {data_modification.py:23} INFO - Inserted row with Video ID: vETSAZgfDP4
[2026-09-25T14:37:17.696+0000] {data_modification.py:23} INFO - Inserted row with Video ID: zE3FLbpu9-Q
[2026-09-25T14:37:17.700+0000] {data_modification.py:23} INFO - Inserted row with Video ID: Izmibu7dxcs
[2026-09-25T14:37:17.704+0000] {data_modification.py:23} INFO - Inserted row with Video ID: 2Pvt8awds44
[2026-09-25T14:37:17.708+0000] {data_modification.py:23} INFO - Inserted row with Video ID: n9BbAfbsyj0
[2026-09-25T14:37:17.712+0000] {data_modification.py:23} INFO - Inserted row with Video ID: WZ2rYlVxt4g
[2026-09-25T14:37:17.716+0000] {data_modification.py:23} INFO - Inserted row with Video ID: CWK6an4mYL0
[2026-09-25T14:37:17.720+0000] {data_modification.py:23} INFO - Inserted row with Video ID: VwWV4JelEzY
[2026-09-25T14:37:17.725+0000] {data_modification.py:23} INFO - Inserted row with Video ID: koRKIlRQj4g
[2026-09-25T14:37:17.730+0000] {data_modification.py:23} INFO - Inserted row with Video ID: XKFKPQHdWRI
[2026-09-25T14:37:17.734+0000] {data_modification.py:23} INFO - Inserted row with Video ID: yuGEB4ZZdUQ
[2026-09-25T14:37:17.738+0000] {data_modification.py:23} INFO - Inserted row with Video ID: sg_XFT4K3N4
[2026-09-25T14:37:17.743+0000] {data_modification.py:23} INFO - Inserted row with Video ID: szt8xabJoSo
[2026-09-25T14:37:17.746+0000] {data_modification.py:23} INFO - Inserted row with Video ID: Fbl3E_XCQfA
[2026-09-25T14:37:17.750+0000] {data_modification.py:23} INFO - Inserted row with Video ID: Pe3pGsCeYXg
[2026-09-25T14:37:17.753+0000] {data_modification.py:23} INFO - Inserted row with Video ID: uxzBq4Y_fNw
[2026-09-25T14:37:17.757+0000] {data_modification.py:23} INFO - Inserted row with Video ID: 9vB-48kHbBU
[2026-09-25T14:37:17.761+0000] {data_modification.py:23} INFO - Inserted row with Video ID: l_huIWJBhJM
[2026-09-25T14:37:17.763+0000] {data_modification.py:23} INFO - Inserted row with Video ID: CvMRiR4k49Y
[2026-09-25T14:37:17.766+0000] {data_modification.py:23} INFO - Inserted row with Video ID: g2rbhIB-ITM
[2026-09-25T14:37:17.770+0000] {data_modification.py:23} INFO - Inserted row with Video ID: nLpqZEAFnkE
[2026-09-25T14:37:17.773+0000] {data_modification.py:23} INFO - Inserted row with Video ID: sirrTXiPFmw
[2026-09-25T14:37:17.777+0000] {data_modification.py:23} INFO - Inserted row with Video ID: nRkwuTOESCc
[2026-09-25T14:37:17.780+0000] {data_modification.py:23} INFO - Inserted row with Video ID: AS6WMS_Bemg
[2026-09-25T14:37:17.783+0000] {data_modification.py:23} INFO - Inserted row with Video ID: wMn8d7IeCYM
[2026-09-25T14:37:17.786+0000] {data_modification.py:23} INFO - Inserted row with Video ID: BMZP4CtphaU
[2026-09-25T14:37:17.789+0000] {data_modification.py:23} INFO - Inserted row with Video ID: ln9aLVd__8w
[2026-09-25T14:37:17.791+0000] {data_modification.py:23} INFO - Inserted row with Video ID: 93s1JECSy60
[2026-09-25T14:37:17.794+0000] {data_modification.py:23} INFO - Inserted row with Video ID: YR6Wh2Zy9jE
[2026-09-25T14:37:17.797+0000] {data_modification.py:23} INFO - Inserted row with Video ID: 5PCxQSMOl3o
[2026-09-25T14:37:17.799+0000] {data_modification.py:23} INFO - Inserted row with Video ID: 5qzAVMe_SnM
[2026-09-25T14:37:17.802+0000] {data_modification.py:23} INFO - Inserted row with Video ID: zAAXW7ySu1k
[2026-09-25T14:37:17.804+0000] {data_modification.py:23} INFO - Inserted row with Video ID: sx5k8xd_VoU
[2026-09-25T14:37:17.807+0000] {data_modification.py:23} INFO - Inserted row with Video ID: uotb9ZHnI2g
[2026-09-25T14:37:17.810+0000] {data_modification.py:23} INFO - Inserted row with Video ID: nPlqRbVFBHI
[2026-09-25T14:37:17.812+0000] {data_modification.py:23} INFO - Inserted row with Video ID: _FX6rml2Yjs
[2026-09-25T14:37:17.815+0000] {data_modification.py:23} INFO - Inserted row with Video ID: kupaqq-xJ_8
[2026-09-25T14:37:17.818+0000] {data_modification.py:23} INFO - Inserted row with Video ID: Er6QUQZbv0w
[2026-09-25T14:37:17.821+0000] {data_modification.py:23} INFO - Inserted row with Video ID: 4KVmSG6KS2k
[2026-09-25T14:37:17.823+0000] {data_modification.py:23} INFO - Inserted row with Video ID: Lx9fRu5ehFo
[2026-09-25T14:37:17.826+0000] {data_modification.py:23} INFO - Inserted row with Video ID: KcsRxHwGz7A
[2026-09-25T14:37:17.828+0000] {data_modification.py:23} INFO - Inserted row with Video ID: ZJwX2jTXWwQ
[2026-09-25T14:37:17.830+0000] {data_modification.py:23} INFO - Inserted row with Video ID: N_GMakKf7G4
[2026-09-25T14:37:17.833+0000] {data_modification.py:23} INFO - Inserted row with Video ID: 63gyUQ_JeOE
[2026-09-25T14:37:17.835+0000] {data_modification.py:23} INFO - Inserted row with Video ID: IZVbzNRUlQI
[2026-09-25T14:37:17.838+0000] {data_modification.py:23} INFO - Inserted row with Video ID: 8D3vI1615K4
[2026-09-25T14:37:17.840+0000] {data_modification.py:23} INFO - Inserted row with Video ID: igVcy5dtN80
[2026-09-25T14:37:17.843+0000] {data_modification.py:23} INFO - Inserted row with Video ID: dEOlvTqYUNo
[2026-09-25T14:37:17.846+0000] {data_modification.py:23} INFO - Inserted row with Video ID: AS5CxLCWq-Q
[2026-09-25T14:37:17.848+0000] {data_modification.py:23} INFO - Inserted row with Video ID: jtOalDNVrKM
[2026-09-25T14:37:17.852+0000] {data_modification.py:23} INFO - Inserted row with Video ID: dDYP56hEYF0
[2026-09-25T14:37:17.855+0000] {data_modification.py:23} INFO - Inserted row with Video ID: pJSbLk-Iixc
[2026-09-25T14:37:17.857+0000] {data_modification.py:23} INFO - Inserted row with Video ID: iengNekeTNo
[2026-09-25T14:37:17.860+0000] {data_modification.py:23} INFO - Inserted row with Video ID: rqUvnLPvbrM
[2026-09-25T14:37:17.863+0000] {data_modification.py:23} INFO - Inserted row with Video ID: 9CVwXBYVqVk
[2026-09-25T14:37:17.866+0000] {data_modification.py:23} INFO - Inserted row with Video ID: i8pmk5xnO2s
[2026-09-25T14:37:17.868+0000] {data_modification.py:23} INFO - Inserted row with Video ID: xWcldHxHFpo
[2026-09-25T14:37:17.871+0000] {data_modification.py:23} INFO - Inserted row with Video ID: YH1-fDzHHpo
[2026-09-25T14:37:17.873+0000] {data_modification.py:23} INFO - Inserted row with Video ID: ntlG5XgYg4k
[2026-09-25T14:37:17.876+0000] {data_modification.py:23} INFO - Inserted row with Video ID: Qy17S3g8ZuY
[2026-09-25T14:37:17.879+0000] {data_modification.py:23} INFO - Inserted row with Video ID: PJyWmlWNor8
[2026-09-25T14:37:17.882+0000] {data_modification.py:23} INFO - Inserted row with Video ID: KzwTYZ2W3ZA
[2026-09-25T14:37:17.885+0000] {data_modification.py:23} INFO - Inserted row with Video ID: 9fa_JYTPZ2Y
[2026-09-25T14:37:17.887+0000] {data_modification.py:23} INFO - Inserted row with Video ID: t1BWMa8btIw
[2026-09-25T14:37:17.890+0000] {data_modification.py:23} INFO - Inserted row with Video ID: 2O8wta4FsD4
[2026-09-25T14:37:17.893+0000] {data_modification.py:23} INFO - Inserted row with Video ID: DbC9CauTXoM
[2026-09-25T14:37:17.896+0000] {data_modification.py:23} INFO - Inserted row with Video ID: yhNcDBnQsEY
[2026-09-25T14:37:17.898+0000] {data_modification.py:23} INFO - Inserted row with Video ID: Wyyqz3OxB5c
[2026-09-25T14:37:17.901+0000] {data_modification.py:23} INFO - Inserted row with Video ID: KO8B2kw_Jxs
[2026-09-25T14:37:17.904+0000] {data_modification.py:23} INFO - Inserted row with Video ID: NEDPgQYhbqs
[2026-09-25T14:37:17.907+0000] {data_modification.py:23} INFO - Inserted row with Video ID: DpIvW6av0pI
[2026-09-25T14:37:17.910+0000] {data_modification.py:23} INFO - Inserted row with Video ID: RPcXg2-0ejw
[2026-09-25T14:37:17.913+0000] {data_modification.py:23} INFO - Inserted row with Video ID: jhYG5BStQSk
[2026-09-25T14:37:17.915+0000] {data_modification.py:23} INFO - Inserted row with Video ID: wTIPpjUgAFE
[2026-09-25T14:37:17.918+0000] {data_modification.py:23} INFO - Inserted row with Video ID: Fzh65vCyHWQ
[2026-09-25T14:37:17.920+0000] {data_modification.py:23} INFO - Inserted row with Video ID: vBp0bzVr09s
[2026-09-25T14:37:17.923+0000] {data_modification.py:23} INFO - Inserted row with Video ID: AXjdI_LHWJU
[2026-09-25T14:37:17.926+0000] {data_modification.py:23} INFO - Inserted row with Video ID: dJCsc_Cq9i4
[2026-09-25T14:37:17.929+0000] {data_modification.py:23} INFO - Inserted row with Video ID: bqpKlkPpT10
[2026-09-25T14:37:17.931+0000] {data_modification.py:23} INFO - Inserted row with Video ID: TIIU1ivhLKs
[2026-09-25T14:37:17.934+0000] {data_modification.py:23} INFO - Inserted row with Video ID: G4qOiwIE_o0
[2026-09-25T14:37:17.937+0000] {data_modification.py:23} INFO - Inserted row with Video ID: yozl6enFC-w
[2026-09-25T14:37:17.939+0000] {data_modification.py:23} INFO - Inserted row with Video ID: op0N7axawJA
[2026-09-25T14:37:17.941+0000] {data_modification.py:23} INFO - Inserted row with Video ID: e-If_d_bzfI
[2026-09-25T14:37:17.944+0000] {data_modification.py:23} INFO - Inserted row with Video ID: 5J6-5g2alp8
[2026-09-25T14:37:17.946+0000] {data_modification.py:23} INFO - Inserted row with Video ID: qjGNBluF6_I
[2026-09-25T14:37:17.948+0000] {data_modification.py:23} INFO - Inserted row with Video ID: TLoDwqQF5ug
[2026-09-25T14:37:17.952+0000] {data_modification.py:23} INFO - Inserted row with Video ID: uAFGIQPWL54
[2026-09-25T14:37:17.954+0000] {data_modification.py:23} INFO - Inserted row with Video ID: SaDDjW9Rw-M
[2026-09-25T14:37:17.957+0000] {data_modification.py:23} INFO - Inserted row with Video ID: 9LiS_3HEErU
[2026-09-25T14:37:17.961+0000] {data_modification.py:23} INFO - Inserted row with Video ID: hRj5qNfkdO0
[2026-09-25T14:37:17.963+0000] {data_modification.py:23} INFO - Inserted row with Video ID: ocruJKe2tFk
[2026-09-25T14:37:17.966+0000] {data_modification.py:23} INFO - Inserted row with Video ID: MgRMNzKknto
[2026-09-25T14:37:17.968+0000] {data_modification.py:23} INFO - Inserted row with Video ID: tqO3_AKC5Ks
[2026-09-25T14:37:17.971+0000] {data_modification.py:23} INFO - Inserted row with Video ID: XW1TsAVdXsw
[2026-09-25T14:37:17.974+0000] {data_modification.py:23} INFO - Inserted row with Video ID: Qhdj_Umh1IE
[2026-09-25T14:37:17.976+0000] {data_modification.py:23} INFO - Inserted row with Video ID: fN_RQFqaGHI
[2026-09-25T14:37:17.979+0000] {data_modification.py:23} INFO - Inserted row with Video ID: hC3xW8xeCDs
[2026-09-25T14:37:17.981+0000] {data_modification.py:23} INFO - Inserted row with Video ID: xGJEPTCw9GU
[2026-09-25T14:37:17.983+0000] {data_modification.py:23} INFO - Inserted row with Video ID: FmjsePPBbdU
[2026-09-25T14:37:17.986+0000] {data_modification.py:23} INFO - Inserted row with Video ID: lMLEcUXz6T8
[2026-09-25T14:37:17.989+0000] {data_modification.py:23} INFO - Inserted row with Video ID: BKJy7BFP3Is
[2026-09-25T14:37:17.991+0000] {data_modification.py:23} INFO - Inserted row with Video ID: 1gfgZhW3YgU
[2026-09-25T14:37:17.994+0000] {data_modification.py:23} INFO - Inserted row with Video ID: VXmKt_1T0QM
[2026-09-25T14:37:17.996+0000] {data_modification.py:23} INFO - Inserted row with Video ID: 6XCUHLhdnEY
[2026-09-25T14:37:17.998+0000] {data_modification.py:23} INFO - Inserted row with Video ID: ttWTSskmxTA
[2026-09-25T14:37:18.001+0000] {data_modification.py:23} INFO - Inserted row with Video ID: 5bCyFf8lSfk
[2026-09-25T14:37:18.004+0000] {data_modification.py:23} INFO - Inserted row with Video ID: ngVEpJs5A5s
[2026-09-25T14:37:18.007+0000] {data_modification.py:23} INFO - Inserted row with Video ID: zjC48c3ptt0
[2026-09-25T14:37:18.010+0000] {data_modification.py:23} INFO - Inserted row with Video ID: rS2sntC-lJI
[2026-09-25T14:37:18.012+0000] {data_modification.py:23} INFO - Inserted row with Video ID: fG1N5kzeAhM
[2026-09-25T14:37:18.015+0000] {data_modification.py:23} INFO - Inserted row with Video ID: vT_gRRMjDi0
[2026-09-25T14:37:18.018+0000] {data_modification.py:23} INFO - Inserted row with Video ID: dfcPUqiivDY
[2026-09-25T14:37:18.020+0000] {data_modification.py:23} INFO - Inserted row with Video ID: zCR6DJX7Kak
[2026-09-25T14:37:18.023+0000] {data_modification.py:23} INFO - Inserted row with Video ID: 4cX-w-ia0RU
[2026-09-25T14:37:18.025+0000] {data_modification.py:23} INFO - Inserted row with Video ID: 2nVjy-zd65Q
[2026-09-25T14:37:18.027+0000] {data_modification.py:23} INFO - Inserted row with Video ID: xlzpD4GeBW0
[2026-09-25T14:37:18.030+0000] {data_modification.py:23} INFO - Inserted row with Video ID: 8ZTy3K2QgOY
[2026-09-25T14:37:18.032+0000] {data_modification.py:23} INFO - Inserted row with Video ID: k9zko79_3_I
[2026-09-25T14:37:18.035+0000] {data_modification.py:23} INFO - Inserted row with Video ID: fYnPyLfxSJg
[2026-09-25T14:37:18.038+0000] {data_modification.py:23} INFO - Inserted row with Video ID: pBH_QL4JGcI
[2026-09-25T14:37:18.040+0000] {data_modification.py:23} INFO - Inserted row with Video ID: 1wtFD9zSQO8
[2026-09-25T14:37:18.044+0000] {data_modification.py:23} INFO - Inserted row with Video ID: VqhjiwmGNKA
[2026-09-25T14:37:18.046+0000] {data_modification.py:23} INFO - Inserted row with Video ID: LHtkve6-O0g
[2026-09-25T14:37:18.049+0000] {data_modification.py:23} INFO - Inserted row with Video ID: m3Ol8zn7brk
[2026-09-25T14:37:18.052+0000] {data_modification.py:23} INFO - Inserted row with Video ID: qBiZA4QDsj0
[2026-09-25T14:37:18.055+0000] {data_modification.py:23} INFO - Inserted row with Video ID: NeOrh4GnPZ4
[2026-09-25T14:37:18.057+0000] {data_modification.py:23} INFO - Inserted row with Video ID: fWhfOAuOqjY
[2026-09-25T14:37:18.060+0000] {data_modification.py:23} INFO - Inserted row with Video ID: 9Ax56oRhcZc
[2026-09-25T14:37:18.063+0000] {data_modification.py:23} INFO - Inserted row with Video ID: -cWVrFABWHw
[2026-09-25T14:37:18.065+0000] {data_modification.py:23} INFO - Inserted row with Video ID: z7qtJAAV5d0
[2026-09-25T14:37:18.068+0000] {data_modification.py:23} INFO - Inserted row with Video ID: 9pk-neTrDoM
[2026-09-25T14:37:18.071+0000] {data_modification.py:23} INFO - Inserted row with Video ID: JQscW6DfNZY
[2026-09-25T14:37:18.073+0000] {data_modification.py:23} INFO - Inserted row with Video ID: 9smE_EiKJ8Q
[2026-09-25T14:37:18.076+0000] {data_modification.py:23} INFO - Inserted row with Video ID: hfaPkoXeYfU
[2026-09-25T14:37:18.078+0000] {data_modification.py:23} INFO - Inserted row with Video ID: u0hHxeWkB_o
[2026-09-25T14:37:18.081+0000] {data_modification.py:23} INFO - Inserted row with Video ID: 64WGWubQO3I
[2026-09-25T14:37:18.084+0000] {data_modification.py:23} INFO - Inserted row with Video ID: QJUs6CSRCFU
[2026-09-25T14:37:18.087+0000] {data_modification.py:23} INFO - Inserted row with Video ID: Om4c4ilT_6g
[2026-09-25T14:37:18.089+0000] {data_modification.py:23} INFO - Inserted row with Video ID: GbOfxRfHdeg
[2026-09-25T14:37:18.092+0000] {data_modification.py:23} INFO - Inserted row with Video ID: yzxYCRDcGDs
[2026-09-25T14:37:18.095+0000] {data_modification.py:23} INFO - Inserted row with Video ID: PCakYf_PnT0
[2026-09-25T14:37:18.097+0000] {data_modification.py:23} INFO - Inserted row with Video ID: 8nv_ltg4RAg
[2026-09-25T14:37:18.099+0000] {data_modification.py:23} INFO - Inserted row with Video ID: VvphlSvCyj8
[2026-09-25T14:37:18.102+0000] {data_modification.py:23} INFO - Inserted row with Video ID: JP3v6UxI124
[2026-09-25T14:37:18.104+0000] {data_modification.py:23} INFO - Inserted row with Video ID: jRURlbRAUhI
[2026-09-25T14:37:18.107+0000] {data_modification.py:23} INFO - Inserted row with Video ID: I_3R9YGFlHE
[2026-09-25T14:37:18.111+0000] {data_modification.py:23} INFO - Inserted row with Video ID: cqirhwhq_qM
[2026-09-25T14:37:18.113+0000] {data_modification.py:23} INFO - Inserted row with Video ID: 3IQdDBwc42o
[2026-09-25T14:37:18.116+0000] {data_modification.py:23} INFO - Inserted row with Video ID: 4YHnf3YepwU
[2026-09-25T14:37:18.119+0000] {data_modification.py:23} INFO - Inserted row with Video ID: DoIQMkoYSzw
[2026-09-25T14:37:18.122+0000] {data_modification.py:23} INFO - Inserted row with Video ID: 6zQhLOw1nw8
[2026-09-25T14:37:18.125+0000] {data_modification.py:23} INFO - Inserted row with Video ID: mfvi_jgdVqE
[2026-09-25T14:37:18.128+0000] {data_modification.py:23} INFO - Inserted row with Video ID: zExxMxcoJ6A
[2026-09-25T14:37:18.131+0000] {data_modification.py:23} INFO - Inserted row with Video ID: hD_Af6W2qug
[2026-09-25T14:37:18.133+0000] {data_modification.py:23} INFO - Inserted row with Video ID: XOtTKQujlkI
[2026-09-25T14:37:18.136+0000] {data_modification.py:23} INFO - Inserted row with Video ID: dRqthQ2Mc_0
[2026-09-25T14:37:18.139+0000] {data_modification.py:23} INFO - Inserted row with Video ID: 8TFq_vvO_Wg
[2026-09-25T14:37:18.143+0000] {data_modification.py:23} INFO - Inserted row with Video ID: oo8ve4Ldpck
[2026-09-25T14:37:18.146+0000] {data_modification.py:23} INFO - Inserted row with Video ID: g0IrVKXIbmE
[2026-09-25T14:37:18.149+0000] {data_modification.py:23} INFO - Inserted row with Video ID: 2Om2M4_Kyd0
[2026-09-25T14:37:18.152+0000] {data_modification.py:23} INFO - Inserted row with Video ID: KaaEivIqX6M
[2026-09-25T14:37:18.154+0000] {data_modification.py:23} INFO - Inserted row with Video ID: W4gBpws7Ug8
[2026-09-25T14:37:18.157+0000] {data_modification.py:23} INFO - Inserted row with Video ID: NT3EkjxO8hs
[2026-09-25T14:37:18.161+0000] {data_modification.py:23} INFO - Inserted row with Video ID: syMozMiJneM
[2026-09-25T14:37:18.163+0000] {data_modification.py:23} INFO - Inserted row with Video ID: Wt6cMjn3YLg
[2026-09-25T14:37:18.165+0000] {data_modification.py:23} INFO - Inserted row with Video ID: OEuS7fjMlMc
[2026-09-25T14:37:18.168+0000] {data_modification.py:23} INFO - Inserted row with Video ID: 1Pr-R2nKTY4
[2026-09-25T14:37:18.171+0000] {data_modification.py:23} INFO - Inserted row with Video ID: QqdUhn99E-s
[2026-09-25T14:37:18.173+0000] {data_modification.py:23} INFO - Inserted row with Video ID: 1UygJmcHUdQ
[2026-09-25T14:37:18.176+0000] {data_modification.py:23} INFO - Inserted row with Video ID: g4DAFnZcCcQ
[2026-09-25T14:37:18.179+0000] {data_modification.py:23} INFO - Inserted row with Video ID: LTr8cXAxy1I
[2026-09-25T14:37:18.181+0000] {data_modification.py:23} INFO - Inserted row with Video ID: Ow3xqv7ahXo
[2026-09-25T14:37:18.184+0000] {data_modification.py:23} INFO - Inserted row with Video ID: TRiF8PdrIP8
[2026-09-25T14:37:18.186+0000] {data_modification.py:23} INFO - Inserted row with Video ID: NFZ_MtTvwm0
[2026-09-25T14:37:18.189+0000] {data_modification.py:23} INFO - Inserted row with Video ID: Pgxi8dsUW-o
[2026-09-25T14:37:18.191+0000] {data_modification.py:23} INFO - Inserted row with Video ID: YY2-jJojnOA
[2026-09-25T14:37:18.193+0000] {data_modification.py:23} INFO - Inserted row with Video ID: 7Pogam71094
[2026-09-25T14:37:18.196+0000] {data_modification.py:23} INFO - Inserted row with Video ID: DL0OPJ2hahc
[2026-09-25T14:37:18.198+0000] {data_modification.py:23} INFO - Inserted row with Video ID: WwE0tR08OTU
[2026-09-25T14:37:18.202+0000] {data_modification.py:23} INFO - Inserted row with Video ID: 2LIJtcI4dbg
[2026-09-25T14:37:18.205+0000] {data_modification.py:23} INFO - Inserted row with Video ID: rXnaD7PU9kY
[2026-09-25T14:37:18.208+0000] {data_modification.py:23} INFO - Inserted row with Video ID: Ng_qwlvhrJo
[2026-09-25T14:37:18.211+0000] {data_modification.py:23} INFO - Inserted row with Video ID: bzIPun3cVsw
[2026-09-25T14:37:18.213+0000] {data_modification.py:23} INFO - Inserted row with Video ID: miKQkeq5sbU
[2026-09-25T14:37:18.216+0000] {data_modification.py:23} INFO - Inserted row with Video ID: Lwt_VThQIdM
[2026-09-25T14:37:18.219+0000] {data_modification.py:23} INFO - Inserted row with Video ID: P2oPACr4uuU
[2026-09-25T14:37:18.221+0000] {data_modification.py:23} INFO - Inserted row with Video ID: h-D6ukDcS9o
[2026-09-25T14:37:18.224+0000] {data_modification.py:23} INFO - Inserted row with Video ID: mY77HA20MzA
[2026-09-25T14:37:18.227+0000] {data_modification.py:23} INFO - Inserted row with Video ID: 4krBgDFycgY
[2026-09-25T14:37:18.229+0000] {data_modification.py:23} INFO - Inserted row with Video ID: dpUxRIqbNlc
[2026-09-25T14:37:18.231+0000] {data_modification.py:23} INFO - Inserted row with Video ID: Cp431S5z8PE
[2026-09-25T14:37:18.235+0000] {data_modification.py:23} INFO - Inserted row with Video ID: vuOTP206zWM
[2026-09-25T14:37:18.238+0000] {data_modification.py:23} INFO - Inserted row with Video ID: J590MYm0SY8
[2026-09-25T14:37:18.240+0000] {data_modification.py:23} INFO - Inserted row with Video ID: vGB2d5cQJpY
[2026-09-25T14:37:18.243+0000] {data_modification.py:23} INFO - Inserted row with Video ID: M94G0iKYiSM
[2026-09-25T14:37:18.246+0000] {data_modification.py:23} INFO - Inserted row with Video ID: pGYyUssWLTA
[2026-09-25T14:37:18.248+0000] {data_modification.py:23} INFO - Inserted row with Video ID: j7kM8G_AjuY
[2026-09-25T14:37:18.251+0000] {data_modification.py:23} INFO - Inserted row with Video ID: deK-My3Of0o
[2026-09-25T14:37:18.254+0000] {data_modification.py:23} INFO - Inserted row with Video ID: X9eXa-Uzuj0
[2026-09-25T14:37:18.256+0000] {data_modification.py:23} INFO - Inserted row with Video ID: GxTVDClFXuc
[2026-09-25T14:37:18.260+0000] {data_modification.py:23} INFO - Inserted row with Video ID: kGaq-Qi9hoE
[2026-09-25T14:37:18.262+0000] {data_modification.py:23} INFO - Inserted row with Video ID: 9zFfp3gzZ88
[2026-09-25T14:37:18.264+0000] {data_modification.py:23} INFO - Inserted row with Video ID: mM2KwBYa-u4
[2026-09-25T14:37:18.267+0000] {data_modification.py:23} INFO - Inserted row with Video ID: WAcmsAISniQ
[2026-09-25T14:37:18.270+0000] {data_modification.py:23} INFO - Inserted row with Video ID: kqUT-s3a6tU
[2026-09-25T14:37:18.272+0000] {data_modification.py:23} INFO - Inserted row with Video ID: NUVglXbGBfs
[2026-09-25T14:37:18.274+0000] {data_modification.py:23} INFO - Inserted row with Video ID: T-v4b3WtPAg
[2026-09-25T14:37:18.277+0000] {data_modification.py:23} INFO - Inserted row with Video ID: m8qGlpcfAIw
[2026-09-25T14:37:18.280+0000] {data_modification.py:23} INFO - Inserted row with Video ID: uZPkMnv8b-o
[2026-09-25T14:37:18.283+0000] {data_modification.py:23} INFO - Inserted row with Video ID: qVLr6SMxvJw
[2026-09-25T14:37:18.286+0000] {data_modification.py:23} INFO - Inserted row with Video ID: 4AigP5OY8JE
[2026-09-25T14:37:18.289+0000] {data_modification.py:23} INFO - Inserted row with Video ID: RMoFUeBVefA
[2026-09-25T14:37:18.291+0000] {data_modification.py:23} INFO - Inserted row with Video ID: ep7S1XnuQLU
[2026-09-25T14:37:18.293+0000] {data_modification.py:23} INFO - Inserted row with Video ID: cpI5lCaqZcQ
[2026-09-25T14:37:18.296+0000] {data_modification.py:23} INFO - Inserted row with Video ID: 3LuchpUc7PU
[2026-09-25T14:37:18.299+0000] {data_modification.py:23} INFO - Inserted row with Video ID: _f6xCA0-gAo
[2026-09-25T14:37:18.301+0000] {data_modification.py:23} INFO - Inserted row with Video ID: lfD7kMZKuNg
[2026-09-25T14:37:18.304+0000] {data_modification.py:23} INFO - Inserted row with Video ID: ejlkNGm82w4
[2026-09-25T14:37:18.306+0000] {data_modification.py:23} INFO - Inserted row with Video ID: Jtj9rUqlB1Y
[2026-09-25T14:37:18.310+0000] {data_modification.py:23} INFO - Inserted row with Video ID: ZqzFRGH_tMQ
[2026-09-25T14:37:18.312+0000] {data_modification.py:23} INFO - Inserted row with Video ID: 94A-bsumX9A
[2026-09-25T14:37:18.314+0000] {data_modification.py:23} INFO - Inserted row with Video ID: gYaxI_allkQ
[2026-09-25T14:37:18.317+0000] {data_modification.py:23} INFO - Inserted row with Video ID: AjXbO2XfBkE
[2026-09-25T14:37:18.319+0000] {data_modification.py:23} INFO - Inserted row with Video ID: ZQZzR0DUujc
[2026-09-25T14:37:18.322+0000] {data_modification.py:23} INFO - Inserted row with Video ID: -V3-fhJQZkk
[2026-09-25T14:37:18.324+0000] {data_modification.py:23} INFO - Inserted row with Video ID: QX0wvWGW2qg
[2026-09-25T14:37:18.327+0000] {data_modification.py:23} INFO - Inserted row with Video ID: oODUkNQAzXU
[2026-09-25T14:37:18.330+0000] {data_modification.py:23} INFO - Inserted row with Video ID: 2jWZtKTN6jU
[2026-09-25T14:37:18.332+0000] {data_modification.py:23} INFO - Inserted row with Video ID: zsADECFHY8w
[2026-09-25T14:37:18.335+0000] {data_modification.py:23} INFO - Inserted row with Video ID: Feh8o-HmthM
[2026-09-25T14:37:18.337+0000] {data_modification.py:23} INFO - Inserted row with Video ID: 6Xv-LVYZQxk
[2026-09-25T14:37:18.340+0000] {data_modification.py:23} INFO - Inserted row with Video ID: 8-0ZHJHp9g4
[2026-09-25T14:37:18.343+0000] {data_modification.py:23} INFO - Inserted row with Video ID: QqIG0R-KpGk
[2026-09-25T14:37:18.346+0000] {data_modification.py:23} INFO - Inserted row with Video ID: qENpZBzgaUM
[2026-09-25T14:37:18.348+0000] {data_modification.py:23} INFO - Inserted row with Video ID: 4DYBVA4884Y
[2026-09-25T14:37:18.351+0000] {data_modification.py:23} INFO - Inserted row with Video ID: skEf9R0TXkM
[2026-09-25T14:37:18.354+0000] {data_modification.py:23} INFO - Inserted row with Video ID: CnMv_zTXZ38
[2026-09-25T14:37:18.356+0000] {data_modification.py:23} INFO - Inserted row with Video ID: bEIK5ni_Pzs
[2026-09-25T14:37:18.358+0000] {data_modification.py:23} INFO - Inserted row with Video ID: _oZyp4mTzSQ
[2026-09-25T14:37:18.360+0000] {data_modification.py:23} INFO - Inserted row with Video ID: is1LSWbssuA
[2026-09-25T14:37:18.363+0000] {data_modification.py:23} INFO - Inserted row with Video ID: XR_q9_LEKuc
[2026-09-25T14:37:18.365+0000] {data_modification.py:23} INFO - Inserted row with Video ID: X9UiBpDHW3w
[2026-09-25T14:37:18.367+0000] {data_modification.py:23} INFO - Inserted row with Video ID: PRU47AuQF2M
[2026-09-25T14:37:18.370+0000] {data_modification.py:23} INFO - Inserted row with Video ID: Y3Rxgf5_R_I
[2026-09-25T14:37:18.373+0000] {data_modification.py:23} INFO - Inserted row with Video ID: R6zuvKbvKyU
[2026-09-25T14:37:18.375+0000] {data_modification.py:23} INFO - Inserted row with Video ID: yCKe65Nvp0Q
[2026-09-25T14:37:18.378+0000] {data_modification.py:23} INFO - Inserted row with Video ID: XBe57FyB2xU
[2026-09-25T14:37:18.380+0000] {data_modification.py:23} INFO - Inserted row with Video ID: zpCwHwWgbsI
[2026-09-25T14:37:18.383+0000] {data_modification.py:23} INFO - Inserted row with Video ID: yWnmEPgLroQ
[2026-09-25T14:37:18.385+0000] {data_modification.py:23} INFO - Inserted row with Video ID: eBklqeeIu10
[2026-09-25T14:37:18.388+0000] {data_modification.py:23} INFO - Inserted row with Video ID: SgMydsOucFg
[2026-09-25T14:37:18.390+0000] {data_modification.py:23} INFO - Inserted row with Video ID: jPm3hRiMKuU
[2026-09-25T14:37:18.393+0000] {data_modification.py:23} INFO - Inserted row with Video ID: OweuuinkVZI
[2026-09-25T14:37:18.395+0000] {data_modification.py:23} INFO - Inserted row with Video ID: 7Pr0HP-Trgk
[2026-09-25T14:37:18.398+0000] {data_modification.py:23} INFO - Inserted row with Video ID: UEK0fYAqMss
[2026-09-25T14:37:18.400+0000] {data_modification.py:23} INFO - Inserted row with Video ID: lRznKN2oPUc
[2026-09-25T14:37:18.403+0000] {data_modification.py:23} INFO - Inserted row with Video ID: IDrS_TrjuK4
[2026-09-25T14:37:18.405+0000] {data_modification.py:23} INFO - Inserted row with Video ID: J1lhxfZtR3M
[2026-09-25T14:37:18.408+0000] {data_modification.py:23} INFO - Inserted row with Video ID: b_o8cz0ZNdk
[2026-09-25T14:37:18.410+0000] {data_modification.py:23} INFO - Inserted row with Video ID: i5dhcAxO25Q
[2026-09-25T14:37:18.413+0000] {data_modification.py:23} INFO - Inserted row with Video ID: -o_8CDbFMJ0
[2026-09-25T14:37:18.416+0000] {data_modification.py:23} INFO - Inserted row with Video ID: v5J1Cycn3s8
[2026-09-25T14:37:18.419+0000] {data_modification.py:23} INFO - Inserted row with Video ID: YJiqYG-Mylk
[2026-09-25T14:37:18.422+0000] {data_modification.py:23} INFO - Inserted row with Video ID: jGE1sUTeR5g
[2026-09-25T14:37:18.424+0000] {data_modification.py:23} INFO - Inserted row with Video ID: 0tZCQ25fsoI
[2026-09-25T14:37:18.427+0000] {data_modification.py:23} INFO - Inserted row with Video ID: N9jTogPwqVY
[2026-09-25T14:37:18.429+0000] {data_modification.py:23} INFO - Inserted row with Video ID: yyJ7xEcENNI
[2026-09-25T14:37:18.431+0000] {data_modification.py:23} INFO - Inserted row with Video ID: 3rJgCGMPEqA
[2026-09-25T14:37:18.434+0000] {data_modification.py:23} INFO - Inserted row with Video ID: 7isfkomGg7o
[2026-09-25T14:37:18.437+0000] {data_modification.py:23} INFO - Inserted row with Video ID: UCYefSGBP00
[2026-09-25T14:37:18.439+0000] {data_modification.py:23} INFO - Inserted row with Video ID: dvdGkRK5a_0
[2026-09-25T14:37:18.443+0000] {data_modification.py:23} INFO - Inserted row with Video ID: X7doE4h6W64
[2026-09-25T14:37:18.446+0000] {data_modification.py:23} INFO - Inserted row with Video ID: QkXDatNdL4U
[2026-09-25T14:37:18.448+0000] {data_modification.py:23} INFO - Inserted row with Video ID: hyt2t4r8lQ4
[2026-09-25T14:37:18.451+0000] {data_modification.py:23} INFO - Inserted row with Video ID: -mlok5iT3GE
[2026-09-25T14:37:18.454+0000] {data_modification.py:23} INFO - Inserted row with Video ID: STvOHHgJ1sQ
[2026-09-25T14:37:18.457+0000] {data_modification.py:23} INFO - Inserted row with Video ID: 2-ErX5oDzwM
[2026-09-25T14:37:18.460+0000] {data_modification.py:23} INFO - Inserted row with Video ID: 7ytYV-tVIvg
[2026-09-25T14:37:18.462+0000] {data_modification.py:23} INFO - Inserted row with Video ID: ELIoOUKSOJQ
[2026-09-25T14:37:18.465+0000] {data_modification.py:23} INFO - Inserted row with Video ID: uAoayezOaug
[2026-09-25T14:37:18.468+0000] {data_modification.py:23} INFO - Inserted row with Video ID: 6T17licWsQ4
[2026-09-25T14:37:18.471+0000] {data_modification.py:23} INFO - Inserted row with Video ID: U9c-ycvw02A
[2026-09-25T14:37:18.473+0000] {data_modification.py:23} INFO - Inserted row with Video ID: GfgcVOuHLAo
[2026-09-25T14:37:18.476+0000] {data_modification.py:23} INFO - Inserted row with Video ID: zi7tZ-2PhLk
[2026-09-25T14:37:18.479+0000] {data_modification.py:23} INFO - Inserted row with Video ID: TacjQmKCiZg
[2026-09-25T14:37:18.482+0000] {data_modification.py:23} INFO - Inserted row with Video ID: AIytwdufwW8
[2026-09-25T14:37:18.484+0000] {data_modification.py:23} INFO - Inserted row with Video ID: UVin8WtE5eU
[2026-09-25T14:37:18.487+0000] {data_modification.py:23} INFO - Inserted row with Video ID: wNuxirsrwBk
[2026-09-25T14:37:18.490+0000] {data_modification.py:23} INFO - Inserted row with Video ID: 6bxZpS0cm5o
[2026-09-25T14:37:18.492+0000] {data_modification.py:23} INFO - Inserted row with Video ID: ajJbMGq9AS4
[2026-09-25T14:37:18.495+0000] {data_modification.py:23} INFO - Inserted row with Video ID: UXw9jqgJNNc
[2026-09-25T14:37:18.497+0000] {data_modification.py:23} INFO - Inserted row with Video ID: E3CqKvlzl-I
[2026-09-25T14:37:18.500+0000] {data_modification.py:23} INFO - Inserted row with Video ID: zfDr05ax0gM
[2026-09-25T14:37:18.503+0000] {data_modification.py:23} INFO - Inserted row with Video ID: 56OkH6ocYZU
[2026-09-25T14:37:18.506+0000] {data_modification.py:23} INFO - Inserted row with Video ID: w40Z8aT5fpQ
[2026-09-25T14:37:18.508+0000] {data_modification.py:23} INFO - Inserted row with Video ID: zgDezsMQyyU
[2026-09-25T14:37:18.510+0000] {data_modification.py:23} INFO - Inserted row with Video ID: UEwnitHoSDw
[2026-09-25T14:37:18.513+0000] {data_modification.py:23} INFO - Inserted row with Video ID: __SaaKSW9iE
[2026-09-25T14:37:18.515+0000] {data_modification.py:23} INFO - Inserted row with Video ID: qWnyJ55KBKo
[2026-09-25T14:37:18.518+0000] {data_modification.py:23} INFO - Inserted row with Video ID: 52awie9G00A
[2026-09-25T14:37:18.521+0000] {data_modification.py:23} INFO - Inserted row with Video ID: bB99NdUoxEQ
[2026-09-25T14:37:18.523+0000] {data_modification.py:23} INFO - Inserted row with Video ID: 7GjSaNi8Epg
[2026-09-25T14:37:18.526+0000] {data_modification.py:23} INFO - Inserted row with Video ID: h5uE4ERMiTk
[2026-09-25T14:37:18.529+0000] {data_modification.py:23} INFO - Inserted row with Video ID: umRLkCrmwcs
[2026-09-25T14:37:18.531+0000] {data_modification.py:23} INFO - Inserted row with Video ID: rHoLyltYDtQ
[2026-09-25T14:37:18.534+0000] {data_modification.py:23} INFO - Inserted row with Video ID: yeHjsYQ076A
[2026-09-25T14:37:18.537+0000] {data_modification.py:23} INFO - Inserted row with Video ID: pqrdPu2ESFo
[2026-09-25T14:37:18.539+0000] {data_modification.py:23} INFO - Inserted row with Video ID: ywZy_Fo2ydo
[2026-09-25T14:37:18.542+0000] {data_modification.py:23} INFO - Inserted row with Video ID: qr4v9pdfVlU
[2026-09-25T14:37:18.545+0000] {data_modification.py:23} INFO - Inserted row with Video ID: hgiPX33AHas
[2026-09-25T14:37:18.547+0000] {data_modification.py:23} INFO - Inserted row with Video ID: oZ-Mn5p1xMw
[2026-09-25T14:37:18.550+0000] {data_modification.py:23} INFO - Inserted row with Video ID: 5UPa_hu5opg
[2026-09-25T14:37:18.553+0000] {data_modification.py:23} INFO - Inserted row with Video ID: zv_oq5UNDAo
[2026-09-25T14:37:18.555+0000] {data_modification.py:23} INFO - Inserted row with Video ID: NiqkH7qVW0U
[2026-09-25T14:37:18.558+0000] {data_modification.py:23} INFO - Inserted row with Video ID: boBokLXe5o8
[2026-09-25T14:37:18.560+0000] {data_modification.py:23} INFO - Inserted row with Video ID: 7YOzgk-U4EU
[2026-09-25T14:37:18.563+0000] {data_modification.py:23} INFO - Inserted row with Video ID: prdSftLj9-g
[2026-09-25T14:37:18.566+0000] {data_modification.py:23} INFO - Inserted row with Video ID: pzlPJmNyepA
[2026-09-25T14:37:18.568+0000] {data_modification.py:23} INFO - Inserted row with Video ID: QNoqAnJOSqU
[2026-09-25T14:37:18.571+0000] {data_modification.py:23} INFO - Inserted row with Video ID: kzIA4vKyhRQ
[2026-09-25T14:37:18.573+0000] {data_modification.py:23} INFO - Inserted row with Video ID: DfonKqMENrg
[2026-09-25T14:37:18.576+0000] {data_modification.py:23} INFO - Inserted row with Video ID: MUQCwdkEbq0
[2026-09-25T14:37:18.579+0000] {data_modification.py:23} INFO - Inserted row with Video ID: JlUzoQN9FWw
[2026-09-25T14:37:18.581+0000] {data_modification.py:23} INFO - Inserted row with Video ID: uCIpW9zOmgI
[2026-09-25T14:37:18.584+0000] {data_modification.py:23} INFO - Inserted row with Video ID: Z0Poefgrs4w
[2026-09-25T14:37:18.587+0000] {data_modification.py:23} INFO - Inserted row with Video ID: MLN6TRB9Jxw
[2026-09-25T14:37:18.589+0000] {data_modification.py:23} INFO - Inserted row with Video ID: vZrL_FFITgs
[2026-09-25T14:37:18.592+0000] {data_modification.py:23} INFO - Inserted row with Video ID: L7lGD_anC00
[2026-09-25T14:37:18.595+0000] {data_modification.py:23} INFO - Inserted row with Video ID: xu1nhAfnMGA
[2026-09-25T14:37:18.597+0000] {data_modification.py:23} INFO - Inserted row with Video ID: D1livXdFGkQ
[2026-09-25T14:37:18.599+0000] {data_modification.py:23} INFO - Inserted row with Video ID: bwp_3qLgWpQ
[2026-09-25T14:37:18.601+0000] {data_modification.py:23} INFO - Inserted row with Video ID: tZpnfF0-7Ls
[2026-09-25T14:37:18.604+0000] {data_modification.py:23} INFO - Inserted row with Video ID: BwAMltY3-c0
[2026-09-25T14:37:18.606+0000] {data_modification.py:23} INFO - Inserted row with Video ID: Ds9H2UnUHL0
[2026-09-25T14:37:18.608+0000] {data_modification.py:23} INFO - Inserted row with Video ID: W2skFWRk6qo
[2026-09-25T14:37:18.611+0000] {data_modification.py:23} INFO - Inserted row with Video ID: X_qd-1xSTFA
[2026-09-25T14:37:18.613+0000] {data_modification.py:23} INFO - Inserted row with Video ID: VWa0ImMY2bQ
[2026-09-25T14:37:18.615+0000] {data_modification.py:23} INFO - Inserted row with Video ID: fEcASr38n2E
[2026-09-25T14:37:18.618+0000] {data_modification.py:23} INFO - Inserted row with Video ID: udmf5MQLNGA
[2026-09-25T14:37:18.621+0000] {data_modification.py:23} INFO - Inserted row with Video ID: 0dg2eR2NSQ0
[2026-09-25T14:37:18.623+0000] {data_modification.py:23} INFO - Inserted row with Video ID: 6BNOWeYFyP8
[2026-09-25T14:37:18.626+0000] {data_modification.py:23} INFO - Inserted row with Video ID: LDegY-H60_U
[2026-09-25T14:37:18.629+0000] {data_modification.py:23} INFO - Inserted row with Video ID: D51HaR-XvgM
[2026-09-25T14:37:18.631+0000] {data_modification.py:23} INFO - Inserted row with Video ID: Rio7r_vLUEo
[2026-09-25T14:37:18.634+0000] {data_modification.py:23} INFO - Inserted row with Video ID: 8E5Ygl02wtM
[2026-09-25T14:37:18.637+0000] {data_modification.py:23} INFO - Inserted row with Video ID: moMJjt5KECc
[2026-09-25T14:37:18.639+0000] {data_modification.py:23} INFO - Inserted row with Video ID: OffgqPzDi7Q
[2026-09-25T14:37:18.643+0000] {data_modification.py:23} INFO - Inserted row with Video ID: B_7uD3B62MM
[2026-09-25T14:37:18.645+0000] {data_modification.py:23} INFO - Inserted row with Video ID: bA20RJcegOI
[2026-09-25T14:37:18.648+0000] {data_modification.py:23} INFO - Inserted row with Video ID: NV7qmqbS8tM
[2026-09-25T14:37:18.651+0000] {data_modification.py:23} INFO - Inserted row with Video ID: iqUFeWAVp-0
[2026-09-25T14:37:18.654+0000] {data_modification.py:23} INFO - Inserted row with Video ID: HduubRTdko4
[2026-09-25T14:37:18.656+0000] {data_modification.py:23} INFO - Inserted row with Video ID: qFOGv5zuTdw
[2026-09-25T14:37:18.659+0000] {data_modification.py:23} INFO - Inserted row with Video ID: u6t4jrhs56Q
[2026-09-25T14:37:18.662+0000] {data_modification.py:23} INFO - Inserted row with Video ID: 460GXJiGCEs
[2026-09-25T14:37:18.665+0000] {data_modification.py:23} INFO - Inserted row with Video ID: ZiuoOcj2eLY
[2026-09-25T14:37:18.668+0000] {data_modification.py:23} INFO - Inserted row with Video ID: LYK6SPMtJ_Y
[2026-09-25T14:37:18.671+0000] {data_modification.py:23} INFO - Inserted row with Video ID: 2ljWxaMvE_0
[2026-09-25T14:37:18.673+0000] {data_modification.py:23} INFO - Inserted row with Video ID: vKKhX-Uyggw
[2026-09-25T14:37:18.676+0000] {data_modification.py:23} INFO - Inserted row with Video ID: EAwXH82m-6A
[2026-09-25T14:37:18.679+0000] {data_modification.py:23} INFO - Inserted row with Video ID: U_07AG_CR5A
[2026-09-25T14:37:18.681+0000] {data_modification.py:23} INFO - Inserted row with Video ID: Xe0AGtF5aNU
[2026-09-25T14:37:18.684+0000] {data_modification.py:23} INFO - Inserted row with Video ID: NCv0drAPm_M
[2026-09-25T14:37:18.686+0000] {data_modification.py:23} INFO - Inserted row with Video ID: HuLAAXZXIy0
[2026-09-25T14:37:18.689+0000] {data_modification.py:23} INFO - Inserted row with Video ID: pV7UcYW1OwA
[2026-09-25T14:37:18.691+0000] {data_modification.py:23} INFO - Inserted row with Video ID: x4IXCimma-s
[2026-09-25T14:37:18.693+0000] {data_modification.py:23} INFO - Inserted row with Video ID: anZbhN0Wh_4
[2026-09-25T14:37:18.696+0000] {data_modification.py:23} INFO - Inserted row with Video ID: 3Q3pQmzWyZM
[2026-09-25T14:37:18.698+0000] {data_modification.py:23} INFO - Inserted row with Video ID: BqS4iVHa-LU
[2026-09-25T14:37:18.702+0000] {data_modification.py:23} INFO - Inserted row with Video ID: zX04jQFKCpo
[2026-09-25T14:37:18.704+0000] {data_modification.py:23} INFO - Inserted row with Video ID: G7Y9ban7b0U
[2026-09-25T14:37:18.707+0000] {data_modification.py:23} INFO - Inserted row with Video ID: EMVvA5Cr0fY
[2026-09-25T14:37:18.710+0000] {data_modification.py:23} INFO - Inserted row with Video ID: e14MroQ5k_s
[2026-09-25T14:37:18.712+0000] {data_modification.py:23} INFO - Inserted row with Video ID: CuzdxsOXEZ8
[2026-09-25T14:37:18.715+0000] {data_modification.py:23} INFO - Inserted row with Video ID: 67Wj-0OyKOM
[2026-09-25T14:37:18.718+0000] {data_modification.py:23} INFO - Inserted row with Video ID: LWstCINhd8g
[2026-09-25T14:37:18.721+0000] {data_modification.py:23} INFO - Inserted row with Video ID: dg6iqLCPizs
[2026-09-25T14:37:18.723+0000] {data_modification.py:23} INFO - Inserted row with Video ID: cRPldarzw-M
[2026-09-25T14:37:18.726+0000] {data_modification.py:23} INFO - Inserted row with Video ID: -rdYtmUejSE
[2026-09-25T14:37:18.729+0000] {data_modification.py:23} INFO - Inserted row with Video ID: tusuuI7MEJU
[2026-09-25T14:37:18.731+0000] {data_modification.py:23} INFO - Inserted row with Video ID: XDe5f8BEvwY
[2026-09-25T14:37:18.734+0000] {data_modification.py:23} INFO - Inserted row with Video ID: BtCGABBPH9s
[2026-09-25T14:37:18.737+0000] {data_modification.py:23} INFO - Inserted row with Video ID: KJ_C_NSl0P8
[2026-09-25T14:37:18.739+0000] {data_modification.py:23} INFO - Inserted row with Video ID: LI8nWXeYtOs
[2026-09-25T14:37:18.742+0000] {data_modification.py:23} INFO - Inserted row with Video ID: LMe7k8I082w
[2026-09-25T14:37:18.745+0000] {data_modification.py:23} INFO - Inserted row with Video ID: h77pHTSPSiw
[2026-09-25T14:37:18.748+0000] {data_modification.py:23} INFO - Inserted row with Video ID: gpbY6zCEBv4
[2026-09-25T14:37:18.751+0000] {data_modification.py:23} INFO - Inserted row with Video ID: Kgu2ApayYvI
[2026-09-25T14:37:18.753+0000] {data_modification.py:23} INFO - Inserted row with Video ID: S9PIukDRcvk
[2026-09-25T14:37:18.755+0000] {data_modification.py:23} INFO - Inserted row with Video ID: lrw3zkGS9Vc
[2026-09-25T14:37:18.758+0000] {data_modification.py:23} INFO - Inserted row with Video ID: IQYW_lVBYGo
[2026-09-25T14:37:18.760+0000] {data_modification.py:23} INFO - Inserted row with Video ID: iOjxpow6jow
[2026-09-25T14:37:18.763+0000] {data_modification.py:23} INFO - Inserted row with Video ID: GdD2pqAdjXY
[2026-09-25T14:37:18.765+0000] {data_modification.py:23} INFO - Inserted row with Video ID: nmHCmLVLxcU
[2026-09-25T14:37:18.768+0000] {data_modification.py:23} INFO - Inserted row with Video ID: TZPlDuYrcDQ
[2026-09-25T14:37:18.770+0000] {data_modification.py:23} INFO - Inserted row with Video ID: Oub4nMrNTqQ
[2026-09-25T14:37:18.772+0000] {data_modification.py:23} INFO - Inserted row with Video ID: h5Z36IuyrKc
[2026-09-25T14:37:18.775+0000] {data_modification.py:23} INFO - Inserted row with Video ID: 2IGxSOfsBok
[2026-09-25T14:37:18.778+0000] {data_modification.py:23} INFO - Inserted row with Video ID: ZxkLCq49Tvk
[2026-09-25T14:37:18.781+0000] {data_modification.py:23} INFO - Inserted row with Video ID: smDPnIdlkhM
[2026-09-25T14:37:18.783+0000] {data_modification.py:23} INFO - Inserted row with Video ID: DjMYkWCEan8
[2026-09-25T14:37:18.785+0000] {data_modification.py:23} INFO - Inserted row with Video ID: 3nn_skHgkqI
[2026-09-25T14:37:18.787+0000] {data_modification.py:23} INFO - Inserted row with Video ID: A8IkOqb_7Yg
[2026-09-25T14:37:18.790+0000] {data_modification.py:23} INFO - Inserted row with Video ID: hHl_YMivv3c
[2026-09-25T14:37:18.793+0000] {data_modification.py:23} INFO - Inserted row with Video ID: 7mLSbgyjM0g
[2026-09-25T14:37:18.796+0000] {data_modification.py:23} INFO - Inserted row with Video ID: TGKkMl17Htg
[2026-09-25T14:37:18.799+0000] {data_modification.py:23} INFO - Inserted row with Video ID: Qw3eFnsSdlQ
[2026-09-25T14:37:18.802+0000] {data_modification.py:23} INFO - Inserted row with Video ID: KcNCJ1mgt14
[2026-09-25T14:37:18.805+0000] {data_modification.py:23} INFO - Inserted row with Video ID: A4lp4FRCo6o
[2026-09-25T14:37:18.809+0000] {data_modification.py:23} INFO - Inserted row with Video ID: WYKZz3Zygdc
[2026-09-25T14:37:18.812+0000] {data_modification.py:23} INFO - Inserted row with Video ID: 5U2fmvh9_Is
[2026-09-25T14:37:18.814+0000] {data_modification.py:23} INFO - Inserted row with Video ID: xvIpibLjs5k
[2026-09-25T14:37:18.818+0000] {data_modification.py:23} INFO - Inserted row with Video ID: jlpAON0ePME
[2026-09-25T14:37:18.820+0000] {data_modification.py:23} INFO - Inserted row with Video ID: RaDRWNz3Al4
[2026-09-25T14:37:18.823+0000] {data_modification.py:23} INFO - Inserted row with Video ID: Ms9MGkEm4mg
[2026-09-25T14:37:18.826+0000] {data_modification.py:23} INFO - Inserted row with Video ID: 90wWStXJX5c
[2026-09-25T14:37:18.829+0000] {data_modification.py:23} INFO - Inserted row with Video ID: ruSVy-u2DzM
[2026-09-25T14:37:18.831+0000] {data_modification.py:23} INFO - Inserted row with Video ID: pP1KMQb51GA
[2026-09-25T14:37:18.834+0000] {data_modification.py:23} INFO - Inserted row with Video ID: dPxAFqs2eYE
[2026-09-25T14:37:18.837+0000] {data_modification.py:23} INFO - Inserted row with Video ID: p-KVD5rA_Cw
[2026-09-25T14:37:18.839+0000] {data_modification.py:23} INFO - Inserted row with Video ID: VzsE09KjpKA
[2026-09-25T14:37:18.843+0000] {data_modification.py:23} INFO - Inserted row with Video ID: XVMY7B3AzWM
[2026-09-25T14:37:18.845+0000] {data_modification.py:23} INFO - Inserted row with Video ID: QXag-irFHxE
[2026-09-25T14:37:18.848+0000] {data_modification.py:23} INFO - Inserted row with Video ID: vBEGODNmdas
[2026-09-25T14:37:18.851+0000] {data_modification.py:23} INFO - Inserted row with Video ID: v3tbnlc5cfo
[2026-09-25T14:37:18.853+0000] {data_modification.py:23} INFO - Inserted row with Video ID: ObYLL97-SBA
[2026-09-25T14:37:18.856+0000] {data_modification.py:23} INFO - Inserted row with Video ID: IaR7P4-wFK8
[2026-09-25T14:37:18.859+0000] {data_modification.py:23} INFO - Inserted row with Video ID: v1ELS84GQu8
[2026-09-25T14:37:18.862+0000] {data_modification.py:23} INFO - Inserted row with Video ID: ctJORnOjbrQ
[2026-09-25T14:37:18.864+0000] {data_modification.py:23} INFO - Inserted row with Video ID: -hrPQFaDVKQ
[2026-09-25T14:37:18.866+0000] {data_modification.py:23} INFO - Inserted row with Video ID: bIZ5_L1ru2w
[2026-09-25T14:37:18.869+0000] {data_modification.py:23} INFO - Inserted row with Video ID: 2bwPntvb90U
[2026-09-25T14:37:18.872+0000] {data_modification.py:23} INFO - Inserted row with Video ID: Wz1VHTZq16c
[2026-09-25T14:37:18.874+0000] {data_modification.py:23} INFO - Inserted row with Video ID: Cs-kyTJso-A
[2026-09-25T14:37:18.877+0000] {data_modification.py:23} INFO - Inserted row with Video ID: jkqd-oc0F00
[2026-09-25T14:37:18.879+0000] {data_modification.py:23} INFO - Inserted row with Video ID: mVkT6Cd9SoI
[2026-09-25T14:37:18.881+0000] {data_modification.py:23} INFO - Inserted row with Video ID: rffyxTTNkyk
[2026-09-25T14:37:18.884+0000] {data_modification.py:23} INFO - Inserted row with Video ID: OOesLeO6-pc
[2026-09-25T14:37:18.887+0000] {data_modification.py:23} INFO - Inserted row with Video ID: Q5lcjP6XlHw
[2026-09-25T14:37:18.889+0000] {data_modification.py:23} INFO - Inserted row with Video ID: sE3ZZmYotSs
[2026-09-25T14:37:18.892+0000] {data_modification.py:23} INFO - Inserted row with Video ID: pUwUAtmBKxw
[2026-09-25T14:37:18.895+0000] {data_modification.py:23} INFO - Inserted row with Video ID: p5rGgPZtjDw
[2026-09-25T14:37:18.897+0000] {data_modification.py:23} INFO - Inserted row with Video ID: bWDmDsdvoBs
[2026-09-25T14:37:18.900+0000] {data_modification.py:23} INFO - Inserted row with Video ID: OJA1QK-j-Oo
[2026-09-25T14:37:18.903+0000] {data_modification.py:23} INFO - Inserted row with Video ID: KL1X8NsVGd0
[2026-09-25T14:37:18.906+0000] {data_modification.py:23} INFO - Inserted row with Video ID: q2HoSwCMcZw
[2026-09-25T14:37:18.910+0000] {data_modification.py:23} INFO - Inserted row with Video ID: RRknlgRqOds
[2026-09-25T14:37:18.912+0000] {data_modification.py:23} INFO - Inserted row with Video ID: j93M46a-W3U
[2026-09-25T14:37:18.915+0000] {data_modification.py:23} INFO - Inserted row with Video ID: uqjfMNEWNIg
[2026-09-25T14:37:18.918+0000] {data_modification.py:23} INFO - Inserted row with Video ID: X-g9aT2wFjM
[2026-09-25T14:37:18.921+0000] {data_modification.py:23} INFO - Inserted row with Video ID: pHKlrJeKmjA
[2026-09-25T14:37:18.923+0000] {data_modification.py:23} INFO - Inserted row with Video ID: C82suucz4i4
[2026-09-25T14:37:18.926+0000] {data_modification.py:23} INFO - Inserted row with Video ID: H_DYlka7QAQ
[2026-09-25T14:37:18.929+0000] {data_modification.py:23} INFO - Inserted row with Video ID: MC-7ziNt_U4
[2026-09-25T14:37:18.931+0000] {data_modification.py:23} INFO - Inserted row with Video ID: PNsF1Uh5yP8
[2026-09-25T14:37:18.934+0000] {data_modification.py:23} INFO - Inserted row with Video ID: 9Y2sAtN5yRs
[2026-09-25T14:37:18.937+0000] {data_modification.py:23} INFO - Inserted row with Video ID: -z349CGAOXs
[2026-09-25T14:37:18.939+0000] {data_modification.py:23} INFO - Inserted row with Video ID: pl4xmh3RWfE
[2026-09-25T14:37:18.942+0000] {data_modification.py:23} INFO - Inserted row with Video ID: 6z5RwrvnH28
[2026-09-25T14:37:18.945+0000] {data_modification.py:23} INFO - Inserted row with Video ID: ivdQqobHDPc
[2026-09-25T14:37:18.947+0000] {data_modification.py:23} INFO - Inserted row with Video ID: uUIlb2rpIuY
[2026-09-25T14:37:18.950+0000] {data_modification.py:23} INFO - Inserted row with Video ID: Ros1PpcO5Js
[2026-09-25T14:37:18.953+0000] {data_modification.py:23} INFO - Inserted row with Video ID: KYv1nqutbK0
[2026-09-25T14:37:18.955+0000] {data_modification.py:23} INFO - Inserted row with Video ID: 7Yi-ctyTNU4
[2026-09-25T14:37:18.957+0000] {data_modification.py:23} INFO - Inserted row with Video ID: VN2-3OfUzd8
[2026-09-25T14:37:18.960+0000] {data_modification.py:23} INFO - Inserted row with Video ID: -2IFrMOM36w
[2026-09-25T14:37:18.963+0000] {data_modification.py:23} INFO - Inserted row with Video ID: 7dIFHQkrASM
[2026-09-25T14:37:18.965+0000] {data_modification.py:23} INFO - Inserted row with Video ID: QicO1Gd0kvU
[2026-09-25T14:37:18.969+0000] {data_modification.py:23} INFO - Inserted row with Video ID: yFfcsmK2TOA
[2026-09-25T14:37:18.971+0000] {data_modification.py:23} INFO - Inserted row with Video ID: Jl0-6tbNGBo
[2026-09-25T14:37:18.974+0000] {data_modification.py:23} INFO - Inserted row with Video ID: IAbX0FwX-GY
[2026-09-25T14:37:18.977+0000] {data_modification.py:23} INFO - Inserted row with Video ID: XKSJRulqDNA
[2026-09-25T14:37:18.980+0000] {data_modification.py:23} INFO - Inserted row with Video ID: jysfHFHNjYQ
[2026-09-25T14:37:18.983+0000] {data_modification.py:23} INFO - Inserted row with Video ID: Yox25V8Qsm4
[2026-09-25T14:37:18.985+0000] {data_modification.py:23} INFO - Inserted row with Video ID: clcN3OA8SNw
[2026-09-25T14:37:18.987+0000] {data_modification.py:23} INFO - Inserted row with Video ID: m3lTwO0aNyw
[2026-09-25T14:37:18.990+0000] {data_modification.py:23} INFO - Inserted row with Video ID: gchqnwXlxJw
[2026-09-25T14:37:18.993+0000] {data_modification.py:23} INFO - Inserted row with Video ID: atCPtw4dg7g
[2026-09-25T14:37:18.996+0000] {data_modification.py:23} INFO - Inserted row with Video ID: t8aM4HuVLrQ
[2026-09-25T14:37:18.998+0000] {data_modification.py:23} INFO - Inserted row with Video ID: M82VAcabSiA
[2026-09-25T14:37:19.001+0000] {data_modification.py:23} INFO - Inserted row with Video ID: 7qj3nuF9Dzw
[2026-09-25T14:37:19.003+0000] {data_modification.py:23} INFO - Inserted row with Video ID: Y74b7WlcEpk
[2026-09-25T14:37:19.006+0000] {data_modification.py:23} INFO - Inserted row with Video ID: Z8nEEdXTaX0
[2026-09-25T14:37:19.008+0000] {data_modification.py:23} INFO - Inserted row with Video ID: jP82d277Cc8
[2026-09-25T14:37:19.011+0000] {data_modification.py:23} INFO - Inserted row with Video ID: 2XVcLrB7B3Y
[2026-09-25T14:37:19.013+0000] {data_modification.py:23} INFO - Inserted row with Video ID: v9QtM6qnG50
[2026-09-25T14:37:19.015+0000] {data_modification.py:23} INFO - Inserted row with Video ID: lVylRtlPOIE
[2026-09-25T14:37:19.018+0000] {data_modification.py:23} INFO - Inserted row with Video ID: 7anhkLPRk-A
[2026-09-25T14:37:19.020+0000] {data_modification.py:23} INFO - Inserted row with Video ID: 6Zy5VLcEbZc
[2026-09-25T14:37:19.023+0000] {data_modification.py:23} INFO - Inserted row with Video ID: QJI0an6irrA
[2026-09-25T14:37:19.025+0000] {data_modification.py:23} INFO - Inserted row with Video ID: U-x6KxH1kB4
[2026-09-25T14:37:19.028+0000] {data_modification.py:23} INFO - Inserted row with Video ID: 26QQE7EsnLA
[2026-09-25T14:37:19.030+0000] {data_modification.py:23} INFO - Inserted row with Video ID: PryTbmudhS8
[2026-09-25T14:37:19.033+0000] {data_modification.py:23} INFO - Inserted row with Video ID: Oo9EbArcQ1c
[2026-09-25T14:37:19.036+0000] {data_modification.py:23} INFO - Inserted row with Video ID: zo7i8VTpfNM
[2026-09-25T14:37:19.038+0000] {data_modification.py:23} INFO - Inserted row with Video ID: ZGvn9ywXjpY
[2026-09-25T14:37:19.041+0000] {data_modification.py:23} INFO - Inserted row with Video ID: aKq8bkY5eTU
[2026-09-25T14:37:19.044+0000] {data_modification.py:23} INFO - Inserted row with Video ID: dc089EZRGcg
[2026-09-25T14:37:19.047+0000] {data_modification.py:23} INFO - Inserted row with Video ID: U_LlX4t0A9I
[2026-09-25T14:37:19.049+0000] {data_modification.py:23} INFO - Inserted row with Video ID: KOEfDvr4DcQ
[2026-09-25T14:37:19.052+0000] {data_modification.py:23} INFO - Inserted row with Video ID: tnTPaLOaHz8
[2026-09-25T14:37:19.055+0000] {data_modification.py:23} INFO - Inserted row with Video ID: jGAJCAuV3pQ
[2026-09-25T14:37:19.057+0000] {data_modification.py:23} INFO - Inserted row with Video ID: c0v8OPItCOg
[2026-09-25T14:37:19.060+0000] {data_modification.py:23} INFO - Inserted row with Video ID: LnlKwzc_TNA
[2026-09-25T14:37:19.063+0000] {data_modification.py:23} INFO - Inserted row with Video ID: ayXxwJJId_c
[2026-09-25T14:37:19.065+0000] {data_modification.py:23} INFO - Inserted row with Video ID: dg2Ag3e8W-Q
[2026-09-25T14:37:19.068+0000] {data_modification.py:23} INFO - Inserted row with Video ID: LeYsRMZFUq0
[2026-09-25T14:37:19.071+0000] {data_modification.py:23} INFO - Inserted row with Video ID: wMuYiLby3-s
[2026-09-25T14:37:19.074+0000] {data_modification.py:23} INFO - Inserted row with Video ID: 0NGWT9COcEI
[2026-09-25T14:37:19.077+0000] {data_modification.py:23} INFO - Inserted row with Video ID: iUzi5JmJNWc
[2026-09-25T14:37:19.079+0000] {data_modification.py:23} INFO - Inserted row with Video ID: e5DqdX-7_g4
[2026-09-25T14:37:19.082+0000] {data_modification.py:23} INFO - Inserted row with Video ID: 3ix_gbcubTo
[2026-09-25T14:37:19.085+0000] {data_modification.py:23} INFO - Inserted row with Video ID: 3TflpIllQHY
[2026-09-25T14:37:19.087+0000] {data_modification.py:23} INFO - Inserted row with Video ID: -0zoWMSEOGg
[2026-09-25T14:37:19.090+0000] {data_modification.py:23} INFO - Inserted row with Video ID: vbph9F_pRNI
[2026-09-25T14:37:19.093+0000] {data_modification.py:23} INFO - Inserted row with Video ID: yzGmnjDFuZE
[2026-09-25T14:37:19.096+0000] {data_modification.py:23} INFO - Inserted row with Video ID: 7ALCsEyn3mg
[2026-09-25T14:37:19.098+0000] {data_modification.py:23} INFO - Inserted row with Video ID: dSDBr0WjrwQ
[2026-09-25T14:37:19.101+0000] {data_modification.py:23} INFO - Inserted row with Video ID: LP_mGU3CgXk
[2026-09-25T14:37:19.104+0000] {data_modification.py:23} INFO - Inserted row with Video ID: CHdy9wND1jo
[2026-09-25T14:37:19.106+0000] {data_modification.py:23} INFO - Inserted row with Video ID: EhZ9gHZOZT8
[2026-09-25T14:37:19.109+0000] {data_modification.py:23} INFO - Inserted row with Video ID: xjJJ_wDlc1E
[2026-09-25T14:37:19.112+0000] {data_modification.py:23} INFO - Inserted row with Video ID: HIhUkvAG0o4
[2026-09-25T14:37:19.114+0000] {data_modification.py:23} INFO - Inserted row with Video ID: sKn8Tbp2a-4
[2026-09-25T14:37:19.117+0000] {data_modification.py:23} INFO - Inserted row with Video ID: ttLYXcza4j4
[2026-09-25T14:37:19.120+0000] {data_modification.py:23} INFO - Inserted row with Video ID: 3-f9DEFsh4w
[2026-09-25T14:37:19.122+0000] {data_modification.py:23} INFO - Inserted row with Video ID: oB8kFFvJdhE
[2026-09-25T14:37:19.124+0000] {data_modification.py:23} INFO - Inserted row with Video ID: p6bzNpgbX8Y
[2026-09-25T14:37:19.127+0000] {data_modification.py:23} INFO - Inserted row with Video ID: 1s6UOlWdpw4
[2026-09-25T14:37:19.129+0000] {data_modification.py:23} INFO - Inserted row with Video ID: lh61MVUxJt0
[2026-09-25T14:37:19.131+0000] {data_modification.py:23} INFO - Inserted row with Video ID: GhppzOzN3MM
[2026-09-25T14:37:19.134+0000] {data_modification.py:23} INFO - Inserted row with Video ID: Vr2337tCLCI
[2026-09-25T14:37:19.137+0000] {data_modification.py:23} INFO - Inserted row with Video ID: KLAI0c0Spog
[2026-09-25T14:37:19.140+0000] {data_modification.py:23} INFO - Inserted row with Video ID: 0VjLq-go1fg
[2026-09-25T14:37:19.143+0000] {data_modification.py:23} INFO - Inserted row with Video ID: 7HBR3Ea72CY
[2026-09-25T14:37:19.145+0000] {data_modification.py:23} INFO - Inserted row with Video ID: NbHwVDt9Rjk
[2026-09-25T14:37:19.148+0000] {data_modification.py:23} INFO - Inserted row with Video ID: rSuuQ_s8gOw
[2026-09-25T14:37:19.150+0000] {data_modification.py:23} INFO - Inserted row with Video ID: JUiijjJOInw
[2026-09-25T14:37:19.153+0000] {data_modification.py:23} INFO - Inserted row with Video ID: sfp0a6zDoNQ
[2026-09-25T14:37:19.155+0000] {data_modification.py:23} INFO - Inserted row with Video ID: JdCgkcb1iwQ
[2026-09-25T14:37:19.157+0000] {data_modification.py:23} INFO - Inserted row with Video ID: yyssjJEJMt4
[2026-09-25T14:37:19.160+0000] {data_modification.py:23} INFO - Inserted row with Video ID: ov0KQthQ50U
[2026-09-25T14:37:19.161+0000] {dwh.py:84} INFO - core table update completed
[2026-09-25T14:37:19.163+0000] {python.py:237} INFO - Done. Returned value was: None
[2026-09-25T14:37:19.167+0000] {taskinstance.py:441} INFO - ::group::Post task execution logs
[2026-09-25T14:37:19.177+0000] {taskinstance.py:1206} INFO - Marking task as SUCCESS. dag_id=update_db, task_id=core_tables, run_id=manual__2026-09-25T14:37:11.220480+00:00, execution_date=20260925T143711, start_date=20260925T143716, end_date=20260925T143719
[2026-09-25T14:37:19.230+0000] {local_task_job_runner.py:240} INFO - Task exited with return code 0
[2026-09-25T14:37:19.246+0000] {taskinstance.py:3503} INFO - 0 downstream tasks scheduled from follow-on schedule check
[2026-09-25T14:37:19.249+0000] {local_task_job_runner.py:222} INFO - ::endgroup::
