[2026-09-24T14:35:49.822+0000] {local_task_job_runner.py:120} INFO - ::group::Pre task execution logs
[2026-09-24T14:35:49.843+0000] {taskinstance.py:2076} INFO - Dependencies all met for dep_context=non-requeueable deps ti=<TaskInstance: update_db.core_tables manual__2026-09-24T14:35:44.491307+00:00 [queued]>
[2026-09-24T14:35:49.852+0000] {taskinstance.py:2076} INFO - Dependencies all met for dep_context=requeueable deps ti=<TaskInstance: update_db.core_tables manual__2026-09-24T14:35:44.491307+00:00 [queued]>
[2026-09-24T14:35:49.855+0000] {taskinstance.py:2306} INFO - Starting attempt 1 of 1
[2026-09-24T14:35:49.869+0000] {taskinstance.py:2330} INFO - Executing <Task(_PythonDecoratedOperator): core_tables> on 2026-09-24 14:35:44.491307+00:00
[2026-09-24T14:35:49.875+0000] {standard_task_runner.py:63} INFO - Started process 477 to run task
[2026-09-24T14:35:49.880+0000] {standard_task_runner.py:90} INFO - Running: ['airflow', 'tasks', 'run', 'update_db', 'core_tables', 'manual__2026-09-24T14:35:44.491307+00:00', '--job-id', '31', '--raw', '--subdir', 'DAGS_FOLDER/main.py', '--cfg-path', '/tmp/tmp5y8yue43']
[2026-09-24T14:35:49.882+0000] {standard_task_runner.py:91} INFO - Job 31: Subtask core_tables
[2026-09-24T14:35:49.943+0000] {task_command.py:426} INFO - Running <TaskInstance: update_db.core_tables manual__2026-09-24T14:35:44.491307+00:00 [running]> on host 98315ec93f23
[2026-09-24T14:35:50.022+0000] {taskinstance.py:2648} INFO - Exporting env vars: AIRFLOW_CTX_DAG_EMAIL='data@engineer.com' AIRFLOW_CTX_DAG_OWNER='data engineer' AIRFLOW_CTX_DAG_ID='update_db' AIRFLOW_CTX_TASK_ID='core_tables' AIRFLOW_CTX_EXECUTION_DATE='2026-09-24T14:35:44.491307+00:00' AIRFLOW_CTX_TRY_NUMBER='1' AIRFLOW_CTX_DAG_RUN_ID='manual__2026-09-24T14:35:44.491307+00:00'
[2026-09-24T14:35:50.024+0000] {taskinstance.py:430} INFO - ::endgroup::
[2026-09-24T14:35:50.035+0000] {base.py:84} INFO - Using connection ID 'postgres_db_yt_elt' for task execution.
[2026-09-24T14:35:50.053+0000] {data_modification.py:23} INFO - Inserted row with Video ID: T_SMf9j50uc
[2026-09-24T14:35:50.056+0000] {data_modification.py:23} INFO - Inserted row with Video ID: gTKS8SAwUzE
[2026-09-24T14:35:50.060+0000] {data_modification.py:23} INFO - Inserted row with Video ID: 5mU6SRS2Bxo
[2026-09-24T14:35:50.063+0000] {data_modification.py:23} INFO - Inserted row with Video ID: Qtl8lJwbd4g
[2026-09-24T14:35:50.067+0000] {data_modification.py:23} INFO - Inserted row with Video ID: LiH-P4rSkLI
[2026-09-24T14:35:50.070+0000] {data_modification.py:23} INFO - Inserted row with Video ID: Af6i6ChAVTw
[2026-09-24T14:35:50.074+0000] {data_modification.py:23} INFO - Inserted row with Video ID: NMR32p4kwAQ
[2026-09-24T14:35:50.077+0000] {data_modification.py:23} INFO - Inserted row with Video ID: f7y2XikE7sY
[2026-09-24T14:35:50.080+0000] {data_modification.py:23} INFO - Inserted row with Video ID: Df5Y-2ndQyU
[2026-09-24T14:35:50.082+0000] {data_modification.py:23} INFO - Inserted row with Video ID: egvLKQe6I4I
[2026-09-24T14:35:50.085+0000] {data_modification.py:23} INFO - Inserted row with Video ID: LgbyEFILLJI
[2026-09-24T14:35:50.088+0000] {data_modification.py:23} INFO - Inserted row with Video ID: iYlODtkyw_I
[2026-09-24T14:35:50.090+0000] {data_modification.py:23} INFO - Inserted row with Video ID: YA_kX8hu1gg
[2026-09-24T14:35:50.093+0000] {data_modification.py:23} INFO - Inserted row with Video ID: XCGVurja73c
[2026-09-24T14:35:50.096+0000] {data_modification.py:23} INFO - Inserted row with Video ID: r9aWeGqp43s
[2026-09-24T14:35:50.098+0000] {data_modification.py:23} INFO - Inserted row with Video ID: xDuuM3ERr5Q
[2026-09-24T14:35:50.102+0000] {data_modification.py:23} INFO - Inserted row with Video ID: __fmDj0ZJ1Q
[2026-09-24T14:35:50.104+0000] {data_modification.py:23} INFO - Inserted row with Video ID: xCl2gndzFqE
[2026-09-24T14:35:50.107+0000] {data_modification.py:23} INFO - Inserted row with Video ID: GpQSUjNsNm0
[2026-09-24T14:35:50.110+0000] {data_modification.py:23} INFO - Inserted row with Video ID: y1UVAtHALaA
[2026-09-24T14:35:50.114+0000] {data_modification.py:23} INFO - Inserted row with Video ID: hYahU_Cqwp8
[2026-09-24T14:35:50.117+0000] {data_modification.py:23} INFO - Inserted row with Video ID: SllXaJiQjBA
[2026-09-24T14:35:50.120+0000] {data_modification.py:23} INFO - Inserted row with Video ID: dqpCvSU-ECE
[2026-09-24T14:35:50.123+0000] {data_modification.py:23} INFO - Inserted row with Video ID: AaMdXZMvT3w
[2026-09-24T14:35:50.127+0000] {data_modification.py:23} INFO - Inserted row with Video ID: QAkEMtJpq3c
[2026-09-24T14:35:50.130+0000] {data_modification.py:23} INFO - Inserted row with Video ID: hCuqh2NU2Yg
[2026-09-24T14:35:50.133+0000] {data_modification.py:23} INFO - Inserted row with Video ID: B9LizOAAoLg
[2026-09-24T14:35:50.136+0000] {data_modification.py:23} INFO - Inserted row with Video ID: rqsRdfdN4uI
[2026-09-24T14:35:50.139+0000] {data_modification.py:23} INFO - Inserted row with Video ID: feu5PQvoCiA
[2026-09-24T14:35:50.144+0000] {data_modification.py:23} INFO - Inserted row with Video ID: EdT5Z16Y5WE
[2026-09-24T14:35:50.148+0000] {data_modification.py:23} INFO - Inserted row with Video ID: ScjQAcbA9e4
[2026-09-24T14:35:50.153+0000] {data_modification.py:23} INFO - Inserted row with Video ID: hRBpDdWbUpI
[2026-09-24T14:35:50.158+0000] {data_modification.py:23} INFO - Inserted row with Video ID: pzxtGL9kzPs
[2026-09-24T14:35:50.163+0000] {data_modification.py:23} INFO - Inserted row with Video ID: yy-Nt0dRhNI
[2026-09-24T14:35:50.168+0000] {data_modification.py:23} INFO - Inserted row with Video ID: zRtGL0-5rg4
[2026-09-24T14:35:50.173+0000] {data_modification.py:23} INFO - Inserted row with Video ID: mFWpUx3FiyU
[2026-09-24T14:35:50.178+0000] {data_modification.py:23} INFO - Inserted row with Video ID: 6W_841xoprg
[2026-09-24T14:35:50.182+0000] {data_modification.py:23} INFO - Inserted row with Video ID: VIJLIo5yT1I
[2026-09-24T14:35:50.186+0000] {data_modification.py:23} INFO - Inserted row with Video ID: uNu6XEPTy5g
[2026-09-24T14:35:50.189+0000] {data_modification.py:23} INFO - Inserted row with Video ID: DXVHmGoCTco
[2026-09-24T14:35:50.193+0000] {data_modification.py:23} INFO - Inserted row with Video ID: _JUlWtSCNbs
[2026-09-24T14:35:50.196+0000] {data_modification.py:23} INFO - Inserted row with Video ID: AKC50SZQFN8
[2026-09-24T14:35:50.199+0000] {data_modification.py:23} INFO - Inserted row with Video ID: 897gvApD6V4
[2026-09-24T14:35:50.202+0000] {data_modification.py:23} INFO - Inserted row with Video ID: Z9NxQdQ8Rpg
[2026-09-24T14:35:50.205+0000] {data_modification.py:23} INFO - Inserted row with Video ID: JFtlf8RoPZY
[2026-09-24T14:35:50.207+0000] {data_modification.py:23} INFO - Inserted row with Video ID: jCE1Ol3PYDs
[2026-09-24T14:35:50.211+0000] {data_modification.py:23} INFO - Inserted row with Video ID: IqL-ZunFfpk
[2026-09-24T14:35:50.214+0000] {data_modification.py:23} INFO - Inserted row with Video ID: purAsH7pXTQ
[2026-09-24T14:35:50.217+0000] {data_modification.py:23} INFO - Inserted row with Video ID: IEuDUhGIJ5c
[2026-09-24T14:35:50.220+0000] {data_modification.py:23} INFO - Inserted row with Video ID: AoN1K4c7VKE
[2026-09-24T14:35:50.223+0000] {data_modification.py:23} INFO - Inserted row with Video ID: IcuJ3vO_t3k
[2026-09-24T14:35:50.227+0000] {data_modification.py:23} INFO - Inserted row with Video ID: c9VS_cgInT4
[2026-09-24T14:35:50.231+0000] {data_modification.py:23} INFO - Inserted row with Video ID: KaUuPNYHFNg
[2026-09-24T14:35:50.236+0000] {data_modification.py:23} INFO - Inserted row with Video ID: 5OLs1GWB4OA
[2026-09-24T14:35:50.240+0000] {data_modification.py:23} INFO - Inserted row with Video ID: hjkbqeWQAM8
[2026-09-24T14:35:50.244+0000] {data_modification.py:23} INFO - Inserted row with Video ID: XbaZ45LVzzM
[2026-09-24T14:35:50.248+0000] {data_modification.py:23} INFO - Inserted row with Video ID: gar4U3n-ILY
[2026-09-24T14:35:50.251+0000] {data_modification.py:23} INFO - Inserted row with Video ID: 9WEQts7b8Pw
[2026-09-24T14:35:50.255+0000] {data_modification.py:23} INFO - Inserted row with Video ID: toIeUtplfWQ
[2026-09-24T14:35:50.436+0000] {data_modification.py:23} INFO - Inserted row with Video ID: _sBRk9ADpK8
[2026-09-24T14:35:50.441+0000] {data_modification.py:23} INFO - Inserted row with Video ID: kNLr-cduzuo
[2026-09-24T14:35:50.445+0000] {data_modification.py:23} INFO - Inserted row with Video ID: pAnGwRiQ4-4
[2026-09-24T14:35:50.449+0000] {data_modification.py:23} INFO - Inserted row with Video ID: wSh8fAFWEWs
[2026-09-24T14:35:50.453+0000] {data_modification.py:23} INFO - Inserted row with Video ID: 3GNyw4uaAqU
[2026-09-24T14:35:50.457+0000] {data_modification.py:23} INFO - Inserted row with Video ID: ywIcdSNJolo
[2026-09-24T14:35:50.461+0000] {data_modification.py:23} INFO - Inserted row with Video ID: mktYW177p6U
[2026-09-24T14:35:50.464+0000] {data_modification.py:23} INFO - Inserted row with Video ID: 7aE4EhHXzlA
[2026-09-24T14:35:50.467+0000] {data_modification.py:23} INFO - Inserted row with Video ID: IJkB-oapuks
[2026-09-24T14:35:50.471+0000] {data_modification.py:23} INFO - Inserted row with Video ID: ZFoNBxpXen4
[2026-09-24T14:35:50.474+0000] {data_modification.py:23} INFO - Inserted row with Video ID: RB71Z-vVvCc
[2026-09-24T14:35:50.478+0000] {data_modification.py:23} INFO - Inserted row with Video ID: fO5FwBcCJBY
[2026-09-24T14:35:50.481+0000] {data_modification.py:23} INFO - Inserted row with Video ID: 8bMh8azh3CY
[2026-09-24T14:35:50.485+0000] {data_modification.py:23} INFO - Inserted row with Video ID: SE9xF1l3ZwE
[2026-09-24T14:35:50.488+0000] {data_modification.py:23} INFO - Inserted row with Video ID: rF00lQ_upzg
[2026-09-24T14:35:50.492+0000] {data_modification.py:23} INFO - Inserted row with Video ID: uZY9xr-QAk0
[2026-09-24T14:35:50.496+0000] {data_modification.py:23} INFO - Inserted row with Video ID: AWBsoArakNY
[2026-09-24T14:35:50.499+0000] {data_modification.py:23} INFO - Inserted row with Video ID: Ah_uuTwGOYU
[2026-09-24T14:35:50.503+0000] {data_modification.py:23} INFO - Inserted row with Video ID: HISfrcjiNPM
[2026-09-24T14:35:50.506+0000] {data_modification.py:23} INFO - Inserted row with Video ID: WROMyJAJmp4
[2026-09-24T14:35:50.510+0000] {data_modification.py:23} INFO - Inserted row with Video ID: tAwzBYE18Us
[2026-09-24T14:35:50.513+0000] {data_modification.py:23} INFO - Inserted row with Video ID: LyFMbY-c_Lc
[2026-09-24T14:35:50.516+0000] {data_modification.py:23} INFO - Inserted row with Video ID: 3RmOvxilbPM
[2026-09-24T14:35:50.519+0000] {data_modification.py:23} INFO - Inserted row with Video ID: R7MkZL5i3FQ
[2026-09-24T14:35:50.522+0000] {data_modification.py:23} INFO - Inserted row with Video ID: 26QQE7EsnLA
[2026-09-24T14:35:50.526+0000] {data_modification.py:23} INFO - Inserted row with Video ID: PryTbmudhS8
[2026-09-24T14:35:50.530+0000] {data_modification.py:23} INFO - Inserted row with Video ID: Oo9EbArcQ1c
[2026-09-24T14:35:50.532+0000] {data_modification.py:23} INFO - Inserted row with Video ID: yWEUL3crU_E
[2026-09-24T14:35:50.535+0000] {data_modification.py:23} INFO - Inserted row with Video ID: JgJrQnDIRgg
[2026-09-24T14:35:50.539+0000] {data_modification.py:23} INFO - Inserted row with Video ID: gtkqnhN0VkU
[2026-09-24T14:35:50.542+0000] {data_modification.py:23} INFO - Inserted row with Video ID: oBXSvS2QKxU
[2026-09-24T14:35:50.545+0000] {data_modification.py:23} INFO - Inserted row with Video ID: UTdcX1e0cMA
[2026-09-24T14:35:50.548+0000] {data_modification.py:23} INFO - Inserted row with Video ID: oiZvK6MY7tI
[2026-09-24T14:35:50.552+0000] {data_modification.py:23} INFO - Inserted row with Video ID: F0OkwXKcPSE
[2026-09-24T14:35:50.554+0000] {data_modification.py:23} INFO - Inserted row with Video ID: 686PL7rt654
[2026-09-24T14:35:50.556+0000] {data_modification.py:23} INFO - Inserted row with Video ID: NfhuGUyWYfQ
[2026-09-24T14:35:50.559+0000] {data_modification.py:23} INFO - Inserted row with Video ID: wIpWCJKfRXs
[2026-09-24T14:35:50.562+0000] {data_modification.py:23} INFO - Inserted row with Video ID: 9Xeepzg1B8I
[2026-09-24T14:35:50.565+0000] {data_modification.py:23} INFO - Inserted row with Video ID: 50G0kIty7Cg
[2026-09-24T14:35:50.569+0000] {data_modification.py:23} INFO - Inserted row with Video ID: 4l97aNza_Zc
[2026-09-24T14:35:50.571+0000] {data_modification.py:23} INFO - Inserted row with Video ID: 3ih2bPKSWsQ
[2026-09-24T14:35:50.574+0000] {data_modification.py:23} INFO - Inserted row with Video ID: uA9Zcg3vHvo
[2026-09-24T14:35:50.578+0000] {data_modification.py:23} INFO - Inserted row with Video ID: _AbFXuGDRTs
[2026-09-24T14:35:50.580+0000] {data_modification.py:23} INFO - Inserted row with Video ID: MOGW3v3pJ5Y
[2026-09-24T14:35:50.583+0000] {data_modification.py:23} INFO - Inserted row with Video ID: XNtTO_339kU
[2026-09-24T14:35:50.586+0000] {data_modification.py:23} INFO - Inserted row with Video ID: rB9NynBZ4go
[2026-09-24T14:35:50.589+0000] {data_modification.py:23} INFO - Inserted row with Video ID: TDv56whosPQ
[2026-09-24T14:35:50.592+0000] {data_modification.py:23} INFO - Inserted row with Video ID: R_BmT1OJw98
[2026-09-24T14:35:50.595+0000] {data_modification.py:23} INFO - Inserted row with Video ID: vpRW4JhzfSE
[2026-09-24T14:35:50.597+0000] {data_modification.py:23} INFO - Inserted row with Video ID: qXW93Cois2s
[2026-09-24T14:35:50.600+0000] {data_modification.py:23} INFO - Inserted row with Video ID: r7f0L48dHpc
[2026-09-24T14:35:50.603+0000] {data_modification.py:23} INFO - Inserted row with Video ID: Z4hVGCWH1Kc
[2026-09-24T14:35:50.606+0000] {data_modification.py:23} INFO - Inserted row with Video ID: zxuICI0kL3s
[2026-09-24T14:35:50.609+0000] {data_modification.py:23} INFO - Inserted row with Video ID: R1SFXJo-FlE
[2026-09-24T14:35:50.613+0000] {data_modification.py:23} INFO - Inserted row with Video ID: lQz5aqjZ3lQ
[2026-09-24T14:35:50.616+0000] {data_modification.py:23} INFO - Inserted row with Video ID: EiFcNbXBqeo
[2026-09-24T14:35:50.622+0000] {data_modification.py:23} INFO - Inserted row with Video ID: pzBi1nwDn8U
[2026-09-24T14:35:50.627+0000] {data_modification.py:23} INFO - Inserted row with Video ID: R7oW0LwS_e4
[2026-09-24T14:35:50.633+0000] {data_modification.py:23} INFO - Inserted row with Video ID: NjlP2_l1Wr0
[2026-09-24T14:35:50.639+0000] {data_modification.py:23} INFO - Inserted row with Video ID: gGcaGdHlt60
[2026-09-24T14:35:50.645+0000] {data_modification.py:23} INFO - Inserted row with Video ID: pe_ejTiIcSs
[2026-09-24T14:35:50.650+0000] {data_modification.py:23} INFO - Inserted row with Video ID: V6In4tmd-w8
[2026-09-24T14:35:50.655+0000] {data_modification.py:23} INFO - Inserted row with Video ID: ZGvn9ywXjpY
[2026-09-24T14:35:50.661+0000] {data_modification.py:23} INFO - Inserted row with Video ID: hTSaweR8qMI
[2026-09-24T14:35:50.666+0000] {data_modification.py:23} INFO - Inserted row with Video ID: KCRLP-zBacU
[2026-09-24T14:35:50.672+0000] {data_modification.py:23} INFO - Inserted row with Video ID: c2ukL_zjFCk
[2026-09-24T14:35:50.678+0000] {data_modification.py:23} INFO - Inserted row with Video ID: DZIASl9q90s
[2026-09-24T14:35:50.682+0000] {data_modification.py:23} INFO - Inserted row with Video ID: 7qY-qalCI2Y
[2026-09-24T14:35:50.688+0000] {data_modification.py:23} INFO - Inserted row with Video ID: N0pwLtonPdg
[2026-09-24T14:35:50.693+0000] {data_modification.py:23} INFO - Inserted row with Video ID: -4GmbBoYQjE
[2026-09-24T14:35:50.698+0000] {data_modification.py:23} INFO - Inserted row with Video ID: 0yPgljFcTR4
[2026-09-24T14:35:50.703+0000] {data_modification.py:23} INFO - Inserted row with Video ID: TN1wErFGTzM
[2026-09-24T14:35:50.708+0000] {data_modification.py:23} INFO - Inserted row with Video ID: 3dxksf0CzS8
[2026-09-24T14:35:50.714+0000] {data_modification.py:23} INFO - Inserted row with Video ID: x7yv72s8h0o
[2026-09-24T14:35:50.720+0000] {data_modification.py:23} INFO - Inserted row with Video ID: uyiG6uw-6pA
[2026-09-24T14:35:50.725+0000] {data_modification.py:23} INFO - Inserted row with Video ID: M1STzb7k9L8
[2026-09-24T14:35:50.729+0000] {data_modification.py:23} INFO - Inserted row with Video ID: 7K-yxGWYsnk
[2026-09-24T14:35:50.734+0000] {data_modification.py:23} INFO - Inserted row with Video ID: Tbn4cYCaZCk
[2026-09-24T14:35:50.740+0000] {data_modification.py:23} INFO - Inserted row with Video ID: figrl0aOULs
[2026-09-24T14:35:50.745+0000] {data_modification.py:23} INFO - Inserted row with Video ID: Uxc84UUrVHk
[2026-09-24T14:35:50.751+0000] {data_modification.py:23} INFO - Inserted row with Video ID: BzKaMelDzqo
[2026-09-24T14:35:50.757+0000] {data_modification.py:23} INFO - Inserted row with Video ID: 4yx9ZJDfyKk
[2026-09-24T14:35:50.763+0000] {data_modification.py:23} INFO - Inserted row with Video ID: kPa_S6jN9ls
[2026-09-24T14:35:50.768+0000] {data_modification.py:23} INFO - Inserted row with Video ID: 69g-YcbmgQA
[2026-09-24T14:35:50.772+0000] {data_modification.py:23} INFO - Inserted row with Video ID: TNtpUQbW4mg
[2026-09-24T14:35:50.779+0000] {data_modification.py:23} INFO - Inserted row with Video ID: TgCm8oDmxOk
[2026-09-24T14:35:50.786+0000] {data_modification.py:23} INFO - Inserted row with Video ID: 954wJ3uHVAk
[2026-09-24T14:35:50.790+0000] {data_modification.py:23} INFO - Inserted row with Video ID: zajUgQLviwk
[2026-09-24T14:35:50.796+0000] {data_modification.py:23} INFO - Inserted row with Video ID: PXevNM0awlI
[2026-09-24T14:35:50.802+0000] {data_modification.py:23} INFO - Inserted row with Video ID: PuQ5UxKUY48
[2026-09-24T14:35:50.807+0000] {data_modification.py:23} INFO - Inserted row with Video ID: L5ihmu87xTE
[2026-09-24T14:35:50.813+0000] {data_modification.py:23} INFO - Inserted row with Video ID: nAiKLoCP-kU
[2026-09-24T14:35:50.820+0000] {data_modification.py:23} INFO - Inserted row with Video ID: NDsO1LT_0lw
[2026-09-24T14:35:50.824+0000] {data_modification.py:23} INFO - Inserted row with Video ID: sF5LYGgKbUA
[2026-09-24T14:35:50.830+0000] {data_modification.py:23} INFO - Inserted row with Video ID: MFpWEKN9c6Y
[2026-09-24T14:35:50.837+0000] {data_modification.py:23} INFO - Inserted row with Video ID: TRxMLLuWIhw
[2026-09-24T14:35:50.842+0000] {data_modification.py:23} INFO - Inserted row with Video ID: SM66GDRyIVY
[2026-09-24T14:35:50.848+0000] {data_modification.py:23} INFO - Inserted row with Video ID: EvqtfK_RaRg
[2026-09-24T14:35:50.857+0000] {data_modification.py:23} INFO - Inserted row with Video ID: 3cWm9B_0_kI
[2026-09-24T14:35:50.870+0000] {data_modification.py:23} INFO - Inserted row with Video ID: qtWqHIx8Z-o
[2026-09-24T14:35:50.877+0000] {data_modification.py:23} INFO - Inserted row with Video ID: gs8qfL9PNac
[2026-09-24T14:35:50.883+0000] {data_modification.py:23} INFO - Inserted row with Video ID: DBPYB8WkkDc
[2026-09-24T14:35:50.890+0000] {data_modification.py:23} INFO - Inserted row with Video ID: zvBXpoBegwE
[2026-09-24T14:35:50.898+0000] {data_modification.py:23} INFO - Inserted row with Video ID: SWc8fI_9iqA
[2026-09-24T14:35:50.906+0000] {data_modification.py:23} INFO - Inserted row with Video ID: 0BjlBnfHcHM
[2026-09-24T14:35:50.917+0000] {data_modification.py:23} INFO - Inserted row with Video ID: HcL1EQ5qD_g
[2026-09-24T14:35:50.922+0000] {data_modification.py:23} INFO - Inserted row with Video ID: vXNtju4VFm4
[2026-09-24T14:35:50.929+0000] {data_modification.py:23} INFO - Inserted row with Video ID: I9mw5UlDyPI
[2026-09-24T14:35:50.935+0000] {data_modification.py:23} INFO - Inserted row with Video ID: pS-fFdvyHLE
[2026-09-24T14:35:50.940+0000] {data_modification.py:23} INFO - Inserted row with Video ID: Xj0Jtjg3lHQ
[2026-09-24T14:35:50.946+0000] {data_modification.py:23} INFO - Inserted row with Video ID: 9UtcHPCEBgg
[2026-09-24T14:35:50.951+0000] {data_modification.py:23} INFO - Inserted row with Video ID: ZNt_GoOBHq8
[2026-09-24T14:35:50.956+0000] {data_modification.py:23} INFO - Inserted row with Video ID: bn0Kh9c4Zv4
[2026-09-24T14:35:50.962+0000] {data_modification.py:23} INFO - Inserted row with Video ID: dDVFnfCwjHA
[2026-09-24T14:35:50.967+0000] {data_modification.py:23} INFO - Inserted row with Video ID: Kt2HvqRruHQ
[2026-09-24T14:35:50.972+0000] {data_modification.py:23} INFO - Inserted row with Video ID: vDrSCXFMAKk
[2026-09-24T14:35:50.976+0000] {data_modification.py:23} INFO - Inserted row with Video ID: snX5YyflrGw
[2026-09-24T14:35:50.981+0000] {data_modification.py:23} INFO - Inserted row with Video ID: nbzQdlWrcnk
[2026-09-24T14:35:50.986+0000] {data_modification.py:23} INFO - Inserted row with Video ID: 8krJy31Diow
[2026-09-24T14:35:50.990+0000] {data_modification.py:23} INFO - Inserted row with Video ID: aRcUVhVlSHg
[2026-09-24T14:35:50.995+0000] {data_modification.py:23} INFO - Inserted row with Video ID: Jo7sfpeWqwE
[2026-09-24T14:35:50.999+0000] {data_modification.py:23} INFO - Inserted row with Video ID: QtD-CeUdRUQ
[2026-09-24T14:35:51.003+0000] {data_modification.py:23} INFO - Inserted row with Video ID: ndAQfTzlVjc
[2026-09-24T14:35:51.007+0000] {data_modification.py:23} INFO - Inserted row with Video ID: AydS-vA3qa4
[2026-09-24T14:35:51.011+0000] {data_modification.py:23} INFO - Inserted row with Video ID: UPrkC1LdlLY
[2026-09-24T14:35:51.016+0000] {data_modification.py:23} INFO - Inserted row with Video ID: 8bTQMDM4qvY
[2026-09-24T14:35:51.020+0000] {data_modification.py:23} INFO - Inserted row with Video ID: DBw0oD38z0Q
[2026-09-24T14:35:51.023+0000] {data_modification.py:23} INFO - Inserted row with Video ID: 4SNThp0YiU4
[2026-09-24T14:35:51.028+0000] {data_modification.py:23} INFO - Inserted row with Video ID: XhuisK0bTSA
[2026-09-24T14:35:51.031+0000] {data_modification.py:23} INFO - Inserted row with Video ID: lkCRPp7cnP8
[2026-09-24T14:35:51.036+0000] {data_modification.py:23} INFO - Inserted row with Video ID: KkCXLABwHP0
[2026-09-24T14:35:51.039+0000] {data_modification.py:23} INFO - Inserted row with Video ID: PWirijQkH4M
[2026-09-24T14:35:51.043+0000] {data_modification.py:23} INFO - Inserted row with Video ID: T8I165Qxeo8
[2026-09-24T14:35:51.047+0000] {data_modification.py:23} INFO - Inserted row with Video ID: i-9V21MqlhY
[2026-09-24T14:35:51.050+0000] {data_modification.py:23} INFO - Inserted row with Video ID: YyNz4--6fro
[2026-09-24T14:35:51.053+0000] {data_modification.py:23} INFO - Inserted row with Video ID: f0cXJ6mJxGc
[2026-09-24T14:35:51.056+0000] {data_modification.py:23} INFO - Inserted row with Video ID: F6PqxbvOCUI
[2026-09-24T14:35:51.060+0000] {data_modification.py:23} INFO - Inserted row with Video ID: oA4LSZvX4iE
[2026-09-24T14:35:51.063+0000] {data_modification.py:23} INFO - Inserted row with Video ID: ZKxnjszkZto
[2026-09-24T14:35:51.067+0000] {data_modification.py:23} INFO - Inserted row with Video ID: 8_gdcaX9Xqk
[2026-09-24T14:35:51.071+0000] {data_modification.py:23} INFO - Inserted row with Video ID: snUyLbGx6U4
[2026-09-24T14:35:51.074+0000] {data_modification.py:23} INFO - Inserted row with Video ID: Pv0iVoSZzN8
[2026-09-24T14:35:51.078+0000] {data_modification.py:23} INFO - Inserted row with Video ID: CWbV3NItSdY
[2026-09-24T14:35:51.081+0000] {data_modification.py:23} INFO - Inserted row with Video ID: l-nMKJ5J3Uc
[2026-09-24T14:35:51.085+0000] {data_modification.py:23} INFO - Inserted row with Video ID: XE1Qyss8GIY
[2026-09-24T14:35:51.089+0000] {data_modification.py:23} INFO - Inserted row with Video ID: 6GzHPS0rEgc
[2026-09-24T14:35:51.093+0000] {data_modification.py:23} INFO - Inserted row with Video ID: imhY0pe-Sd8
[2026-09-24T14:35:51.097+0000] {data_modification.py:23} INFO - Inserted row with Video ID: erLbbextvlY
[2026-09-24T14:35:51.101+0000] {data_modification.py:23} INFO - Inserted row with Video ID: OnTTThIzuNU
[2026-09-24T14:35:51.105+0000] {data_modification.py:23} INFO - Inserted row with Video ID: mKdjycj-7eE
[2026-09-24T14:35:51.108+0000] {data_modification.py:23} INFO - Inserted row with Video ID: tWYsfOSY9vY
[2026-09-24T14:35:51.112+0000] {data_modification.py:23} INFO - Inserted row with Video ID: sH48lKbayNU
[2026-09-24T14:35:51.116+0000] {data_modification.py:23} INFO - Inserted row with Video ID: AFXoSFNMwIA
[2026-09-24T14:35:51.120+0000] {data_modification.py:23} INFO - Inserted row with Video ID: k194wHZHjB0
[2026-09-24T14:35:51.123+0000] {data_modification.py:23} INFO - Inserted row with Video ID: AjwAdtlRKf8
[2026-09-24T14:35:51.126+0000] {data_modification.py:23} INFO - Inserted row with Video ID: krsBRQbOPQ4
[2026-09-24T14:35:51.129+0000] {data_modification.py:23} INFO - Inserted row with Video ID: 7ESeQBeikKs
[2026-09-24T14:35:51.133+0000] {data_modification.py:23} INFO - Inserted row with Video ID: K_CbgLpvH9E
[2026-09-24T14:35:51.137+0000] {data_modification.py:23} INFO - Inserted row with Video ID: lOKASgtr6kU
[2026-09-24T14:35:51.140+0000] {data_modification.py:23} INFO - Inserted row with Video ID: 9RhWXPcKBI8
[2026-09-24T14:35:51.144+0000] {data_modification.py:23} INFO - Inserted row with Video ID: ZVt9ZJfWV1c
[2026-09-24T14:35:51.147+0000] {data_modification.py:23} INFO - Inserted row with Video ID: rWBOITBjitE
[2026-09-24T14:35:51.150+0000] {data_modification.py:23} INFO - Inserted row with Video ID: tnTPaLOaHz8
[2026-09-24T14:35:51.153+0000] {data_modification.py:23} INFO - Inserted row with Video ID: Wdjh81uH6FU
[2026-09-24T14:35:51.156+0000] {data_modification.py:23} INFO - Inserted row with Video ID: 7dYTw-jAYkY
[2026-09-24T14:35:51.161+0000] {data_modification.py:23} INFO - Inserted row with Video ID: AjZDwxt7S8w
[2026-09-24T14:35:51.165+0000] {data_modification.py:23} INFO - Inserted row with Video ID: aZnqqXaT02g
[2026-09-24T14:35:51.171+0000] {data_modification.py:23} INFO - Inserted row with Video ID: mwKJfNYwvm8
[2026-09-24T14:35:51.177+0000] {data_modification.py:23} INFO - Inserted row with Video ID: l9_8_pDTmis
[2026-09-24T14:35:51.182+0000] {data_modification.py:23} INFO - Inserted row with Video ID: n7x4Jj9pdH8
[2026-09-24T14:35:51.188+0000] {data_modification.py:23} INFO - Inserted row with Video ID: QjvpjXdgugA
[2026-09-24T14:35:51.193+0000] {data_modification.py:23} INFO - Inserted row with Video ID: jGAJCAuV3pQ
[2026-09-24T14:35:51.199+0000] {data_modification.py:23} INFO - Inserted row with Video ID: c0v8OPItCOg
[2026-09-24T14:35:51.205+0000] {data_modification.py:23} INFO - Inserted row with Video ID: 3ryID_SwU5E
[2026-09-24T14:35:51.211+0000] {data_modification.py:23} INFO - Inserted row with Video ID: IemzxkkzI5s
[2026-09-24T14:35:51.217+0000] {data_modification.py:23} INFO - Inserted row with Video ID: 3OFj6l2tQ9s
[2026-09-24T14:35:51.223+0000] {data_modification.py:23} INFO - Inserted row with Video ID: AZlBZuS4hr0
[2026-09-24T14:35:51.229+0000] {data_modification.py:23} INFO - Inserted row with Video ID: Gx6VeIIbWwM
[2026-09-24T14:35:51.234+0000] {data_modification.py:23} INFO - Inserted row with Video ID: CAOY8EKH1qU
[2026-09-24T14:35:51.239+0000] {data_modification.py:23} INFO - Inserted row with Video ID: IQxea9UB1nQ
[2026-09-24T14:35:51.243+0000] {data_modification.py:23} INFO - Inserted row with Video ID: KrLj6nc516A
[2026-09-24T14:35:51.247+0000] {data_modification.py:23} INFO - Inserted row with Video ID: zgLhCT7aFCA
[2026-09-24T14:35:51.253+0000] {data_modification.py:23} INFO - Inserted row with Video ID: L5kIXRdwGAI
[2026-09-24T14:35:51.256+0000] {data_modification.py:23} INFO - Inserted row with Video ID: 19NmWqv4Alk
[2026-09-24T14:35:51.261+0000] {data_modification.py:23} INFO - Inserted row with Video ID: vBpQ1SlfVtU
[2026-09-24T14:35:51.264+0000] {data_modification.py:23} INFO - Inserted row with Video ID: SGzWIoLAzmY
[2026-09-24T14:35:51.269+0000] {data_modification.py:23} INFO - Inserted row with Video ID: NnNZLCl78Ao
[2026-09-24T14:35:51.272+0000] {data_modification.py:23} INFO - Inserted row with Video ID: NTZhwAldqwg
[2026-09-24T14:35:51.278+0000] {data_modification.py:23} INFO - Inserted row with Video ID: J_z-W4UVHkw
[2026-09-24T14:35:51.281+0000] {data_modification.py:23} INFO - Inserted row with Video ID: mKIhHNznt4s
[2026-09-24T14:35:51.287+0000] {data_modification.py:23} INFO - Inserted row with Video ID: jObOjhUkf50
[2026-09-24T14:35:51.291+0000] {data_modification.py:23} INFO - Inserted row with Video ID: O3YVBJ2n5xg
[2026-09-24T14:35:51.296+0000] {data_modification.py:23} INFO - Inserted row with Video ID: yhB3BgJyGl8
[2026-09-24T14:35:51.299+0000] {data_modification.py:23} INFO - Inserted row with Video ID: CP82DAKzL1U
[2026-09-24T14:35:51.304+0000] {data_modification.py:23} INFO - Inserted row with Video ID: fuhE6PYnRMc
[2026-09-24T14:35:51.308+0000] {data_modification.py:23} INFO - Inserted row with Video ID: stUofW3whpE
[2026-09-24T14:35:51.313+0000] {data_modification.py:23} INFO - Inserted row with Video ID: 48h57PspBec
[2026-09-24T14:35:51.316+0000] {data_modification.py:23} INFO - Inserted row with Video ID: ooAwCOP67GQ
[2026-09-24T14:35:51.320+0000] {data_modification.py:23} INFO - Inserted row with Video ID: FM7Z-Xq8Drc
[2026-09-24T14:35:51.323+0000] {data_modification.py:23} INFO - Inserted row with Video ID: ykRq_rp7NhM
[2026-09-24T14:35:51.328+0000] {data_modification.py:23} INFO - Inserted row with Video ID: WTOm65IZneg
[2026-09-24T14:35:51.331+0000] {data_modification.py:23} INFO - Inserted row with Video ID: 8kggT2ej-lo
[2026-09-24T14:35:51.336+0000] {data_modification.py:23} INFO - Inserted row with Video ID: GGBy50KtvRk
[2026-09-24T14:35:51.339+0000] {data_modification.py:23} INFO - Inserted row with Video ID: Y4-gFIfGXiQ
[2026-09-24T14:35:51.343+0000] {data_modification.py:23} INFO - Inserted row with Video ID: 1WEAJ-DFkHE
[2026-09-24T14:35:51.347+0000] {data_modification.py:23} INFO - Inserted row with Video ID: Y0cBiGUuB1Y
[2026-09-24T14:35:51.351+0000] {data_modification.py:23} INFO - Inserted row with Video ID: YLt73w6criQ
[2026-09-24T14:35:51.354+0000] {data_modification.py:23} INFO - Inserted row with Video ID: NPYPXWJBTWM
[2026-09-24T14:35:51.357+0000] {data_modification.py:23} INFO - Inserted row with Video ID: lglIQkCHO0g
[2026-09-24T14:35:51.361+0000] {data_modification.py:23} INFO - Inserted row with Video ID: TJ2ifmkGGus
[2026-09-24T14:35:51.364+0000] {data_modification.py:23} INFO - Inserted row with Video ID: 7IKab3HcfFk
[2026-09-24T14:35:51.367+0000] {data_modification.py:23} INFO - Inserted row with Video ID: h5NvTTOlOtI
[2026-09-24T14:35:51.371+0000] {data_modification.py:23} INFO - Inserted row with Video ID: 0CTp1a-aCUM
[2026-09-24T14:35:51.373+0000] {data_modification.py:23} INFO - Inserted row with Video ID: FD-0KG-h2-c
[2026-09-24T14:35:51.378+0000] {data_modification.py:23} INFO - Inserted row with Video ID: kX3nB4PpJko
[2026-09-24T14:35:51.381+0000] {data_modification.py:23} INFO - Inserted row with Video ID: YlvcFJOE-OE
[2026-09-24T14:35:51.384+0000] {data_modification.py:23} INFO - Inserted row with Video ID: iogcY_4xGjo
[2026-09-24T14:35:51.388+0000] {data_modification.py:23} INFO - Inserted row with Video ID: S_CUEOBZ0P4
[2026-09-24T14:35:51.391+0000] {data_modification.py:23} INFO - Inserted row with Video ID: gHzuabZUd6c
[2026-09-24T14:35:51.396+0000] {data_modification.py:23} INFO - Inserted row with Video ID: 65fN_OUawjk
[2026-09-24T14:35:51.399+0000] {data_modification.py:23} INFO - Inserted row with Video ID: jdMNoQE3mIQ
[2026-09-24T14:35:51.403+0000] {data_modification.py:23} INFO - Inserted row with Video ID: 2isYuQZMbdU
[2026-09-24T14:35:51.406+0000] {data_modification.py:23} INFO - Inserted row with Video ID: tVWWp1PqDus
[2026-09-24T14:35:51.411+0000] {data_modification.py:23} INFO - Inserted row with Video ID: vaIgyRoUkQI
[2026-09-24T14:35:51.414+0000] {data_modification.py:23} INFO - Inserted row with Video ID: Hwybp38GnZw
[2026-09-24T14:35:51.419+0000] {data_modification.py:23} INFO - Inserted row with Video ID: hD1YtmKXNb4
[2026-09-24T14:35:51.423+0000] {data_modification.py:23} INFO - Inserted row with Video ID: 3jS_yEK8qVI
[2026-09-24T14:35:51.428+0000] {data_modification.py:23} INFO - Inserted row with Video ID: 00NgUctWoLQ
[2026-09-24T14:35:51.432+0000] {data_modification.py:23} INFO - Inserted row with Video ID: x9TQ6culXIA
[2026-09-24T14:35:51.436+0000] {data_modification.py:23} INFO - Inserted row with Video ID: QbJJwaVdgIs
[2026-09-24T14:35:51.439+0000] {data_modification.py:23} INFO - Inserted row with Video ID: 0e3GPea1Tyg
[2026-09-24T14:35:51.443+0000] {data_modification.py:23} INFO - Inserted row with Video ID: cV2gBU6hKfY
[2026-09-24T14:35:51.447+0000] {data_modification.py:23} INFO - Inserted row with Video ID: qIsgdOVGA04
[2026-09-24T14:35:51.452+0000] {data_modification.py:23} INFO - Inserted row with Video ID: cExLQ1o2pDw
[2026-09-24T14:35:51.455+0000] {data_modification.py:23} INFO - Inserted row with Video ID: uocETPj4Jx4
[2026-09-24T14:35:51.459+0000] {data_modification.py:23} INFO - Inserted row with Video ID: zxYjTTXc-J8
[2026-09-24T14:35:51.462+0000] {data_modification.py:23} INFO - Inserted row with Video ID: hxwpkM5w3Cc
[2026-09-24T14:35:51.466+0000] {data_modification.py:23} INFO - Inserted row with Video ID: ktyJIj6i4Qw
[2026-09-24T14:35:51.469+0000] {data_modification.py:23} INFO - Inserted row with Video ID: urtFrxDUV6c
[2026-09-24T14:35:51.473+0000] {data_modification.py:23} INFO - Inserted row with Video ID: nM89Wl03Q4g
[2026-09-24T14:35:51.477+0000] {data_modification.py:23} INFO - Inserted row with Video ID: NZlClr_ivb4
[2026-09-24T14:35:51.479+0000] {data_modification.py:23} INFO - Inserted row with Video ID: E6E22XQPhhg
[2026-09-24T14:35:51.482+0000] {data_modification.py:23} INFO - Inserted row with Video ID: TQHEJj68Jew
[2026-09-24T14:35:51.484+0000] {data_modification.py:23} INFO - Inserted row with Video ID: WcwGleN38zE
[2026-09-24T14:35:51.487+0000] {data_modification.py:23} INFO - Inserted row with Video ID: fMfipiV_17o
[2026-09-24T14:35:51.489+0000] {data_modification.py:23} INFO - Inserted row with Video ID: 9bqk6ZUsKyA
[2026-09-24T14:35:51.492+0000] {data_modification.py:23} INFO - Inserted row with Video ID: DuQbOQwVaNE
[2026-09-24T14:35:51.495+0000] {data_modification.py:23} INFO - Inserted row with Video ID: vJH28ICkCdU
[2026-09-24T14:35:51.498+0000] {data_modification.py:23} INFO - Inserted row with Video ID: _uwNDiU04zE
[2026-09-24T14:35:51.501+0000] {data_modification.py:23} INFO - Inserted row with Video ID: C680oxL__ck
[2026-09-24T14:35:51.503+0000] {data_modification.py:23} INFO - Inserted row with Video ID: 5Fg9oZk-5uA
[2026-09-24T14:35:51.506+0000] {data_modification.py:23} INFO - Inserted row with Video ID: PKtnafFtfEo
[2026-09-24T14:35:51.509+0000] {data_modification.py:23} INFO - Inserted row with Video ID: f0c7pSCoZqE
[2026-09-24T14:35:51.512+0000] {data_modification.py:23} INFO - Inserted row with Video ID: dg2Ag3e8W-Q
[2026-09-24T14:35:51.514+0000] {data_modification.py:23} INFO - Inserted row with Video ID: LeYsRMZFUq0
[2026-09-24T14:35:51.517+0000] {data_modification.py:23} INFO - Inserted row with Video ID: Dc2ZRmuH5OM
[2026-09-24T14:35:51.519+0000] {data_modification.py:23} INFO - Inserted row with Video ID: GLoeAJUcz38
[2026-09-24T14:35:51.522+0000] {data_modification.py:23} INFO - Inserted row with Video ID: SZQhgExjBvQ
[2026-09-24T14:35:51.524+0000] {data_modification.py:23} INFO - Inserted row with Video ID: IoZri9hq7z4
[2026-09-24T14:35:51.528+0000] {data_modification.py:23} INFO - Inserted row with Video ID: vp5sSqyZ5Go
[2026-09-24T14:35:51.531+0000] {data_modification.py:23} INFO - Inserted row with Video ID: AKJfakEsgy0
[2026-09-24T14:35:51.534+0000] {data_modification.py:23} INFO - Inserted row with Video ID: Vl3swga-Xrk
[2026-09-24T14:35:51.537+0000] {data_modification.py:23} INFO - Inserted row with Video ID: UE5AHE2Ypr8
[2026-09-24T14:35:51.539+0000] {data_modification.py:23} INFO - Inserted row with Video ID: TDiXxsQ0w2Q
[2026-09-24T14:35:51.542+0000] {data_modification.py:23} INFO - Inserted row with Video ID: oD155zWANQg
[2026-09-24T14:35:51.545+0000] {data_modification.py:23} INFO - Inserted row with Video ID: s1ax8Tx_Jz0
[2026-09-24T14:35:51.547+0000] {data_modification.py:23} INFO - Inserted row with Video ID: NkE0AMGzpJY
[2026-09-24T14:35:51.550+0000] {data_modification.py:23} INFO - Inserted row with Video ID: FbM1yi4mMMc
[2026-09-24T14:35:51.554+0000] {data_modification.py:23} INFO - Inserted row with Video ID: 5V2B28OqfqM
[2026-09-24T14:35:51.556+0000] {data_modification.py:23} INFO - Inserted row with Video ID: Rj_vssRaZlQ
[2026-09-24T14:35:51.559+0000] {data_modification.py:23} INFO - Inserted row with Video ID: YQDDm9HLkV4
[2026-09-24T14:35:51.561+0000] {data_modification.py:23} INFO - Inserted row with Video ID: erQ_9yEz0ls
[2026-09-24T14:35:51.564+0000] {data_modification.py:23} INFO - Inserted row with Video ID: OAbP-V6fEVc
[2026-09-24T14:35:51.566+0000] {data_modification.py:23} INFO - Inserted row with Video ID: _qAJMXfL6o0
[2026-09-24T14:35:51.569+0000] {data_modification.py:23} INFO - Inserted row with Video ID: 59AYXzCa-Cs
[2026-09-24T14:35:51.572+0000] {data_modification.py:23} INFO - Inserted row with Video ID: r7zJ8srwwjk
[2026-09-24T14:35:51.574+0000] {data_modification.py:23} INFO - Inserted row with Video ID: YSoJPA8-oHc
[2026-09-24T14:35:51.577+0000] {data_modification.py:23} INFO - Inserted row with Video ID: gsWPpE4Rid0
[2026-09-24T14:35:51.579+0000] {data_modification.py:23} INFO - Inserted row with Video ID: HBMmK1c44sE
[2026-09-24T14:35:51.582+0000] {data_modification.py:23} INFO - Inserted row with Video ID: oBYbxw8f5OI
[2026-09-24T14:35:51.584+0000] {data_modification.py:23} INFO - Inserted row with Video ID: AiGKBNGlzHo
[2026-09-24T14:35:51.587+0000] {data_modification.py:23} INFO - Inserted row with Video ID: _mdKvblL_8s
[2026-09-24T14:35:51.589+0000] {data_modification.py:23} INFO - Inserted row with Video ID: yXWw0_UfSFg
[2026-09-24T14:35:51.592+0000] {data_modification.py:23} INFO - Inserted row with Video ID: F4Y3Pkn95GI
[2026-09-24T14:35:51.595+0000] {data_modification.py:23} INFO - Inserted row with Video ID: KSKJKLmAqpI
[2026-09-24T14:35:51.598+0000] {data_modification.py:23} INFO - Inserted row with Video ID: IYVjOfoU3uI
[2026-09-24T14:35:51.601+0000] {data_modification.py:23} INFO - Inserted row with Video ID: oI6aXhowFDY
[2026-09-24T14:35:51.604+0000] {data_modification.py:23} INFO - Inserted row with Video ID: LdMx2U5tby0
[2026-09-24T14:35:51.606+0000] {data_modification.py:23} INFO - Inserted row with Video ID: fY-LA3YaZ_M
[2026-09-24T14:35:51.610+0000] {data_modification.py:23} INFO - Inserted row with Video ID: 0hVZOJCYBBM
[2026-09-24T14:35:51.612+0000] {data_modification.py:23} INFO - Inserted row with Video ID: Z9WQy9jEY8M
[2026-09-24T14:35:51.614+0000] {data_modification.py:23} INFO - Inserted row with Video ID: bs0SWXbty18
[2026-09-24T14:35:51.618+0000] {data_modification.py:23} INFO - Inserted row with Video ID: yeqARWqjkps
[2026-09-24T14:35:51.621+0000] {data_modification.py:23} INFO - Inserted row with Video ID: NbaWrbJDr48
[2026-09-24T14:35:51.624+0000] {data_modification.py:23} INFO - Inserted row with Video ID: sfv1QaRzJg8
[2026-09-24T14:35:51.627+0000] {data_modification.py:23} INFO - Inserted row with Video ID: RwnN2FVaHmw
[2026-09-24T14:35:51.629+0000] {data_modification.py:23} INFO - Inserted row with Video ID: X1jMMFOqxEw
[2026-09-24T14:35:51.632+0000] {data_modification.py:23} INFO - Inserted row with Video ID: ORUX1lHbOa8
[2026-09-24T14:35:51.636+0000] {data_modification.py:23} INFO - Inserted row with Video ID: LU_xVr4b2qM
[2026-09-24T14:35:51.639+0000] {data_modification.py:23} INFO - Inserted row with Video ID: tQ4m4zD7BBA
[2026-09-24T14:35:51.642+0000] {data_modification.py:23} INFO - Inserted row with Video ID: D9lVNzyhYnc
[2026-09-24T14:35:51.645+0000] {data_modification.py:23} INFO - Inserted row with Video ID: jokVbbLqV_E
[2026-09-24T14:35:51.648+0000] {data_modification.py:23} INFO - Inserted row with Video ID: HPJKxAhLw5I
[2026-09-24T14:35:51.651+0000] {data_modification.py:23} INFO - Inserted row with Video ID: Ims5p6wjW9s
[2026-09-24T14:35:51.654+0000] {data_modification.py:23} INFO - Inserted row with Video ID: anFxsa5jXrE
[2026-09-24T14:35:51.657+0000] {data_modification.py:23} INFO - Inserted row with Video ID: QxGVgXf_LNk
[2026-09-24T14:35:51.660+0000] {data_modification.py:23} INFO - Inserted row with Video ID: al6130OD1Ck
[2026-09-24T14:35:51.662+0000] {data_modification.py:23} INFO - Inserted row with Video ID: d1010B3sKNQ
[2026-09-24T14:35:51.665+0000] {data_modification.py:23} INFO - Inserted row with Video ID: NS3hse9ezik
[2026-09-24T14:35:51.668+0000] {data_modification.py:23} INFO - Inserted row with Video ID: npDey6_9YRs
[2026-09-24T14:35:51.670+0000] {data_modification.py:23} INFO - Inserted row with Video ID: 3LLnjRLrvLU
[2026-09-24T14:35:51.673+0000] {data_modification.py:23} INFO - Inserted row with Video ID: bTrV5v7GLcQ
[2026-09-24T14:35:51.677+0000] {data_modification.py:23} INFO - Inserted row with Video ID: lBYC4_Lccjw
[2026-09-24T14:35:51.680+0000] {data_modification.py:23} INFO - Inserted row with Video ID: gL6iSCSHjco
[2026-09-24T14:35:51.682+0000] {data_modification.py:23} INFO - Inserted row with Video ID: UQtltNZ_pjs
[2026-09-24T14:35:51.685+0000] {data_modification.py:23} INFO - Inserted row with Video ID: 0DaMUhgcAqo
[2026-09-24T14:35:51.688+0000] {data_modification.py:23} INFO - Inserted row with Video ID: TOcGSwJBPMQ
[2026-09-24T14:35:51.690+0000] {data_modification.py:23} INFO - Inserted row with Video ID: ws694xrKopA
[2026-09-24T14:35:51.693+0000] {data_modification.py:23} INFO - Inserted row with Video ID: UtnsWzaoRtg
[2026-09-24T14:35:51.696+0000] {data_modification.py:23} INFO - Inserted row with Video ID: 6wsFjjhZPJI
[2026-09-24T14:35:51.699+0000] {data_modification.py:23} INFO - Inserted row with Video ID: Rmf6T_Ewt38
[2026-09-24T14:35:51.702+0000] {data_modification.py:23} INFO - Inserted row with Video ID: n6qc4LHN2KQ
[2026-09-24T14:35:51.705+0000] {data_modification.py:23} INFO - Inserted row with Video ID: 2eFSU7TFOnk
[2026-09-24T14:35:51.707+0000] {data_modification.py:23} INFO - Inserted row with Video ID: RCvnytndd9c
[2026-09-24T14:35:51.711+0000] {data_modification.py:23} INFO - Inserted row with Video ID: AA-VpIj8F5Y
[2026-09-24T14:35:51.714+0000] {data_modification.py:23} INFO - Inserted row with Video ID: ha4tRQwKIUg
[2026-09-24T14:35:51.717+0000] {data_modification.py:23} INFO - Inserted row with Video ID: xRwy_rKc7gI
[2026-09-24T14:35:51.720+0000] {data_modification.py:23} INFO - Inserted row with Video ID: H1WBdh56Vq4
[2026-09-24T14:35:51.723+0000] {data_modification.py:23} INFO - Inserted row with Video ID: xhIYirjB4Yc
[2026-09-24T14:35:51.726+0000] {data_modification.py:23} INFO - Inserted row with Video ID: HfJMs4mrSJM
[2026-09-24T14:35:51.728+0000] {data_modification.py:23} INFO - Inserted row with Video ID: tYHTVjfShOA
[2026-09-24T14:35:51.731+0000] {data_modification.py:23} INFO - Inserted row with Video ID: JTQcIR2ZxU4
[2026-09-24T14:35:51.734+0000] {data_modification.py:23} INFO - Inserted row with Video ID: xpNeg0hPZIs
[2026-09-24T14:35:51.737+0000] {data_modification.py:23} INFO - Inserted row with Video ID: 9yrdFAJUSaU
[2026-09-24T14:35:51.740+0000] {data_modification.py:23} INFO - Inserted row with Video ID: i2O6GMpNWGo
[2026-09-24T14:35:51.743+0000] {data_modification.py:23} INFO - Inserted row with Video ID: Y6jC6VaO3j0
[2026-09-24T14:35:51.746+0000] {data_modification.py:23} INFO - Inserted row with Video ID: Ooke4YZv8Ts
[2026-09-24T14:35:51.749+0000] {data_modification.py:23} INFO - Inserted row with Video ID: ZV7rU6lnAKQ
[2026-09-24T14:35:51.752+0000] {data_modification.py:23} INFO - Inserted row with Video ID: iUzi5JmJNWc
[2026-09-24T14:35:51.754+0000] {data_modification.py:23} INFO - Inserted row with Video ID: 9cCpZl8euLI
[2026-09-24T14:35:51.757+0000] {data_modification.py:23} INFO - Inserted row with Video ID: I046_n20d3s
[2026-09-24T14:35:51.760+0000] {data_modification.py:23} INFO - Inserted row with Video ID: 2nd73lyvq4w
[2026-09-24T14:35:51.763+0000] {data_modification.py:23} INFO - Inserted row with Video ID: nuM0Z4a7kMs
[2026-09-24T14:35:51.765+0000] {data_modification.py:23} INFO - Inserted row with Video ID: qPBtTPJHS0Q
[2026-09-24T14:35:51.768+0000] {data_modification.py:23} INFO - Inserted row with Video ID: A-vX1AGBGsc
[2026-09-24T14:35:51.771+0000] {data_modification.py:23} INFO - Inserted row with Video ID: IiW2smvEcBM
[2026-09-24T14:35:51.773+0000] {data_modification.py:23} INFO - Inserted row with Video ID: q6Qw8mUVTrE
[2026-09-24T14:35:51.778+0000] {data_modification.py:23} INFO - Inserted row with Video ID: dBxOYE2j55U
[2026-09-24T14:35:51.781+0000] {data_modification.py:23} INFO - Inserted row with Video ID: 984NGLLYDUg
[2026-09-24T14:35:51.784+0000] {data_modification.py:23} INFO - Inserted row with Video ID: 7zi0bi-RDj4
[2026-09-24T14:35:51.788+0000] {data_modification.py:23} INFO - Inserted row with Video ID: XaxhLbxZ13k
[2026-09-24T14:35:51.790+0000] {data_modification.py:23} INFO - Inserted row with Video ID: L8nh1wuXTbI
[2026-09-24T14:35:51.794+0000] {data_modification.py:23} INFO - Inserted row with Video ID: 9-HphHIJS9c
[2026-09-24T14:35:51.797+0000] {data_modification.py:23} INFO - Inserted row with Video ID: rPXmbM2UEbU
[2026-09-24T14:35:51.799+0000] {data_modification.py:23} INFO - Inserted row with Video ID: sESRuTyfsEk
[2026-09-24T14:35:51.802+0000] {data_modification.py:23} INFO - Inserted row with Video ID: QapO3maXd9k
[2026-09-24T14:35:51.805+0000] {data_modification.py:23} INFO - Inserted row with Video ID: 71VpdDb8e6U
[2026-09-24T14:35:51.807+0000] {data_modification.py:23} INFO - Inserted row with Video ID: Su34c5Z8DW4
[2026-09-24T14:35:51.810+0000] {data_modification.py:23} INFO - Inserted row with Video ID: 9vB-48kHbBU
[2026-09-24T14:35:51.813+0000] {data_modification.py:23} INFO - Inserted row with Video ID: 3ix_gbcubTo
[2026-09-24T14:35:51.815+0000] {data_modification.py:23} INFO - Inserted row with Video ID: mGIpOtncmSM
[2026-09-24T14:35:51.818+0000] {data_modification.py:23} INFO - Inserted row with Video ID: VqnQ-0q2gb4
[2026-09-24T14:35:51.821+0000] {data_modification.py:23} INFO - Inserted row with Video ID: 1SwVSTKFCsc
[2026-09-24T14:35:51.823+0000] {data_modification.py:23} INFO - Inserted row with Video ID: ZPuEUe_8SRM
[2026-09-24T14:35:51.826+0000] {data_modification.py:23} INFO - Inserted row with Video ID: gKVZz4kcuns
[2026-09-24T14:35:51.829+0000] {data_modification.py:23} INFO - Inserted row with Video ID: nywT2SenPIo
[2026-09-24T14:35:51.832+0000] {data_modification.py:23} INFO - Inserted row with Video ID: xBP9EUQIkNs
[2026-09-24T14:35:51.836+0000] {data_modification.py:23} INFO - Inserted row with Video ID: qZNxvnQv0h4
[2026-09-24T14:35:51.838+0000] {data_modification.py:23} INFO - Inserted row with Video ID: uE6gud1voDs
[2026-09-24T14:35:51.841+0000] {data_modification.py:23} INFO - Inserted row with Video ID: f0M64XpmTz8
[2026-09-24T14:35:51.844+0000] {data_modification.py:23} INFO - Inserted row with Video ID: Gz3yak1cl-8
[2026-09-24T14:35:51.847+0000] {data_modification.py:23} INFO - Inserted row with Video ID: 9GD6hbqu2oM
[2026-09-24T14:35:51.849+0000] {data_modification.py:23} INFO - Inserted row with Video ID: GUWGsIVEMSQ
[2026-09-24T14:35:51.852+0000] {data_modification.py:23} INFO - Inserted row with Video ID: wDqJZ_2ZA3A
[2026-09-24T14:35:51.854+0000] {data_modification.py:23} INFO - Inserted row with Video ID: RywkkwO78m8
[2026-09-24T14:35:51.857+0000] {data_modification.py:23} INFO - Inserted row with Video ID: P4qWhSZ7_WA
[2026-09-24T14:35:51.860+0000] {data_modification.py:23} INFO - Inserted row with Video ID: UlUcwJc5nBs
[2026-09-24T14:35:51.863+0000] {data_modification.py:23} INFO - Inserted row with Video ID: qAW6CE7_bFM
[2026-09-24T14:35:51.867+0000] {data_modification.py:23} INFO - Inserted row with Video ID: tBEBc4KQVsU
[2026-09-24T14:35:51.871+0000] {data_modification.py:23} INFO - Inserted row with Video ID: q0OK-zHnvnA
[2026-09-24T14:35:51.875+0000] {data_modification.py:23} INFO - Inserted row with Video ID: bFZdU9dr4OM
[2026-09-24T14:35:51.880+0000] {data_modification.py:23} INFO - Inserted row with Video ID: nd-bwvNB7YA
[2026-09-24T14:35:51.884+0000] {data_modification.py:23} INFO - Inserted row with Video ID: 6_im_hGxGRk
[2026-09-24T14:35:51.888+0000] {data_modification.py:23} INFO - Inserted row with Video ID: b91vrgVY-ZQ
[2026-09-24T14:35:51.892+0000] {data_modification.py:23} INFO - Inserted row with Video ID: 52ubXjlVzUY
[2026-09-24T14:35:51.897+0000] {data_modification.py:23} INFO - Inserted row with Video ID: XHb7g6yuGgE
[2026-09-24T14:35:51.901+0000] {data_modification.py:23} INFO - Inserted row with Video ID: rH1D_3G56DY
[2026-09-24T14:35:51.904+0000] {data_modification.py:23} INFO - Inserted row with Video ID: -0zoWMSEOGg
[2026-09-24T14:35:51.907+0000] {data_modification.py:23} INFO - Inserted row with Video ID: WRzIuC2MKOU
[2026-09-24T14:35:51.911+0000] {data_modification.py:23} INFO - Inserted row with Video ID: foLlul8Tl3E
[2026-09-24T14:35:51.914+0000] {data_modification.py:23} INFO - Inserted row with Video ID: 3iaDrpKdaIc
[2026-09-24T14:35:51.918+0000] {data_modification.py:23} INFO - Inserted row with Video ID: qrIh-ZHN4-E
[2026-09-24T14:35:51.921+0000] {data_modification.py:23} INFO - Inserted row with Video ID: mpZWt5pGKZ8
[2026-09-24T14:35:51.924+0000] {data_modification.py:23} INFO - Inserted row with Video ID: XE9pUM9MEFA
[2026-09-24T14:35:51.927+0000] {data_modification.py:23} INFO - Inserted row with Video ID: wbzD04leeLI
[2026-09-24T14:35:51.929+0000] {data_modification.py:23} INFO - Inserted row with Video ID: MC5h-ShR-S8
[2026-09-24T14:35:51.932+0000] {data_modification.py:23} INFO - Inserted row with Video ID: dp8IaLrZpGs
[2026-09-24T14:35:51.935+0000] {data_modification.py:23} INFO - Inserted row with Video ID: 97Gh93Daio0
[2026-09-24T14:35:51.938+0000] {data_modification.py:23} INFO - Inserted row with Video ID: t4OumncEiKo
[2026-09-24T14:35:51.941+0000] {data_modification.py:23} INFO - Inserted row with Video ID: Ejou8aa5eZk
[2026-09-24T14:35:51.944+0000] {data_modification.py:23} INFO - Inserted row with Video ID: ehEuczQUh8E
[2026-09-24T14:35:51.947+0000] {data_modification.py:23} INFO - Inserted row with Video ID: uBC7805Smsg
[2026-09-24T14:35:51.950+0000] {data_modification.py:23} INFO - Inserted row with Video ID: d8pJkuSp1iI
[2026-09-24T14:35:51.954+0000] {data_modification.py:23} INFO - Inserted row with Video ID: dFr5YQaQQdo
[2026-09-24T14:35:51.956+0000] {data_modification.py:23} INFO - Inserted row with Video ID: xBLxMfO3pDw
[2026-09-24T14:35:51.959+0000] {data_modification.py:23} INFO - Inserted row with Video ID: d7QmQtNwhcU
[2026-09-24T14:35:51.962+0000] {data_modification.py:23} INFO - Inserted row with Video ID: NZR4WEjpOQg
[2026-09-24T14:35:51.964+0000] {data_modification.py:23} INFO - Inserted row with Video ID: vETSAZgfDP4
[2026-09-24T14:35:51.968+0000] {data_modification.py:23} INFO - Inserted row with Video ID: zE3FLbpu9-Q
[2026-09-24T14:35:51.971+0000] {data_modification.py:23} INFO - Inserted row with Video ID: Izmibu7dxcs
[2026-09-24T14:35:51.973+0000] {data_modification.py:23} INFO - Inserted row with Video ID: 2Pvt8awds44
[2026-09-24T14:35:51.976+0000] {data_modification.py:23} INFO - Inserted row with Video ID: n9BbAfbsyj0
[2026-09-24T14:35:51.979+0000] {data_modification.py:23} INFO - Inserted row with Video ID: WZ2rYlVxt4g
[2026-09-24T14:35:51.981+0000] {data_modification.py:23} INFO - Inserted row with Video ID: CWK6an4mYL0
[2026-09-24T14:35:51.985+0000] {data_modification.py:23} INFO - Inserted row with Video ID: VwWV4JelEzY
[2026-09-24T14:35:51.987+0000] {data_modification.py:23} INFO - Inserted row with Video ID: koRKIlRQj4g
[2026-09-24T14:35:51.990+0000] {data_modification.py:23} INFO - Inserted row with Video ID: XKFKPQHdWRI
[2026-09-24T14:35:51.993+0000] {data_modification.py:23} INFO - Inserted row with Video ID: yuGEB4ZZdUQ
[2026-09-24T14:35:51.995+0000] {data_modification.py:23} INFO - Inserted row with Video ID: sg_XFT4K3N4
[2026-09-24T14:35:51.998+0000] {data_modification.py:23} INFO - Inserted row with Video ID: szt8xabJoSo
[2026-09-24T14:35:52.001+0000] {data_modification.py:23} INFO - Inserted row with Video ID: Fbl3E_XCQfA
[2026-09-24T14:35:52.004+0000] {data_modification.py:23} INFO - Inserted row with Video ID: Pe3pGsCeYXg
[2026-09-24T14:35:52.006+0000] {data_modification.py:23} INFO - Inserted row with Video ID: uxzBq4Y_fNw
[2026-09-24T14:35:52.010+0000] {data_modification.py:23} INFO - Inserted row with Video ID: op0N7axawJA
[2026-09-24T14:35:52.012+0000] {data_modification.py:23} INFO - Inserted row with Video ID: l_huIWJBhJM
[2026-09-24T14:35:52.014+0000] {data_modification.py:23} INFO - Inserted row with Video ID: 7ALCsEyn3mg
[2026-09-24T14:35:52.018+0000] {data_modification.py:23} INFO - Inserted row with Video ID: CvMRiR4k49Y
[2026-09-24T14:35:52.020+0000] {data_modification.py:23} INFO - Inserted row with Video ID: g2rbhIB-ITM
[2026-09-24T14:35:52.023+0000] {data_modification.py:23} INFO - Inserted row with Video ID: nLpqZEAFnkE
[2026-09-24T14:35:52.026+0000] {data_modification.py:23} INFO - Inserted row with Video ID: sirrTXiPFmw
[2026-09-24T14:35:52.028+0000] {data_modification.py:23} INFO - Inserted row with Video ID: nRkwuTOESCc
[2026-09-24T14:35:52.031+0000] {data_modification.py:23} INFO - Inserted row with Video ID: AS6WMS_Bemg
[2026-09-24T14:35:52.034+0000] {data_modification.py:23} INFO - Inserted row with Video ID: wMn8d7IeCYM
[2026-09-24T14:35:52.037+0000] {data_modification.py:23} INFO - Inserted row with Video ID: BMZP4CtphaU
[2026-09-24T14:35:52.039+0000] {data_modification.py:23} INFO - Inserted row with Video ID: ln9aLVd__8w
[2026-09-24T14:35:52.042+0000] {data_modification.py:23} INFO - Inserted row with Video ID: 93s1JECSy60
[2026-09-24T14:35:52.045+0000] {data_modification.py:23} INFO - Inserted row with Video ID: YR6Wh2Zy9jE
[2026-09-24T14:35:52.047+0000] {data_modification.py:23} INFO - Inserted row with Video ID: 5PCxQSMOl3o
[2026-09-24T14:35:52.050+0000] {data_modification.py:23} INFO - Inserted row with Video ID: 5qzAVMe_SnM
[2026-09-24T14:35:52.053+0000] {data_modification.py:23} INFO - Inserted row with Video ID: zAAXW7ySu1k
[2026-09-24T14:35:52.055+0000] {data_modification.py:23} INFO - Inserted row with Video ID: sx5k8xd_VoU
[2026-09-24T14:35:52.058+0000] {data_modification.py:23} INFO - Inserted row with Video ID: uotb9ZHnI2g
[2026-09-24T14:35:52.061+0000] {data_modification.py:23} INFO - Inserted row with Video ID: nPlqRbVFBHI
[2026-09-24T14:35:52.064+0000] {data_modification.py:23} INFO - Inserted row with Video ID: _FX6rml2Yjs
[2026-09-24T14:35:52.068+0000] {data_modification.py:23} INFO - Inserted row with Video ID: kupaqq-xJ_8
[2026-09-24T14:35:52.071+0000] {data_modification.py:23} INFO - Inserted row with Video ID: Er6QUQZbv0w
[2026-09-24T14:35:52.073+0000] {data_modification.py:23} INFO - Inserted row with Video ID: 4KVmSG6KS2k
[2026-09-24T14:35:52.076+0000] {data_modification.py:23} INFO - Inserted row with Video ID: Lx9fRu5ehFo
[2026-09-24T14:35:52.079+0000] {data_modification.py:23} INFO - Inserted row with Video ID: KcsRxHwGz7A
[2026-09-24T14:35:52.081+0000] {data_modification.py:23} INFO - Inserted row with Video ID: N_GMakKf7G4
[2026-09-24T14:35:52.085+0000] {data_modification.py:23} INFO - Inserted row with Video ID: 63gyUQ_JeOE
[2026-09-24T14:35:52.088+0000] {data_modification.py:23} INFO - Inserted row with Video ID: IZVbzNRUlQI
[2026-09-24T14:35:52.091+0000] {data_modification.py:23} INFO - Inserted row with Video ID: 8D3vI1615K4
[2026-09-24T14:35:52.094+0000] {data_modification.py:23} INFO - Inserted row with Video ID: igVcy5dtN80
[2026-09-24T14:35:52.097+0000] {data_modification.py:23} INFO - Inserted row with Video ID: dEOlvTqYUNo
[2026-09-24T14:35:52.099+0000] {data_modification.py:23} INFO - Inserted row with Video ID: AS5CxLCWq-Q
[2026-09-24T14:35:52.102+0000] {data_modification.py:23} INFO - Inserted row with Video ID: jtOalDNVrKM
[2026-09-24T14:35:52.105+0000] {data_modification.py:23} INFO - Inserted row with Video ID: dDYP56hEYF0
[2026-09-24T14:35:52.109+0000] {data_modification.py:23} INFO - Inserted row with Video ID: pJSbLk-Iixc
[2026-09-24T14:35:52.112+0000] {data_modification.py:23} INFO - Inserted row with Video ID: iengNekeTNo
[2026-09-24T14:35:52.114+0000] {data_modification.py:23} INFO - Inserted row with Video ID: rqUvnLPvbrM
[2026-09-24T14:35:52.118+0000] {data_modification.py:23} INFO - Inserted row with Video ID: 9CVwXBYVqVk
[2026-09-24T14:35:52.121+0000] {data_modification.py:23} INFO - Inserted row with Video ID: i8pmk5xnO2s
[2026-09-24T14:35:52.124+0000] {data_modification.py:23} INFO - Inserted row with Video ID: xWcldHxHFpo
[2026-09-24T14:35:52.127+0000] {data_modification.py:23} INFO - Inserted row with Video ID: YH1-fDzHHpo
[2026-09-24T14:35:52.130+0000] {data_modification.py:23} INFO - Inserted row with Video ID: ntlG5XgYg4k
[2026-09-24T14:35:52.132+0000] {data_modification.py:23} INFO - Inserted row with Video ID: Qy17S3g8ZuY
[2026-09-24T14:35:52.135+0000] {data_modification.py:23} INFO - Inserted row with Video ID: PJyWmlWNor8
[2026-09-24T14:35:52.139+0000] {data_modification.py:23} INFO - Inserted row with Video ID: KzwTYZ2W3ZA
[2026-09-24T14:35:52.141+0000] {data_modification.py:23} INFO - Inserted row with Video ID: 9fa_JYTPZ2Y
[2026-09-24T14:35:52.145+0000] {data_modification.py:23} INFO - Inserted row with Video ID: t1BWMa8btIw
[2026-09-24T14:35:52.147+0000] {data_modification.py:23} INFO - Inserted row with Video ID: 2O8wta4FsD4
[2026-09-24T14:35:52.150+0000] {data_modification.py:23} INFO - Inserted row with Video ID: DbC9CauTXoM
[2026-09-24T14:35:52.153+0000] {data_modification.py:23} INFO - Inserted row with Video ID: yhNcDBnQsEY
[2026-09-24T14:35:52.155+0000] {data_modification.py:23} INFO - Inserted row with Video ID: Wyyqz3OxB5c
[2026-09-24T14:35:52.158+0000] {data_modification.py:23} INFO - Inserted row with Video ID: KO8B2kw_Jxs
[2026-09-24T14:35:52.161+0000] {data_modification.py:23} INFO - Inserted row with Video ID: NEDPgQYhbqs
[2026-09-24T14:35:52.164+0000] {data_modification.py:23} INFO - Inserted row with Video ID: DpIvW6av0pI
[2026-09-24T14:35:52.167+0000] {data_modification.py:23} INFO - Inserted row with Video ID: RPcXg2-0ejw
[2026-09-24T14:35:52.170+0000] {data_modification.py:23} INFO - Inserted row with Video ID: jhYG5BStQSk
[2026-09-24T14:35:52.173+0000] {data_modification.py:23} INFO - Inserted row with Video ID: wTIPpjUgAFE
[2026-09-24T14:35:52.177+0000] {data_modification.py:23} INFO - Inserted row with Video ID: Fzh65vCyHWQ
[2026-09-24T14:35:52.179+0000] {data_modification.py:23} INFO - Inserted row with Video ID: vBp0bzVr09s
[2026-09-24T14:35:52.181+0000] {data_modification.py:23} INFO - Inserted row with Video ID: AXjdI_LHWJU
[2026-09-24T14:35:52.185+0000] {data_modification.py:23} INFO - Inserted row with Video ID: dJCsc_Cq9i4
[2026-09-24T14:35:52.188+0000] {data_modification.py:23} INFO - Inserted row with Video ID: bqpKlkPpT10
[2026-09-24T14:35:52.190+0000] {data_modification.py:23} INFO - Inserted row with Video ID: TIIU1ivhLKs
[2026-09-24T14:35:52.194+0000] {data_modification.py:23} INFO - Inserted row with Video ID: G4qOiwIE_o0
[2026-09-24T14:35:52.197+0000] {data_modification.py:23} INFO - Inserted row with Video ID: yozl6enFC-w
[2026-09-24T14:35:52.200+0000] {data_modification.py:23} INFO - Inserted row with Video ID: DoIQMkoYSzw
[2026-09-24T14:35:52.203+0000] {data_modification.py:23} INFO - Inserted row with Video ID: e-If_d_bzfI
[2026-09-24T14:35:52.205+0000] {data_modification.py:23} INFO - Inserted row with Video ID: 5J6-5g2alp8
[2026-09-24T14:35:52.209+0000] {data_modification.py:23} INFO - Inserted row with Video ID: qjGNBluF6_I
[2026-09-24T14:35:52.212+0000] {data_modification.py:23} INFO - Inserted row with Video ID: TLoDwqQF5ug
[2026-09-24T14:35:52.214+0000] {data_modification.py:23} INFO - Inserted row with Video ID: uAFGIQPWL54
[2026-09-24T14:35:52.217+0000] {data_modification.py:23} INFO - Inserted row with Video ID: SaDDjW9Rw-M
[2026-09-24T14:35:52.220+0000] {data_modification.py:23} INFO - Inserted row with Video ID: 9LiS_3HEErU
[2026-09-24T14:35:52.223+0000] {data_modification.py:23} INFO - Inserted row with Video ID: hRj5qNfkdO0
[2026-09-24T14:35:52.228+0000] {data_modification.py:23} INFO - Inserted row with Video ID: ocruJKe2tFk
[2026-09-24T14:35:52.231+0000] {data_modification.py:23} INFO - Inserted row with Video ID: MgRMNzKknto
[2026-09-24T14:35:52.236+0000] {data_modification.py:23} INFO - Inserted row with Video ID: tqO3_AKC5Ks
[2026-09-24T14:35:52.241+0000] {data_modification.py:23} INFO - Inserted row with Video ID: XW1TsAVdXsw
[2026-09-24T14:35:52.246+0000] {data_modification.py:23} INFO - Inserted row with Video ID: Qhdj_Umh1IE
[2026-09-24T14:35:52.252+0000] {data_modification.py:23} INFO - Inserted row with Video ID: fN_RQFqaGHI
[2026-09-24T14:35:52.257+0000] {data_modification.py:23} INFO - Inserted row with Video ID: hC3xW8xeCDs
[2026-09-24T14:35:52.263+0000] {data_modification.py:23} INFO - Inserted row with Video ID: xGJEPTCw9GU
[2026-09-24T14:35:52.267+0000] {data_modification.py:23} INFO - Inserted row with Video ID: FmjsePPBbdU
[2026-09-24T14:35:52.272+0000] {data_modification.py:23} INFO - Inserted row with Video ID: lMLEcUXz6T8
[2026-09-24T14:35:52.277+0000] {data_modification.py:23} INFO - Inserted row with Video ID: BKJy7BFP3Is
[2026-09-24T14:35:52.281+0000] {data_modification.py:23} INFO - Inserted row with Video ID: 1gfgZhW3YgU
[2026-09-24T14:35:52.286+0000] {data_modification.py:23} INFO - Inserted row with Video ID: VXmKt_1T0QM
[2026-09-24T14:35:52.290+0000] {data_modification.py:23} INFO - Inserted row with Video ID: 6XCUHLhdnEY
[2026-09-24T14:35:52.295+0000] {data_modification.py:23} INFO - Inserted row with Video ID: ttWTSskmxTA
[2026-09-24T14:35:52.299+0000] {data_modification.py:23} INFO - Inserted row with Video ID: 5bCyFf8lSfk
[2026-09-24T14:35:52.305+0000] {data_modification.py:23} INFO - Inserted row with Video ID: ngVEpJs5A5s
[2026-09-24T14:35:52.310+0000] {data_modification.py:23} INFO - Inserted row with Video ID: zjC48c3ptt0
[2026-09-24T14:35:52.314+0000] {data_modification.py:23} INFO - Inserted row with Video ID: rS2sntC-lJI
[2026-09-24T14:35:52.319+0000] {data_modification.py:23} INFO - Inserted row with Video ID: fG1N5kzeAhM
[2026-09-24T14:35:52.323+0000] {data_modification.py:23} INFO - Inserted row with Video ID: vT_gRRMjDi0
[2026-09-24T14:35:52.329+0000] {data_modification.py:23} INFO - Inserted row with Video ID: dfcPUqiivDY
[2026-09-24T14:35:52.333+0000] {data_modification.py:23} INFO - Inserted row with Video ID: zCR6DJX7Kak
[2026-09-24T14:35:52.338+0000] {data_modification.py:23} INFO - Inserted row with Video ID: 4cX-w-ia0RU
[2026-09-24T14:35:52.342+0000] {data_modification.py:23} INFO - Inserted row with Video ID: 2nVjy-zd65Q
[2026-09-24T14:35:52.347+0000] {data_modification.py:23} INFO - Inserted row with Video ID: xlzpD4GeBW0
[2026-09-24T14:35:52.350+0000] {data_modification.py:23} INFO - Inserted row with Video ID: 8ZTy3K2QgOY
[2026-09-24T14:35:52.355+0000] {data_modification.py:23} INFO - Inserted row with Video ID: k9zko79_3_I
[2026-09-24T14:35:52.358+0000] {data_modification.py:23} INFO - Inserted row with Video ID: fYnPyLfxSJg
[2026-09-24T14:35:52.364+0000] {data_modification.py:23} INFO - Inserted row with Video ID: pBH_QL4JGcI
[2026-09-24T14:35:52.369+0000] {data_modification.py:23} INFO - Inserted row with Video ID: 1wtFD9zSQO8
[2026-09-24T14:35:52.372+0000] {data_modification.py:23} INFO - Inserted row with Video ID: VqhjiwmGNKA
[2026-09-24T14:35:52.375+0000] {data_modification.py:23} INFO - Inserted row with Video ID: LHtkve6-O0g
[2026-09-24T14:35:52.379+0000] {data_modification.py:23} INFO - Inserted row with Video ID: m3Ol8zn7brk
[2026-09-24T14:35:52.381+0000] {data_modification.py:23} INFO - Inserted row with Video ID: qBiZA4QDsj0
[2026-09-24T14:35:52.386+0000] {data_modification.py:23} INFO - Inserted row with Video ID: NeOrh4GnPZ4
[2026-09-24T14:35:52.389+0000] {data_modification.py:23} INFO - Inserted row with Video ID: fWhfOAuOqjY
[2026-09-24T14:35:52.392+0000] {data_modification.py:23} INFO - Inserted row with Video ID: 9Ax56oRhcZc
[2026-09-24T14:35:52.396+0000] {data_modification.py:23} INFO - Inserted row with Video ID: -cWVrFABWHw
[2026-09-24T14:35:52.398+0000] {data_modification.py:23} INFO - Inserted row with Video ID: z7qtJAAV5d0
[2026-09-24T14:35:52.403+0000] {data_modification.py:23} INFO - Inserted row with Video ID: 9pk-neTrDoM
[2026-09-24T14:35:52.405+0000] {data_modification.py:23} INFO - Inserted row with Video ID: JQscW6DfNZY
[2026-09-24T14:35:52.408+0000] {data_modification.py:23} INFO - Inserted row with Video ID: 9smE_EiKJ8Q
[2026-09-24T14:35:52.412+0000] {data_modification.py:23} INFO - Inserted row with Video ID: hfaPkoXeYfU
[2026-09-24T14:35:52.414+0000] {data_modification.py:23} INFO - Inserted row with Video ID: u0hHxeWkB_o
[2026-09-24T14:35:52.419+0000] {data_modification.py:23} INFO - Inserted row with Video ID: 64WGWubQO3I
[2026-09-24T14:35:52.422+0000] {data_modification.py:23} INFO - Inserted row with Video ID: QJUs6CSRCFU
[2026-09-24T14:35:52.426+0000] {data_modification.py:23} INFO - Inserted row with Video ID: Om4c4ilT_6g
[2026-09-24T14:35:52.430+0000] {data_modification.py:23} INFO - Inserted row with Video ID: GbOfxRfHdeg
[2026-09-24T14:35:52.434+0000] {data_modification.py:23} INFO - Inserted row with Video ID: yzxYCRDcGDs
[2026-09-24T14:35:52.438+0000] {data_modification.py:23} INFO - Inserted row with Video ID: PCakYf_PnT0
[2026-09-24T14:35:52.441+0000] {data_modification.py:23} INFO - Inserted row with Video ID: 8nv_ltg4RAg
[2026-09-24T14:35:52.445+0000] {data_modification.py:23} INFO - Inserted row with Video ID: VvphlSvCyj8
[2026-09-24T14:35:52.448+0000] {data_modification.py:23} INFO - Inserted row with Video ID: JP3v6UxI124
[2026-09-24T14:35:52.659+0000] {data_modification.py:23} INFO - Inserted row with Video ID: jRURlbRAUhI
[2026-09-24T14:35:52.663+0000] {data_modification.py:23} INFO - Inserted row with Video ID: I_3R9YGFlHE
[2026-09-24T14:35:52.666+0000] {data_modification.py:23} INFO - Inserted row with Video ID: cqirhwhq_qM
[2026-09-24T14:35:52.669+0000] {data_modification.py:23} INFO - Inserted row with Video ID: 3IQdDBwc42o
[2026-09-24T14:35:52.671+0000] {data_modification.py:23} INFO - Inserted row with Video ID: 4YHnf3YepwU
[2026-09-24T14:35:52.673+0000] {data_modification.py:23} INFO - Inserted row with Video ID: cpI5lCaqZcQ
[2026-09-24T14:35:52.676+0000] {data_modification.py:23} INFO - Inserted row with Video ID: 6zQhLOw1nw8
[2026-09-24T14:35:52.679+0000] {data_modification.py:23} INFO - Inserted row with Video ID: mfvi_jgdVqE
[2026-09-24T14:35:52.681+0000] {data_modification.py:23} INFO - Inserted row with Video ID: zExxMxcoJ6A
[2026-09-24T14:35:52.684+0000] {data_modification.py:23} INFO - Inserted row with Video ID: hD_Af6W2qug
[2026-09-24T14:35:52.686+0000] {data_modification.py:23} INFO - Inserted row with Video ID: XOtTKQujlkI
[2026-09-24T14:35:52.689+0000] {data_modification.py:23} INFO - Inserted row with Video ID: dRqthQ2Mc_0
[2026-09-24T14:35:52.691+0000] {data_modification.py:23} INFO - Inserted row with Video ID: 8TFq_vvO_Wg
[2026-09-24T14:35:52.694+0000] {data_modification.py:23} INFO - Inserted row with Video ID: oo8ve4Ldpck
[2026-09-24T14:35:52.696+0000] {data_modification.py:23} INFO - Inserted row with Video ID: g0IrVKXIbmE
[2026-09-24T14:35:52.699+0000] {data_modification.py:23} INFO - Inserted row with Video ID: 2Om2M4_Kyd0
[2026-09-24T14:35:52.702+0000] {data_modification.py:23} INFO - Inserted row with Video ID: KaaEivIqX6M
[2026-09-24T14:35:52.704+0000] {data_modification.py:23} INFO - Inserted row with Video ID: W4gBpws7Ug8
[2026-09-24T14:35:52.706+0000] {data_modification.py:23} INFO - Inserted row with Video ID: NT3EkjxO8hs
[2026-09-24T14:35:52.710+0000] {data_modification.py:23} INFO - Inserted row with Video ID: syMozMiJneM
[2026-09-24T14:35:52.712+0000] {data_modification.py:23} INFO - Inserted row with Video ID: Wt6cMjn3YLg
[2026-09-24T14:35:52.715+0000] {data_modification.py:23} INFO - Inserted row with Video ID: OEuS7fjMlMc
[2026-09-24T14:35:52.718+0000] {data_modification.py:23} INFO - Inserted row with Video ID: 1Pr-R2nKTY4
[2026-09-24T14:35:52.721+0000] {data_modification.py:23} INFO - Inserted row with Video ID: QqdUhn99E-s
[2026-09-24T14:35:52.724+0000] {data_modification.py:23} INFO - Inserted row with Video ID: 1UygJmcHUdQ
[2026-09-24T14:35:52.728+0000] {data_modification.py:23} INFO - Inserted row with Video ID: g4DAFnZcCcQ
[2026-09-24T14:35:52.731+0000] {data_modification.py:23} INFO - Inserted row with Video ID: LTr8cXAxy1I
[2026-09-24T14:35:52.734+0000] {data_modification.py:23} INFO - Inserted row with Video ID: Ow3xqv7ahXo
[2026-09-24T14:35:52.737+0000] {data_modification.py:23} INFO - Inserted row with Video ID: TRiF8PdrIP8
[2026-09-24T14:35:52.739+0000] {data_modification.py:23} INFO - Inserted row with Video ID: NFZ_MtTvwm0
[2026-09-24T14:35:52.743+0000] {data_modification.py:23} INFO - Inserted row with Video ID: Pgxi8dsUW-o
[2026-09-24T14:35:52.745+0000] {data_modification.py:23} INFO - Inserted row with Video ID: YY2-jJojnOA
[2026-09-24T14:35:52.748+0000] {data_modification.py:23} INFO - Inserted row with Video ID: 7Pogam71094
[2026-09-24T14:35:52.752+0000] {data_modification.py:23} INFO - Inserted row with Video ID: DL0OPJ2hahc
[2026-09-24T14:35:52.754+0000] {data_modification.py:23} INFO - Inserted row with Video ID: WwE0tR08OTU
[2026-09-24T14:35:52.757+0000] {data_modification.py:23} INFO - Inserted row with Video ID: 2LIJtcI4dbg
[2026-09-24T14:35:52.759+0000] {data_modification.py:23} INFO - Inserted row with Video ID: rXnaD7PU9kY
[2026-09-24T14:35:52.762+0000] {data_modification.py:23} INFO - Inserted row with Video ID: Ng_qwlvhrJo
[2026-09-24T14:35:52.765+0000] {data_modification.py:23} INFO - Inserted row with Video ID: bzIPun3cVsw
[2026-09-24T14:35:52.769+0000] {data_modification.py:23} INFO - Inserted row with Video ID: miKQkeq5sbU
[2026-09-24T14:35:52.772+0000] {data_modification.py:23} INFO - Inserted row with Video ID: Lwt_VThQIdM
[2026-09-24T14:35:52.776+0000] {data_modification.py:23} INFO - Inserted row with Video ID: P2oPACr4uuU
[2026-09-24T14:35:52.780+0000] {data_modification.py:23} INFO - Inserted row with Video ID: h-D6ukDcS9o
[2026-09-24T14:35:52.784+0000] {data_modification.py:23} INFO - Inserted row with Video ID: mY77HA20MzA
[2026-09-24T14:35:52.788+0000] {data_modification.py:23} INFO - Inserted row with Video ID: 4krBgDFycgY
[2026-09-24T14:35:52.793+0000] {data_modification.py:23} INFO - Inserted row with Video ID: dpUxRIqbNlc
[2026-09-24T14:35:52.796+0000] {data_modification.py:23} INFO - Inserted row with Video ID: Cp431S5z8PE
[2026-09-24T14:35:52.798+0000] {data_modification.py:23} INFO - Inserted row with Video ID: ttLYXcza4j4
[2026-09-24T14:35:52.802+0000] {data_modification.py:23} INFO - Inserted row with Video ID: 3-f9DEFsh4w
[2026-09-24T14:35:52.805+0000] {data_modification.py:23} INFO - Inserted row with Video ID: vuOTP206zWM
[2026-09-24T14:35:52.807+0000] {data_modification.py:23} INFO - Inserted row with Video ID: J590MYm0SY8
[2026-09-24T14:35:52.811+0000] {data_modification.py:23} INFO - Inserted row with Video ID: vGB2d5cQJpY
[2026-09-24T14:35:52.814+0000] {data_modification.py:23} INFO - Inserted row with Video ID: M94G0iKYiSM
[2026-09-24T14:35:52.818+0000] {data_modification.py:23} INFO - Inserted row with Video ID: pGYyUssWLTA
[2026-09-24T14:35:52.821+0000] {data_modification.py:23} INFO - Inserted row with Video ID: j7kM8G_AjuY
[2026-09-24T14:35:52.823+0000] {data_modification.py:23} INFO - Inserted row with Video ID: deK-My3Of0o
[2026-09-24T14:35:52.827+0000] {data_modification.py:23} INFO - Inserted row with Video ID: X9eXa-Uzuj0
[2026-09-24T14:35:52.830+0000] {data_modification.py:23} INFO - Inserted row with Video ID: GxTVDClFXuc
[2026-09-24T14:35:52.834+0000] {data_modification.py:23} INFO - Inserted row with Video ID: kGaq-Qi9hoE
[2026-09-24T14:35:52.838+0000] {data_modification.py:23} INFO - Inserted row with Video ID: 9zFfp3gzZ88
[2026-09-24T14:35:52.840+0000] {data_modification.py:23} INFO - Inserted row with Video ID: mM2KwBYa-u4
[2026-09-24T14:35:52.844+0000] {data_modification.py:23} INFO - Inserted row with Video ID: WAcmsAISniQ
[2026-09-24T14:35:52.847+0000] {data_modification.py:23} INFO - Inserted row with Video ID: kqUT-s3a6tU
[2026-09-24T14:35:52.850+0000] {data_modification.py:23} INFO - Inserted row with Video ID: NUVglXbGBfs
[2026-09-24T14:35:52.854+0000] {data_modification.py:23} INFO - Inserted row with Video ID: T-v4b3WtPAg
[2026-09-24T14:35:52.857+0000] {data_modification.py:23} INFO - Inserted row with Video ID: m8qGlpcfAIw
[2026-09-24T14:35:52.861+0000] {data_modification.py:23} INFO - Inserted row with Video ID: uZPkMnv8b-o
[2026-09-24T14:35:52.864+0000] {data_modification.py:23} INFO - Inserted row with Video ID: qVLr6SMxvJw
[2026-09-24T14:35:52.867+0000] {data_modification.py:23} INFO - Inserted row with Video ID: 4AigP5OY8JE
[2026-09-24T14:35:52.871+0000] {data_modification.py:23} INFO - Inserted row with Video ID: RMoFUeBVefA
[2026-09-24T14:35:52.873+0000] {data_modification.py:23} INFO - Inserted row with Video ID: ep7S1XnuQLU
[2026-09-24T14:35:52.877+0000] {data_modification.py:23} INFO - Inserted row with Video ID: 6T17licWsQ4
[2026-09-24T14:35:52.880+0000] {data_modification.py:23} INFO - Inserted row with Video ID: 3LuchpUc7PU
[2026-09-24T14:35:52.886+0000] {data_modification.py:23} INFO - Inserted row with Video ID: _f6xCA0-gAo
[2026-09-24T14:35:52.892+0000] {data_modification.py:23} INFO - Inserted row with Video ID: lfD7kMZKuNg
[2026-09-24T14:35:52.899+0000] {data_modification.py:23} INFO - Inserted row with Video ID: ejlkNGm82w4
[2026-09-24T14:35:52.906+0000] {data_modification.py:23} INFO - Inserted row with Video ID: Jtj9rUqlB1Y
[2026-09-24T14:35:52.913+0000] {data_modification.py:23} INFO - Inserted row with Video ID: ZqzFRGH_tMQ
[2026-09-24T14:35:52.921+0000] {data_modification.py:23} INFO - Inserted row with Video ID: 94A-bsumX9A
[2026-09-24T14:35:52.928+0000] {data_modification.py:23} INFO - Inserted row with Video ID: gYaxI_allkQ
[2026-09-24T14:35:52.937+0000] {data_modification.py:23} INFO - Inserted row with Video ID: AjXbO2XfBkE
[2026-09-24T14:35:52.945+0000] {data_modification.py:23} INFO - Inserted row with Video ID: ZQZzR0DUujc
[2026-09-24T14:35:52.953+0000] {data_modification.py:23} INFO - Inserted row with Video ID: -V3-fhJQZkk
[2026-09-24T14:35:52.958+0000] {data_modification.py:23} INFO - Inserted row with Video ID: QX0wvWGW2qg
[2026-09-24T14:35:52.963+0000] {data_modification.py:23} INFO - Inserted row with Video ID: oODUkNQAzXU
[2026-09-24T14:35:52.967+0000] {data_modification.py:23} INFO - Inserted row with Video ID: 2jWZtKTN6jU
[2026-09-24T14:35:52.972+0000] {data_modification.py:23} INFO - Inserted row with Video ID: zsADECFHY8w
[2026-09-24T14:35:52.977+0000] {data_modification.py:23} INFO - Inserted row with Video ID: Feh8o-HmthM
[2026-09-24T14:35:52.980+0000] {data_modification.py:23} INFO - Inserted row with Video ID: 6Xv-LVYZQxk
[2026-09-24T14:35:52.985+0000] {data_modification.py:23} INFO - Inserted row with Video ID: 8-0ZHJHp9g4
[2026-09-24T14:35:52.989+0000] {data_modification.py:23} INFO - Inserted row with Video ID: QqIG0R-KpGk
[2026-09-24T14:35:52.994+0000] {data_modification.py:23} INFO - Inserted row with Video ID: qENpZBzgaUM
[2026-09-24T14:35:52.998+0000] {data_modification.py:23} INFO - Inserted row with Video ID: 4DYBVA4884Y
[2026-09-24T14:35:53.003+0000] {data_modification.py:23} INFO - Inserted row with Video ID: skEf9R0TXkM
[2026-09-24T14:35:53.007+0000] {data_modification.py:23} INFO - Inserted row with Video ID: CnMv_zTXZ38
[2026-09-24T14:35:53.011+0000] {data_modification.py:23} INFO - Inserted row with Video ID: bEIK5ni_Pzs
[2026-09-24T14:35:53.014+0000] {data_modification.py:23} INFO - Inserted row with Video ID: _oZyp4mTzSQ
[2026-09-24T14:35:53.019+0000] {data_modification.py:23} INFO - Inserted row with Video ID: is1LSWbssuA
[2026-09-24T14:35:53.022+0000] {data_modification.py:23} INFO - Inserted row with Video ID: XR_q9_LEKuc
[2026-09-24T14:35:53.027+0000] {data_modification.py:23} INFO - Inserted row with Video ID: X9UiBpDHW3w
[2026-09-24T14:35:53.030+0000] {data_modification.py:23} INFO - Inserted row with Video ID: PRU47AuQF2M
[2026-09-24T14:35:53.035+0000] {data_modification.py:23} INFO - Inserted row with Video ID: Y3Rxgf5_R_I
[2026-09-24T14:35:53.039+0000] {data_modification.py:23} INFO - Inserted row with Video ID: R6zuvKbvKyU
[2026-09-24T14:35:53.045+0000] {data_modification.py:23} INFO - Inserted row with Video ID: yCKe65Nvp0Q
[2026-09-24T14:35:53.048+0000] {data_modification.py:23} INFO - Inserted row with Video ID: XBe57FyB2xU
[2026-09-24T14:35:53.054+0000] {data_modification.py:23} INFO - Inserted row with Video ID: zpCwHwWgbsI
[2026-09-24T14:35:53.060+0000] {data_modification.py:23} INFO - Inserted row with Video ID: yWnmEPgLroQ
[2026-09-24T14:35:53.063+0000] {data_modification.py:23} INFO - Inserted row with Video ID: eBklqeeIu10
[2026-09-24T14:35:53.068+0000] {data_modification.py:23} INFO - Inserted row with Video ID: jPm3hRiMKuU
[2026-09-24T14:35:53.072+0000] {data_modification.py:23} INFO - Inserted row with Video ID: OweuuinkVZI
[2026-09-24T14:35:53.075+0000] {data_modification.py:23} INFO - Inserted row with Video ID: 7Pr0HP-Trgk
[2026-09-24T14:35:53.079+0000] {data_modification.py:23} INFO - Inserted row with Video ID: UEK0fYAqMss
[2026-09-24T14:35:53.081+0000] {data_modification.py:23} INFO - Inserted row with Video ID: lRznKN2oPUc
[2026-09-24T14:35:53.087+0000] {data_modification.py:23} INFO - Inserted row with Video ID: IDrS_TrjuK4
[2026-09-24T14:35:53.090+0000] {data_modification.py:23} INFO - Inserted row with Video ID: J1lhxfZtR3M
[2026-09-24T14:35:53.095+0000] {data_modification.py:23} INFO - Inserted row with Video ID: b_o8cz0ZNdk
[2026-09-24T14:35:53.099+0000] {data_modification.py:23} INFO - Inserted row with Video ID: i5dhcAxO25Q
[2026-09-24T14:35:53.104+0000] {data_modification.py:23} INFO - Inserted row with Video ID: -o_8CDbFMJ0
[2026-09-24T14:35:53.107+0000] {data_modification.py:23} INFO - Inserted row with Video ID: v5J1Cycn3s8
[2026-09-24T14:35:53.112+0000] {data_modification.py:23} INFO - Inserted row with Video ID: YJiqYG-Mylk
[2026-09-24T14:35:53.114+0000] {data_modification.py:23} INFO - Inserted row with Video ID: jGE1sUTeR5g
[2026-09-24T14:35:53.119+0000] {data_modification.py:23} INFO - Inserted row with Video ID: 0tZCQ25fsoI
[2026-09-24T14:35:53.122+0000] {data_modification.py:23} INFO - Inserted row with Video ID: N9jTogPwqVY
[2026-09-24T14:35:53.127+0000] {data_modification.py:23} INFO - Inserted row with Video ID: yyJ7xEcENNI
[2026-09-24T14:35:53.130+0000] {data_modification.py:23} INFO - Inserted row with Video ID: 3rJgCGMPEqA
[2026-09-24T14:35:53.135+0000] {data_modification.py:23} INFO - Inserted row with Video ID: 7isfkomGg7o
[2026-09-24T14:35:53.138+0000] {data_modification.py:23} INFO - Inserted row with Video ID: UCYefSGBP00
[2026-09-24T14:35:53.143+0000] {data_modification.py:23} INFO - Inserted row with Video ID: dvdGkRK5a_0
[2026-09-24T14:35:53.146+0000] {data_modification.py:23} INFO - Inserted row with Video ID: X7doE4h6W64
[2026-09-24T14:35:53.150+0000] {data_modification.py:23} INFO - Inserted row with Video ID: GhppzOzN3MM
[2026-09-24T14:35:53.154+0000] {data_modification.py:23} INFO - Inserted row with Video ID: QkXDatNdL4U
[2026-09-24T14:35:53.157+0000] {data_modification.py:23} INFO - Inserted row with Video ID: hyt2t4r8lQ4
[2026-09-24T14:35:53.160+0000] {data_modification.py:23} INFO - Inserted row with Video ID: -mlok5iT3GE
[2026-09-24T14:35:53.163+0000] {data_modification.py:23} INFO - Inserted row with Video ID: STvOHHgJ1sQ
[2026-09-24T14:35:53.165+0000] {data_modification.py:23} INFO - Inserted row with Video ID: 2-ErX5oDzwM
[2026-09-24T14:35:53.168+0000] {data_modification.py:23} INFO - Inserted row with Video ID: 7ytYV-tVIvg
[2026-09-24T14:35:53.171+0000] {data_modification.py:23} INFO - Inserted row with Video ID: ELIoOUKSOJQ
[2026-09-24T14:35:53.174+0000] {data_modification.py:23} INFO - Inserted row with Video ID: uAoayezOaug
[2026-09-24T14:35:53.177+0000] {data_modification.py:23} INFO - Inserted row with Video ID: NV7qmqbS8tM
[2026-09-24T14:35:53.179+0000] {data_modification.py:23} INFO - Inserted row with Video ID: U9c-ycvw02A
[2026-09-24T14:35:53.182+0000] {data_modification.py:23} INFO - Inserted row with Video ID: GfgcVOuHLAo
[2026-09-24T14:35:53.185+0000] {data_modification.py:23} INFO - Inserted row with Video ID: zi7tZ-2PhLk
[2026-09-24T14:35:53.188+0000] {data_modification.py:23} INFO - Inserted row with Video ID: TacjQmKCiZg
[2026-09-24T14:35:53.191+0000] {data_modification.py:23} INFO - Inserted row with Video ID: AIytwdufwW8
[2026-09-24T14:35:53.195+0000] {data_modification.py:23} INFO - Inserted row with Video ID: UVin8WtE5eU
[2026-09-24T14:35:53.198+0000] {data_modification.py:23} INFO - Inserted row with Video ID: wNuxirsrwBk
[2026-09-24T14:35:53.201+0000] {data_modification.py:23} INFO - Inserted row with Video ID: 6bxZpS0cm5o
[2026-09-24T14:35:53.204+0000] {data_modification.py:23} INFO - Inserted row with Video ID: ajJbMGq9AS4
[2026-09-24T14:35:53.206+0000] {data_modification.py:23} INFO - Inserted row with Video ID: UXw9jqgJNNc
[2026-09-24T14:35:53.210+0000] {data_modification.py:23} INFO - Inserted row with Video ID: E3CqKvlzl-I
[2026-09-24T14:35:53.213+0000] {data_modification.py:23} INFO - Inserted row with Video ID: zfDr05ax0gM
[2026-09-24T14:35:53.215+0000] {data_modification.py:23} INFO - Inserted row with Video ID: 56OkH6ocYZU
[2026-09-24T14:35:53.219+0000] {data_modification.py:23} INFO - Inserted row with Video ID: w40Z8aT5fpQ
[2026-09-24T14:35:53.222+0000] {data_modification.py:23} INFO - Inserted row with Video ID: zgDezsMQyyU
[2026-09-24T14:35:53.224+0000] {data_modification.py:23} INFO - Inserted row with Video ID: UEwnitHoSDw
[2026-09-24T14:35:53.228+0000] {data_modification.py:23} INFO - Inserted row with Video ID: __SaaKSW9iE
[2026-09-24T14:35:53.231+0000] {data_modification.py:23} INFO - Inserted row with Video ID: qWnyJ55KBKo
[2026-09-24T14:35:53.236+0000] {data_modification.py:23} INFO - Inserted row with Video ID: 52awie9G00A
[2026-09-24T14:35:53.239+0000] {data_modification.py:23} INFO - Inserted row with Video ID: bB99NdUoxEQ
[2026-09-24T14:35:53.245+0000] {data_modification.py:23} INFO - Inserted row with Video ID: 7GjSaNi8Epg
[2026-09-24T14:35:53.248+0000] {data_modification.py:23} INFO - Inserted row with Video ID: h5uE4ERMiTk
[2026-09-24T14:35:53.253+0000] {data_modification.py:23} INFO - Inserted row with Video ID: umRLkCrmwcs
[2026-09-24T14:35:53.256+0000] {data_modification.py:23} INFO - Inserted row with Video ID: rHoLyltYDtQ
[2026-09-24T14:35:53.262+0000] {data_modification.py:23} INFO - Inserted row with Video ID: yeHjsYQ076A
[2026-09-24T14:35:53.265+0000] {data_modification.py:23} INFO - Inserted row with Video ID: pqrdPu2ESFo
[2026-09-24T14:35:53.271+0000] {data_modification.py:23} INFO - Inserted row with Video ID: ywZy_Fo2ydo
[2026-09-24T14:35:53.274+0000] {data_modification.py:23} INFO - Inserted row with Video ID: qr4v9pdfVlU
[2026-09-24T14:35:53.279+0000] {data_modification.py:23} INFO - Inserted row with Video ID: hgiPX33AHas
[2026-09-24T14:35:53.282+0000] {data_modification.py:23} INFO - Inserted row with Video ID: oZ-Mn5p1xMw
[2026-09-24T14:35:53.287+0000] {data_modification.py:23} INFO - Inserted row with Video ID: 5UPa_hu5opg
[2026-09-24T14:35:53.290+0000] {data_modification.py:23} INFO - Inserted row with Video ID: zv_oq5UNDAo
[2026-09-24T14:35:53.296+0000] {data_modification.py:23} INFO - Inserted row with Video ID: NiqkH7qVW0U
[2026-09-24T14:35:53.298+0000] {data_modification.py:23} INFO - Inserted row with Video ID: boBokLXe5o8
[2026-09-24T14:35:53.305+0000] {data_modification.py:23} INFO - Inserted row with Video ID: 7YOzgk-U4EU
[2026-09-24T14:35:53.309+0000] {data_modification.py:23} INFO - Inserted row with Video ID: prdSftLj9-g
[2026-09-24T14:35:53.313+0000] {data_modification.py:23} INFO - Inserted row with Video ID: pzlPJmNyepA
[2026-09-24T14:35:53.317+0000] {data_modification.py:23} INFO - Inserted row with Video ID: QNoqAnJOSqU
[2026-09-24T14:35:53.321+0000] {data_modification.py:23} INFO - Inserted row with Video ID: kzIA4vKyhRQ
[2026-09-24T14:35:53.325+0000] {data_modification.py:23} INFO - Inserted row with Video ID: DfonKqMENrg
[2026-09-24T14:35:53.331+0000] {data_modification.py:23} INFO - Inserted row with Video ID: MUQCwdkEbq0
[2026-09-24T14:35:53.339+0000] {data_modification.py:23} INFO - Inserted row with Video ID: JlUzoQN9FWw
[2026-09-24T14:35:53.344+0000] {data_modification.py:23} INFO - Inserted row with Video ID: uCIpW9zOmgI
[2026-09-24T14:35:53.348+0000] {data_modification.py:23} INFO - Inserted row with Video ID: Z0Poefgrs4w
[2026-09-24T14:35:53.353+0000] {data_modification.py:23} INFO - Inserted row with Video ID: MLN6TRB9Jxw
[2026-09-24T14:35:53.357+0000] {data_modification.py:23} INFO - Inserted row with Video ID: vZrL_FFITgs
[2026-09-24T14:35:53.362+0000] {data_modification.py:23} INFO - Inserted row with Video ID: L7lGD_anC00
[2026-09-24T14:35:53.367+0000] {data_modification.py:23} INFO - Inserted row with Video ID: xu1nhAfnMGA
[2026-09-24T14:35:53.371+0000] {data_modification.py:23} INFO - Inserted row with Video ID: D1livXdFGkQ
[2026-09-24T14:35:53.375+0000] {data_modification.py:23} INFO - Inserted row with Video ID: bwp_3qLgWpQ
[2026-09-24T14:35:53.380+0000] {data_modification.py:23} INFO - Inserted row with Video ID: tZpnfF0-7Ls
[2026-09-24T14:35:53.385+0000] {data_modification.py:23} INFO - Inserted row with Video ID: BwAMltY3-c0
[2026-09-24T14:35:53.389+0000] {data_modification.py:23} INFO - Inserted row with Video ID: 7HBR3Ea72CY
[2026-09-24T14:35:53.395+0000] {data_modification.py:23} INFO - Inserted row with Video ID: Ds9H2UnUHL0
[2026-09-24T14:35:53.398+0000] {data_modification.py:23} INFO - Inserted row with Video ID: iqUFeWAVp-0
[2026-09-24T14:35:53.403+0000] {data_modification.py:23} INFO - Inserted row with Video ID: W2skFWRk6qo
[2026-09-24T14:35:53.406+0000] {data_modification.py:23} INFO - Inserted row with Video ID: X_qd-1xSTFA
[2026-09-24T14:35:53.411+0000] {data_modification.py:23} INFO - Inserted row with Video ID: VWa0ImMY2bQ
[2026-09-24T14:35:53.414+0000] {data_modification.py:23} INFO - Inserted row with Video ID: fEcASr38n2E
[2026-09-24T14:35:53.419+0000] {data_modification.py:23} INFO - Inserted row with Video ID: udmf5MQLNGA
[2026-09-24T14:35:53.422+0000] {data_modification.py:23} INFO - Inserted row with Video ID: 0dg2eR2NSQ0
[2026-09-24T14:35:53.427+0000] {data_modification.py:23} INFO - Inserted row with Video ID: 6BNOWeYFyP8
[2026-09-24T14:35:53.430+0000] {data_modification.py:23} INFO - Inserted row with Video ID: LDegY-H60_U
[2026-09-24T14:35:53.433+0000] {data_modification.py:23} INFO - Inserted row with Video ID: D51HaR-XvgM
[2026-09-24T14:35:53.437+0000] {data_modification.py:23} INFO - Inserted row with Video ID: Rio7r_vLUEo
[2026-09-24T14:35:53.439+0000] {data_modification.py:23} INFO - Inserted row with Video ID: 8E5Ygl02wtM
[2026-09-24T14:35:53.444+0000] {data_modification.py:23} INFO - Inserted row with Video ID: moMJjt5KECc
[2026-09-24T14:35:53.447+0000] {data_modification.py:23} INFO - Inserted row with Video ID: OffgqPzDi7Q
[2026-09-24T14:35:53.451+0000] {data_modification.py:23} INFO - Inserted row with Video ID: B_7uD3B62MM
[2026-09-24T14:35:53.454+0000] {data_modification.py:23} INFO - Inserted row with Video ID: bA20RJcegOI
[2026-09-24T14:35:53.457+0000] {data_modification.py:23} INFO - Inserted row with Video ID: VzsE09KjpKA
[2026-09-24T14:35:53.461+0000] {data_modification.py:23} INFO - Inserted row with Video ID: HduubRTdko4
[2026-09-24T14:35:53.464+0000] {data_modification.py:23} INFO - Inserted row with Video ID: qFOGv5zuTdw
[2026-09-24T14:35:53.468+0000] {data_modification.py:23} INFO - Inserted row with Video ID: u6t4jrhs56Q
[2026-09-24T14:35:53.471+0000] {data_modification.py:23} INFO - Inserted row with Video ID: 460GXJiGCEs
[2026-09-24T14:35:53.474+0000] {data_modification.py:23} INFO - Inserted row with Video ID: ZiuoOcj2eLY
[2026-09-24T14:35:53.478+0000] {data_modification.py:23} INFO - Inserted row with Video ID: LYK6SPMtJ_Y
[2026-09-24T14:35:53.481+0000] {data_modification.py:23} INFO - Inserted row with Video ID: 2ljWxaMvE_0
[2026-09-24T14:35:53.485+0000] {data_modification.py:23} INFO - Inserted row with Video ID: vKKhX-Uyggw
[2026-09-24T14:35:53.488+0000] {data_modification.py:23} INFO - Inserted row with Video ID: EAwXH82m-6A
[2026-09-24T14:35:53.492+0000] {data_modification.py:23} INFO - Inserted row with Video ID: U_07AG_CR5A
[2026-09-24T14:35:53.496+0000] {data_modification.py:23} INFO - Inserted row with Video ID: Xe0AGtF5aNU
[2026-09-24T14:35:53.499+0000] {data_modification.py:23} INFO - Inserted row with Video ID: NCv0drAPm_M
[2026-09-24T14:35:53.503+0000] {data_modification.py:23} INFO - Inserted row with Video ID: HuLAAXZXIy0
[2026-09-24T14:35:53.506+0000] {data_modification.py:23} INFO - Inserted row with Video ID: pV7UcYW1OwA
[2026-09-24T14:35:53.510+0000] {data_modification.py:23} INFO - Inserted row with Video ID: x4IXCimma-s
[2026-09-24T14:35:53.513+0000] {data_modification.py:23} INFO - Inserted row with Video ID: anZbhN0Wh_4
[2026-09-24T14:35:53.515+0000] {data_modification.py:23} INFO - Inserted row with Video ID: 3Q3pQmzWyZM
[2026-09-24T14:35:53.519+0000] {data_modification.py:23} INFO - Inserted row with Video ID: BqS4iVHa-LU
[2026-09-24T14:35:53.522+0000] {data_modification.py:23} INFO - Inserted row with Video ID: zX04jQFKCpo
[2026-09-24T14:35:53.527+0000] {data_modification.py:23} INFO - Inserted row with Video ID: G7Y9ban7b0U
[2026-09-24T14:35:53.530+0000] {data_modification.py:23} INFO - Inserted row with Video ID: EMVvA5Cr0fY
[2026-09-24T14:35:53.532+0000] {data_modification.py:23} INFO - Inserted row with Video ID: e14MroQ5k_s
[2026-09-24T14:35:53.536+0000] {data_modification.py:23} INFO - Inserted row with Video ID: CuzdxsOXEZ8
[2026-09-24T14:35:53.538+0000] {data_modification.py:23} INFO - Inserted row with Video ID: 67Wj-0OyKOM
[2026-09-24T14:35:53.542+0000] {data_modification.py:23} INFO - Inserted row with Video ID: LWstCINhd8g
[2026-09-24T14:35:53.546+0000] {data_modification.py:23} INFO - Inserted row with Video ID: dg6iqLCPizs
[2026-09-24T14:35:53.548+0000] {data_modification.py:23} INFO - Inserted row with Video ID: cRPldarzw-M
[2026-09-24T14:35:53.552+0000] {data_modification.py:23} INFO - Inserted row with Video ID: -rdYtmUejSE
[2026-09-24T14:35:53.554+0000] {data_modification.py:23} INFO - Inserted row with Video ID: tusuuI7MEJU
[2026-09-24T14:35:53.557+0000] {data_modification.py:23} INFO - Inserted row with Video ID: XDe5f8BEvwY
[2026-09-24T14:35:53.561+0000] {data_modification.py:23} INFO - Inserted row with Video ID: BtCGABBPH9s
[2026-09-24T14:35:53.563+0000] {data_modification.py:23} INFO - Inserted row with Video ID: KJ_C_NSl0P8
[2026-09-24T14:35:53.567+0000] {data_modification.py:23} INFO - Inserted row with Video ID: LI8nWXeYtOs
[2026-09-24T14:35:53.571+0000] {data_modification.py:23} INFO - Inserted row with Video ID: LMe7k8I082w
[2026-09-24T14:35:53.573+0000] {data_modification.py:23} INFO - Inserted row with Video ID: h77pHTSPSiw
[2026-09-24T14:35:53.578+0000] {data_modification.py:23} INFO - Inserted row with Video ID: gpbY6zCEBv4
[2026-09-24T14:35:53.581+0000] {data_modification.py:23} INFO - Inserted row with Video ID: Kgu2ApayYvI
[2026-09-24T14:35:53.586+0000] {data_modification.py:23} INFO - Inserted row with Video ID: S9PIukDRcvk
[2026-09-24T14:35:53.589+0000] {data_modification.py:23} INFO - Inserted row with Video ID: lrw3zkGS9Vc
[2026-09-24T14:35:53.594+0000] {data_modification.py:23} INFO - Inserted row with Video ID: IQYW_lVBYGo
[2026-09-24T14:35:53.598+0000] {data_modification.py:23} INFO - Inserted row with Video ID: iOjxpow6jow
[2026-09-24T14:35:53.605+0000] {data_modification.py:23} INFO - Inserted row with Video ID: GdD2pqAdjXY
[2026-09-24T14:35:53.611+0000] {data_modification.py:23} INFO - Inserted row with Video ID: nmHCmLVLxcU
[2026-09-24T14:35:53.615+0000] {data_modification.py:23} INFO - Inserted row with Video ID: TZPlDuYrcDQ
[2026-09-24T14:35:53.619+0000] {data_modification.py:23} INFO - Inserted row with Video ID: Oub4nMrNTqQ
[2026-09-24T14:35:53.622+0000] {data_modification.py:23} INFO - Inserted row with Video ID: h5Z36IuyrKc
[2026-09-24T14:35:53.628+0000] {data_modification.py:23} INFO - Inserted row with Video ID: 2IGxSOfsBok
[2026-09-24T14:35:53.631+0000] {data_modification.py:23} INFO - Inserted row with Video ID: ZxkLCq49Tvk
[2026-09-24T14:35:53.636+0000] {data_modification.py:23} INFO - Inserted row with Video ID: smDPnIdlkhM
[2026-09-24T14:35:53.639+0000] {data_modification.py:23} INFO - Inserted row with Video ID: DjMYkWCEan8
[2026-09-24T14:35:53.644+0000] {data_modification.py:23} INFO - Inserted row with Video ID: 3nn_skHgkqI
[2026-09-24T14:35:53.647+0000] {data_modification.py:23} INFO - Inserted row with Video ID: A8IkOqb_7Yg
[2026-09-24T14:35:53.652+0000] {data_modification.py:23} INFO - Inserted row with Video ID: hHl_YMivv3c
[2026-09-24T14:35:53.655+0000] {data_modification.py:23} INFO - Inserted row with Video ID: 7mLSbgyjM0g
[2026-09-24T14:35:53.658+0000] {data_modification.py:23} INFO - Inserted row with Video ID: TGKkMl17Htg
[2026-09-24T14:35:53.663+0000] {data_modification.py:23} INFO - Inserted row with Video ID: Qw3eFnsSdlQ
[2026-09-24T14:35:53.667+0000] {data_modification.py:23} INFO - Inserted row with Video ID: KcNCJ1mgt14
[2026-09-24T14:35:53.672+0000] {data_modification.py:23} INFO - Inserted row with Video ID: A4lp4FRCo6o
[2026-09-24T14:35:53.677+0000] {data_modification.py:23} INFO - Inserted row with Video ID: WYKZz3Zygdc
[2026-09-24T14:35:53.680+0000] {data_modification.py:23} INFO - Inserted row with Video ID: 5U2fmvh9_Is
[2026-09-24T14:35:53.685+0000] {data_modification.py:23} INFO - Inserted row with Video ID: xvIpibLjs5k
[2026-09-24T14:35:53.689+0000] {data_modification.py:23} INFO - Inserted row with Video ID: jlpAON0ePME
[2026-09-24T14:35:53.694+0000] {data_modification.py:23} INFO - Inserted row with Video ID: RaDRWNz3Al4
[2026-09-24T14:35:53.697+0000] {data_modification.py:23} INFO - Inserted row with Video ID: Ms9MGkEm4mg
[2026-09-24T14:35:53.703+0000] {data_modification.py:23} INFO - Inserted row with Video ID: 90wWStXJX5c
[2026-09-24T14:35:53.706+0000] {data_modification.py:23} INFO - Inserted row with Video ID: ruSVy-u2DzM
[2026-09-24T14:35:53.712+0000] {data_modification.py:23} INFO - Inserted row with Video ID: pP1KMQb51GA
[2026-09-24T14:35:53.714+0000] {data_modification.py:23} INFO - Inserted row with Video ID: dPxAFqs2eYE
[2026-09-24T14:35:53.720+0000] {data_modification.py:23} INFO - Inserted row with Video ID: p-KVD5rA_Cw
[2026-09-24T14:35:53.723+0000] {data_modification.py:23} INFO - Inserted row with Video ID: v9QtM6qnG50
[2026-09-24T14:35:53.728+0000] {data_modification.py:23} INFO - Inserted row with Video ID: lVylRtlPOIE
[2026-09-24T14:35:53.731+0000] {data_modification.py:23} INFO - Inserted row with Video ID: 6Zy5VLcEbZc
[2026-09-24T14:35:53.736+0000] {data_modification.py:23} INFO - Inserted row with Video ID: 7anhkLPRk-A
[2026-09-24T14:35:53.739+0000] {data_modification.py:23} INFO - Inserted row with Video ID: XVMY7B3AzWM
[2026-09-24T14:35:53.743+0000] {data_modification.py:23} INFO - Inserted row with Video ID: QXag-irFHxE
[2026-09-24T14:35:53.747+0000] {data_modification.py:23} INFO - Inserted row with Video ID: vBEGODNmdas
[2026-09-24T14:35:53.751+0000] {data_modification.py:23} INFO - Inserted row with Video ID: v3tbnlc5cfo
[2026-09-24T14:35:53.755+0000] {data_modification.py:23} INFO - Inserted row with Video ID: ObYLL97-SBA
[2026-09-24T14:35:53.760+0000] {data_modification.py:23} INFO - Inserted row with Video ID: IaR7P4-wFK8
[2026-09-24T14:35:53.763+0000] {data_modification.py:23} INFO - Inserted row with Video ID: v1ELS84GQu8
[2026-09-24T14:35:53.768+0000] {data_modification.py:23} INFO - Inserted row with Video ID: ctJORnOjbrQ
[2026-09-24T14:35:53.772+0000] {data_modification.py:23} INFO - Inserted row with Video ID: -hrPQFaDVKQ
[2026-09-24T14:35:53.774+0000] {data_modification.py:23} INFO - Inserted row with Video ID: bIZ5_L1ru2w
[2026-09-24T14:35:53.779+0000] {data_modification.py:23} INFO - Inserted row with Video ID: 2bwPntvb90U
[2026-09-24T14:35:53.783+0000] {data_modification.py:23} INFO - Inserted row with Video ID: Wz1VHTZq16c
[2026-09-24T14:35:53.788+0000] {data_modification.py:23} INFO - Inserted row with Video ID: Cs-kyTJso-A
[2026-09-24T14:35:53.791+0000] {data_modification.py:23} INFO - Inserted row with Video ID: jkqd-oc0F00
[2026-09-24T14:35:53.797+0000] {data_modification.py:23} INFO - Inserted row with Video ID: mVkT6Cd9SoI
[2026-09-24T14:35:53.804+0000] {data_modification.py:23} INFO - Inserted row with Video ID: rffyxTTNkyk
[2026-09-24T14:35:53.807+0000] {data_modification.py:23} INFO - Inserted row with Video ID: OOesLeO6-pc
[2026-09-24T14:35:53.813+0000] {data_modification.py:23} INFO - Inserted row with Video ID: Q5lcjP6XlHw
[2026-09-24T14:35:53.817+0000] {data_modification.py:23} INFO - Inserted row with Video ID: sE3ZZmYotSs
[2026-09-24T14:35:53.822+0000] {data_modification.py:23} INFO - Inserted row with Video ID: pUwUAtmBKxw
[2026-09-24T14:35:53.828+0000] {data_modification.py:23} INFO - Inserted row with Video ID: p5rGgPZtjDw
[2026-09-24T14:35:53.831+0000] {data_modification.py:23} INFO - Inserted row with Video ID: bWDmDsdvoBs
[2026-09-24T14:35:53.837+0000] {data_modification.py:23} INFO - Inserted row with Video ID: OJA1QK-j-Oo
[2026-09-24T14:35:53.840+0000] {data_modification.py:23} INFO - Inserted row with Video ID: KL1X8NsVGd0
[2026-09-24T14:35:53.846+0000] {data_modification.py:23} INFO - Inserted row with Video ID: q2HoSwCMcZw
[2026-09-24T14:35:53.848+0000] {data_modification.py:23} INFO - Inserted row with Video ID: RRknlgRqOds
[2026-09-24T14:35:53.854+0000] {data_modification.py:23} INFO - Inserted row with Video ID: j93M46a-W3U
[2026-09-24T14:35:53.858+0000] {data_modification.py:23} INFO - Inserted row with Video ID: uqjfMNEWNIg
[2026-09-24T14:35:53.864+0000] {data_modification.py:23} INFO - Inserted row with Video ID: X-g9aT2wFjM
[2026-09-24T14:35:53.871+0000] {data_modification.py:23} INFO - Inserted row with Video ID: pHKlrJeKmjA
[2026-09-24T14:35:53.877+0000] {data_modification.py:23} INFO - Inserted row with Video ID: C82suucz4i4
[2026-09-24T14:35:53.881+0000] {data_modification.py:23} INFO - Inserted row with Video ID: H_DYlka7QAQ
[2026-09-24T14:35:53.887+0000] {data_modification.py:23} INFO - Inserted row with Video ID: MC-7ziNt_U4
[2026-09-24T14:35:53.890+0000] {data_modification.py:23} INFO - Inserted row with Video ID: PNsF1Uh5yP8
[2026-09-24T14:35:53.895+0000] {data_modification.py:23} INFO - Inserted row with Video ID: 9Y2sAtN5yRs
[2026-09-24T14:35:53.898+0000] {data_modification.py:23} INFO - Inserted row with Video ID: -z349CGAOXs
[2026-09-24T14:35:53.903+0000] {data_modification.py:23} INFO - Inserted row with Video ID: pl4xmh3RWfE
[2026-09-24T14:35:53.906+0000] {data_modification.py:23} INFO - Inserted row with Video ID: 6z5RwrvnH28
[2026-09-24T14:35:53.912+0000] {data_modification.py:23} INFO - Inserted row with Video ID: ivdQqobHDPc
[2026-09-24T14:35:53.915+0000] {data_modification.py:23} INFO - Inserted row with Video ID: uUIlb2rpIuY
[2026-09-24T14:35:53.921+0000] {data_modification.py:23} INFO - Inserted row with Video ID: Ros1PpcO5Js
[2026-09-24T14:35:53.924+0000] {data_modification.py:23} INFO - Inserted row with Video ID: KYv1nqutbK0
[2026-09-24T14:35:53.929+0000] {data_modification.py:23} INFO - Inserted row with Video ID: 7Yi-ctyTNU4
[2026-09-24T14:35:53.932+0000] {data_modification.py:23} INFO - Inserted row with Video ID: VN2-3OfUzd8
[2026-09-24T14:35:53.937+0000] {data_modification.py:23} INFO - Inserted row with Video ID: -2IFrMOM36w
[2026-09-24T14:35:53.940+0000] {data_modification.py:23} INFO - Inserted row with Video ID: 7dIFHQkrASM
[2026-09-24T14:35:53.946+0000] {data_modification.py:23} INFO - Inserted row with Video ID: QicO1Gd0kvU
[2026-09-24T14:35:53.949+0000] {data_modification.py:23} INFO - Inserted row with Video ID: yFfcsmK2TOA
[2026-09-24T14:35:53.954+0000] {data_modification.py:23} INFO - Inserted row with Video ID: Jl0-6tbNGBo
[2026-09-24T14:35:53.957+0000] {data_modification.py:23} INFO - Inserted row with Video ID: IAbX0FwX-GY
[2026-09-24T14:35:53.961+0000] {data_modification.py:23} INFO - Inserted row with Video ID: XKSJRulqDNA
[2026-09-24T14:35:53.964+0000] {data_modification.py:23} INFO - Inserted row with Video ID: jysfHFHNjYQ
[2026-09-24T14:35:53.969+0000] {data_modification.py:23} INFO - Inserted row with Video ID: Yox25V8Qsm4
[2026-09-24T14:35:53.972+0000] {data_modification.py:23} INFO - Inserted row with Video ID: clcN3OA8SNw
[2026-09-24T14:35:53.977+0000] {data_modification.py:23} INFO - Inserted row with Video ID: m3lTwO0aNyw
[2026-09-24T14:35:53.984+0000] {data_modification.py:23} INFO - Inserted row with Video ID: gchqnwXlxJw
[2026-09-24T14:35:53.989+0000] {data_modification.py:23} INFO - Inserted row with Video ID: atCPtw4dg7g
[2026-09-24T14:35:53.996+0000] {data_modification.py:23} INFO - Inserted row with Video ID: t8aM4HuVLrQ
[2026-09-24T14:35:54.000+0000] {data_modification.py:23} INFO - Inserted row with Video ID: M82VAcabSiA
[2026-09-24T14:35:54.004+0000] {data_modification.py:23} INFO - Inserted row with Video ID: 7qj3nuF9Dzw
[2026-09-24T14:35:54.009+0000] {data_modification.py:23} INFO - Inserted row with Video ID: Y74b7WlcEpk
[2026-09-24T14:35:54.013+0000] {data_modification.py:23} INFO - Inserted row with Video ID: Z8nEEdXTaX0
[2026-09-24T14:35:54.018+0000] {data_modification.py:23} INFO - Inserted row with Video ID: jP82d277Cc8
[2026-09-24T14:35:54.022+0000] {data_modification.py:23} INFO - Inserted row with Video ID: 2XVcLrB7B3Y
[2026-09-24T14:35:54.027+0000] {data_modification.py:23} INFO - Inserted row with Video ID: QJI0an6irrA
[2026-09-24T14:35:54.030+0000] {data_modification.py:23} INFO - Inserted row with Video ID: U-x6KxH1kB4
[2026-09-24T14:35:54.036+0000] {data_modification.py:23} INFO - Inserted row with Video ID: zo7i8VTpfNM
[2026-09-24T14:35:54.040+0000] {data_modification.py:23} INFO - Inserted row with Video ID: BfKI_TQnQvo
[2026-09-24T14:35:54.046+0000] {data_modification.py:23} INFO - Inserted row with Video ID: FWAdfuPpLOc
[2026-09-24T14:35:54.050+0000] {data_modification.py:23} INFO - Inserted row with Video ID: aKq8bkY5eTU
[2026-09-24T14:35:54.054+0000] {data_modification.py:23} INFO - Inserted row with Video ID: dc089EZRGcg
[2026-09-24T14:35:54.058+0000] {data_modification.py:23} INFO - Inserted row with Video ID: U_LlX4t0A9I
[2026-09-24T14:35:54.063+0000] {data_modification.py:23} INFO - Inserted row with Video ID: KOEfDvr4DcQ
[2026-09-24T14:35:54.069+0000] {data_modification.py:23} INFO - Inserted row with Video ID: bvlFjrcpD6s
[2026-09-24T14:35:54.074+0000] {data_modification.py:23} INFO - Inserted row with Video ID: se50viFJ0AQ
[2026-09-24T14:35:54.086+0000] {data_modification.py:23} INFO - Inserted row with Video ID: LnlKwzc_TNA
[2026-09-24T14:35:54.095+0000] {data_modification.py:23} INFO - Inserted row with Video ID: ayXxwJJId_c
[2026-09-24T14:35:54.104+0000] {data_modification.py:23} INFO - Inserted row with Video ID: 5Hg_QSIJm8I
[2026-09-24T14:35:54.110+0000] {data_modification.py:23} INFO - Inserted row with Video ID: wMuYiLby3-s
[2026-09-24T14:35:54.114+0000] {data_modification.py:23} INFO - Inserted row with Video ID: 0NGWT9COcEI
[2026-09-24T14:35:54.119+0000] {data_modification.py:23} INFO - Inserted row with Video ID: fWcSBWadolA
[2026-09-24T14:35:54.122+0000] {data_modification.py:23} INFO - Inserted row with Video ID: YyhKdOCwD7s
[2026-09-24T14:35:54.127+0000] {data_modification.py:23} INFO - Inserted row with Video ID: e5DqdX-7_g4
[2026-09-24T14:35:54.130+0000] {data_modification.py:23} INFO - Inserted row with Video ID: 3TflpIllQHY
[2026-09-24T14:35:54.135+0000] {data_modification.py:23} INFO - Inserted row with Video ID: vbph9F_pRNI
[2026-09-24T14:35:54.138+0000] {data_modification.py:23} INFO - Inserted row with Video ID: yzGmnjDFuZE
[2026-09-24T14:35:54.143+0000] {data_modification.py:23} INFO - Inserted row with Video ID: ZJwX2jTXWwQ
[2026-09-24T14:35:54.147+0000] {data_modification.py:23} INFO - Inserted row with Video ID: dSDBr0WjrwQ
[2026-09-24T14:35:54.151+0000] {data_modification.py:23} INFO - Inserted row with Video ID: LP_mGU3CgXk
[2026-09-24T14:35:54.155+0000] {data_modification.py:23} INFO - Inserted row with Video ID: CHdy9wND1jo
[2026-09-24T14:35:54.158+0000] {data_modification.py:23} INFO - Inserted row with Video ID: EhZ9gHZOZT8
[2026-09-24T14:35:54.162+0000] {data_modification.py:23} INFO - Inserted row with Video ID: xjJJ_wDlc1E
[2026-09-24T14:35:54.165+0000] {data_modification.py:23} INFO - Inserted row with Video ID: HIhUkvAG0o4
[2026-09-24T14:35:54.169+0000] {data_modification.py:23} INFO - Inserted row with Video ID: sKn8Tbp2a-4
[2026-09-24T14:35:54.172+0000] {data_modification.py:23} INFO - Inserted row with Video ID: oB8kFFvJdhE
[2026-09-24T14:35:54.176+0000] {data_modification.py:23} INFO - Inserted row with Video ID: p6bzNpgbX8Y
[2026-09-24T14:35:54.180+0000] {data_modification.py:23} INFO - Inserted row with Video ID: 1s6UOlWdpw4
[2026-09-24T14:35:54.183+0000] {data_modification.py:23} INFO - Inserted row with Video ID: lh61MVUxJt0
[2026-09-24T14:35:54.186+0000] {data_modification.py:23} INFO - Inserted row with Video ID: SgMydsOucFg
[2026-09-24T14:35:54.189+0000] {data_modification.py:23} INFO - Inserted row with Video ID: Vr2337tCLCI
[2026-09-24T14:35:54.193+0000] {data_modification.py:23} INFO - Inserted row with Video ID: KLAI0c0Spog
[2026-09-24T14:35:54.196+0000] {data_modification.py:23} INFO - Inserted row with Video ID: 0VjLq-go1fg
[2026-09-24T14:35:54.200+0000] {data_modification.py:23} INFO - Inserted row with Video ID: NbHwVDt9Rjk
[2026-09-24T14:35:54.203+0000] {data_modification.py:23} INFO - Inserted row with Video ID: rSuuQ_s8gOw
[2026-09-24T14:35:54.206+0000] {data_modification.py:23} INFO - Inserted row with Video ID: JUiijjJOInw
[2026-09-24T14:35:54.210+0000] {data_modification.py:23} INFO - Inserted row with Video ID: sfp0a6zDoNQ
[2026-09-24T14:35:54.213+0000] {data_modification.py:23} INFO - Inserted row with Video ID: JdCgkcb1iwQ
[2026-09-24T14:35:54.215+0000] {data_modification.py:23} INFO - Inserted row with Video ID: yyssjJEJMt4
[2026-09-24T14:35:54.218+0000] {data_modification.py:23} INFO - Inserted row with Video ID: ov0KQthQ50U
[2026-09-24T14:35:54.220+0000] {dwh.py:84} INFO - core table update completed
[2026-09-24T14:35:54.221+0000] {python.py:237} INFO - Done. Returned value was: None
[2026-09-24T14:35:54.224+0000] {taskinstance.py:441} INFO - ::group::Post task execution logs
[2026-09-24T14:35:54.235+0000] {taskinstance.py:1206} INFO - Marking task as SUCCESS. dag_id=update_db, task_id=core_tables, run_id=manual__2026-09-24T14:35:44.491307+00:00, execution_date=20260924T143544, start_date=20260924T143549, end_date=20260924T143554
[2026-09-24T14:35:54.281+0000] {local_task_job_runner.py:240} INFO - Task exited with return code 0
[2026-09-24T14:35:54.297+0000] {taskinstance.py:3503} INFO - 0 downstream tasks scheduled from follow-on schedule check
[2026-09-24T14:35:54.301+0000] {local_task_job_runner.py:222} INFO - ::endgroup::
