[2026-09-29T14:10:35.327+0000] {processor.py:161} INFO - Started process (PID=72) to work on /opt/airflow/dags/main.py
[2026-09-29T14:10:35.335+0000] {processor.py:830} INFO - Processing file /opt/airflow/dags/main.py for tasks to queue
[2026-09-29T14:10:35.347+0000] {logging_mixin.py:188} INFO - [2026-09-29T14:10:35.346+0000] {dagbag.py:545} INFO - Filling up the DagBag from /opt/airflow/dags/main.py
[2026-09-29T14:10:36.068+0000] {processor.py:840} INFO - DAG(s) 'update_db', 'data_quality_check' retrieved from /opt/airflow/dags/main.py
[2026-09-29T14:10:37.031+0000] {logging_mixin.py:188} INFO - [2026-09-29T14:10:37.030+0000] {dag.py:3096} INFO - Sync 2 DAGs
[2026-09-29T14:10:37.129+0000] {logging_mixin.py:188} INFO - [2026-09-29T14:10:37.128+0000] {dag.py:3954} INFO - Setting next_dagrun for data_quality_check to 2026-09-28 12:00:00+00:00, run_after=2026-09-29 12:00:00+00:00
[2026-09-29T14:10:37.143+0000] {logging_mixin.py:188} INFO - [2026-09-29T14:10:37.142+0000] {dag.py:3954} INFO - Setting next_dagrun for update_db to 2026-09-28 12:00:00+00:00, run_after=2026-09-29 12:00:00+00:00
[2026-09-29T14:10:37.213+0000] {processor.py:183} INFO - Processing /opt/airflow/dags/main.py took 1.914 seconds
[2026-09-29T14:11:07.565+0000] {processor.py:161} INFO - Started process (PID=79) to work on /opt/airflow/dags/main.py
[2026-09-29T14:11:07.569+0000] {processor.py:830} INFO - Processing file /opt/airflow/dags/main.py for tasks to queue
[2026-09-29T14:11:07.573+0000] {logging_mixin.py:188} INFO - [2026-09-29T14:11:07.573+0000] {dagbag.py:545} INFO - Filling up the DagBag from /opt/airflow/dags/main.py
[2026-09-29T14:11:07.807+0000] {processor.py:840} INFO - DAG(s) 'data_quality_check', 'update_db' retrieved from /opt/airflow/dags/main.py
[2026-09-29T14:11:07.851+0000] {logging_mixin.py:188} INFO - [2026-09-29T14:11:07.850+0000] {dag.py:3096} INFO - Sync 2 DAGs
[2026-09-29T14:11:07.887+0000] {logging_mixin.py:188} INFO - [2026-09-29T14:11:07.887+0000] {dag.py:3954} INFO - Setting next_dagrun for data_quality_check to 2026-09-28 12:00:00+00:00, run_after=2026-09-29 12:00:00+00:00
[2026-09-29T14:11:07.895+0000] {logging_mixin.py:188} INFO - [2026-09-29T14:11:07.895+0000] {dag.py:3954} INFO - Setting next_dagrun for update_db to 2026-09-28 12:00:00+00:00, run_after=2026-09-29 12:00:00+00:00
[2026-09-29T14:11:07.929+0000] {processor.py:183} INFO - Processing /opt/airflow/dags/main.py took 0.371 seconds
[2026-09-29T14:11:38.250+0000] {processor.py:161} INFO - Started process (PID=86) to work on /opt/airflow/dags/main.py
[2026-09-29T14:11:38.255+0000] {processor.py:830} INFO - Processing file /opt/airflow/dags/main.py for tasks to queue
[2026-09-29T14:11:38.262+0000] {logging_mixin.py:188} INFO - [2026-09-29T14:11:38.261+0000] {dagbag.py:545} INFO - Filling up the DagBag from /opt/airflow/dags/main.py
[2026-09-29T14:11:38.480+0000] {processor.py:840} INFO - DAG(s) 'data_quality_check', 'update_db' retrieved from /opt/airflow/dags/main.py
[2026-09-29T14:11:38.522+0000] {logging_mixin.py:188} INFO - [2026-09-29T14:11:38.522+0000] {dag.py:3096} INFO - Sync 2 DAGs
[2026-09-29T14:11:38.553+0000] {logging_mixin.py:188} INFO - [2026-09-29T14:11:38.552+0000] {dag.py:3954} INFO - Setting next_dagrun for data_quality_check to 2026-09-28 12:00:00+00:00, run_after=2026-09-29 12:00:00+00:00
[2026-09-29T14:11:38.561+0000] {logging_mixin.py:188} INFO - [2026-09-29T14:11:38.561+0000] {dag.py:3954} INFO - Setting next_dagrun for update_db to 2026-09-28 12:00:00+00:00, run_after=2026-09-29 12:00:00+00:00
[2026-09-29T14:11:38.586+0000] {processor.py:183} INFO - Processing /opt/airflow/dags/main.py took 0.350 seconds
[2026-09-29T14:12:08.889+0000] {processor.py:161} INFO - Started process (PID=93) to work on /opt/airflow/dags/main.py
[2026-09-29T14:12:08.893+0000] {processor.py:830} INFO - Processing file /opt/airflow/dags/main.py for tasks to queue
[2026-09-29T14:12:08.901+0000] {logging_mixin.py:188} INFO - [2026-09-29T14:12:08.900+0000] {dagbag.py:545} INFO - Filling up the DagBag from /opt/airflow/dags/main.py
[2026-09-29T14:12:09.117+0000] {processor.py:840} INFO - DAG(s) 'data_quality_check', 'update_db' retrieved from /opt/airflow/dags/main.py
[2026-09-29T14:12:09.160+0000] {logging_mixin.py:188} INFO - [2026-09-29T14:12:09.160+0000] {dag.py:3096} INFO - Sync 2 DAGs
[2026-09-29T14:12:09.194+0000] {logging_mixin.py:188} INFO - [2026-09-29T14:12:09.194+0000] {dag.py:3954} INFO - Setting next_dagrun for data_quality_check to 2026-09-28 12:00:00+00:00, run_after=2026-09-29 12:00:00+00:00
[2026-09-29T14:12:09.202+0000] {logging_mixin.py:188} INFO - [2026-09-29T14:12:09.201+0000] {dag.py:3954} INFO - Setting next_dagrun for update_db to 2026-09-28 12:00:00+00:00, run_after=2026-09-29 12:00:00+00:00
[2026-09-29T14:12:09.225+0000] {processor.py:183} INFO - Processing /opt/airflow/dags/main.py took 0.353 seconds
[2026-09-29T14:12:39.514+0000] {processor.py:161} INFO - Started process (PID=100) to work on /opt/airflow/dags/main.py
[2026-09-29T14:12:39.516+0000] {processor.py:830} INFO - Processing file /opt/airflow/dags/main.py for tasks to queue
[2026-09-29T14:12:39.520+0000] {logging_mixin.py:188} INFO - [2026-09-29T14:12:39.519+0000] {dagbag.py:545} INFO - Filling up the DagBag from /opt/airflow/dags/main.py
[2026-09-29T14:12:39.787+0000] {processor.py:840} INFO - DAG(s) 'update_db', 'data_quality_check' retrieved from /opt/airflow/dags/main.py
[2026-09-29T14:12:39.824+0000] {logging_mixin.py:188} INFO - [2026-09-29T14:12:39.823+0000] {dag.py:3096} INFO - Sync 2 DAGs
[2026-09-29T14:12:39.848+0000] {logging_mixin.py:188} INFO - [2026-09-29T14:12:39.847+0000] {dag.py:3954} INFO - Setting next_dagrun for data_quality_check to 2026-09-28 12:00:00+00:00, run_after=2026-09-29 12:00:00+00:00
[2026-09-29T14:12:39.854+0000] {logging_mixin.py:188} INFO - [2026-09-29T14:12:39.854+0000] {dag.py:3954} INFO - Setting next_dagrun for update_db to 2026-09-28 12:00:00+00:00, run_after=2026-09-29 12:00:00+00:00
[2026-09-29T14:12:39.877+0000] {processor.py:183} INFO - Processing /opt/airflow/dags/main.py took 0.369 seconds
[2026-09-29T14:13:10.176+0000] {processor.py:161} INFO - Started process (PID=108) to work on /opt/airflow/dags/main.py
[2026-09-29T14:13:10.179+0000] {processor.py:830} INFO - Processing file /opt/airflow/dags/main.py for tasks to queue
[2026-09-29T14:13:10.183+0000] {logging_mixin.py:188} INFO - [2026-09-29T14:13:10.182+0000] {dagbag.py:545} INFO - Filling up the DagBag from /opt/airflow/dags/main.py
[2026-09-29T14:13:10.393+0000] {processor.py:840} INFO - DAG(s) 'data_quality_check', 'update_db' retrieved from /opt/airflow/dags/main.py
[2026-09-29T14:13:10.435+0000] {logging_mixin.py:188} INFO - [2026-09-29T14:13:10.435+0000] {dag.py:3096} INFO - Sync 2 DAGs
[2026-09-29T14:13:10.463+0000] {logging_mixin.py:188} INFO - [2026-09-29T14:13:10.463+0000] {dag.py:3954} INFO - Setting next_dagrun for data_quality_check to 2026-09-28 12:00:00+00:00, run_after=2026-09-29 12:00:00+00:00
[2026-09-29T14:13:10.470+0000] {logging_mixin.py:188} INFO - [2026-09-29T14:13:10.470+0000] {dag.py:3954} INFO - Setting next_dagrun for update_db to 2026-09-28 12:00:00+00:00, run_after=2026-09-29 12:00:00+00:00
[2026-09-29T14:13:10.493+0000] {processor.py:183} INFO - Processing /opt/airflow/dags/main.py took 0.326 seconds
[2026-09-29T14:13:40.754+0000] {processor.py:161} INFO - Started process (PID=115) to work on /opt/airflow/dags/main.py
[2026-09-29T14:13:40.757+0000] {processor.py:830} INFO - Processing file /opt/airflow/dags/main.py for tasks to queue
[2026-09-29T14:13:40.762+0000] {logging_mixin.py:188} INFO - [2026-09-29T14:13:40.761+0000] {dagbag.py:545} INFO - Filling up the DagBag from /opt/airflow/dags/main.py
[2026-09-29T14:13:40.984+0000] {processor.py:840} INFO - DAG(s) 'update_db', 'data_quality_check' retrieved from /opt/airflow/dags/main.py
[2026-09-29T14:13:41.025+0000] {logging_mixin.py:188} INFO - [2026-09-29T14:13:41.025+0000] {dag.py:3096} INFO - Sync 2 DAGs
[2026-09-29T14:13:41.053+0000] {logging_mixin.py:188} INFO - [2026-09-29T14:13:41.053+0000] {dag.py:3954} INFO - Setting next_dagrun for data_quality_check to 2026-09-28 12:00:00+00:00, run_after=2026-09-29 12:00:00+00:00
[2026-09-29T14:13:41.059+0000] {logging_mixin.py:188} INFO - [2026-09-29T14:13:41.059+0000] {dag.py:3954} INFO - Setting next_dagrun for update_db to 2026-09-28 12:00:00+00:00, run_after=2026-09-29 12:00:00+00:00
[2026-09-29T14:13:41.079+0000] {processor.py:183} INFO - Processing /opt/airflow/dags/main.py took 0.335 seconds
[2026-09-29T14:14:11.337+0000] {processor.py:161} INFO - Started process (PID=122) to work on /opt/airflow/dags/main.py
[2026-09-29T14:14:11.341+0000] {processor.py:830} INFO - Processing file /opt/airflow/dags/main.py for tasks to queue
[2026-09-29T14:14:11.345+0000] {logging_mixin.py:188} INFO - [2026-09-29T14:14:11.344+0000] {dagbag.py:545} INFO - Filling up the DagBag from /opt/airflow/dags/main.py
[2026-09-29T14:14:11.572+0000] {processor.py:840} INFO - DAG(s) 'data_quality_check', 'update_db' retrieved from /opt/airflow/dags/main.py
[2026-09-29T14:14:11.613+0000] {logging_mixin.py:188} INFO - [2026-09-29T14:14:11.612+0000] {dag.py:3096} INFO - Sync 2 DAGs
[2026-09-29T14:14:11.638+0000] {logging_mixin.py:188} INFO - [2026-09-29T14:14:11.638+0000] {dag.py:3954} INFO - Setting next_dagrun for data_quality_check to 2026-09-28 12:00:00+00:00, run_after=2026-09-29 12:00:00+00:00
[2026-09-29T14:14:11.645+0000] {logging_mixin.py:188} INFO - [2026-09-29T14:14:11.645+0000] {dag.py:3954} INFO - Setting next_dagrun for update_db to 2026-09-28 12:00:00+00:00, run_after=2026-09-29 12:00:00+00:00
[2026-09-29T14:14:11.667+0000] {processor.py:183} INFO - Processing /opt/airflow/dags/main.py took 0.340 seconds
[2026-09-29T14:14:41.946+0000] {processor.py:161} INFO - Started process (PID=128) to work on /opt/airflow/dags/main.py
[2026-09-29T14:14:41.949+0000] {processor.py:830} INFO - Processing file /opt/airflow/dags/main.py for tasks to queue
[2026-09-29T14:14:41.953+0000] {logging_mixin.py:188} INFO - [2026-09-29T14:14:41.952+0000] {dagbag.py:545} INFO - Filling up the DagBag from /opt/airflow/dags/main.py
[2026-09-29T14:14:42.172+0000] {processor.py:840} INFO - DAG(s) 'update_db', 'data_quality_check' retrieved from /opt/airflow/dags/main.py
[2026-09-29T14:14:42.209+0000] {logging_mixin.py:188} INFO - [2026-09-29T14:14:42.209+0000] {dag.py:3096} INFO - Sync 2 DAGs
[2026-09-29T14:14:42.235+0000] {logging_mixin.py:188} INFO - [2026-09-29T14:14:42.235+0000] {dag.py:3954} INFO - Setting next_dagrun for data_quality_check to 2026-09-28 12:00:00+00:00, run_after=2026-09-29 12:00:00+00:00
[2026-09-29T14:14:42.242+0000] {logging_mixin.py:188} INFO - [2026-09-29T14:14:42.242+0000] {dag.py:3954} INFO - Setting next_dagrun for update_db to 2026-09-28 12:00:00+00:00, run_after=2026-09-29 12:00:00+00:00
[2026-09-29T14:14:42.264+0000] {processor.py:183} INFO - Processing /opt/airflow/dags/main.py took 0.327 seconds
[2026-09-29T14:15:12.583+0000] {processor.py:161} INFO - Started process (PID=135) to work on /opt/airflow/dags/main.py
[2026-09-29T14:15:12.587+0000] {processor.py:830} INFO - Processing file /opt/airflow/dags/main.py for tasks to queue
[2026-09-29T14:15:12.592+0000] {logging_mixin.py:188} INFO - [2026-09-29T14:15:12.591+0000] {dagbag.py:545} INFO - Filling up the DagBag from /opt/airflow/dags/main.py
[2026-09-29T14:15:12.932+0000] {processor.py:840} INFO - DAG(s) 'update_db', 'data_quality_check' retrieved from /opt/airflow/dags/main.py
[2026-09-29T14:15:12.994+0000] {logging_mixin.py:188} INFO - [2026-09-29T14:15:12.993+0000] {dag.py:3096} INFO - Sync 2 DAGs
[2026-09-29T14:15:13.036+0000] {logging_mixin.py:188} INFO - [2026-09-29T14:15:13.036+0000] {dag.py:3954} INFO - Setting next_dagrun for data_quality_check to 2026-09-28 12:00:00+00:00, run_after=2026-09-29 12:00:00+00:00
[2026-09-29T14:15:13.047+0000] {logging_mixin.py:188} INFO - [2026-09-29T14:15:13.046+0000] {dag.py:3954} INFO - Setting next_dagrun for update_db to 2026-09-28 12:00:00+00:00, run_after=2026-09-29 12:00:00+00:00
[2026-09-29T14:15:13.080+0000] {processor.py:183} INFO - Processing /opt/airflow/dags/main.py took 0.508 seconds
[2026-09-29T14:15:43.477+0000] {processor.py:161} INFO - Started process (PID=142) to work on /opt/airflow/dags/main.py
[2026-09-29T14:15:43.480+0000] {processor.py:830} INFO - Processing file /opt/airflow/dags/main.py for tasks to queue
[2026-09-29T14:15:43.484+0000] {logging_mixin.py:188} INFO - [2026-09-29T14:15:43.484+0000] {dagbag.py:545} INFO - Filling up the DagBag from /opt/airflow/dags/main.py
[2026-09-29T14:15:43.754+0000] {processor.py:840} INFO - DAG(s) 'data_quality_check', 'update_db' retrieved from /opt/airflow/dags/main.py
[2026-09-29T14:15:43.843+0000] {logging_mixin.py:188} INFO - [2026-09-29T14:15:43.843+0000] {dag.py:3096} INFO - Sync 2 DAGs
[2026-09-29T14:15:43.930+0000] {logging_mixin.py:188} INFO - [2026-09-29T14:15:43.929+0000] {dag.py:3954} INFO - Setting next_dagrun for data_quality_check to 2026-09-28 12:00:00+00:00, run_after=2026-09-29 12:00:00+00:00
[2026-09-29T14:15:43.950+0000] {logging_mixin.py:188} INFO - [2026-09-29T14:15:43.949+0000] {dag.py:3954} INFO - Setting next_dagrun for update_db to 2026-09-28 12:00:00+00:00, run_after=2026-09-29 12:00:00+00:00
[2026-09-29T14:15:44.013+0000] {processor.py:183} INFO - Processing /opt/airflow/dags/main.py took 0.543 seconds
[2026-09-29T14:16:14.394+0000] {processor.py:161} INFO - Started process (PID=149) to work on /opt/airflow/dags/main.py
[2026-09-29T14:16:14.400+0000] {processor.py:830} INFO - Processing file /opt/airflow/dags/main.py for tasks to queue
[2026-09-29T14:16:14.409+0000] {logging_mixin.py:188} INFO - [2026-09-29T14:16:14.408+0000] {dagbag.py:545} INFO - Filling up the DagBag from /opt/airflow/dags/main.py
[2026-09-29T14:16:14.850+0000] {processor.py:840} INFO - DAG(s) 'update_db', 'data_quality_check' retrieved from /opt/airflow/dags/main.py
[2026-09-29T14:16:14.960+0000] {logging_mixin.py:188} INFO - [2026-09-29T14:16:14.959+0000] {dag.py:3096} INFO - Sync 2 DAGs
[2026-09-29T14:16:15.045+0000] {logging_mixin.py:188} INFO - [2026-09-29T14:16:15.044+0000] {dag.py:3954} INFO - Setting next_dagrun for data_quality_check to 2026-09-28 12:00:00+00:00, run_after=2026-09-29 12:00:00+00:00
[2026-09-29T14:16:15.071+0000] {logging_mixin.py:188} INFO - [2026-09-29T14:16:15.070+0000] {dag.py:3954} INFO - Setting next_dagrun for update_db to 2026-09-28 12:00:00+00:00, run_after=2026-09-29 12:00:00+00:00
[2026-09-29T14:16:15.171+0000] {processor.py:183} INFO - Processing /opt/airflow/dags/main.py took 0.798 seconds
[2026-09-29T14:16:45.533+0000] {processor.py:161} INFO - Started process (PID=156) to work on /opt/airflow/dags/main.py
[2026-09-29T14:16:45.535+0000] {processor.py:830} INFO - Processing file /opt/airflow/dags/main.py for tasks to queue
[2026-09-29T14:16:45.539+0000] {logging_mixin.py:188} INFO - [2026-09-29T14:16:45.538+0000] {dagbag.py:545} INFO - Filling up the DagBag from /opt/airflow/dags/main.py
[2026-09-29T14:16:45.739+0000] {processor.py:840} INFO - DAG(s) 'update_db', 'data_quality_check' retrieved from /opt/airflow/dags/main.py
[2026-09-29T14:16:45.785+0000] {logging_mixin.py:188} INFO - [2026-09-29T14:16:45.785+0000] {dag.py:3096} INFO - Sync 2 DAGs
[2026-09-29T14:16:45.819+0000] {logging_mixin.py:188} INFO - [2026-09-29T14:16:45.819+0000] {dag.py:3954} INFO - Setting next_dagrun for data_quality_check to 2026-09-28 12:00:00+00:00, run_after=2026-09-29 12:00:00+00:00
[2026-09-29T14:16:45.828+0000] {logging_mixin.py:188} INFO - [2026-09-29T14:16:45.828+0000] {dag.py:3954} INFO - Setting next_dagrun for update_db to 2026-09-28 12:00:00+00:00, run_after=2026-09-29 12:00:00+00:00
[2026-09-29T14:16:45.857+0000] {processor.py:183} INFO - Processing /opt/airflow/dags/main.py took 0.332 seconds
[2026-09-29T14:17:16.344+0000] {processor.py:161} INFO - Started process (PID=163) to work on /opt/airflow/dags/main.py
[2026-09-29T14:17:16.348+0000] {processor.py:830} INFO - Processing file /opt/airflow/dags/main.py for tasks to queue
[2026-09-29T14:17:16.358+0000] {logging_mixin.py:188} INFO - [2026-09-29T14:17:16.357+0000] {dagbag.py:545} INFO - Filling up the DagBag from /opt/airflow/dags/main.py
[2026-09-29T14:17:16.761+0000] {processor.py:840} INFO - DAG(s) 'update_db', 'data_quality_check' retrieved from /opt/airflow/dags/main.py
[2026-09-29T14:17:16.835+0000] {logging_mixin.py:188} INFO - [2026-09-29T14:17:16.834+0000] {dag.py:3096} INFO - Sync 2 DAGs
[2026-09-29T14:17:16.888+0000] {logging_mixin.py:188} INFO - [2026-09-29T14:17:16.888+0000] {dag.py:3954} INFO - Setting next_dagrun for data_quality_check to 2026-09-28 12:00:00+00:00, run_after=2026-09-29 12:00:00+00:00
[2026-09-29T14:17:16.899+0000] {logging_mixin.py:188} INFO - [2026-09-29T14:17:16.899+0000] {dag.py:3954} INFO - Setting next_dagrun for update_db to 2026-09-28 12:00:00+00:00, run_after=2026-09-29 12:00:00+00:00
[2026-09-29T14:17:16.933+0000] {processor.py:183} INFO - Processing /opt/airflow/dags/main.py took 0.619 seconds
[2026-09-29T14:17:47.234+0000] {processor.py:161} INFO - Started process (PID=170) to work on /opt/airflow/dags/main.py
[2026-09-29T14:17:47.237+0000] {processor.py:830} INFO - Processing file /opt/airflow/dags/main.py for tasks to queue
[2026-09-29T14:17:47.241+0000] {logging_mixin.py:188} INFO - [2026-09-29T14:17:47.240+0000] {dagbag.py:545} INFO - Filling up the DagBag from /opt/airflow/dags/main.py
[2026-09-29T14:17:47.468+0000] {processor.py:840} INFO - DAG(s) 'update_db', 'data_quality_check' retrieved from /opt/airflow/dags/main.py
[2026-09-29T14:17:47.517+0000] {logging_mixin.py:188} INFO - [2026-09-29T14:17:47.517+0000] {dag.py:3096} INFO - Sync 2 DAGs
[2026-09-29T14:17:47.550+0000] {logging_mixin.py:188} INFO - [2026-09-29T14:17:47.550+0000] {dag.py:3954} INFO - Setting next_dagrun for data_quality_check to 2026-09-28 12:00:00+00:00, run_after=2026-09-29 12:00:00+00:00
[2026-09-29T14:17:47.558+0000] {logging_mixin.py:188} INFO - [2026-09-29T14:17:47.558+0000] {dag.py:3954} INFO - Setting next_dagrun for update_db to 2026-09-28 12:00:00+00:00, run_after=2026-09-29 12:00:00+00:00
[2026-09-29T14:17:47.590+0000] {processor.py:183} INFO - Processing /opt/airflow/dags/main.py took 0.363 seconds
[2026-09-29T14:18:17.879+0000] {processor.py:161} INFO - Started process (PID=177) to work on /opt/airflow/dags/main.py
[2026-09-29T14:18:17.882+0000] {processor.py:830} INFO - Processing file /opt/airflow/dags/main.py for tasks to queue
[2026-09-29T14:18:17.888+0000] {logging_mixin.py:188} INFO - [2026-09-29T14:18:17.888+0000] {dagbag.py:545} INFO - Filling up the DagBag from /opt/airflow/dags/main.py
[2026-09-29T14:18:18.079+0000] {processor.py:840} INFO - DAG(s) 'update_db', 'data_quality_check' retrieved from /opt/airflow/dags/main.py
[2026-09-29T14:18:18.119+0000] {logging_mixin.py:188} INFO - [2026-09-29T14:18:18.119+0000] {dag.py:3096} INFO - Sync 2 DAGs
[2026-09-29T14:18:18.162+0000] {logging_mixin.py:188} INFO - [2026-09-29T14:18:18.161+0000] {dag.py:3954} INFO - Setting next_dagrun for data_quality_check to 2026-09-28 12:00:00+00:00, run_after=2026-09-29 12:00:00+00:00
[2026-09-29T14:18:18.177+0000] {logging_mixin.py:188} INFO - [2026-09-29T14:18:18.177+0000] {dag.py:3954} INFO - Setting next_dagrun for update_db to 2026-09-28 12:00:00+00:00, run_after=2026-09-29 12:00:00+00:00
[2026-09-29T14:18:18.231+0000] {processor.py:183} INFO - Processing /opt/airflow/dags/main.py took 0.361 seconds
[2026-09-29T14:18:48.530+0000] {processor.py:161} INFO - Started process (PID=184) to work on /opt/airflow/dags/main.py
[2026-09-29T14:18:48.532+0000] {processor.py:830} INFO - Processing file /opt/airflow/dags/main.py for tasks to queue
[2026-09-29T14:18:48.537+0000] {logging_mixin.py:188} INFO - [2026-09-29T14:18:48.536+0000] {dagbag.py:545} INFO - Filling up the DagBag from /opt/airflow/dags/main.py
[2026-09-29T14:18:48.761+0000] {processor.py:840} INFO - DAG(s) 'update_db', 'data_quality_check' retrieved from /opt/airflow/dags/main.py
[2026-09-29T14:18:48.817+0000] {logging_mixin.py:188} INFO - [2026-09-29T14:18:48.816+0000] {dag.py:3096} INFO - Sync 2 DAGs
[2026-09-29T14:18:48.848+0000] {logging_mixin.py:188} INFO - [2026-09-29T14:18:48.848+0000] {dag.py:3954} INFO - Setting next_dagrun for data_quality_check to 2026-09-28 12:00:00+00:00, run_after=2026-09-29 12:00:00+00:00
[2026-09-29T14:18:48.855+0000] {logging_mixin.py:188} INFO - [2026-09-29T14:18:48.855+0000] {dag.py:3954} INFO - Setting next_dagrun for update_db to 2026-09-28 12:00:00+00:00, run_after=2026-09-29 12:00:00+00:00
[2026-09-29T14:18:48.887+0000] {processor.py:183} INFO - Processing /opt/airflow/dags/main.py took 0.365 seconds
[2026-09-29T14:19:19.306+0000] {processor.py:161} INFO - Started process (PID=191) to work on /opt/airflow/dags/main.py
[2026-09-29T14:19:19.312+0000] {processor.py:830} INFO - Processing file /opt/airflow/dags/main.py for tasks to queue
[2026-09-29T14:19:19.322+0000] {logging_mixin.py:188} INFO - [2026-09-29T14:19:19.321+0000] {dagbag.py:545} INFO - Filling up the DagBag from /opt/airflow/dags/main.py
[2026-09-29T14:19:19.728+0000] {processor.py:840} INFO - DAG(s) 'data_quality_check', 'update_db' retrieved from /opt/airflow/dags/main.py
[2026-09-29T14:19:19.808+0000] {logging_mixin.py:188} INFO - [2026-09-29T14:19:19.808+0000] {dag.py:3096} INFO - Sync 2 DAGs
[2026-09-29T14:19:19.861+0000] {logging_mixin.py:188} INFO - [2026-09-29T14:19:19.860+0000] {dag.py:3954} INFO - Setting next_dagrun for data_quality_check to 2026-09-28 12:00:00+00:00, run_after=2026-09-29 12:00:00+00:00
[2026-09-29T14:19:19.870+0000] {logging_mixin.py:188} INFO - [2026-09-29T14:19:19.869+0000] {dag.py:3954} INFO - Setting next_dagrun for update_db to 2026-09-28 12:00:00+00:00, run_after=2026-09-29 12:00:00+00:00
[2026-09-29T14:19:19.906+0000] {processor.py:183} INFO - Processing /opt/airflow/dags/main.py took 0.628 seconds
[2026-09-29T14:19:50.145+0000] {processor.py:161} INFO - Started process (PID=198) to work on /opt/airflow/dags/main.py
[2026-09-29T14:19:50.148+0000] {processor.py:830} INFO - Processing file /opt/airflow/dags/main.py for tasks to queue
[2026-09-29T14:19:50.152+0000] {logging_mixin.py:188} INFO - [2026-09-29T14:19:50.152+0000] {dagbag.py:545} INFO - Filling up the DagBag from /opt/airflow/dags/main.py
[2026-09-29T14:19:50.465+0000] {processor.py:840} INFO - DAG(s) 'update_db', 'data_quality_check' retrieved from /opt/airflow/dags/main.py
[2026-09-29T14:19:50.524+0000] {logging_mixin.py:188} INFO - [2026-09-29T14:19:50.524+0000] {dag.py:3096} INFO - Sync 2 DAGs
[2026-09-29T14:19:50.559+0000] {logging_mixin.py:188} INFO - [2026-09-29T14:19:50.558+0000] {dag.py:3954} INFO - Setting next_dagrun for data_quality_check to 2026-09-28 12:00:00+00:00, run_after=2026-09-29 12:00:00+00:00
[2026-09-29T14:19:50.569+0000] {logging_mixin.py:188} INFO - [2026-09-29T14:19:50.569+0000] {dag.py:3954} INFO - Setting next_dagrun for update_db to 2026-09-28 12:00:00+00:00, run_after=2026-09-29 12:00:00+00:00
[2026-09-29T14:19:50.602+0000] {processor.py:183} INFO - Processing /opt/airflow/dags/main.py took 0.468 seconds
[2026-09-29T14:20:21.004+0000] {processor.py:161} INFO - Started process (PID=205) to work on /opt/airflow/dags/main.py
[2026-09-29T14:20:21.011+0000] {processor.py:830} INFO - Processing file /opt/airflow/dags/main.py for tasks to queue
[2026-09-29T14:20:21.021+0000] {logging_mixin.py:188} INFO - [2026-09-29T14:20:21.019+0000] {dagbag.py:545} INFO - Filling up the DagBag from /opt/airflow/dags/main.py
[2026-09-29T14:20:21.967+0000] {processor.py:840} INFO - DAG(s) 'data_quality_check', 'update_db' retrieved from /opt/airflow/dags/main.py
[2026-09-29T14:20:22.094+0000] {logging_mixin.py:188} INFO - [2026-09-29T14:20:22.093+0000] {dag.py:3096} INFO - Sync 2 DAGs
[2026-09-29T14:20:22.186+0000] {logging_mixin.py:188} INFO - [2026-09-29T14:20:22.184+0000] {dag.py:3954} INFO - Setting next_dagrun for data_quality_check to 2026-09-28 12:00:00+00:00, run_after=2026-09-29 12:00:00+00:00
[2026-09-29T14:20:22.210+0000] {logging_mixin.py:188} INFO - [2026-09-29T14:20:22.210+0000] {dag.py:3954} INFO - Setting next_dagrun for update_db to 2026-09-28 12:00:00+00:00, run_after=2026-09-29 12:00:00+00:00
[2026-09-29T14:20:22.268+0000] {processor.py:183} INFO - Processing /opt/airflow/dags/main.py took 1.280 seconds
[2026-09-29T14:20:53.002+0000] {processor.py:161} INFO - Started process (PID=212) to work on /opt/airflow/dags/main.py
[2026-09-29T14:20:53.006+0000] {processor.py:830} INFO - Processing file /opt/airflow/dags/main.py for tasks to queue
[2026-09-29T14:20:53.010+0000] {logging_mixin.py:188} INFO - [2026-09-29T14:20:53.009+0000] {dagbag.py:545} INFO - Filling up the DagBag from /opt/airflow/dags/main.py
[2026-09-29T14:20:53.242+0000] {processor.py:840} INFO - DAG(s) 'update_db', 'data_quality_check' retrieved from /opt/airflow/dags/main.py
[2026-09-29T14:20:53.284+0000] {logging_mixin.py:188} INFO - [2026-09-29T14:20:53.284+0000] {dag.py:3096} INFO - Sync 2 DAGs
[2026-09-29T14:20:53.319+0000] {logging_mixin.py:188} INFO - [2026-09-29T14:20:53.318+0000] {dag.py:3954} INFO - Setting next_dagrun for data_quality_check to 2026-09-28 12:00:00+00:00, run_after=2026-09-29 12:00:00+00:00
[2026-09-29T14:20:53.334+0000] {logging_mixin.py:188} INFO - [2026-09-29T14:20:53.334+0000] {dag.py:3954} INFO - Setting next_dagrun for update_db to 2026-09-28 12:00:00+00:00, run_after=2026-09-29 12:00:00+00:00
[2026-09-29T14:20:53.370+0000] {processor.py:183} INFO - Processing /opt/airflow/dags/main.py took 0.378 seconds
[2026-09-29T14:21:23.656+0000] {processor.py:161} INFO - Started process (PID=218) to work on /opt/airflow/dags/main.py
[2026-09-29T14:21:23.659+0000] {processor.py:830} INFO - Processing file /opt/airflow/dags/main.py for tasks to queue
[2026-09-29T14:21:23.663+0000] {logging_mixin.py:188} INFO - [2026-09-29T14:21:23.662+0000] {dagbag.py:545} INFO - Filling up the DagBag from /opt/airflow/dags/main.py
[2026-09-29T14:21:23.861+0000] {processor.py:840} INFO - DAG(s) 'update_db', 'data_quality_check' retrieved from /opt/airflow/dags/main.py
[2026-09-29T14:21:23.899+0000] {logging_mixin.py:188} INFO - [2026-09-29T14:21:23.899+0000] {dag.py:3096} INFO - Sync 2 DAGs
[2026-09-29T14:21:23.934+0000] {logging_mixin.py:188} INFO - [2026-09-29T14:21:23.934+0000] {dag.py:3954} INFO - Setting next_dagrun for data_quality_check to 2026-09-28 12:00:00+00:00, run_after=2026-09-29 12:00:00+00:00
[2026-09-29T14:21:23.941+0000] {logging_mixin.py:188} INFO - [2026-09-29T14:21:23.941+0000] {dag.py:3954} INFO - Setting next_dagrun for update_db to 2026-09-28 12:00:00+00:00, run_after=2026-09-29 12:00:00+00:00
[2026-09-29T14:21:23.972+0000] {processor.py:183} INFO - Processing /opt/airflow/dags/main.py took 0.324 seconds
[2026-09-29T14:21:54.336+0000] {processor.py:161} INFO - Started process (PID=226) to work on /opt/airflow/dags/main.py
[2026-09-29T14:21:54.341+0000] {processor.py:830} INFO - Processing file /opt/airflow/dags/main.py for tasks to queue
[2026-09-29T14:21:54.358+0000] {logging_mixin.py:188} INFO - [2026-09-29T14:21:54.355+0000] {dagbag.py:545} INFO - Filling up the DagBag from /opt/airflow/dags/main.py
[2026-09-29T14:21:54.624+0000] {processor.py:840} INFO - DAG(s) 'update_db', 'data_quality_check' retrieved from /opt/airflow/dags/main.py
[2026-09-29T14:21:54.660+0000] {logging_mixin.py:188} INFO - [2026-09-29T14:21:54.660+0000] {dag.py:3096} INFO - Sync 2 DAGs
[2026-09-29T14:21:54.687+0000] {logging_mixin.py:188} INFO - [2026-09-29T14:21:54.686+0000] {dag.py:3954} INFO - Setting next_dagrun for data_quality_check to 2026-09-28 12:00:00+00:00, run_after=2026-09-29 12:00:00+00:00
[2026-09-29T14:21:54.693+0000] {logging_mixin.py:188} INFO - [2026-09-29T14:21:54.693+0000] {dag.py:3954} INFO - Setting next_dagrun for update_db to 2026-09-28 12:00:00+00:00, run_after=2026-09-29 12:00:00+00:00
[2026-09-29T14:21:54.714+0000] {processor.py:183} INFO - Processing /opt/airflow/dags/main.py took 0.401 seconds
[2026-09-29T14:22:24.989+0000] {processor.py:161} INFO - Started process (PID=233) to work on /opt/airflow/dags/main.py
[2026-09-29T14:22:24.991+0000] {processor.py:830} INFO - Processing file /opt/airflow/dags/main.py for tasks to queue
[2026-09-29T14:22:24.994+0000] {logging_mixin.py:188} INFO - [2026-09-29T14:22:24.994+0000] {dagbag.py:545} INFO - Filling up the DagBag from /opt/airflow/dags/main.py
[2026-09-29T14:22:25.192+0000] {processor.py:840} INFO - DAG(s) 'data_quality_check', 'update_db' retrieved from /opt/airflow/dags/main.py
[2026-09-29T14:22:25.235+0000] {logging_mixin.py:188} INFO - [2026-09-29T14:22:25.234+0000] {dag.py:3096} INFO - Sync 2 DAGs
[2026-09-29T14:22:25.267+0000] {logging_mixin.py:188} INFO - [2026-09-29T14:22:25.266+0000] {dag.py:3954} INFO - Setting next_dagrun for data_quality_check to 2026-09-28 12:00:00+00:00, run_after=2026-09-29 12:00:00+00:00
[2026-09-29T14:22:25.273+0000] {logging_mixin.py:188} INFO - [2026-09-29T14:22:25.273+0000] {dag.py:3954} INFO - Setting next_dagrun for update_db to 2026-09-28 12:00:00+00:00, run_after=2026-09-29 12:00:00+00:00
[2026-09-29T14:22:25.295+0000] {processor.py:183} INFO - Processing /opt/airflow/dags/main.py took 0.315 seconds
[2026-09-29T14:22:55.632+0000] {processor.py:161} INFO - Started process (PID=240) to work on /opt/airflow/dags/main.py
[2026-09-29T14:22:55.634+0000] {processor.py:830} INFO - Processing file /opt/airflow/dags/main.py for tasks to queue
[2026-09-29T14:22:55.639+0000] {logging_mixin.py:188} INFO - [2026-09-29T14:22:55.638+0000] {dagbag.py:545} INFO - Filling up the DagBag from /opt/airflow/dags/main.py
[2026-09-29T14:22:55.820+0000] {processor.py:840} INFO - DAG(s) 'update_db', 'data_quality_check' retrieved from /opt/airflow/dags/main.py
[2026-09-29T14:22:55.859+0000] {logging_mixin.py:188} INFO - [2026-09-29T14:22:55.858+0000] {dag.py:3096} INFO - Sync 2 DAGs
[2026-09-29T14:22:55.883+0000] {logging_mixin.py:188} INFO - [2026-09-29T14:22:55.883+0000] {dag.py:3954} INFO - Setting next_dagrun for data_quality_check to 2026-09-28 12:00:00+00:00, run_after=2026-09-29 12:00:00+00:00
[2026-09-29T14:22:55.890+0000] {logging_mixin.py:188} INFO - [2026-09-29T14:22:55.890+0000] {dag.py:3954} INFO - Setting next_dagrun for update_db to 2026-09-28 12:00:00+00:00, run_after=2026-09-29 12:00:00+00:00
[2026-09-29T14:22:55.912+0000] {processor.py:183} INFO - Processing /opt/airflow/dags/main.py took 0.289 seconds
[2026-09-29T14:23:26.197+0000] {processor.py:161} INFO - Started process (PID=247) to work on /opt/airflow/dags/main.py
[2026-09-29T14:23:26.199+0000] {processor.py:830} INFO - Processing file /opt/airflow/dags/main.py for tasks to queue
[2026-09-29T14:23:26.203+0000] {logging_mixin.py:188} INFO - [2026-09-29T14:23:26.203+0000] {dagbag.py:545} INFO - Filling up the DagBag from /opt/airflow/dags/main.py
[2026-09-29T14:23:26.378+0000] {processor.py:840} INFO - DAG(s) 'data_quality_check', 'update_db' retrieved from /opt/airflow/dags/main.py
[2026-09-29T14:23:26.416+0000] {logging_mixin.py:188} INFO - [2026-09-29T14:23:26.416+0000] {dag.py:3096} INFO - Sync 2 DAGs
[2026-09-29T14:23:26.484+0000] {logging_mixin.py:188} INFO - [2026-09-29T14:23:26.484+0000] {dag.py:3954} INFO - Setting next_dagrun for data_quality_check to 2026-09-28 12:00:00+00:00, run_after=2026-09-29 12:00:00+00:00
[2026-09-29T14:23:26.492+0000] {logging_mixin.py:188} INFO - [2026-09-29T14:23:26.491+0000] {dag.py:3954} INFO - Setting next_dagrun for update_db to 2026-09-28 12:00:00+00:00, run_after=2026-09-29 12:00:00+00:00
[2026-09-29T14:23:26.518+0000] {processor.py:183} INFO - Processing /opt/airflow/dags/main.py took 0.331 seconds
[2026-09-29T14:23:56.851+0000] {processor.py:161} INFO - Started process (PID=254) to work on /opt/airflow/dags/main.py
[2026-09-29T14:23:56.855+0000] {processor.py:830} INFO - Processing file /opt/airflow/dags/main.py for tasks to queue
[2026-09-29T14:23:56.860+0000] {logging_mixin.py:188} INFO - [2026-09-29T14:23:56.859+0000] {dagbag.py:545} INFO - Filling up the DagBag from /opt/airflow/dags/main.py
[2026-09-29T14:23:57.066+0000] {processor.py:840} INFO - DAG(s) 'data_quality_check', 'update_db' retrieved from /opt/airflow/dags/main.py
[2026-09-29T14:23:57.103+0000] {logging_mixin.py:188} INFO - [2026-09-29T14:23:57.103+0000] {dag.py:3096} INFO - Sync 2 DAGs
[2026-09-29T14:23:57.130+0000] {logging_mixin.py:188} INFO - [2026-09-29T14:23:57.130+0000] {dag.py:3954} INFO - Setting next_dagrun for data_quality_check to 2026-09-28 12:00:00+00:00, run_after=2026-09-29 12:00:00+00:00
[2026-09-29T14:23:57.137+0000] {logging_mixin.py:188} INFO - [2026-09-29T14:23:57.137+0000] {dag.py:3954} INFO - Setting next_dagrun for update_db to 2026-09-28 12:00:00+00:00, run_after=2026-09-29 12:00:00+00:00
[2026-09-29T14:23:57.166+0000] {processor.py:183} INFO - Processing /opt/airflow/dags/main.py took 0.327 seconds
[2026-09-29T14:24:27.428+0000] {processor.py:161} INFO - Started process (PID=261) to work on /opt/airflow/dags/main.py
[2026-09-29T14:24:27.431+0000] {processor.py:830} INFO - Processing file /opt/airflow/dags/main.py for tasks to queue
[2026-09-29T14:24:27.434+0000] {logging_mixin.py:188} INFO - [2026-09-29T14:24:27.434+0000] {dagbag.py:545} INFO - Filling up the DagBag from /opt/airflow/dags/main.py
[2026-09-29T14:24:27.629+0000] {processor.py:840} INFO - DAG(s) 'data_quality_check', 'update_db' retrieved from /opt/airflow/dags/main.py
[2026-09-29T14:24:27.674+0000] {logging_mixin.py:188} INFO - [2026-09-29T14:24:27.673+0000] {dag.py:3096} INFO - Sync 2 DAGs
[2026-09-29T14:24:27.701+0000] {logging_mixin.py:188} INFO - [2026-09-29T14:24:27.701+0000] {dag.py:3954} INFO - Setting next_dagrun for data_quality_check to 2026-09-28 12:00:00+00:00, run_after=2026-09-29 12:00:00+00:00
[2026-09-29T14:24:27.709+0000] {logging_mixin.py:188} INFO - [2026-09-29T14:24:27.709+0000] {dag.py:3954} INFO - Setting next_dagrun for update_db to 2026-09-28 12:00:00+00:00, run_after=2026-09-29 12:00:00+00:00
[2026-09-29T14:24:27.744+0000] {processor.py:183} INFO - Processing /opt/airflow/dags/main.py took 0.323 seconds
[2026-09-29T14:24:58.038+0000] {processor.py:161} INFO - Started process (PID=268) to work on /opt/airflow/dags/main.py
[2026-09-29T14:24:58.043+0000] {processor.py:830} INFO - Processing file /opt/airflow/dags/main.py for tasks to queue
[2026-09-29T14:24:58.048+0000] {logging_mixin.py:188} INFO - [2026-09-29T14:24:58.048+0000] {dagbag.py:545} INFO - Filling up the DagBag from /opt/airflow/dags/main.py
[2026-09-29T14:24:58.261+0000] {processor.py:840} INFO - DAG(s) 'update_db', 'data_quality_check' retrieved from /opt/airflow/dags/main.py
[2026-09-29T14:24:58.297+0000] {logging_mixin.py:188} INFO - [2026-09-29T14:24:58.297+0000] {dag.py:3096} INFO - Sync 2 DAGs
[2026-09-29T14:24:58.328+0000] {logging_mixin.py:188} INFO - [2026-09-29T14:24:58.328+0000] {dag.py:3954} INFO - Setting next_dagrun for data_quality_check to 2026-09-28 12:00:00+00:00, run_after=2026-09-29 12:00:00+00:00
[2026-09-29T14:24:58.336+0000] {logging_mixin.py:188} INFO - [2026-09-29T14:24:58.336+0000] {dag.py:3954} INFO - Setting next_dagrun for update_db to 2026-09-28 12:00:00+00:00, run_after=2026-09-29 12:00:00+00:00
[2026-09-29T14:24:58.357+0000] {processor.py:183} INFO - Processing /opt/airflow/dags/main.py took 0.330 seconds
[2026-09-29T14:25:28.649+0000] {processor.py:161} INFO - Started process (PID=275) to work on /opt/airflow/dags/main.py
[2026-09-29T14:25:28.651+0000] {processor.py:830} INFO - Processing file /opt/airflow/dags/main.py for tasks to queue
[2026-09-29T14:25:28.654+0000] {logging_mixin.py:188} INFO - [2026-09-29T14:25:28.653+0000] {dagbag.py:545} INFO - Filling up the DagBag from /opt/airflow/dags/main.py
[2026-09-29T14:25:28.825+0000] {processor.py:840} INFO - DAG(s) 'update_db', 'data_quality_check' retrieved from /opt/airflow/dags/main.py
[2026-09-29T14:25:28.858+0000] {logging_mixin.py:188} INFO - [2026-09-29T14:25:28.858+0000] {dag.py:3096} INFO - Sync 2 DAGs
[2026-09-29T14:25:28.883+0000] {logging_mixin.py:188} INFO - [2026-09-29T14:25:28.883+0000] {dag.py:3954} INFO - Setting next_dagrun for data_quality_check to 2026-09-28 12:00:00+00:00, run_after=2026-09-29 12:00:00+00:00
[2026-09-29T14:25:28.890+0000] {logging_mixin.py:188} INFO - [2026-09-29T14:25:28.889+0000] {dag.py:3954} INFO - Setting next_dagrun for update_db to 2026-09-28 12:00:00+00:00, run_after=2026-09-29 12:00:00+00:00
[2026-09-29T14:25:28.915+0000] {processor.py:183} INFO - Processing /opt/airflow/dags/main.py took 0.273 seconds
[2026-09-29T14:25:59.267+0000] {processor.py:161} INFO - Started process (PID=282) to work on /opt/airflow/dags/main.py
[2026-09-29T14:25:59.269+0000] {processor.py:830} INFO - Processing file /opt/airflow/dags/main.py for tasks to queue
[2026-09-29T14:25:59.272+0000] {logging_mixin.py:188} INFO - [2026-09-29T14:25:59.271+0000] {dagbag.py:545} INFO - Filling up the DagBag from /opt/airflow/dags/main.py
[2026-09-29T14:25:59.471+0000] {processor.py:840} INFO - DAG(s) 'update_db', 'data_quality_check' retrieved from /opt/airflow/dags/main.py
[2026-09-29T14:25:59.505+0000] {logging_mixin.py:188} INFO - [2026-09-29T14:25:59.505+0000] {dag.py:3096} INFO - Sync 2 DAGs
[2026-09-29T14:25:59.531+0000] {logging_mixin.py:188} INFO - [2026-09-29T14:25:59.530+0000] {dag.py:3954} INFO - Setting next_dagrun for data_quality_check to 2026-09-28 12:00:00+00:00, run_after=2026-09-29 12:00:00+00:00
[2026-09-29T14:25:59.539+0000] {logging_mixin.py:188} INFO - [2026-09-29T14:25:59.539+0000] {dag.py:3954} INFO - Setting next_dagrun for update_db to 2026-09-28 12:00:00+00:00, run_after=2026-09-29 12:00:00+00:00
[2026-09-29T14:25:59.563+0000] {processor.py:183} INFO - Processing /opt/airflow/dags/main.py took 0.302 seconds
[2026-09-29T14:26:29.925+0000] {processor.py:161} INFO - Started process (PID=289) to work on /opt/airflow/dags/main.py
[2026-09-29T14:26:29.930+0000] {processor.py:830} INFO - Processing file /opt/airflow/dags/main.py for tasks to queue
[2026-09-29T14:26:29.940+0000] {logging_mixin.py:188} INFO - [2026-09-29T14:26:29.939+0000] {dagbag.py:545} INFO - Filling up the DagBag from /opt/airflow/dags/main.py
[2026-09-29T14:26:30.268+0000] {processor.py:840} INFO - DAG(s) 'update_db', 'data_quality_check' retrieved from /opt/airflow/dags/main.py
[2026-09-29T14:26:30.327+0000] {logging_mixin.py:188} INFO - [2026-09-29T14:26:30.326+0000] {dag.py:3096} INFO - Sync 2 DAGs
[2026-09-29T14:26:30.365+0000] {logging_mixin.py:188} INFO - [2026-09-29T14:26:30.365+0000] {dag.py:3954} INFO - Setting next_dagrun for data_quality_check to 2026-09-28 12:00:00+00:00, run_after=2026-09-29 12:00:00+00:00
[2026-09-29T14:26:30.375+0000] {logging_mixin.py:188} INFO - [2026-09-29T14:26:30.374+0000] {dag.py:3954} INFO - Setting next_dagrun for update_db to 2026-09-28 12:00:00+00:00, run_after=2026-09-29 12:00:00+00:00
[2026-09-29T14:26:30.413+0000] {processor.py:183} INFO - Processing /opt/airflow/dags/main.py took 0.513 seconds
[2026-09-29T14:27:00.996+0000] {processor.py:161} INFO - Started process (PID=296) to work on /opt/airflow/dags/main.py
[2026-09-29T14:27:01.012+0000] {processor.py:830} INFO - Processing file /opt/airflow/dags/main.py for tasks to queue
[2026-09-29T14:27:01.036+0000] {logging_mixin.py:188} INFO - [2026-09-29T14:27:01.034+0000] {dagbag.py:545} INFO - Filling up the DagBag from /opt/airflow/dags/main.py
[2026-09-29T14:27:01.930+0000] {processor.py:840} INFO - DAG(s) 'data_quality_check', 'update_db' retrieved from /opt/airflow/dags/main.py
[2026-09-29T14:27:02.053+0000] {logging_mixin.py:188} INFO - [2026-09-29T14:27:02.052+0000] {dag.py:3096} INFO - Sync 2 DAGs
[2026-09-29T14:27:02.141+0000] {logging_mixin.py:188} INFO - [2026-09-29T14:27:02.140+0000] {dag.py:3954} INFO - Setting next_dagrun for data_quality_check to 2026-09-28 12:00:00+00:00, run_after=2026-09-29 12:00:00+00:00
[2026-09-29T14:27:02.267+0000] {logging_mixin.py:188} INFO - [2026-09-29T14:27:02.267+0000] {dag.py:3954} INFO - Setting next_dagrun for update_db to 2026-09-28 12:00:00+00:00, run_after=2026-09-29 12:00:00+00:00
[2026-09-29T14:27:02.368+0000] {processor.py:183} INFO - Processing /opt/airflow/dags/main.py took 1.412 seconds
[2026-09-29T14:27:32.623+0000] {processor.py:161} INFO - Started process (PID=303) to work on /opt/airflow/dags/main.py
[2026-09-29T14:27:32.625+0000] {processor.py:830} INFO - Processing file /opt/airflow/dags/main.py for tasks to queue
[2026-09-29T14:27:32.629+0000] {logging_mixin.py:188} INFO - [2026-09-29T14:27:32.629+0000] {dagbag.py:545} INFO - Filling up the DagBag from /opt/airflow/dags/main.py
[2026-09-29T14:27:32.868+0000] {processor.py:840} INFO - DAG(s) 'update_db', 'data_quality_check' retrieved from /opt/airflow/dags/main.py
[2026-09-29T14:27:32.923+0000] {logging_mixin.py:188} INFO - [2026-09-29T14:27:32.922+0000] {dag.py:3096} INFO - Sync 2 DAGs
[2026-09-29T14:27:32.963+0000] {logging_mixin.py:188} INFO - [2026-09-29T14:27:32.962+0000] {dag.py:3954} INFO - Setting next_dagrun for data_quality_check to 2026-09-28 12:00:00+00:00, run_after=2026-09-29 12:00:00+00:00
[2026-09-29T14:27:32.975+0000] {logging_mixin.py:188} INFO - [2026-09-29T14:27:32.974+0000] {dag.py:3954} INFO - Setting next_dagrun for update_db to 2026-09-28 12:00:00+00:00, run_after=2026-09-29 12:00:00+00:00
[2026-09-29T14:27:33.007+0000] {processor.py:183} INFO - Processing /opt/airflow/dags/main.py took 0.393 seconds
[2026-09-29T14:28:03.116+0000] {processor.py:161} INFO - Started process (PID=310) to work on /opt/airflow/dags/main.py
[2026-09-29T14:28:03.119+0000] {processor.py:830} INFO - Processing file /opt/airflow/dags/main.py for tasks to queue
[2026-09-29T14:28:03.123+0000] {logging_mixin.py:188} INFO - [2026-09-29T14:28:03.122+0000] {dagbag.py:545} INFO - Filling up the DagBag from /opt/airflow/dags/main.py
[2026-09-29T14:28:03.313+0000] {processor.py:840} INFO - DAG(s) 'update_db', 'data_quality_check' retrieved from /opt/airflow/dags/main.py
[2026-09-29T14:28:03.348+0000] {logging_mixin.py:188} INFO - [2026-09-29T14:28:03.347+0000] {dag.py:3096} INFO - Sync 2 DAGs
[2026-09-29T14:28:03.374+0000] {logging_mixin.py:188} INFO - [2026-09-29T14:28:03.374+0000] {dag.py:3954} INFO - Setting next_dagrun for data_quality_check to 2026-09-28 12:00:00+00:00, run_after=2026-09-29 12:00:00+00:00
[2026-09-29T14:28:03.380+0000] {logging_mixin.py:188} INFO - [2026-09-29T14:28:03.380+0000] {dag.py:3954} INFO - Setting next_dagrun for update_db to 2026-09-28 12:00:00+00:00, run_after=2026-09-29 12:00:00+00:00
[2026-09-29T14:28:03.402+0000] {processor.py:183} INFO - Processing /opt/airflow/dags/main.py took 0.294 seconds
[2026-09-29T14:28:33.660+0000] {processor.py:161} INFO - Started process (PID=317) to work on /opt/airflow/dags/main.py
[2026-09-29T14:28:33.669+0000] {processor.py:830} INFO - Processing file /opt/airflow/dags/main.py for tasks to queue
[2026-09-29T14:28:33.681+0000] {logging_mixin.py:188} INFO - [2026-09-29T14:28:33.680+0000] {dagbag.py:545} INFO - Filling up the DagBag from /opt/airflow/dags/main.py
[2026-09-29T14:28:34.224+0000] {processor.py:840} INFO - DAG(s) 'update_db', 'data_quality_check' retrieved from /opt/airflow/dags/main.py
[2026-09-29T14:28:34.287+0000] {logging_mixin.py:188} INFO - [2026-09-29T14:28:34.287+0000] {dag.py:3096} INFO - Sync 2 DAGs
[2026-09-29T14:28:34.319+0000] {logging_mixin.py:188} INFO - [2026-09-29T14:28:34.318+0000] {dag.py:3954} INFO - Setting next_dagrun for data_quality_check to 2026-09-28 12:00:00+00:00, run_after=2026-09-29 12:00:00+00:00
[2026-09-29T14:28:34.326+0000] {logging_mixin.py:188} INFO - [2026-09-29T14:28:34.326+0000] {dag.py:3954} INFO - Setting next_dagrun for update_db to 2026-09-28 12:00:00+00:00, run_after=2026-09-29 12:00:00+00:00
[2026-09-29T14:28:34.369+0000] {processor.py:183} INFO - Processing /opt/airflow/dags/main.py took 0.736 seconds
[2026-09-29T14:29:04.816+0000] {processor.py:161} INFO - Started process (PID=324) to work on /opt/airflow/dags/main.py
[2026-09-29T14:29:04.822+0000] {processor.py:830} INFO - Processing file /opt/airflow/dags/main.py for tasks to queue
[2026-09-29T14:29:04.829+0000] {logging_mixin.py:188} INFO - [2026-09-29T14:29:04.828+0000] {dagbag.py:545} INFO - Filling up the DagBag from /opt/airflow/dags/main.py
[2026-09-29T14:29:05.059+0000] {processor.py:840} INFO - DAG(s) 'update_db', 'data_quality_check' retrieved from /opt/airflow/dags/main.py
[2026-09-29T14:29:05.100+0000] {logging_mixin.py:188} INFO - [2026-09-29T14:29:05.100+0000] {dag.py:3096} INFO - Sync 2 DAGs
[2026-09-29T14:29:05.127+0000] {logging_mixin.py:188} INFO - [2026-09-29T14:29:05.126+0000] {dag.py:3954} INFO - Setting next_dagrun for data_quality_check to 2026-09-28 12:00:00+00:00, run_after=2026-09-29 12:00:00+00:00
[2026-09-29T14:29:05.133+0000] {logging_mixin.py:188} INFO - [2026-09-29T14:29:05.133+0000] {dag.py:3954} INFO - Setting next_dagrun for update_db to 2026-09-28 12:00:00+00:00, run_after=2026-09-29 12:00:00+00:00
[2026-09-29T14:29:05.157+0000] {processor.py:183} INFO - Processing /opt/airflow/dags/main.py took 0.370 seconds
[2026-09-29T14:29:35.405+0000] {processor.py:161} INFO - Started process (PID=331) to work on /opt/airflow/dags/main.py
[2026-09-29T14:29:35.410+0000] {processor.py:830} INFO - Processing file /opt/airflow/dags/main.py for tasks to queue
[2026-09-29T14:29:35.415+0000] {logging_mixin.py:188} INFO - [2026-09-29T14:29:35.414+0000] {dagbag.py:545} INFO - Filling up the DagBag from /opt/airflow/dags/main.py
[2026-09-29T14:29:35.678+0000] {processor.py:840} INFO - DAG(s) 'update_db', 'data_quality_check' retrieved from /opt/airflow/dags/main.py
[2026-09-29T14:29:35.721+0000] {logging_mixin.py:188} INFO - [2026-09-29T14:29:35.721+0000] {dag.py:3096} INFO - Sync 2 DAGs
[2026-09-29T14:29:35.752+0000] {logging_mixin.py:188} INFO - [2026-09-29T14:29:35.752+0000] {dag.py:3954} INFO - Setting next_dagrun for data_quality_check to 2026-09-28 12:00:00+00:00, run_after=2026-09-29 12:00:00+00:00
[2026-09-29T14:29:35.764+0000] {logging_mixin.py:188} INFO - [2026-09-29T14:29:35.764+0000] {dag.py:3954} INFO - Setting next_dagrun for update_db to 2026-09-28 12:00:00+00:00, run_after=2026-09-29 12:00:00+00:00
[2026-09-29T14:29:35.795+0000] {processor.py:183} INFO - Processing /opt/airflow/dags/main.py took 0.403 seconds
[2026-09-29T14:30:06.216+0000] {processor.py:161} INFO - Started process (PID=338) to work on /opt/airflow/dags/main.py
[2026-09-29T14:30:06.219+0000] {processor.py:830} INFO - Processing file /opt/airflow/dags/main.py for tasks to queue
[2026-09-29T14:30:06.230+0000] {logging_mixin.py:188} INFO - [2026-09-29T14:30:06.229+0000] {dagbag.py:545} INFO - Filling up the DagBag from /opt/airflow/dags/main.py
[2026-09-29T14:30:06.534+0000] {processor.py:840} INFO - DAG(s) 'data_quality_check', 'update_db' retrieved from /opt/airflow/dags/main.py
[2026-09-29T14:30:06.574+0000] {logging_mixin.py:188} INFO - [2026-09-29T14:30:06.573+0000] {dag.py:3096} INFO - Sync 2 DAGs
[2026-09-29T14:30:06.600+0000] {logging_mixin.py:188} INFO - [2026-09-29T14:30:06.600+0000] {dag.py:3954} INFO - Setting next_dagrun for data_quality_check to 2026-09-28 12:00:00+00:00, run_after=2026-09-29 12:00:00+00:00
[2026-09-29T14:30:06.607+0000] {logging_mixin.py:188} INFO - [2026-09-29T14:30:06.607+0000] {dag.py:3954} INFO - Setting next_dagrun for update_db to 2026-09-28 12:00:00+00:00, run_after=2026-09-29 12:00:00+00:00
[2026-09-29T14:30:06.645+0000] {processor.py:183} INFO - Processing /opt/airflow/dags/main.py took 0.445 seconds
[2026-09-29T14:30:37.862+0000] {processor.py:161} INFO - Started process (PID=351) to work on /opt/airflow/dags/main.py
[2026-09-29T14:30:37.873+0000] {processor.py:830} INFO - Processing file /opt/airflow/dags/main.py for tasks to queue
[2026-09-29T14:30:37.883+0000] {logging_mixin.py:188} INFO - [2026-09-29T14:30:37.882+0000] {dagbag.py:545} INFO - Filling up the DagBag from /opt/airflow/dags/main.py
[2026-09-29T14:30:38.341+0000] {processor.py:840} INFO - DAG(s) 'data_quality_check', 'update_db' retrieved from /opt/airflow/dags/main.py
[2026-09-29T14:30:38.404+0000] {logging_mixin.py:188} INFO - [2026-09-29T14:30:38.403+0000] {dag.py:3096} INFO - Sync 2 DAGs
[2026-09-29T14:30:38.438+0000] {logging_mixin.py:188} INFO - [2026-09-29T14:30:38.438+0000] {dag.py:3954} INFO - Setting next_dagrun for data_quality_check to 2026-09-28 12:00:00+00:00, run_after=2026-09-29 12:00:00+00:00
[2026-09-29T14:30:38.448+0000] {logging_mixin.py:188} INFO - [2026-09-29T14:30:38.447+0000] {dag.py:3954} INFO - Setting next_dagrun for update_db to 2026-09-28 12:00:00+00:00, run_after=2026-09-29 12:00:00+00:00
[2026-09-29T14:30:38.474+0000] {processor.py:183} INFO - Processing /opt/airflow/dags/main.py took 0.660 seconds
[2026-09-29T14:31:08.838+0000] {processor.py:161} INFO - Started process (PID=358) to work on /opt/airflow/dags/main.py
[2026-09-29T14:31:08.840+0000] {processor.py:830} INFO - Processing file /opt/airflow/dags/main.py for tasks to queue
[2026-09-29T14:31:08.844+0000] {logging_mixin.py:188} INFO - [2026-09-29T14:31:08.844+0000] {dagbag.py:545} INFO - Filling up the DagBag from /opt/airflow/dags/main.py
[2026-09-29T14:31:09.049+0000] {processor.py:840} INFO - DAG(s) 'update_db', 'data_quality_check' retrieved from /opt/airflow/dags/main.py
[2026-09-29T14:31:09.086+0000] {logging_mixin.py:188} INFO - [2026-09-29T14:31:09.086+0000] {dag.py:3096} INFO - Sync 2 DAGs
[2026-09-29T14:31:09.111+0000] {logging_mixin.py:188} INFO - [2026-09-29T14:31:09.111+0000] {dag.py:3954} INFO - Setting next_dagrun for data_quality_check to 2026-09-28 12:00:00+00:00, run_after=2026-09-29 12:00:00+00:00
[2026-09-29T14:31:09.117+0000] {logging_mixin.py:188} INFO - [2026-09-29T14:31:09.117+0000] {dag.py:3954} INFO - Setting next_dagrun for update_db to 2026-09-28 12:00:00+00:00, run_after=2026-09-29 12:00:00+00:00
[2026-09-29T14:31:09.140+0000] {processor.py:183} INFO - Processing /opt/airflow/dags/main.py took 0.308 seconds
[2026-09-29T14:31:11.144+0000] {processor.py:161} INFO - Started process (PID=359) to work on /opt/airflow/dags/main.py
[2026-09-29T14:31:11.147+0000] {processor.py:830} INFO - Processing file /opt/airflow/dags/main.py for tasks to queue
[2026-09-29T14:31:11.151+0000] {logging_mixin.py:188} INFO - [2026-09-29T14:31:11.150+0000] {dagbag.py:545} INFO - Filling up the DagBag from /opt/airflow/dags/main.py
[2026-09-29T14:31:11.189+0000] {logging_mixin.py:188} INFO - [2026-09-29T14:31:11.185+0000] {dagbag.py:355} ERROR - Failed to import: /opt/airflow/dags/main.py
Traceback (most recent call last):
  File "/home/airflow/.local/lib/python3.10/site-packages/airflow/models/dagbag.py", line 351, in parse
    loader.exec_module(new_module)
  File "<frozen importlib._bootstrap_external>", line 879, in exec_module
  File "<frozen importlib._bootstrap_external>", line 1017, in get_code
  File "<frozen importlib._bootstrap_external>", line 947, in source_to_code
  File "<frozen importlib._bootstrap>", line 241, in _call_with_frames_removed
  File "/opt/airflow/dags/main.py", line 28
    with DAG(
    ^^^^
IndentationError: expected an indented block after 'with' statement on line 19
[2026-09-29T14:31:11.191+0000] {processor.py:842} WARNING - No viable dags retrieved from /opt/airflow/dags/main.py
[2026-09-29T14:31:11.235+0000] {processor.py:183} INFO - Processing /opt/airflow/dags/main.py took 0.098 seconds
[2026-09-29T14:31:14.248+0000] {processor.py:161} INFO - Started process (PID=360) to work on /opt/airflow/dags/main.py
[2026-09-29T14:31:14.250+0000] {processor.py:830} INFO - Processing file /opt/airflow/dags/main.py for tasks to queue
[2026-09-29T14:31:14.254+0000] {logging_mixin.py:188} INFO - [2026-09-29T14:31:14.254+0000] {dagbag.py:545} INFO - Filling up the DagBag from /opt/airflow/dags/main.py
[2026-09-29T14:31:14.285+0000] {logging_mixin.py:188} INFO - [2026-09-29T14:31:14.284+0000] {dagbag.py:355} ERROR - Failed to import: /opt/airflow/dags/main.py
Traceback (most recent call last):
  File "/home/airflow/.local/lib/python3.10/site-packages/airflow/models/dagbag.py", line 351, in parse
    loader.exec_module(new_module)
  File "<frozen importlib._bootstrap_external>", line 879, in exec_module
  File "<frozen importlib._bootstrap_external>", line 1017, in get_code
  File "<frozen importlib._bootstrap_external>", line 947, in source_to_code
  File "<frozen importlib._bootstrap>", line 241, in _call_with_frames_removed
  File "/opt/airflow/dags/main.py", line 29
    with DAG(
    ^^^^
IndentationError: expected an indented block after 'with' statement on line 19
[2026-09-29T14:31:14.287+0000] {processor.py:842} WARNING - No viable dags retrieved from /opt/airflow/dags/main.py
[2026-09-29T14:31:14.309+0000] {processor.py:183} INFO - Processing /opt/airflow/dags/main.py took 0.068 seconds
[2026-09-29T14:31:22.425+0000] {processor.py:161} INFO - Started process (PID=361) to work on /opt/airflow/dags/main.py
[2026-09-29T14:31:22.427+0000] {processor.py:830} INFO - Processing file /opt/airflow/dags/main.py for tasks to queue
[2026-09-29T14:31:22.432+0000] {logging_mixin.py:188} INFO - [2026-09-29T14:31:22.431+0000] {dagbag.py:545} INFO - Filling up the DagBag from /opt/airflow/dags/main.py
[2026-09-29T14:31:22.477+0000] {logging_mixin.py:188} INFO - [2026-09-29T14:31:22.476+0000] {dagbag.py:355} ERROR - Failed to import: /opt/airflow/dags/main.py
Traceback (most recent call last):
  File "/home/airflow/.local/lib/python3.10/site-packages/airflow/models/dagbag.py", line 351, in parse
    loader.exec_module(new_module)
  File "<frozen importlib._bootstrap_external>", line 879, in exec_module
  File "<frozen importlib._bootstrap_external>", line 1017, in get_code
  File "<frozen importlib._bootstrap_external>", line 947, in source_to_code
  File "<frozen importlib._bootstrap>", line 241, in _call_with_frames_removed
  File "/opt/airflow/dags/main.py", line 29
    with DAG(
    ^^^^
IndentationError: expected an indented block after 'with' statement on line 19
[2026-09-29T14:31:22.480+0000] {processor.py:842} WARNING - No viable dags retrieved from /opt/airflow/dags/main.py
[2026-09-29T14:31:22.512+0000] {processor.py:183} INFO - Processing /opt/airflow/dags/main.py took 0.095 seconds
[2026-09-29T14:31:44.723+0000] {processor.py:161} INFO - Started process (PID=368) to work on /opt/airflow/dags/main.py
[2026-09-29T14:31:44.730+0000] {processor.py:830} INFO - Processing file /opt/airflow/dags/main.py for tasks to queue
[2026-09-29T14:31:44.746+0000] {logging_mixin.py:188} INFO - [2026-09-29T14:31:44.745+0000] {dagbag.py:545} INFO - Filling up the DagBag from /opt/airflow/dags/main.py
[2026-09-29T14:31:44.832+0000] {logging_mixin.py:188} INFO - [2026-09-29T14:31:44.828+0000] {dagbag.py:355} ERROR - Failed to import: /opt/airflow/dags/main.py
Traceback (most recent call last):
  File "/home/airflow/.local/lib/python3.10/site-packages/airflow/models/dagbag.py", line 351, in parse
    loader.exec_module(new_module)
  File "<frozen importlib._bootstrap_external>", line 879, in exec_module
  File "<frozen importlib._bootstrap_external>", line 1017, in get_code
  File "<frozen importlib._bootstrap_external>", line 947, in source_to_code
  File "<frozen importlib._bootstrap>", line 241, in _call_with_frames_removed
  File "/opt/airflow/dags/main.py", line 29
    with DAG(
    ^^^^
IndentationError: expected an indented block after 'with' statement on line 19
[2026-09-29T14:31:44.837+0000] {processor.py:842} WARNING - No viable dags retrieved from /opt/airflow/dags/main.py
[2026-09-29T14:31:44.935+0000] {processor.py:183} INFO - Processing /opt/airflow/dags/main.py took 0.246 seconds
[2026-09-29T14:31:51.929+0000] {processor.py:161} INFO - Started process (PID=369) to work on /opt/airflow/dags/main.py
[2026-09-29T14:31:51.933+0000] {processor.py:830} INFO - Processing file /opt/airflow/dags/main.py for tasks to queue
[2026-09-29T14:31:51.939+0000] {logging_mixin.py:188} INFO - [2026-09-29T14:31:51.938+0000] {dagbag.py:545} INFO - Filling up the DagBag from /opt/airflow/dags/main.py
[2026-09-29T14:31:52.057+0000] {logging_mixin.py:188} INFO - [2026-09-29T14:31:52.054+0000] {dagbag.py:355} ERROR - Failed to import: /opt/airflow/dags/main.py
Traceback (most recent call last):
  File "/home/airflow/.local/lib/python3.10/site-packages/airflow/models/dagbag.py", line 351, in parse
    loader.exec_module(new_module)
  File "<frozen importlib._bootstrap_external>", line 879, in exec_module
  File "<frozen importlib._bootstrap_external>", line 1017, in get_code
  File "<frozen importlib._bootstrap_external>", line 947, in source_to_code
  File "<frozen importlib._bootstrap>", line 241, in _call_with_frames_removed
  File "/opt/airflow/dags/main.py", line 29
    with DAG(
    ^^^^
IndentationError: expected an indented block after 'with' statement on line 19
[2026-09-29T14:31:52.068+0000] {processor.py:842} WARNING - No viable dags retrieved from /opt/airflow/dags/main.py
[2026-09-29T14:31:52.318+0000] {processor.py:183} INFO - Processing /opt/airflow/dags/main.py took 0.414 seconds
[2026-09-29T14:32:04.245+0000] {processor.py:161} INFO - Started process (PID=370) to work on /opt/airflow/dags/main.py
[2026-09-29T14:32:04.248+0000] {processor.py:830} INFO - Processing file /opt/airflow/dags/main.py for tasks to queue
[2026-09-29T14:32:04.254+0000] {logging_mixin.py:188} INFO - [2026-09-29T14:32:04.254+0000] {dagbag.py:545} INFO - Filling up the DagBag from /opt/airflow/dags/main.py
[2026-09-29T14:32:04.325+0000] {logging_mixin.py:188} INFO - [2026-09-29T14:32:04.323+0000] {dagbag.py:355} ERROR - Failed to import: /opt/airflow/dags/main.py
Traceback (most recent call last):
  File "/home/airflow/.local/lib/python3.10/site-packages/airflow/models/dagbag.py", line 351, in parse
    loader.exec_module(new_module)
  File "<frozen importlib._bootstrap_external>", line 879, in exec_module
  File "<frozen importlib._bootstrap_external>", line 1017, in get_code
  File "<frozen importlib._bootstrap_external>", line 947, in source_to_code
  File "<frozen importlib._bootstrap>", line 241, in _call_with_frames_removed
  File "/opt/airflow/dags/main.py", line 29
    with DAG(
    ^^^^
IndentationError: expected an indented block after 'with' statement on line 19
[2026-09-29T14:32:04.329+0000] {processor.py:842} WARNING - No viable dags retrieved from /opt/airflow/dags/main.py
[2026-09-29T14:32:04.385+0000] {processor.py:183} INFO - Processing /opt/airflow/dags/main.py took 0.156 seconds
[2026-09-29T14:32:08.559+0000] {processor.py:161} INFO - Started process (PID=377) to work on /opt/airflow/dags/main.py
[2026-09-29T14:32:08.566+0000] {processor.py:830} INFO - Processing file /opt/airflow/dags/main.py for tasks to queue
[2026-09-29T14:32:08.576+0000] {logging_mixin.py:188} INFO - [2026-09-29T14:32:08.575+0000] {dagbag.py:545} INFO - Filling up the DagBag from /opt/airflow/dags/main.py
[2026-09-29T14:32:08.697+0000] {logging_mixin.py:188} INFO - [2026-09-29T14:32:08.693+0000] {dagbag.py:355} ERROR - Failed to import: /opt/airflow/dags/main.py
Traceback (most recent call last):
  File "/home/airflow/.local/lib/python3.10/site-packages/airflow/models/dagbag.py", line 351, in parse
    loader.exec_module(new_module)
  File "<frozen importlib._bootstrap_external>", line 879, in exec_module
  File "<frozen importlib._bootstrap_external>", line 1017, in get_code
  File "<frozen importlib._bootstrap_external>", line 947, in source_to_code
  File "<frozen importlib._bootstrap>", line 241, in _call_with_frames_removed
  File "/opt/airflow/dags/main.py", line 29
    with DAG(
    ^^^^
IndentationError: expected an indented block after 'with' statement on line 19
[2026-09-29T14:32:08.700+0000] {processor.py:842} WARNING - No viable dags retrieved from /opt/airflow/dags/main.py
[2026-09-29T14:32:08.747+0000] {processor.py:183} INFO - Processing /opt/airflow/dags/main.py took 0.210 seconds
[2026-09-29T14:32:18.641+0000] {processor.py:161} INFO - Started process (PID=378) to work on /opt/airflow/dags/main.py
[2026-09-29T14:32:18.643+0000] {processor.py:830} INFO - Processing file /opt/airflow/dags/main.py for tasks to queue
[2026-09-29T14:32:18.646+0000] {logging_mixin.py:188} INFO - [2026-09-29T14:32:18.646+0000] {dagbag.py:545} INFO - Filling up the DagBag from /opt/airflow/dags/main.py
[2026-09-29T14:32:18.674+0000] {logging_mixin.py:188} INFO - [2026-09-29T14:32:18.673+0000] {dagbag.py:355} ERROR - Failed to import: /opt/airflow/dags/main.py
Traceback (most recent call last):
  File "/home/airflow/.local/lib/python3.10/site-packages/airflow/models/dagbag.py", line 351, in parse
    loader.exec_module(new_module)
  File "<frozen importlib._bootstrap_external>", line 879, in exec_module
  File "<frozen importlib._bootstrap_external>", line 1017, in get_code
  File "<frozen importlib._bootstrap_external>", line 947, in source_to_code
  File "<frozen importlib._bootstrap>", line 241, in _call_with_frames_removed
  File "/opt/airflow/dags/main.py", line 29
    with DAG(
    ^^^^
IndentationError: expected an indented block after 'with' statement on line 19
[2026-09-29T14:32:18.676+0000] {processor.py:842} WARNING - No viable dags retrieved from /opt/airflow/dags/main.py
[2026-09-29T14:32:18.707+0000] {processor.py:183} INFO - Processing /opt/airflow/dags/main.py took 0.075 seconds
[2026-09-29T14:32:30.928+0000] {processor.py:161} INFO - Started process (PID=379) to work on /opt/airflow/dags/main.py
[2026-09-29T14:32:30.937+0000] {processor.py:830} INFO - Processing file /opt/airflow/dags/main.py for tasks to queue
[2026-09-29T14:32:30.950+0000] {logging_mixin.py:188} INFO - [2026-09-29T14:32:30.949+0000] {dagbag.py:545} INFO - Filling up the DagBag from /opt/airflow/dags/main.py
[2026-09-29T14:32:31.091+0000] {logging_mixin.py:188} INFO - [2026-09-29T14:32:31.087+0000] {dagbag.py:355} ERROR - Failed to import: /opt/airflow/dags/main.py
Traceback (most recent call last):
  File "/home/airflow/.local/lib/python3.10/site-packages/airflow/models/dagbag.py", line 351, in parse
    loader.exec_module(new_module)
  File "<frozen importlib._bootstrap_external>", line 879, in exec_module
  File "<frozen importlib._bootstrap_external>", line 1017, in get_code
  File "<frozen importlib._bootstrap_external>", line 947, in source_to_code
  File "<frozen importlib._bootstrap>", line 241, in _call_with_frames_removed
  File "/opt/airflow/dags/main.py", line 30
    with DAG(
    ^^^^
IndentationError: expected an indented block after 'with' statement on line 19
[2026-09-29T14:32:31.096+0000] {processor.py:842} WARNING - No viable dags retrieved from /opt/airflow/dags/main.py
[2026-09-29T14:32:31.145+0000] {processor.py:183} INFO - Processing /opt/airflow/dags/main.py took 0.265 seconds
[2026-09-29T14:32:33.013+0000] {processor.py:161} INFO - Started process (PID=380) to work on /opt/airflow/dags/main.py
[2026-09-29T14:32:33.015+0000] {processor.py:830} INFO - Processing file /opt/airflow/dags/main.py for tasks to queue
[2026-09-29T14:32:33.020+0000] {logging_mixin.py:188} INFO - [2026-09-29T14:32:33.019+0000] {dagbag.py:545} INFO - Filling up the DagBag from /opt/airflow/dags/main.py
[2026-09-29T14:32:33.350+0000] {logging_mixin.py:188} INFO - [2026-09-29T14:32:33.341+0000] {dagbag.py:355} ERROR - Failed to import: /opt/airflow/dags/main.py
Traceback (most recent call last):
  File "/home/airflow/.local/lib/python3.10/site-packages/airflow/models/dagbag.py", line 351, in parse
    loader.exec_module(new_module)
  File "<frozen importlib._bootstrap_external>", line 883, in exec_module
  File "<frozen importlib._bootstrap>", line 241, in _call_with_frames_removed
  File "/opt/airflow/dags/main.py", line 28, in <module>
    pla
NameError: name 'pla' is not defined
[2026-09-29T14:32:33.355+0000] {processor.py:842} WARNING - No viable dags retrieved from /opt/airflow/dags/main.py
[2026-09-29T14:32:33.383+0000] {processor.py:183} INFO - Processing /opt/airflow/dags/main.py took 0.380 seconds
[2026-09-29T14:32:38.273+0000] {processor.py:161} INFO - Started process (PID=387) to work on /opt/airflow/dags/main.py
[2026-09-29T14:32:38.275+0000] {processor.py:830} INFO - Processing file /opt/airflow/dags/main.py for tasks to queue
[2026-09-29T14:32:38.278+0000] {logging_mixin.py:188} INFO - [2026-09-29T14:32:38.278+0000] {dagbag.py:545} INFO - Filling up the DagBag from /opt/airflow/dags/main.py
[2026-09-29T14:32:38.466+0000] {logging_mixin.py:188} INFO - [2026-09-29T14:32:38.451+0000] {dagbag.py:355} ERROR - Failed to import: /opt/airflow/dags/main.py
Traceback (most recent call last):
  File "/home/airflow/.local/lib/python3.10/site-packages/airflow/models/dagbag.py", line 351, in parse
    loader.exec_module(new_module)
  File "<frozen importlib._bootstrap_external>", line 883, in exec_module
  File "<frozen importlib._bootstrap>", line 241, in _call_with_frames_removed
  File "/opt/airflow/dags/main.py", line 28, in <module>
    play_list_Id
NameError: name 'play_list_Id' is not defined
[2026-09-29T14:32:38.476+0000] {processor.py:842} WARNING - No viable dags retrieved from /opt/airflow/dags/main.py
[2026-09-29T14:32:38.499+0000] {processor.py:183} INFO - Processing /opt/airflow/dags/main.py took 0.233 seconds
[2026-09-29T14:32:43.538+0000] {processor.py:161} INFO - Started process (PID=388) to work on /opt/airflow/dags/main.py
[2026-09-29T14:32:43.540+0000] {processor.py:830} INFO - Processing file /opt/airflow/dags/main.py for tasks to queue
[2026-09-29T14:32:43.542+0000] {logging_mixin.py:188} INFO - [2026-09-29T14:32:43.542+0000] {dagbag.py:545} INFO - Filling up the DagBag from /opt/airflow/dags/main.py
[2026-09-29T14:32:43.777+0000] {logging_mixin.py:188} INFO - [2026-09-29T14:32:43.770+0000] {dagbag.py:355} ERROR - Failed to import: /opt/airflow/dags/main.py
Traceback (most recent call last):
  File "/home/airflow/.local/lib/python3.10/site-packages/airflow/models/dagbag.py", line 351, in parse
    loader.exec_module(new_module)
  File "<frozen importlib._bootstrap_external>", line 883, in exec_module
  File "<frozen importlib._bootstrap>", line 241, in _call_with_frames_removed
  File "/opt/airflow/dags/main.py", line 28, in <module>
    playlist
NameError: name 'playlist' is not defined
[2026-09-29T14:32:43.781+0000] {processor.py:842} WARNING - No viable dags retrieved from /opt/airflow/dags/main.py
[2026-09-29T14:32:43.801+0000] {processor.py:183} INFO - Processing /opt/airflow/dags/main.py took 0.270 seconds
[2026-09-29T14:32:44.645+0000] {processor.py:161} INFO - Started process (PID=389) to work on /opt/airflow/dags/main.py
[2026-09-29T14:32:44.649+0000] {processor.py:830} INFO - Processing file /opt/airflow/dags/main.py for tasks to queue
[2026-09-29T14:32:44.654+0000] {logging_mixin.py:188} INFO - [2026-09-29T14:32:44.653+0000] {dagbag.py:545} INFO - Filling up the DagBag from /opt/airflow/dags/main.py
[2026-09-29T14:32:45.216+0000] {logging_mixin.py:188} INFO - [2026-09-29T14:32:45.208+0000] {dagbag.py:355} ERROR - Failed to import: /opt/airflow/dags/main.py
Traceback (most recent call last):
  File "/home/airflow/.local/lib/python3.10/site-packages/airflow/models/dagbag.py", line 351, in parse
    loader.exec_module(new_module)
  File "<frozen importlib._bootstrap_external>", line 883, in exec_module
  File "<frozen importlib._bootstrap>", line 241, in _call_with_frames_removed
  File "/opt/airflow/dags/main.py", line 28, in <module>
    playlist_
NameError: name 'playlist_' is not defined
[2026-09-29T14:32:45.227+0000] {processor.py:842} WARNING - No viable dags retrieved from /opt/airflow/dags/main.py
[2026-09-29T14:32:45.322+0000] {processor.py:183} INFO - Processing /opt/airflow/dags/main.py took 0.692 seconds
[2026-09-29T14:32:46.468+0000] {processor.py:161} INFO - Started process (PID=390) to work on /opt/airflow/dags/main.py
[2026-09-29T14:32:46.474+0000] {processor.py:830} INFO - Processing file /opt/airflow/dags/main.py for tasks to queue
[2026-09-29T14:32:46.479+0000] {logging_mixin.py:188} INFO - [2026-09-29T14:32:46.479+0000] {dagbag.py:545} INFO - Filling up the DagBag from /opt/airflow/dags/main.py
[2026-09-29T14:32:46.934+0000] {logging_mixin.py:188} INFO - [2026-09-29T14:32:46.918+0000] {dagbag.py:355} ERROR - Failed to import: /opt/airflow/dags/main.py
Traceback (most recent call last):
  File "/home/airflow/.local/lib/python3.10/site-packages/airflow/models/dagbag.py", line 351, in parse
    loader.exec_module(new_module)
  File "<frozen importlib._bootstrap_external>", line 883, in exec_module
  File "<frozen importlib._bootstrap>", line 241, in _call_with_frames_removed
  File "/opt/airflow/dags/main.py", line 28, in <module>
    playlist_Id
NameError: name 'playlist_Id' is not defined. Did you mean: 'get_playlist_id'?
[2026-09-29T14:32:46.946+0000] {processor.py:842} WARNING - No viable dags retrieved from /opt/airflow/dags/main.py
[2026-09-29T14:32:46.978+0000] {processor.py:183} INFO - Processing /opt/airflow/dags/main.py took 0.529 seconds
[2026-09-29T14:32:51.009+0000] {processor.py:161} INFO - Started process (PID=391) to work on /opt/airflow/dags/main.py
[2026-09-29T14:32:51.011+0000] {processor.py:830} INFO - Processing file /opt/airflow/dags/main.py for tasks to queue
[2026-09-29T14:32:51.014+0000] {logging_mixin.py:188} INFO - [2026-09-29T14:32:51.013+0000] {dagbag.py:545} INFO - Filling up the DagBag from /opt/airflow/dags/main.py
[2026-09-29T14:32:51.068+0000] {logging_mixin.py:188} INFO - [2026-09-29T14:32:51.067+0000] {dagbag.py:355} ERROR - Failed to import: /opt/airflow/dags/main.py
Traceback (most recent call last):
  File "/home/airflow/.local/lib/python3.10/site-packages/airflow/models/dagbag.py", line 351, in parse
    loader.exec_module(new_module)
  File "<frozen importlib._bootstrap_external>", line 879, in exec_module
  File "<frozen importlib._bootstrap_external>", line 1017, in get_code
  File "<frozen importlib._bootstrap_external>", line 947, in source_to_code
  File "<frozen importlib._bootstrap>", line 241, in _call_with_frames_removed
  File "/opt/airflow/dags/main.py", line 28
    playlist_id = 
                  ^
SyntaxError: invalid syntax
[2026-09-29T14:32:51.072+0000] {processor.py:842} WARNING - No viable dags retrieved from /opt/airflow/dags/main.py
[2026-09-29T14:32:51.109+0000] {processor.py:183} INFO - Processing /opt/airflow/dags/main.py took 0.113 seconds
[2026-09-29T14:32:54.211+0000] {processor.py:161} INFO - Started process (PID=392) to work on /opt/airflow/dags/main.py
[2026-09-29T14:32:54.213+0000] {processor.py:830} INFO - Processing file /opt/airflow/dags/main.py for tasks to queue
[2026-09-29T14:32:54.215+0000] {logging_mixin.py:188} INFO - [2026-09-29T14:32:54.215+0000] {dagbag.py:545} INFO - Filling up the DagBag from /opt/airflow/dags/main.py
[2026-09-29T14:32:54.441+0000] {logging_mixin.py:188} INFO - [2026-09-29T14:32:54.435+0000] {dagbag.py:355} ERROR - Failed to import: /opt/airflow/dags/main.py
Traceback (most recent call last):
  File "/home/airflow/.local/lib/python3.10/site-packages/airflow/models/dagbag.py", line 351, in parse
    loader.exec_module(new_module)
  File "<frozen importlib._bootstrap_external>", line 883, in exec_module
  File "<frozen importlib._bootstrap>", line 241, in _call_with_frames_removed
  File "/opt/airflow/dags/main.py", line 28, in <module>
    playlist_id = ge
NameError: name 'ge' is not defined
[2026-09-29T14:32:54.445+0000] {processor.py:842} WARNING - No viable dags retrieved from /opt/airflow/dags/main.py
[2026-09-29T14:32:54.472+0000] {processor.py:183} INFO - Processing /opt/airflow/dags/main.py took 0.267 seconds
[2026-09-29T14:32:56.344+0000] {processor.py:161} INFO - Started process (PID=393) to work on /opt/airflow/dags/main.py
[2026-09-29T14:32:56.348+0000] {processor.py:830} INFO - Processing file /opt/airflow/dags/main.py for tasks to queue
[2026-09-29T14:32:56.353+0000] {logging_mixin.py:188} INFO - [2026-09-29T14:32:56.352+0000] {dagbag.py:545} INFO - Filling up the DagBag from /opt/airflow/dags/main.py
[2026-09-29T14:32:57.043+0000] {processor.py:840} INFO - DAG(s) 'data_quality_check', 'update_db', 'produce_json' retrieved from /opt/airflow/dags/main.py
[2026-09-29T14:32:57.442+0000] {logging_mixin.py:188} INFO - [2026-09-29T14:32:57.441+0000] {dag.py:3096} INFO - Sync 3 DAGs
[2026-09-29T14:32:57.486+0000] {logging_mixin.py:188} INFO - [2026-09-29T14:32:57.485+0000] {dag.py:3954} INFO - Setting next_dagrun for data_quality_check to 2026-09-28 12:00:00+00:00, run_after=2026-09-29 12:00:00+00:00
[2026-09-29T14:32:57.497+0000] {logging_mixin.py:188} INFO - [2026-09-29T14:32:57.496+0000] {dag.py:3954} INFO - Setting next_dagrun for produce_json to 2026-09-28 12:00:00+00:00, run_after=2026-09-29 12:00:00+00:00
[2026-09-29T14:32:57.504+0000] {logging_mixin.py:188} INFO - [2026-09-29T14:32:57.504+0000] {dag.py:3954} INFO - Setting next_dagrun for update_db to 2026-09-28 12:00:00+00:00, run_after=2026-09-29 12:00:00+00:00
[2026-09-29T14:32:57.578+0000] {processor.py:183} INFO - Processing /opt/airflow/dags/main.py took 1.252 seconds
[2026-09-29T14:33:00.602+0000] {processor.py:161} INFO - Started process (PID=394) to work on /opt/airflow/dags/main.py
[2026-09-29T14:33:00.604+0000] {processor.py:830} INFO - Processing file /opt/airflow/dags/main.py for tasks to queue
[2026-09-29T14:33:00.606+0000] {logging_mixin.py:188} INFO - [2026-09-29T14:33:00.606+0000] {dagbag.py:545} INFO - Filling up the DagBag from /opt/airflow/dags/main.py
[2026-09-29T14:33:00.877+0000] {logging_mixin.py:188} INFO - [2026-09-29T14:33:00.867+0000] {dagbag.py:355} ERROR - Failed to import: /opt/airflow/dags/main.py
Traceback (most recent call last):
  File "/home/airflow/.local/lib/python3.10/site-packages/airflow/models/dagbag.py", line 351, in parse
    loader.exec_module(new_module)
  File "<frozen importlib._bootstrap_external>", line 883, in exec_module
  File "<frozen importlib._bootstrap>", line 241, in _call_with_frames_removed
  File "/opt/airflow/dags/main.py", line 29, in <module>
    video
NameError: name 'video' is not defined
[2026-09-29T14:33:00.883+0000] {processor.py:842} WARNING - No viable dags retrieved from /opt/airflow/dags/main.py
[2026-09-29T14:33:00.914+0000] {processor.py:183} INFO - Processing /opt/airflow/dags/main.py took 0.320 seconds
[2026-09-29T14:33:05.750+0000] {processor.py:161} INFO - Started process (PID=395) to work on /opt/airflow/dags/main.py
[2026-09-29T14:33:05.752+0000] {processor.py:830} INFO - Processing file /opt/airflow/dags/main.py for tasks to queue
[2026-09-29T14:33:05.754+0000] {logging_mixin.py:188} INFO - [2026-09-29T14:33:05.754+0000] {dagbag.py:545} INFO - Filling up the DagBag from /opt/airflow/dags/main.py
[2026-09-29T14:33:05.784+0000] {logging_mixin.py:188} INFO - [2026-09-29T14:33:05.783+0000] {dagbag.py:355} ERROR - Failed to import: /opt/airflow/dags/main.py
Traceback (most recent call last):
  File "/home/airflow/.local/lib/python3.10/site-packages/airflow/models/dagbag.py", line 351, in parse
    loader.exec_module(new_module)
  File "<frozen importlib._bootstrap_external>", line 879, in exec_module
  File "<frozen importlib._bootstrap_external>", line 1017, in get_code
  File "<frozen importlib._bootstrap_external>", line 947, in source_to_code
  File "<frozen importlib._bootstrap>", line 241, in _call_with_frames_removed
  File "/opt/airflow/dags/main.py", line 29
    videos_id = 
                ^
SyntaxError: invalid syntax
[2026-09-29T14:33:05.786+0000] {processor.py:842} WARNING - No viable dags retrieved from /opt/airflow/dags/main.py
[2026-09-29T14:33:05.817+0000] {processor.py:183} INFO - Processing /opt/airflow/dags/main.py took 0.074 seconds
[2026-09-29T14:33:10.851+0000] {processor.py:161} INFO - Started process (PID=402) to work on /opt/airflow/dags/main.py
[2026-09-29T14:33:10.856+0000] {processor.py:830} INFO - Processing file /opt/airflow/dags/main.py for tasks to queue
[2026-09-29T14:33:10.859+0000] {logging_mixin.py:188} INFO - [2026-09-29T14:33:10.858+0000] {dagbag.py:545} INFO - Filling up the DagBag from /opt/airflow/dags/main.py
[2026-09-29T14:33:11.134+0000] {logging_mixin.py:188} INFO - [2026-09-29T14:33:11.127+0000] {dagbag.py:355} ERROR - Failed to import: /opt/airflow/dags/main.py
Traceback (most recent call last):
  File "/home/airflow/.local/lib/python3.10/site-packages/airflow/models/dagbag.py", line 351, in parse
    loader.exec_module(new_module)
  File "<frozen importlib._bootstrap_external>", line 883, in exec_module
  File "<frozen importlib._bootstrap>", line 241, in _call_with_frames_removed
  File "/opt/airflow/dags/main.py", line 29, in <module>
    videos_id = get
NameError: name 'get' is not defined. Did you mean: 'set'?
[2026-09-29T14:33:11.145+0000] {processor.py:842} WARNING - No viable dags retrieved from /opt/airflow/dags/main.py
[2026-09-29T14:33:11.173+0000] {processor.py:183} INFO - Processing /opt/airflow/dags/main.py took 0.344 seconds
[2026-09-29T14:33:15.175+0000] {processor.py:161} INFO - Started process (PID=403) to work on /opt/airflow/dags/main.py
[2026-09-29T14:33:15.182+0000] {processor.py:830} INFO - Processing file /opt/airflow/dags/main.py for tasks to queue
[2026-09-29T14:33:15.188+0000] {logging_mixin.py:188} INFO - [2026-09-29T14:33:15.186+0000] {dagbag.py:545} INFO - Filling up the DagBag from /opt/airflow/dags/main.py
[2026-09-29T14:33:15.710+0000] {logging_mixin.py:188} INFO - [2026-09-29T14:33:15.699+0000] {dagbag.py:355} ERROR - Failed to import: /opt/airflow/dags/main.py
Traceback (most recent call last):
  File "/home/airflow/.local/lib/python3.10/site-packages/airflow/models/dagbag.py", line 351, in parse
    loader.exec_module(new_module)
  File "<frozen importlib._bootstrap_external>", line 883, in exec_module
  File "<frozen importlib._bootstrap>", line 241, in _call_with_frames_removed
  File "/opt/airflow/dags/main.py", line 29, in <module>
    videos_id = get_video_ids(playlist_id)
TypeError: get_video_ids() missing 1 required positional argument: 'schema'
[2026-09-29T14:33:15.715+0000] {processor.py:842} WARNING - No viable dags retrieved from /opt/airflow/dags/main.py
[2026-09-29T14:33:15.755+0000] {processor.py:183} INFO - Processing /opt/airflow/dags/main.py took 0.620 seconds
[2026-09-29T14:33:19.872+0000] {processor.py:161} INFO - Started process (PID=404) to work on /opt/airflow/dags/main.py
[2026-09-29T14:33:19.875+0000] {processor.py:830} INFO - Processing file /opt/airflow/dags/main.py for tasks to queue
[2026-09-29T14:33:19.877+0000] {logging_mixin.py:188} INFO - [2026-09-29T14:33:19.876+0000] {dagbag.py:545} INFO - Filling up the DagBag from /opt/airflow/dags/main.py
[2026-09-29T14:33:20.248+0000] {logging_mixin.py:188} INFO - [2026-09-29T14:33:20.236+0000] {dagbag.py:355} ERROR - Failed to import: /opt/airflow/dags/main.py
Traceback (most recent call last):
  File "/home/airflow/.local/lib/python3.10/site-packages/airflow/models/dagbag.py", line 351, in parse
    loader.exec_module(new_module)
  File "<frozen importlib._bootstrap_external>", line 883, in exec_module
  File "<frozen importlib._bootstrap>", line 241, in _call_with_frames_removed
  File "/opt/airflow/dags/main.py", line 29, in <module>
    videos_id = get_video_ids(playlist_id)
TypeError: get_video_ids() missing 1 required positional argument: 'schema'
[2026-09-29T14:33:20.253+0000] {processor.py:842} WARNING - No viable dags retrieved from /opt/airflow/dags/main.py
[2026-09-29T14:33:20.306+0000] {processor.py:183} INFO - Processing /opt/airflow/dags/main.py took 0.443 seconds
[2026-09-29T14:33:26.400+0000] {processor.py:161} INFO - Started process (PID=405) to work on /opt/airflow/dags/main.py
[2026-09-29T14:33:26.402+0000] {processor.py:830} INFO - Processing file /opt/airflow/dags/main.py for tasks to queue
[2026-09-29T14:33:26.404+0000] {logging_mixin.py:188} INFO - [2026-09-29T14:33:26.404+0000] {dagbag.py:545} INFO - Filling up the DagBag from /opt/airflow/dags/main.py
[2026-09-29T14:33:26.692+0000] {logging_mixin.py:188} INFO - [2026-09-29T14:33:26.681+0000] {dagbag.py:355} ERROR - Failed to import: /opt/airflow/dags/main.py
Traceback (most recent call last):
  File "/home/airflow/.local/lib/python3.10/site-packages/airflow/models/dagbag.py", line 351, in parse
    loader.exec_module(new_module)
  File "<frozen importlib._bootstrap_external>", line 883, in exec_module
  File "<frozen importlib._bootstrap>", line 241, in _call_with_frames_removed
  File "/opt/airflow/dags/main.py", line 29, in <module>
    videos_id = get_video_ids(playlist_id)
TypeError: get_video_ids() missing 1 required positional argument: 'schema'
[2026-09-29T14:33:26.698+0000] {processor.py:842} WARNING - No viable dags retrieved from /opt/airflow/dags/main.py
[2026-09-29T14:33:26.773+0000] {processor.py:183} INFO - Processing /opt/airflow/dags/main.py took 0.384 seconds
[2026-09-29T14:33:29.482+0000] {processor.py:161} INFO - Started process (PID=406) to work on /opt/airflow/dags/main.py
[2026-09-29T14:33:29.485+0000] {processor.py:830} INFO - Processing file /opt/airflow/dags/main.py for tasks to queue
[2026-09-29T14:33:29.487+0000] {logging_mixin.py:188} INFO - [2026-09-29T14:33:29.487+0000] {dagbag.py:545} INFO - Filling up the DagBag from /opt/airflow/dags/main.py
[2026-09-29T14:33:29.710+0000] {logging_mixin.py:188} INFO - [2026-09-29T14:33:29.705+0000] {dagbag.py:355} ERROR - Failed to import: /opt/airflow/dags/main.py
Traceback (most recent call last):
  File "/home/airflow/.local/lib/python3.10/site-packages/airflow/models/dagbag.py", line 351, in parse
    loader.exec_module(new_module)
  File "<frozen importlib._bootstrap_external>", line 883, in exec_module
  File "<frozen importlib._bootstrap>", line 241, in _call_with_frames_removed
  File "/opt/airflow/dags/main.py", line 29, in <module>
    videos_id = get_video_ids(playlist_id)
TypeError: get_video_ids() missing 1 required positional argument: 'schema'
[2026-09-29T14:33:29.713+0000] {processor.py:842} WARNING - No viable dags retrieved from /opt/airflow/dags/main.py
[2026-09-29T14:33:29.739+0000] {processor.py:183} INFO - Processing /opt/airflow/dags/main.py took 0.265 seconds
[2026-09-29T14:33:30.501+0000] {processor.py:161} INFO - Started process (PID=407) to work on /opt/airflow/dags/main.py
[2026-09-29T14:33:30.504+0000] {processor.py:830} INFO - Processing file /opt/airflow/dags/main.py for tasks to queue
[2026-09-29T14:33:30.511+0000] {logging_mixin.py:188} INFO - [2026-09-29T14:33:30.509+0000] {dagbag.py:545} INFO - Filling up the DagBag from /opt/airflow/dags/main.py
[2026-09-29T14:33:30.805+0000] {logging_mixin.py:188} INFO - [2026-09-29T14:33:30.796+0000] {dagbag.py:355} ERROR - Failed to import: /opt/airflow/dags/main.py
Traceback (most recent call last):
  File "/home/airflow/.local/lib/python3.10/site-packages/airflow/models/dagbag.py", line 351, in parse
    loader.exec_module(new_module)
  File "<frozen importlib._bootstrap_external>", line 883, in exec_module
  File "<frozen importlib._bootstrap>", line 241, in _call_with_frames_removed
  File "/opt/airflow/dags/main.py", line 29, in <module>
    videos_id = get_video_ids(playlist_id)
TypeError: get_video_ids() missing 1 required positional argument: 'schema'
[2026-09-29T14:33:30.809+0000] {processor.py:842} WARNING - No viable dags retrieved from /opt/airflow/dags/main.py
[2026-09-29T14:33:30.872+0000] {processor.py:183} INFO - Processing /opt/airflow/dags/main.py took 0.379 seconds
[2026-09-29T14:33:31.831+0000] {processor.py:161} INFO - Started process (PID=408) to work on /opt/airflow/dags/main.py
[2026-09-29T14:33:31.833+0000] {processor.py:830} INFO - Processing file /opt/airflow/dags/main.py for tasks to queue
[2026-09-29T14:33:31.836+0000] {logging_mixin.py:188} INFO - [2026-09-29T14:33:31.835+0000] {dagbag.py:545} INFO - Filling up the DagBag from /opt/airflow/dags/main.py
[2026-09-29T14:33:32.116+0000] {logging_mixin.py:188} INFO - [2026-09-29T14:33:32.110+0000] {dagbag.py:355} ERROR - Failed to import: /opt/airflow/dags/main.py
Traceback (most recent call last):
  File "/home/airflow/.local/lib/python3.10/site-packages/airflow/models/dagbag.py", line 351, in parse
    loader.exec_module(new_module)
  File "<frozen importlib._bootstrap_external>", line 883, in exec_module
  File "<frozen importlib._bootstrap>", line 241, in _call_with_frames_removed
  File "/opt/airflow/dags/main.py", line 29, in <module>
    videos_id = get_video_ids(playlist_id)
TypeError: get_video_ids() missing 1 required positional argument: 'schema'
[2026-09-29T14:33:32.118+0000] {processor.py:842} WARNING - No viable dags retrieved from /opt/airflow/dags/main.py
[2026-09-29T14:33:32.142+0000] {processor.py:183} INFO - Processing /opt/airflow/dags/main.py took 0.318 seconds
[2026-09-29T14:33:36.023+0000] {processor.py:161} INFO - Started process (PID=409) to work on /opt/airflow/dags/main.py
[2026-09-29T14:33:36.025+0000] {processor.py:830} INFO - Processing file /opt/airflow/dags/main.py for tasks to queue
[2026-09-29T14:33:36.028+0000] {logging_mixin.py:188} INFO - [2026-09-29T14:33:36.027+0000] {dagbag.py:545} INFO - Filling up the DagBag from /opt/airflow/dags/main.py
[2026-09-29T14:33:36.319+0000] {logging_mixin.py:188} INFO - [2026-09-29T14:33:36.307+0000] {dagbag.py:355} ERROR - Failed to import: /opt/airflow/dags/main.py
Traceback (most recent call last):
  File "/home/airflow/.local/lib/python3.10/site-packages/airflow/models/dagbag.py", line 351, in parse
    loader.exec_module(new_module)
  File "<frozen importlib._bootstrap_external>", line 883, in exec_module
  File "<frozen importlib._bootstrap>", line 241, in _call_with_frames_removed
  File "/opt/airflow/dags/main.py", line 29, in <module>
    videos_id = get_video_ids(playlist_id)
TypeError: get_video_ids() missing 1 required positional argument: 'schema'
[2026-09-29T14:33:36.325+0000] {processor.py:842} WARNING - No viable dags retrieved from /opt/airflow/dags/main.py
[2026-09-29T14:33:36.383+0000] {processor.py:183} INFO - Processing /opt/airflow/dags/main.py took 0.367 seconds
[2026-09-29T14:33:40.296+0000] {processor.py:161} INFO - Started process (PID=416) to work on /opt/airflow/dags/main.py
[2026-09-29T14:33:40.298+0000] {processor.py:830} INFO - Processing file /opt/airflow/dags/main.py for tasks to queue
[2026-09-29T14:33:40.300+0000] {logging_mixin.py:188} INFO - [2026-09-29T14:33:40.300+0000] {dagbag.py:545} INFO - Filling up the DagBag from /opt/airflow/dags/main.py
[2026-09-29T14:33:40.333+0000] {logging_mixin.py:188} INFO - [2026-09-29T14:33:40.331+0000] {dagbag.py:355} ERROR - Failed to import: /opt/airflow/dags/main.py
Traceback (most recent call last):
  File "/home/airflow/.local/lib/python3.10/site-packages/airflow/models/dagbag.py", line 351, in parse
    loader.exec_module(new_module)
  File "<frozen importlib._bootstrap_external>", line 879, in exec_module
  File "<frozen importlib._bootstrap_external>", line 1017, in get_code
  File "<frozen importlib._bootstrap_external>", line 947, in source_to_code
  File "<frozen importlib._bootstrap>", line 241, in _call_with_frames_removed
  File "/opt/airflow/dags/main.py", line 31
    save_to_json_task = 
                        ^
SyntaxError: invalid syntax
[2026-09-29T14:33:40.334+0000] {processor.py:842} WARNING - No viable dags retrieved from /opt/airflow/dags/main.py
[2026-09-29T14:33:40.368+0000] {processor.py:183} INFO - Processing /opt/airflow/dags/main.py took 0.081 seconds
[2026-09-29T14:33:43.356+0000] {processor.py:161} INFO - Started process (PID=417) to work on /opt/airflow/dags/main.py
[2026-09-29T14:33:43.359+0000] {processor.py:830} INFO - Processing file /opt/airflow/dags/main.py for tasks to queue
[2026-09-29T14:33:43.362+0000] {logging_mixin.py:188} INFO - [2026-09-29T14:33:43.361+0000] {dagbag.py:545} INFO - Filling up the DagBag from /opt/airflow/dags/main.py
[2026-09-29T14:33:43.777+0000] {logging_mixin.py:188} INFO - [2026-09-29T14:33:43.766+0000] {dagbag.py:355} ERROR - Failed to import: /opt/airflow/dags/main.py
Traceback (most recent call last):
  File "/home/airflow/.local/lib/python3.10/site-packages/airflow/models/dagbag.py", line 351, in parse
    loader.exec_module(new_module)
  File "<frozen importlib._bootstrap_external>", line 883, in exec_module
  File "<frozen importlib._bootstrap>", line 241, in _call_with_frames_removed
  File "/opt/airflow/dags/main.py", line 29, in <module>
    videos_id = get_video_ids(playlist_id)
TypeError: get_video_ids() missing 1 required positional argument: 'schema'
[2026-09-29T14:33:43.782+0000] {processor.py:842} WARNING - No viable dags retrieved from /opt/airflow/dags/main.py
[2026-09-29T14:33:43.816+0000] {processor.py:183} INFO - Processing /opt/airflow/dags/main.py took 0.471 seconds
[2026-09-29T14:33:45.511+0000] {processor.py:161} INFO - Started process (PID=418) to work on /opt/airflow/dags/main.py
[2026-09-29T14:33:45.513+0000] {processor.py:830} INFO - Processing file /opt/airflow/dags/main.py for tasks to queue
[2026-09-29T14:33:45.516+0000] {logging_mixin.py:188} INFO - [2026-09-29T14:33:45.515+0000] {dagbag.py:545} INFO - Filling up the DagBag from /opt/airflow/dags/main.py
[2026-09-29T14:33:45.766+0000] {logging_mixin.py:188} INFO - [2026-09-29T14:33:45.751+0000] {dagbag.py:355} ERROR - Failed to import: /opt/airflow/dags/main.py
Traceback (most recent call last):
  File "/home/airflow/.local/lib/python3.10/site-packages/airflow/models/dagbag.py", line 351, in parse
    loader.exec_module(new_module)
  File "<frozen importlib._bootstrap_external>", line 883, in exec_module
  File "<frozen importlib._bootstrap>", line 241, in _call_with_frames_removed
  File "/opt/airflow/dags/main.py", line 29, in <module>
    videos_id = get_video_ids(playlist_id)
TypeError: get_video_ids() missing 1 required positional argument: 'schema'
[2026-09-29T14:33:45.772+0000] {processor.py:842} WARNING - No viable dags retrieved from /opt/airflow/dags/main.py
[2026-09-29T14:33:45.829+0000] {processor.py:183} INFO - Processing /opt/airflow/dags/main.py took 0.325 seconds
[2026-09-29T14:33:46.927+0000] {processor.py:161} INFO - Started process (PID=419) to work on /opt/airflow/dags/main.py
[2026-09-29T14:33:46.932+0000] {processor.py:830} INFO - Processing file /opt/airflow/dags/main.py for tasks to queue
[2026-09-29T14:33:46.934+0000] {logging_mixin.py:188} INFO - [2026-09-29T14:33:46.934+0000] {dagbag.py:545} INFO - Filling up the DagBag from /opt/airflow/dags/main.py
[2026-09-29T14:33:47.258+0000] {logging_mixin.py:188} INFO - [2026-09-29T14:33:47.248+0000] {dagbag.py:355} ERROR - Failed to import: /opt/airflow/dags/main.py
Traceback (most recent call last):
  File "/home/airflow/.local/lib/python3.10/site-packages/airflow/models/dagbag.py", line 351, in parse
    loader.exec_module(new_module)
  File "<frozen importlib._bootstrap_external>", line 883, in exec_module
  File "<frozen importlib._bootstrap>", line 241, in _call_with_frames_removed
  File "/opt/airflow/dags/main.py", line 29, in <module>
    videos_id = get_video_ids(playlist_id)
TypeError: get_video_ids() missing 1 required positional argument: 'schema'
[2026-09-29T14:33:47.263+0000] {processor.py:842} WARNING - No viable dags retrieved from /opt/airflow/dags/main.py
[2026-09-29T14:33:47.298+0000] {processor.py:183} INFO - Processing /opt/airflow/dags/main.py took 0.381 seconds
[2026-09-29T14:33:59.586+0000] {processor.py:161} INFO - Started process (PID=420) to work on /opt/airflow/dags/main.py
[2026-09-29T14:33:59.592+0000] {processor.py:830} INFO - Processing file /opt/airflow/dags/main.py for tasks to queue
[2026-09-29T14:33:59.601+0000] {logging_mixin.py:188} INFO - [2026-09-29T14:33:59.599+0000] {dagbag.py:545} INFO - Filling up the DagBag from /opt/airflow/dags/main.py
[2026-09-29T14:34:00.165+0000] {logging_mixin.py:188} INFO - [2026-09-29T14:34:00.155+0000] {dagbag.py:355} ERROR - Failed to import: /opt/airflow/dags/main.py
Traceback (most recent call last):
  File "/home/airflow/.local/lib/python3.10/site-packages/airflow/models/dagbag.py", line 351, in parse
    loader.exec_module(new_module)
  File "<frozen importlib._bootstrap_external>", line 883, in exec_module
  File "<frozen importlib._bootstrap>", line 241, in _call_with_frames_removed
  File "/opt/airflow/dags/main.py", line 29, in <module>
    videos_id = get_video_ids(playlist_id)
TypeError: get_video_ids() missing 1 required positional argument: 'schema'
[2026-09-29T14:34:00.170+0000] {processor.py:842} WARNING - No viable dags retrieved from /opt/airflow/dags/main.py
[2026-09-29T14:34:00.234+0000] {processor.py:183} INFO - Processing /opt/airflow/dags/main.py took 0.668 seconds
[2026-09-29T14:34:03.323+0000] {processor.py:161} INFO - Started process (PID=421) to work on /opt/airflow/dags/main.py
[2026-09-29T14:34:03.326+0000] {processor.py:830} INFO - Processing file /opt/airflow/dags/main.py for tasks to queue
[2026-09-29T14:34:03.328+0000] {logging_mixin.py:188} INFO - [2026-09-29T14:34:03.327+0000] {dagbag.py:545} INFO - Filling up the DagBag from /opt/airflow/dags/main.py
[2026-09-29T14:34:03.526+0000] {logging_mixin.py:188} INFO - [2026-09-29T14:34:03.519+0000] {dagbag.py:355} ERROR - Failed to import: /opt/airflow/dags/main.py
Traceback (most recent call last):
  File "/home/airflow/.local/lib/python3.10/site-packages/airflow/models/dagbag.py", line 351, in parse
    loader.exec_module(new_module)
  File "<frozen importlib._bootstrap_external>", line 883, in exec_module
  File "<frozen importlib._bootstrap>", line 241, in _call_with_frames_removed
  File "/opt/airflow/dags/main.py", line 29, in <module>
    videos_id = get_video_ids(playlist_id)
TypeError: get_video_ids() missing 1 required positional argument: 'schema'
[2026-09-29T14:34:03.530+0000] {processor.py:842} WARNING - No viable dags retrieved from /opt/airflow/dags/main.py
[2026-09-29T14:34:03.560+0000] {processor.py:183} INFO - Processing /opt/airflow/dags/main.py took 0.245 seconds
[2026-09-29T14:34:08.457+0000] {processor.py:161} INFO - Started process (PID=428) to work on /opt/airflow/dags/main.py
[2026-09-29T14:34:08.462+0000] {processor.py:830} INFO - Processing file /opt/airflow/dags/main.py for tasks to queue
[2026-09-29T14:34:08.465+0000] {logging_mixin.py:188} INFO - [2026-09-29T14:34:08.465+0000] {dagbag.py:545} INFO - Filling up the DagBag from /opt/airflow/dags/main.py
[2026-09-29T14:34:08.547+0000] {logging_mixin.py:188} INFO - [2026-09-29T14:34:08.545+0000] {dagbag.py:355} ERROR - Failed to import: /opt/airflow/dags/main.py
Traceback (most recent call last):
  File "/home/airflow/.local/lib/python3.10/site-packages/airflow/models/dagbag.py", line 351, in parse
    loader.exec_module(new_module)
  File "<frozen importlib._bootstrap_external>", line 879, in exec_module
  File "<frozen importlib._bootstrap_external>", line 1017, in get_code
  File "<frozen importlib._bootstrap_external>", line 947, in source_to_code
  File "<frozen importlib._bootstrap>", line 241, in _call_with_frames_removed
  File "/opt/airflow/dags/main.py", line 33
    playlist_id >> 
                   ^
SyntaxError: invalid syntax
[2026-09-29T14:34:08.550+0000] {processor.py:842} WARNING - No viable dags retrieved from /opt/airflow/dags/main.py
[2026-09-29T14:34:08.618+0000] {processor.py:183} INFO - Processing /opt/airflow/dags/main.py took 0.179 seconds
[2026-09-29T14:34:10.514+0000] {processor.py:161} INFO - Started process (PID=429) to work on /opt/airflow/dags/main.py
[2026-09-29T14:34:10.521+0000] {processor.py:830} INFO - Processing file /opt/airflow/dags/main.py for tasks to queue
[2026-09-29T14:34:10.525+0000] {logging_mixin.py:188} INFO - [2026-09-29T14:34:10.525+0000] {dagbag.py:545} INFO - Filling up the DagBag from /opt/airflow/dags/main.py
[2026-09-29T14:34:10.975+0000] {logging_mixin.py:188} INFO - [2026-09-29T14:34:10.967+0000] {dagbag.py:355} ERROR - Failed to import: /opt/airflow/dags/main.py
Traceback (most recent call last):
  File "/home/airflow/.local/lib/python3.10/site-packages/airflow/models/dagbag.py", line 351, in parse
    loader.exec_module(new_module)
  File "<frozen importlib._bootstrap_external>", line 883, in exec_module
  File "<frozen importlib._bootstrap>", line 241, in _call_with_frames_removed
  File "/opt/airflow/dags/main.py", line 29, in <module>
    videos_id = get_video_ids(playlist_id)
TypeError: get_video_ids() missing 1 required positional argument: 'schema'
[2026-09-29T14:34:10.978+0000] {processor.py:842} WARNING - No viable dags retrieved from /opt/airflow/dags/main.py
[2026-09-29T14:34:11.022+0000] {processor.py:183} INFO - Processing /opt/airflow/dags/main.py took 0.528 seconds
[2026-09-29T14:34:14.127+0000] {processor.py:161} INFO - Started process (PID=430) to work on /opt/airflow/dags/main.py
[2026-09-29T14:34:14.129+0000] {processor.py:830} INFO - Processing file /opt/airflow/dags/main.py for tasks to queue
[2026-09-29T14:34:14.131+0000] {logging_mixin.py:188} INFO - [2026-09-29T14:34:14.131+0000] {dagbag.py:545} INFO - Filling up the DagBag from /opt/airflow/dags/main.py
[2026-09-29T14:34:14.328+0000] {logging_mixin.py:188} INFO - [2026-09-29T14:34:14.322+0000] {dagbag.py:355} ERROR - Failed to import: /opt/airflow/dags/main.py
Traceback (most recent call last):
  File "/home/airflow/.local/lib/python3.10/site-packages/airflow/models/dagbag.py", line 351, in parse
    loader.exec_module(new_module)
  File "<frozen importlib._bootstrap_external>", line 883, in exec_module
  File "<frozen importlib._bootstrap>", line 241, in _call_with_frames_removed
  File "/opt/airflow/dags/main.py", line 29, in <module>
    videos_id = get_video_ids(playlist_id)
TypeError: get_video_ids() missing 1 required positional argument: 'schema'
[2026-09-29T14:34:14.330+0000] {processor.py:842} WARNING - No viable dags retrieved from /opt/airflow/dags/main.py
[2026-09-29T14:34:14.355+0000] {processor.py:183} INFO - Processing /opt/airflow/dags/main.py took 0.236 seconds
[2026-09-29T14:34:19.249+0000] {processor.py:161} INFO - Started process (PID=431) to work on /opt/airflow/dags/main.py
[2026-09-29T14:34:19.253+0000] {processor.py:830} INFO - Processing file /opt/airflow/dags/main.py for tasks to queue
[2026-09-29T14:34:19.257+0000] {logging_mixin.py:188} INFO - [2026-09-29T14:34:19.256+0000] {dagbag.py:545} INFO - Filling up the DagBag from /opt/airflow/dags/main.py
[2026-09-29T14:34:19.558+0000] {logging_mixin.py:188} INFO - [2026-09-29T14:34:19.550+0000] {dagbag.py:355} ERROR - Failed to import: /opt/airflow/dags/main.py
Traceback (most recent call last):
  File "/home/airflow/.local/lib/python3.10/site-packages/airflow/models/dagbag.py", line 351, in parse
    loader.exec_module(new_module)
  File "<frozen importlib._bootstrap_external>", line 883, in exec_module
  File "<frozen importlib._bootstrap>", line 241, in _call_with_frames_removed
  File "/opt/airflow/dags/main.py", line 29, in <module>
    videos_id = get_video_ids(playlist_id)
TypeError: get_video_ids() missing 1 required positional argument: 'schema'
[2026-09-29T14:34:19.561+0000] {processor.py:842} WARNING - No viable dags retrieved from /opt/airflow/dags/main.py
[2026-09-29T14:34:19.585+0000] {processor.py:183} INFO - Processing /opt/airflow/dags/main.py took 0.347 seconds
[2026-09-29T14:34:22.512+0000] {processor.py:161} INFO - Started process (PID=432) to work on /opt/airflow/dags/main.py
[2026-09-29T14:34:22.514+0000] {processor.py:830} INFO - Processing file /opt/airflow/dags/main.py for tasks to queue
[2026-09-29T14:34:22.516+0000] {logging_mixin.py:188} INFO - [2026-09-29T14:34:22.516+0000] {dagbag.py:545} INFO - Filling up the DagBag from /opt/airflow/dags/main.py
[2026-09-29T14:34:22.892+0000] {logging_mixin.py:188} INFO - [2026-09-29T14:34:22.885+0000] {dagbag.py:355} ERROR - Failed to import: /opt/airflow/dags/main.py
Traceback (most recent call last):
  File "/home/airflow/.local/lib/python3.10/site-packages/airflow/models/dagbag.py", line 351, in parse
    loader.exec_module(new_module)
  File "<frozen importlib._bootstrap_external>", line 883, in exec_module
  File "<frozen importlib._bootstrap>", line 241, in _call_with_frames_removed
  File "/opt/airflow/dags/main.py", line 29, in <module>
    videos_id = get_video_ids(playlist_id)
TypeError: get_video_ids() missing 1 required positional argument: 'schema'
[2026-09-29T14:34:22.895+0000] {processor.py:842} WARNING - No viable dags retrieved from /opt/airflow/dags/main.py
[2026-09-29T14:34:22.926+0000] {processor.py:183} INFO - Processing /opt/airflow/dags/main.py took 0.422 seconds
[2026-09-29T14:34:24.784+0000] {processor.py:161} INFO - Started process (PID=433) to work on /opt/airflow/dags/main.py
[2026-09-29T14:34:24.790+0000] {processor.py:830} INFO - Processing file /opt/airflow/dags/main.py for tasks to queue
[2026-09-29T14:34:24.797+0000] {logging_mixin.py:188} INFO - [2026-09-29T14:34:24.796+0000] {dagbag.py:545} INFO - Filling up the DagBag from /opt/airflow/dags/main.py
[2026-09-29T14:34:25.327+0000] {logging_mixin.py:188} INFO - [2026-09-29T14:34:25.321+0000] {dagbag.py:355} ERROR - Failed to import: /opt/airflow/dags/main.py
Traceback (most recent call last):
  File "/home/airflow/.local/lib/python3.10/site-packages/airflow/models/dagbag.py", line 351, in parse
    loader.exec_module(new_module)
  File "<frozen importlib._bootstrap_external>", line 883, in exec_module
  File "<frozen importlib._bootstrap>", line 241, in _call_with_frames_removed
  File "/opt/airflow/dags/main.py", line 29, in <module>
    videos_id = get_video_ids(playlist_id)
TypeError: get_video_ids() missing 1 required positional argument: 'schema'
[2026-09-29T14:34:25.329+0000] {processor.py:842} WARNING - No viable dags retrieved from /opt/airflow/dags/main.py
[2026-09-29T14:34:25.353+0000] {processor.py:183} INFO - Processing /opt/airflow/dags/main.py took 0.606 seconds
[2026-09-29T14:34:36.168+0000] {processor.py:161} INFO - Started process (PID=434) to work on /opt/airflow/dags/main.py
[2026-09-29T14:34:36.171+0000] {processor.py:830} INFO - Processing file /opt/airflow/dags/main.py for tasks to queue
[2026-09-29T14:34:36.173+0000] {logging_mixin.py:188} INFO - [2026-09-29T14:34:36.173+0000] {dagbag.py:545} INFO - Filling up the DagBag from /opt/airflow/dags/main.py
[2026-09-29T14:34:36.397+0000] {logging_mixin.py:188} INFO - [2026-09-29T14:34:36.389+0000] {dagbag.py:355} ERROR - Failed to import: /opt/airflow/dags/main.py
Traceback (most recent call last):
  File "/home/airflow/.local/lib/python3.10/site-packages/airflow/models/dagbag.py", line 351, in parse
    loader.exec_module(new_module)
  File "<frozen importlib._bootstrap_external>", line 883, in exec_module
  File "<frozen importlib._bootstrap>", line 241, in _call_with_frames_removed
  File "/opt/airflow/dags/main.py", line 29, in <module>
    videos_id = get_video_ids(playlist_id)
TypeError: get_video_ids() missing 1 required positional argument: 'schema'
[2026-09-29T14:34:36.400+0000] {processor.py:842} WARNING - No viable dags retrieved from /opt/airflow/dags/main.py
[2026-09-29T14:34:36.437+0000] {processor.py:183} INFO - Processing /opt/airflow/dags/main.py took 0.278 seconds
[2026-09-29T14:35:06.773+0000] {processor.py:161} INFO - Started process (PID=441) to work on /opt/airflow/dags/main.py
[2026-09-29T14:35:06.775+0000] {processor.py:830} INFO - Processing file /opt/airflow/dags/main.py for tasks to queue
[2026-09-29T14:35:06.777+0000] {logging_mixin.py:188} INFO - [2026-09-29T14:35:06.777+0000] {dagbag.py:545} INFO - Filling up the DagBag from /opt/airflow/dags/main.py
[2026-09-29T14:35:06.975+0000] {logging_mixin.py:188} INFO - [2026-09-29T14:35:06.969+0000] {dagbag.py:355} ERROR - Failed to import: /opt/airflow/dags/main.py
Traceback (most recent call last):
  File "/home/airflow/.local/lib/python3.10/site-packages/airflow/models/dagbag.py", line 351, in parse
    loader.exec_module(new_module)
  File "<frozen importlib._bootstrap_external>", line 883, in exec_module
  File "<frozen importlib._bootstrap>", line 241, in _call_with_frames_removed
  File "/opt/airflow/dags/main.py", line 29, in <module>
    videos_id = get_video_ids(playlist_id)
TypeError: get_video_ids() missing 1 required positional argument: 'schema'
[2026-09-29T14:35:06.977+0000] {processor.py:842} WARNING - No viable dags retrieved from /opt/airflow/dags/main.py
[2026-09-29T14:35:07.007+0000] {processor.py:183} INFO - Processing /opt/airflow/dags/main.py took 0.242 seconds
[2026-09-29T14:35:37.336+0000] {processor.py:161} INFO - Started process (PID=448) to work on /opt/airflow/dags/main.py
[2026-09-29T14:35:37.339+0000] {processor.py:830} INFO - Processing file /opt/airflow/dags/main.py for tasks to queue
[2026-09-29T14:35:37.341+0000] {logging_mixin.py:188} INFO - [2026-09-29T14:35:37.341+0000] {dagbag.py:545} INFO - Filling up the DagBag from /opt/airflow/dags/main.py
[2026-09-29T14:35:37.542+0000] {logging_mixin.py:188} INFO - [2026-09-29T14:35:37.535+0000] {dagbag.py:355} ERROR - Failed to import: /opt/airflow/dags/main.py
Traceback (most recent call last):
  File "/home/airflow/.local/lib/python3.10/site-packages/airflow/models/dagbag.py", line 351, in parse
    loader.exec_module(new_module)
  File "<frozen importlib._bootstrap_external>", line 883, in exec_module
  File "<frozen importlib._bootstrap>", line 241, in _call_with_frames_removed
  File "/opt/airflow/dags/main.py", line 29, in <module>
    videos_id = get_video_ids(playlist_id)
TypeError: get_video_ids() missing 1 required positional argument: 'schema'
[2026-09-29T14:35:37.546+0000] {processor.py:842} WARNING - No viable dags retrieved from /opt/airflow/dags/main.py
[2026-09-29T14:35:37.580+0000] {processor.py:183} INFO - Processing /opt/airflow/dags/main.py took 0.250 seconds
[2026-09-29T14:36:07.871+0000] {processor.py:161} INFO - Started process (PID=461) to work on /opt/airflow/dags/main.py
[2026-09-29T14:36:07.880+0000] {processor.py:830} INFO - Processing file /opt/airflow/dags/main.py for tasks to queue
[2026-09-29T14:36:07.890+0000] {logging_mixin.py:188} INFO - [2026-09-29T14:36:07.887+0000] {dagbag.py:545} INFO - Filling up the DagBag from /opt/airflow/dags/main.py
[2026-09-29T14:36:08.286+0000] {logging_mixin.py:188} INFO - [2026-09-29T14:36:08.270+0000] {dagbag.py:355} ERROR - Failed to import: /opt/airflow/dags/main.py
Traceback (most recent call last):
  File "/home/airflow/.local/lib/python3.10/site-packages/airflow/models/dagbag.py", line 351, in parse
    loader.exec_module(new_module)
  File "<frozen importlib._bootstrap_external>", line 883, in exec_module
  File "<frozen importlib._bootstrap>", line 241, in _call_with_frames_removed
  File "/opt/airflow/dags/main.py", line 29, in <module>
    videos_id = get_video_ids(playlist_id)
TypeError: get_video_ids() missing 1 required positional argument: 'schema'
[2026-09-29T14:36:08.291+0000] {processor.py:842} WARNING - No viable dags retrieved from /opt/airflow/dags/main.py
[2026-09-29T14:36:08.328+0000] {processor.py:183} INFO - Processing /opt/airflow/dags/main.py took 0.538 seconds
[2026-09-29T14:36:38.701+0000] {processor.py:161} INFO - Started process (PID=468) to work on /opt/airflow/dags/main.py
[2026-09-29T14:36:38.713+0000] {processor.py:830} INFO - Processing file /opt/airflow/dags/main.py for tasks to queue
[2026-09-29T14:36:38.720+0000] {logging_mixin.py:188} INFO - [2026-09-29T14:36:38.718+0000] {dagbag.py:545} INFO - Filling up the DagBag from /opt/airflow/dags/main.py
[2026-09-29T14:36:39.217+0000] {logging_mixin.py:188} INFO - [2026-09-29T14:36:39.203+0000] {dagbag.py:355} ERROR - Failed to import: /opt/airflow/dags/main.py
Traceback (most recent call last):
  File "/home/airflow/.local/lib/python3.10/site-packages/airflow/models/dagbag.py", line 351, in parse
    loader.exec_module(new_module)
  File "<frozen importlib._bootstrap_external>", line 883, in exec_module
  File "<frozen importlib._bootstrap>", line 241, in _call_with_frames_removed
  File "/opt/airflow/dags/main.py", line 29, in <module>
    videos_id = get_video_ids(playlist_id)
TypeError: get_video_ids() missing 1 required positional argument: 'schema'
[2026-09-29T14:36:39.221+0000] {processor.py:842} WARNING - No viable dags retrieved from /opt/airflow/dags/main.py
[2026-09-29T14:36:39.258+0000] {processor.py:183} INFO - Processing /opt/airflow/dags/main.py took 0.571 seconds
[2026-09-29T14:37:09.504+0000] {processor.py:161} INFO - Started process (PID=475) to work on /opt/airflow/dags/main.py
[2026-09-29T14:37:09.507+0000] {processor.py:830} INFO - Processing file /opt/airflow/dags/main.py for tasks to queue
[2026-09-29T14:37:09.511+0000] {logging_mixin.py:188} INFO - [2026-09-29T14:37:09.510+0000] {dagbag.py:545} INFO - Filling up the DagBag from /opt/airflow/dags/main.py
[2026-09-29T14:37:09.722+0000] {logging_mixin.py:188} INFO - [2026-09-29T14:37:09.714+0000] {dagbag.py:355} ERROR - Failed to import: /opt/airflow/dags/main.py
Traceback (most recent call last):
  File "/home/airflow/.local/lib/python3.10/site-packages/airflow/models/dagbag.py", line 351, in parse
    loader.exec_module(new_module)
  File "<frozen importlib._bootstrap_external>", line 883, in exec_module
  File "<frozen importlib._bootstrap>", line 241, in _call_with_frames_removed
  File "/opt/airflow/dags/main.py", line 29, in <module>
    videos_id = get_video_ids(playlist_id)
TypeError: get_video_ids() missing 1 required positional argument: 'schema'
[2026-09-29T14:37:09.725+0000] {processor.py:842} WARNING - No viable dags retrieved from /opt/airflow/dags/main.py
[2026-09-29T14:37:09.751+0000] {processor.py:183} INFO - Processing /opt/airflow/dags/main.py took 0.255 seconds
[2026-09-29T14:37:39.848+0000] {processor.py:161} INFO - Started process (PID=482) to work on /opt/airflow/dags/main.py
[2026-09-29T14:37:39.851+0000] {processor.py:830} INFO - Processing file /opt/airflow/dags/main.py for tasks to queue
[2026-09-29T14:37:39.853+0000] {logging_mixin.py:188} INFO - [2026-09-29T14:37:39.853+0000] {dagbag.py:545} INFO - Filling up the DagBag from /opt/airflow/dags/main.py
[2026-09-29T14:37:40.082+0000] {logging_mixin.py:188} INFO - [2026-09-29T14:37:40.075+0000] {dagbag.py:355} ERROR - Failed to import: /opt/airflow/dags/main.py
Traceback (most recent call last):
  File "/home/airflow/.local/lib/python3.10/site-packages/airflow/models/dagbag.py", line 351, in parse
    loader.exec_module(new_module)
  File "<frozen importlib._bootstrap_external>", line 883, in exec_module
  File "<frozen importlib._bootstrap>", line 241, in _call_with_frames_removed
  File "/opt/airflow/dags/main.py", line 29, in <module>
    videos_id = get_video_ids(playlist_id)
TypeError: get_video_ids() missing 1 required positional argument: 'schema'
[2026-09-29T14:37:40.086+0000] {processor.py:842} WARNING - No viable dags retrieved from /opt/airflow/dags/main.py
[2026-09-29T14:37:40.123+0000] {processor.py:183} INFO - Processing /opt/airflow/dags/main.py took 0.282 seconds
[2026-09-29T14:38:10.365+0000] {processor.py:161} INFO - Started process (PID=489) to work on /opt/airflow/dags/main.py
[2026-09-29T14:38:10.368+0000] {processor.py:830} INFO - Processing file /opt/airflow/dags/main.py for tasks to queue
[2026-09-29T14:38:10.370+0000] {logging_mixin.py:188} INFO - [2026-09-29T14:38:10.370+0000] {dagbag.py:545} INFO - Filling up the DagBag from /opt/airflow/dags/main.py
[2026-09-29T14:38:10.584+0000] {logging_mixin.py:188} INFO - [2026-09-29T14:38:10.576+0000] {dagbag.py:355} ERROR - Failed to import: /opt/airflow/dags/main.py
Traceback (most recent call last):
  File "/home/airflow/.local/lib/python3.10/site-packages/airflow/models/dagbag.py", line 351, in parse
    loader.exec_module(new_module)
  File "<frozen importlib._bootstrap_external>", line 883, in exec_module
  File "<frozen importlib._bootstrap>", line 241, in _call_with_frames_removed
  File "/opt/airflow/dags/main.py", line 29, in <module>
    videos_id = get_video_ids(playlist_id)
TypeError: get_video_ids() missing 1 required positional argument: 'schema'
[2026-09-29T14:38:10.589+0000] {processor.py:842} WARNING - No viable dags retrieved from /opt/airflow/dags/main.py
[2026-09-29T14:38:10.617+0000] {processor.py:183} INFO - Processing /opt/airflow/dags/main.py took 0.260 seconds
[2026-09-29T14:38:40.720+0000] {processor.py:161} INFO - Started process (PID=496) to work on /opt/airflow/dags/main.py
[2026-09-29T14:38:40.724+0000] {processor.py:830} INFO - Processing file /opt/airflow/dags/main.py for tasks to queue
[2026-09-29T14:38:40.730+0000] {logging_mixin.py:188} INFO - [2026-09-29T14:38:40.729+0000] {dagbag.py:545} INFO - Filling up the DagBag from /opt/airflow/dags/main.py
[2026-09-29T14:38:40.953+0000] {logging_mixin.py:188} INFO - [2026-09-29T14:38:40.948+0000] {dagbag.py:355} ERROR - Failed to import: /opt/airflow/dags/main.py
Traceback (most recent call last):
  File "/home/airflow/.local/lib/python3.10/site-packages/airflow/models/dagbag.py", line 351, in parse
    loader.exec_module(new_module)
  File "<frozen importlib._bootstrap_external>", line 883, in exec_module
  File "<frozen importlib._bootstrap>", line 241, in _call_with_frames_removed
  File "/opt/airflow/dags/main.py", line 29, in <module>
    videos_id = get_video_ids(playlist_id)
TypeError: get_video_ids() missing 1 required positional argument: 'schema'
[2026-09-29T14:38:40.956+0000] {processor.py:842} WARNING - No viable dags retrieved from /opt/airflow/dags/main.py
[2026-09-29T14:38:40.987+0000] {processor.py:183} INFO - Processing /opt/airflow/dags/main.py took 0.277 seconds
[2026-09-29T14:39:11.244+0000] {processor.py:161} INFO - Started process (PID=503) to work on /opt/airflow/dags/main.py
[2026-09-29T14:39:11.247+0000] {processor.py:830} INFO - Processing file /opt/airflow/dags/main.py for tasks to queue
[2026-09-29T14:39:11.254+0000] {logging_mixin.py:188} INFO - [2026-09-29T14:39:11.253+0000] {dagbag.py:545} INFO - Filling up the DagBag from /opt/airflow/dags/main.py
[2026-09-29T14:39:11.742+0000] {logging_mixin.py:188} INFO - [2026-09-29T14:39:11.728+0000] {dagbag.py:355} ERROR - Failed to import: /opt/airflow/dags/main.py
Traceback (most recent call last):
  File "/home/airflow/.local/lib/python3.10/site-packages/airflow/models/dagbag.py", line 351, in parse
    loader.exec_module(new_module)
  File "<frozen importlib._bootstrap_external>", line 883, in exec_module
  File "<frozen importlib._bootstrap>", line 241, in _call_with_frames_removed
  File "/opt/airflow/dags/main.py", line 29, in <module>
    videos_id = get_video_ids(playlist_id)
TypeError: get_video_ids() missing 1 required positional argument: 'schema'
[2026-09-29T14:39:11.748+0000] {processor.py:842} WARNING - No viable dags retrieved from /opt/airflow/dags/main.py
[2026-09-29T14:39:11.815+0000] {processor.py:183} INFO - Processing /opt/airflow/dags/main.py took 0.584 seconds
[2026-09-29T14:39:42.442+0000] {processor.py:161} INFO - Started process (PID=510) to work on /opt/airflow/dags/main.py
[2026-09-29T14:39:42.448+0000] {processor.py:830} INFO - Processing file /opt/airflow/dags/main.py for tasks to queue
[2026-09-29T14:39:42.452+0000] {logging_mixin.py:188} INFO - [2026-09-29T14:39:42.451+0000] {dagbag.py:545} INFO - Filling up the DagBag from /opt/airflow/dags/main.py
[2026-09-29T14:39:42.943+0000] {logging_mixin.py:188} INFO - [2026-09-29T14:39:42.928+0000] {dagbag.py:355} ERROR - Failed to import: /opt/airflow/dags/main.py
Traceback (most recent call last):
  File "/home/airflow/.local/lib/python3.10/site-packages/airflow/models/dagbag.py", line 351, in parse
    loader.exec_module(new_module)
  File "<frozen importlib._bootstrap_external>", line 883, in exec_module
  File "<frozen importlib._bootstrap>", line 241, in _call_with_frames_removed
  File "/opt/airflow/dags/main.py", line 29, in <module>
    videos_id = get_video_ids(playlist_id)
TypeError: get_video_ids() missing 1 required positional argument: 'schema'
[2026-09-29T14:39:42.949+0000] {processor.py:842} WARNING - No viable dags retrieved from /opt/airflow/dags/main.py
[2026-09-29T14:39:42.994+0000] {processor.py:183} INFO - Processing /opt/airflow/dags/main.py took 0.576 seconds
[2026-09-29T14:40:13.395+0000] {processor.py:161} INFO - Started process (PID=517) to work on /opt/airflow/dags/main.py
[2026-09-29T14:40:13.401+0000] {processor.py:830} INFO - Processing file /opt/airflow/dags/main.py for tasks to queue
[2026-09-29T14:40:13.408+0000] {logging_mixin.py:188} INFO - [2026-09-29T14:40:13.407+0000] {dagbag.py:545} INFO - Filling up the DagBag from /opt/airflow/dags/main.py
[2026-09-29T14:40:13.949+0000] {logging_mixin.py:188} INFO - [2026-09-29T14:40:13.929+0000] {dagbag.py:355} ERROR - Failed to import: /opt/airflow/dags/main.py
Traceback (most recent call last):
  File "/home/airflow/.local/lib/python3.10/site-packages/airflow/models/dagbag.py", line 351, in parse
    loader.exec_module(new_module)
  File "<frozen importlib._bootstrap_external>", line 883, in exec_module
  File "<frozen importlib._bootstrap>", line 241, in _call_with_frames_removed
  File "/opt/airflow/dags/main.py", line 29, in <module>
    videos_id = get_video_ids(playlist_id)
TypeError: get_video_ids() missing 1 required positional argument: 'schema'
[2026-09-29T14:40:13.963+0000] {processor.py:842} WARNING - No viable dags retrieved from /opt/airflow/dags/main.py
[2026-09-29T14:40:14.040+0000] {processor.py:183} INFO - Processing /opt/airflow/dags/main.py took 0.679 seconds
[2026-09-29T14:40:44.212+0000] {processor.py:161} INFO - Started process (PID=524) to work on /opt/airflow/dags/main.py
[2026-09-29T14:40:44.219+0000] {processor.py:830} INFO - Processing file /opt/airflow/dags/main.py for tasks to queue
[2026-09-29T14:40:44.229+0000] {logging_mixin.py:188} INFO - [2026-09-29T14:40:44.225+0000] {dagbag.py:545} INFO - Filling up the DagBag from /opt/airflow/dags/main.py
[2026-09-29T14:40:44.718+0000] {logging_mixin.py:188} INFO - [2026-09-29T14:40:44.702+0000] {dagbag.py:355} ERROR - Failed to import: /opt/airflow/dags/main.py
Traceback (most recent call last):
  File "/home/airflow/.local/lib/python3.10/site-packages/airflow/models/dagbag.py", line 351, in parse
    loader.exec_module(new_module)
  File "<frozen importlib._bootstrap_external>", line 883, in exec_module
  File "<frozen importlib._bootstrap>", line 241, in _call_with_frames_removed
  File "/opt/airflow/dags/main.py", line 29, in <module>
    videos_id = get_video_ids(playlist_id)
TypeError: get_video_ids() missing 1 required positional argument: 'schema'
[2026-09-29T14:40:44.725+0000] {processor.py:842} WARNING - No viable dags retrieved from /opt/airflow/dags/main.py
[2026-09-29T14:40:44.792+0000] {processor.py:183} INFO - Processing /opt/airflow/dags/main.py took 0.613 seconds
[2026-09-29T14:41:15.383+0000] {processor.py:161} INFO - Started process (PID=531) to work on /opt/airflow/dags/main.py
[2026-09-29T14:41:15.386+0000] {processor.py:830} INFO - Processing file /opt/airflow/dags/main.py for tasks to queue
[2026-09-29T14:41:15.390+0000] {logging_mixin.py:188} INFO - [2026-09-29T14:41:15.389+0000] {dagbag.py:545} INFO - Filling up the DagBag from /opt/airflow/dags/main.py
[2026-09-29T14:41:15.632+0000] {logging_mixin.py:188} INFO - [2026-09-29T14:41:15.623+0000] {dagbag.py:355} ERROR - Failed to import: /opt/airflow/dags/main.py
Traceback (most recent call last):
  File "/home/airflow/.local/lib/python3.10/site-packages/airflow/models/dagbag.py", line 351, in parse
    loader.exec_module(new_module)
  File "<frozen importlib._bootstrap_external>", line 883, in exec_module
  File "<frozen importlib._bootstrap>", line 241, in _call_with_frames_removed
  File "/opt/airflow/dags/main.py", line 29, in <module>
    videos_id = get_video_ids(playlist_id)
TypeError: get_video_ids() missing 1 required positional argument: 'schema'
[2026-09-29T14:41:15.635+0000] {processor.py:842} WARNING - No viable dags retrieved from /opt/airflow/dags/main.py
[2026-09-29T14:41:15.669+0000] {processor.py:183} INFO - Processing /opt/airflow/dags/main.py took 0.295 seconds
[2026-09-29T14:41:45.930+0000] {processor.py:161} INFO - Started process (PID=539) to work on /opt/airflow/dags/main.py
[2026-09-29T14:41:45.933+0000] {processor.py:830} INFO - Processing file /opt/airflow/dags/main.py for tasks to queue
[2026-09-29T14:41:45.936+0000] {logging_mixin.py:188} INFO - [2026-09-29T14:41:45.935+0000] {dagbag.py:545} INFO - Filling up the DagBag from /opt/airflow/dags/main.py
[2026-09-29T14:41:46.155+0000] {logging_mixin.py:188} INFO - [2026-09-29T14:41:46.148+0000] {dagbag.py:355} ERROR - Failed to import: /opt/airflow/dags/main.py
Traceback (most recent call last):
  File "/home/airflow/.local/lib/python3.10/site-packages/airflow/models/dagbag.py", line 351, in parse
    loader.exec_module(new_module)
  File "<frozen importlib._bootstrap_external>", line 883, in exec_module
  File "<frozen importlib._bootstrap>", line 241, in _call_with_frames_removed
  File "/opt/airflow/dags/main.py", line 29, in <module>
    videos_id = get_video_ids(playlist_id)
TypeError: get_video_ids() missing 1 required positional argument: 'schema'
[2026-09-29T14:41:46.158+0000] {processor.py:842} WARNING - No viable dags retrieved from /opt/airflow/dags/main.py
[2026-09-29T14:41:46.193+0000] {processor.py:183} INFO - Processing /opt/airflow/dags/main.py took 0.275 seconds
[2026-09-29T14:42:16.462+0000] {processor.py:161} INFO - Started process (PID=546) to work on /opt/airflow/dags/main.py
[2026-09-29T14:42:16.465+0000] {processor.py:830} INFO - Processing file /opt/airflow/dags/main.py for tasks to queue
[2026-09-29T14:42:16.470+0000] {logging_mixin.py:188} INFO - [2026-09-29T14:42:16.468+0000] {dagbag.py:545} INFO - Filling up the DagBag from /opt/airflow/dags/main.py
[2026-09-29T14:42:16.764+0000] {logging_mixin.py:188} INFO - [2026-09-29T14:42:16.755+0000] {dagbag.py:355} ERROR - Failed to import: /opt/airflow/dags/main.py
Traceback (most recent call last):
  File "/home/airflow/.local/lib/python3.10/site-packages/airflow/models/dagbag.py", line 351, in parse
    loader.exec_module(new_module)
  File "<frozen importlib._bootstrap_external>", line 883, in exec_module
  File "<frozen importlib._bootstrap>", line 241, in _call_with_frames_removed
  File "/opt/airflow/dags/main.py", line 29, in <module>
    videos_id = get_video_ids(playlist_id)
TypeError: get_video_ids() missing 1 required positional argument: 'schema'
[2026-09-29T14:42:16.769+0000] {processor.py:842} WARNING - No viable dags retrieved from /opt/airflow/dags/main.py
[2026-09-29T14:42:16.809+0000] {processor.py:183} INFO - Processing /opt/airflow/dags/main.py took 0.361 seconds
[2026-09-29T14:42:47.047+0000] {processor.py:161} INFO - Started process (PID=553) to work on /opt/airflow/dags/main.py
[2026-09-29T14:42:47.049+0000] {processor.py:830} INFO - Processing file /opt/airflow/dags/main.py for tasks to queue
[2026-09-29T14:42:47.053+0000] {logging_mixin.py:188} INFO - [2026-09-29T14:42:47.052+0000] {dagbag.py:545} INFO - Filling up the DagBag from /opt/airflow/dags/main.py
[2026-09-29T14:42:47.366+0000] {logging_mixin.py:188} INFO - [2026-09-29T14:42:47.355+0000] {dagbag.py:355} ERROR - Failed to import: /opt/airflow/dags/main.py
Traceback (most recent call last):
  File "/home/airflow/.local/lib/python3.10/site-packages/airflow/models/dagbag.py", line 351, in parse
    loader.exec_module(new_module)
  File "<frozen importlib._bootstrap_external>", line 883, in exec_module
  File "<frozen importlib._bootstrap>", line 241, in _call_with_frames_removed
  File "/opt/airflow/dags/main.py", line 29, in <module>
    videos_id = get_video_ids(playlist_id)
TypeError: get_video_ids() missing 1 required positional argument: 'schema'
[2026-09-29T14:42:47.371+0000] {processor.py:842} WARNING - No viable dags retrieved from /opt/airflow/dags/main.py
[2026-09-29T14:42:47.425+0000] {processor.py:183} INFO - Processing /opt/airflow/dags/main.py took 0.393 seconds
[2026-09-29T14:43:17.768+0000] {processor.py:161} INFO - Started process (PID=560) to work on /opt/airflow/dags/main.py
[2026-09-29T14:43:17.772+0000] {processor.py:830} INFO - Processing file /opt/airflow/dags/main.py for tasks to queue
[2026-09-29T14:43:17.776+0000] {logging_mixin.py:188} INFO - [2026-09-29T14:43:17.776+0000] {dagbag.py:545} INFO - Filling up the DagBag from /opt/airflow/dags/main.py
[2026-09-29T14:43:18.155+0000] {logging_mixin.py:188} INFO - [2026-09-29T14:43:18.144+0000] {dagbag.py:355} ERROR - Failed to import: /opt/airflow/dags/main.py
Traceback (most recent call last):
  File "/home/airflow/.local/lib/python3.10/site-packages/airflow/models/dagbag.py", line 351, in parse
    loader.exec_module(new_module)
  File "<frozen importlib._bootstrap_external>", line 883, in exec_module
  File "<frozen importlib._bootstrap>", line 241, in _call_with_frames_removed
  File "/opt/airflow/dags/main.py", line 29, in <module>
    videos_id = get_video_ids(playlist_id)
TypeError: get_video_ids() missing 1 required positional argument: 'schema'
[2026-09-29T14:43:18.161+0000] {processor.py:842} WARNING - No viable dags retrieved from /opt/airflow/dags/main.py
[2026-09-29T14:43:18.205+0000] {processor.py:183} INFO - Processing /opt/airflow/dags/main.py took 0.454 seconds
[2026-09-29T14:43:48.341+0000] {processor.py:161} INFO - Started process (PID=567) to work on /opt/airflow/dags/main.py
[2026-09-29T14:43:48.343+0000] {processor.py:830} INFO - Processing file /opt/airflow/dags/main.py for tasks to queue
[2026-09-29T14:43:48.346+0000] {logging_mixin.py:188} INFO - [2026-09-29T14:43:48.345+0000] {dagbag.py:545} INFO - Filling up the DagBag from /opt/airflow/dags/main.py
[2026-09-29T14:43:48.568+0000] {logging_mixin.py:188} INFO - [2026-09-29T14:43:48.557+0000] {dagbag.py:355} ERROR - Failed to import: /opt/airflow/dags/main.py
Traceback (most recent call last):
  File "/home/airflow/.local/lib/python3.10/site-packages/airflow/models/dagbag.py", line 351, in parse
    loader.exec_module(new_module)
  File "<frozen importlib._bootstrap_external>", line 883, in exec_module
  File "<frozen importlib._bootstrap>", line 241, in _call_with_frames_removed
  File "/opt/airflow/dags/main.py", line 29, in <module>
    videos_id = get_video_ids(playlist_id)
TypeError: get_video_ids() missing 1 required positional argument: 'schema'
[2026-09-29T14:43:48.572+0000] {processor.py:842} WARNING - No viable dags retrieved from /opt/airflow/dags/main.py
[2026-09-29T14:43:48.612+0000] {processor.py:183} INFO - Processing /opt/airflow/dags/main.py took 0.281 seconds
[2026-09-29T14:44:18.964+0000] {processor.py:161} INFO - Started process (PID=574) to work on /opt/airflow/dags/main.py
[2026-09-29T14:44:18.966+0000] {processor.py:830} INFO - Processing file /opt/airflow/dags/main.py for tasks to queue
[2026-09-29T14:44:18.969+0000] {logging_mixin.py:188} INFO - [2026-09-29T14:44:18.968+0000] {dagbag.py:545} INFO - Filling up the DagBag from /opt/airflow/dags/main.py
[2026-09-29T14:44:19.207+0000] {logging_mixin.py:188} INFO - [2026-09-29T14:44:19.200+0000] {dagbag.py:355} ERROR - Failed to import: /opt/airflow/dags/main.py
Traceback (most recent call last):
  File "/home/airflow/.local/lib/python3.10/site-packages/airflow/models/dagbag.py", line 351, in parse
    loader.exec_module(new_module)
  File "<frozen importlib._bootstrap_external>", line 883, in exec_module
  File "<frozen importlib._bootstrap>", line 241, in _call_with_frames_removed
  File "/opt/airflow/dags/main.py", line 29, in <module>
    videos_id = get_video_ids(playlist_id)
TypeError: get_video_ids() missing 1 required positional argument: 'schema'
[2026-09-29T14:44:19.211+0000] {processor.py:842} WARNING - No viable dags retrieved from /opt/airflow/dags/main.py
[2026-09-29T14:44:19.250+0000] {processor.py:183} INFO - Processing /opt/airflow/dags/main.py took 0.295 seconds
[2026-09-29T14:44:49.362+0000] {processor.py:161} INFO - Started process (PID=581) to work on /opt/airflow/dags/main.py
[2026-09-29T14:44:49.365+0000] {processor.py:830} INFO - Processing file /opt/airflow/dags/main.py for tasks to queue
[2026-09-29T14:44:49.368+0000] {logging_mixin.py:188} INFO - [2026-09-29T14:44:49.367+0000] {dagbag.py:545} INFO - Filling up the DagBag from /opt/airflow/dags/main.py
[2026-09-29T14:44:49.597+0000] {logging_mixin.py:188} INFO - [2026-09-29T14:44:49.589+0000] {dagbag.py:355} ERROR - Failed to import: /opt/airflow/dags/main.py
Traceback (most recent call last):
  File "/home/airflow/.local/lib/python3.10/site-packages/airflow/models/dagbag.py", line 351, in parse
    loader.exec_module(new_module)
  File "<frozen importlib._bootstrap_external>", line 883, in exec_module
  File "<frozen importlib._bootstrap>", line 241, in _call_with_frames_removed
  File "/opt/airflow/dags/main.py", line 29, in <module>
    videos_id = get_video_ids(playlist_id)
TypeError: get_video_ids() missing 1 required positional argument: 'schema'
[2026-09-29T14:44:49.601+0000] {processor.py:842} WARNING - No viable dags retrieved from /opt/airflow/dags/main.py
[2026-09-29T14:44:49.635+0000] {processor.py:183} INFO - Processing /opt/airflow/dags/main.py took 0.284 seconds
[2026-09-29T14:45:20.026+0000] {processor.py:161} INFO - Started process (PID=588) to work on /opt/airflow/dags/main.py
[2026-09-29T14:45:20.032+0000] {processor.py:830} INFO - Processing file /opt/airflow/dags/main.py for tasks to queue
[2026-09-29T14:45:20.037+0000] {logging_mixin.py:188} INFO - [2026-09-29T14:45:20.036+0000] {dagbag.py:545} INFO - Filling up the DagBag from /opt/airflow/dags/main.py
[2026-09-29T14:45:20.352+0000] {logging_mixin.py:188} INFO - [2026-09-29T14:45:20.346+0000] {dagbag.py:355} ERROR - Failed to import: /opt/airflow/dags/main.py
Traceback (most recent call last):
  File "/home/airflow/.local/lib/python3.10/site-packages/airflow/models/dagbag.py", line 351, in parse
    loader.exec_module(new_module)
  File "<frozen importlib._bootstrap_external>", line 883, in exec_module
  File "<frozen importlib._bootstrap>", line 241, in _call_with_frames_removed
  File "/opt/airflow/dags/main.py", line 29, in <module>
    videos_id = get_video_ids(playlist_id)
TypeError: get_video_ids() missing 1 required positional argument: 'schema'
[2026-09-29T14:45:20.356+0000] {processor.py:842} WARNING - No viable dags retrieved from /opt/airflow/dags/main.py
[2026-09-29T14:45:20.398+0000] {processor.py:183} INFO - Processing /opt/airflow/dags/main.py took 0.381 seconds
[2026-09-29T14:45:51.175+0000] {processor.py:161} INFO - Started process (PID=595) to work on /opt/airflow/dags/main.py
[2026-09-29T14:45:51.179+0000] {processor.py:830} INFO - Processing file /opt/airflow/dags/main.py for tasks to queue
[2026-09-29T14:45:51.181+0000] {logging_mixin.py:188} INFO - [2026-09-29T14:45:51.180+0000] {dagbag.py:545} INFO - Filling up the DagBag from /opt/airflow/dags/main.py
[2026-09-29T14:45:51.433+0000] {logging_mixin.py:188} INFO - [2026-09-29T14:45:51.424+0000] {dagbag.py:355} ERROR - Failed to import: /opt/airflow/dags/main.py
Traceback (most recent call last):
  File "/home/airflow/.local/lib/python3.10/site-packages/airflow/models/dagbag.py", line 351, in parse
    loader.exec_module(new_module)
  File "<frozen importlib._bootstrap_external>", line 883, in exec_module
  File "<frozen importlib._bootstrap>", line 241, in _call_with_frames_removed
  File "/opt/airflow/dags/main.py", line 29, in <module>
    videos_id = get_video_ids(playlist_id)
TypeError: get_video_ids() missing 1 required positional argument: 'schema'
[2026-09-29T14:45:51.437+0000] {processor.py:842} WARNING - No viable dags retrieved from /opt/airflow/dags/main.py
[2026-09-29T14:45:51.474+0000] {processor.py:183} INFO - Processing /opt/airflow/dags/main.py took 0.308 seconds
[2026-09-29T14:46:21.911+0000] {processor.py:161} INFO - Started process (PID=602) to work on /opt/airflow/dags/main.py
[2026-09-29T14:46:21.914+0000] {processor.py:830} INFO - Processing file /opt/airflow/dags/main.py for tasks to queue
[2026-09-29T14:46:21.917+0000] {logging_mixin.py:188} INFO - [2026-09-29T14:46:21.916+0000] {dagbag.py:545} INFO - Filling up the DagBag from /opt/airflow/dags/main.py
[2026-09-29T14:46:22.156+0000] {logging_mixin.py:188} INFO - [2026-09-29T14:46:22.146+0000] {dagbag.py:355} ERROR - Failed to import: /opt/airflow/dags/main.py
Traceback (most recent call last):
  File "/home/airflow/.local/lib/python3.10/site-packages/airflow/models/dagbag.py", line 351, in parse
    loader.exec_module(new_module)
  File "<frozen importlib._bootstrap_external>", line 883, in exec_module
  File "<frozen importlib._bootstrap>", line 241, in _call_with_frames_removed
  File "/opt/airflow/dags/main.py", line 29, in <module>
    videos_id = get_video_ids(playlist_id)
TypeError: get_video_ids() missing 1 required positional argument: 'schema'
[2026-09-29T14:46:22.159+0000] {processor.py:842} WARNING - No viable dags retrieved from /opt/airflow/dags/main.py
[2026-09-29T14:46:22.192+0000] {processor.py:183} INFO - Processing /opt/airflow/dags/main.py took 0.295 seconds
[2026-09-29T14:46:52.542+0000] {processor.py:161} INFO - Started process (PID=609) to work on /opt/airflow/dags/main.py
[2026-09-29T14:46:52.544+0000] {processor.py:830} INFO - Processing file /opt/airflow/dags/main.py for tasks to queue
[2026-09-29T14:46:52.547+0000] {logging_mixin.py:188} INFO - [2026-09-29T14:46:52.546+0000] {dagbag.py:545} INFO - Filling up the DagBag from /opt/airflow/dags/main.py
[2026-09-29T14:46:52.774+0000] {logging_mixin.py:188} INFO - [2026-09-29T14:46:52.768+0000] {dagbag.py:355} ERROR - Failed to import: /opt/airflow/dags/main.py
Traceback (most recent call last):
  File "/home/airflow/.local/lib/python3.10/site-packages/airflow/models/dagbag.py", line 351, in parse
    loader.exec_module(new_module)
  File "<frozen importlib._bootstrap_external>", line 883, in exec_module
  File "<frozen importlib._bootstrap>", line 241, in _call_with_frames_removed
  File "/opt/airflow/dags/main.py", line 29, in <module>
    videos_id = get_video_ids(playlist_id)
TypeError: get_video_ids() missing 1 required positional argument: 'schema'
[2026-09-29T14:46:52.777+0000] {processor.py:842} WARNING - No viable dags retrieved from /opt/airflow/dags/main.py
[2026-09-29T14:46:52.815+0000] {processor.py:183} INFO - Processing /opt/airflow/dags/main.py took 0.281 seconds
[2026-09-29T14:47:23.011+0000] {processor.py:161} INFO - Started process (PID=616) to work on /opt/airflow/dags/main.py
[2026-09-29T14:47:23.015+0000] {processor.py:830} INFO - Processing file /opt/airflow/dags/main.py for tasks to queue
[2026-09-29T14:47:23.018+0000] {logging_mixin.py:188} INFO - [2026-09-29T14:47:23.017+0000] {dagbag.py:545} INFO - Filling up the DagBag from /opt/airflow/dags/main.py
[2026-09-29T14:47:23.349+0000] {logging_mixin.py:188} INFO - [2026-09-29T14:47:23.339+0000] {dagbag.py:355} ERROR - Failed to import: /opt/airflow/dags/main.py
Traceback (most recent call last):
  File "/home/airflow/.local/lib/python3.10/site-packages/airflow/models/dagbag.py", line 351, in parse
    loader.exec_module(new_module)
  File "<frozen importlib._bootstrap_external>", line 883, in exec_module
  File "<frozen importlib._bootstrap>", line 241, in _call_with_frames_removed
  File "/opt/airflow/dags/main.py", line 29, in <module>
    videos_id = get_video_ids(playlist_id)
TypeError: get_video_ids() missing 1 required positional argument: 'schema'
[2026-09-29T14:47:23.353+0000] {processor.py:842} WARNING - No viable dags retrieved from /opt/airflow/dags/main.py
[2026-09-29T14:47:23.417+0000] {processor.py:183} INFO - Processing /opt/airflow/dags/main.py took 0.420 seconds
[2026-09-29T14:47:53.690+0000] {processor.py:161} INFO - Started process (PID=623) to work on /opt/airflow/dags/main.py
[2026-09-29T14:47:53.694+0000] {processor.py:830} INFO - Processing file /opt/airflow/dags/main.py for tasks to queue
[2026-09-29T14:47:53.698+0000] {logging_mixin.py:188} INFO - [2026-09-29T14:47:53.697+0000] {dagbag.py:545} INFO - Filling up the DagBag from /opt/airflow/dags/main.py
[2026-09-29T14:47:54.069+0000] {logging_mixin.py:188} INFO - [2026-09-29T14:47:54.060+0000] {dagbag.py:355} ERROR - Failed to import: /opt/airflow/dags/main.py
Traceback (most recent call last):
  File "/home/airflow/.local/lib/python3.10/site-packages/airflow/models/dagbag.py", line 351, in parse
    loader.exec_module(new_module)
  File "<frozen importlib._bootstrap_external>", line 883, in exec_module
  File "<frozen importlib._bootstrap>", line 241, in _call_with_frames_removed
  File "/opt/airflow/dags/main.py", line 29, in <module>
    videos_id = get_video_ids(playlist_id)
TypeError: get_video_ids() missing 1 required positional argument: 'schema'
[2026-09-29T14:47:54.074+0000] {processor.py:842} WARNING - No viable dags retrieved from /opt/airflow/dags/main.py
[2026-09-29T14:47:54.110+0000] {processor.py:183} INFO - Processing /opt/airflow/dags/main.py took 0.435 seconds
[2026-09-29T14:48:24.246+0000] {processor.py:161} INFO - Started process (PID=630) to work on /opt/airflow/dags/main.py
[2026-09-29T14:48:24.252+0000] {processor.py:830} INFO - Processing file /opt/airflow/dags/main.py for tasks to queue
[2026-09-29T14:48:24.256+0000] {logging_mixin.py:188} INFO - [2026-09-29T14:48:24.256+0000] {dagbag.py:545} INFO - Filling up the DagBag from /opt/airflow/dags/main.py
[2026-09-29T14:48:24.517+0000] {logging_mixin.py:188} INFO - [2026-09-29T14:48:24.510+0000] {dagbag.py:355} ERROR - Failed to import: /opt/airflow/dags/main.py
Traceback (most recent call last):
  File "/home/airflow/.local/lib/python3.10/site-packages/airflow/models/dagbag.py", line 351, in parse
    loader.exec_module(new_module)
  File "<frozen importlib._bootstrap_external>", line 883, in exec_module
  File "<frozen importlib._bootstrap>", line 241, in _call_with_frames_removed
  File "/opt/airflow/dags/main.py", line 29, in <module>
    videos_id = get_video_ids(playlist_id)
TypeError: get_video_ids() missing 1 required positional argument: 'schema'
[2026-09-29T14:48:24.520+0000] {processor.py:842} WARNING - No viable dags retrieved from /opt/airflow/dags/main.py
[2026-09-29T14:48:24.551+0000] {processor.py:183} INFO - Processing /opt/airflow/dags/main.py took 0.317 seconds
[2026-09-29T14:48:54.918+0000] {processor.py:161} INFO - Started process (PID=637) to work on /opt/airflow/dags/main.py
[2026-09-29T14:48:54.922+0000] {processor.py:830} INFO - Processing file /opt/airflow/dags/main.py for tasks to queue
[2026-09-29T14:48:54.925+0000] {logging_mixin.py:188} INFO - [2026-09-29T14:48:54.925+0000] {dagbag.py:545} INFO - Filling up the DagBag from /opt/airflow/dags/main.py
[2026-09-29T14:48:55.221+0000] {logging_mixin.py:188} INFO - [2026-09-29T14:48:55.213+0000] {dagbag.py:355} ERROR - Failed to import: /opt/airflow/dags/main.py
Traceback (most recent call last):
  File "/home/airflow/.local/lib/python3.10/site-packages/airflow/models/dagbag.py", line 351, in parse
    loader.exec_module(new_module)
  File "<frozen importlib._bootstrap_external>", line 883, in exec_module
  File "<frozen importlib._bootstrap>", line 241, in _call_with_frames_removed
  File "/opt/airflow/dags/main.py", line 29, in <module>
    videos_id = get_video_ids(playlist_id)
TypeError: get_video_ids() missing 1 required positional argument: 'schema'
[2026-09-29T14:48:55.225+0000] {processor.py:842} WARNING - No viable dags retrieved from /opt/airflow/dags/main.py
[2026-09-29T14:48:55.291+0000] {processor.py:183} INFO - Processing /opt/airflow/dags/main.py took 0.396 seconds
[2026-09-29T14:49:26.267+0000] {processor.py:161} INFO - Started process (PID=644) to work on /opt/airflow/dags/main.py
[2026-09-29T14:49:26.279+0000] {processor.py:830} INFO - Processing file /opt/airflow/dags/main.py for tasks to queue
[2026-09-29T14:49:26.293+0000] {logging_mixin.py:188} INFO - [2026-09-29T14:49:26.291+0000] {dagbag.py:545} INFO - Filling up the DagBag from /opt/airflow/dags/main.py
[2026-09-29T14:49:26.692+0000] {logging_mixin.py:188} INFO - [2026-09-29T14:49:26.679+0000] {dagbag.py:355} ERROR - Failed to import: /opt/airflow/dags/main.py
Traceback (most recent call last):
  File "/home/airflow/.local/lib/python3.10/site-packages/airflow/models/dagbag.py", line 351, in parse
    loader.exec_module(new_module)
  File "<frozen importlib._bootstrap_external>", line 883, in exec_module
  File "<frozen importlib._bootstrap>", line 241, in _call_with_frames_removed
  File "/opt/airflow/dags/main.py", line 29, in <module>
    videos_id = get_video_ids(playlist_id)
TypeError: get_video_ids() missing 1 required positional argument: 'schema'
[2026-09-29T14:49:26.697+0000] {processor.py:842} WARNING - No viable dags retrieved from /opt/airflow/dags/main.py
[2026-09-29T14:49:26.746+0000] {processor.py:183} INFO - Processing /opt/airflow/dags/main.py took 0.551 seconds
[2026-09-29T14:49:57.141+0000] {processor.py:161} INFO - Started process (PID=652) to work on /opt/airflow/dags/main.py
[2026-09-29T14:49:57.143+0000] {processor.py:830} INFO - Processing file /opt/airflow/dags/main.py for tasks to queue
[2026-09-29T14:49:57.146+0000] {logging_mixin.py:188} INFO - [2026-09-29T14:49:57.145+0000] {dagbag.py:545} INFO - Filling up the DagBag from /opt/airflow/dags/main.py
[2026-09-29T14:49:57.440+0000] {logging_mixin.py:188} INFO - [2026-09-29T14:49:57.430+0000] {dagbag.py:355} ERROR - Failed to import: /opt/airflow/dags/main.py
Traceback (most recent call last):
  File "/home/airflow/.local/lib/python3.10/site-packages/airflow/models/dagbag.py", line 351, in parse
    loader.exec_module(new_module)
  File "<frozen importlib._bootstrap_external>", line 883, in exec_module
  File "<frozen importlib._bootstrap>", line 241, in _call_with_frames_removed
  File "/opt/airflow/dags/main.py", line 29, in <module>
    videos_id = get_video_ids(playlist_id)
TypeError: get_video_ids() missing 1 required positional argument: 'schema'
[2026-09-29T14:49:57.444+0000] {processor.py:842} WARNING - No viable dags retrieved from /opt/airflow/dags/main.py
[2026-09-29T14:49:57.486+0000] {processor.py:183} INFO - Processing /opt/airflow/dags/main.py took 0.354 seconds
[2026-09-29T14:50:27.895+0000] {processor.py:161} INFO - Started process (PID=659) to work on /opt/airflow/dags/main.py
[2026-09-29T14:50:27.898+0000] {processor.py:830} INFO - Processing file /opt/airflow/dags/main.py for tasks to queue
[2026-09-29T14:50:27.900+0000] {logging_mixin.py:188} INFO - [2026-09-29T14:50:27.900+0000] {dagbag.py:545} INFO - Filling up the DagBag from /opt/airflow/dags/main.py
[2026-09-29T14:50:28.141+0000] {logging_mixin.py:188} INFO - [2026-09-29T14:50:28.132+0000] {dagbag.py:355} ERROR - Failed to import: /opt/airflow/dags/main.py
Traceback (most recent call last):
  File "/home/airflow/.local/lib/python3.10/site-packages/airflow/models/dagbag.py", line 351, in parse
    loader.exec_module(new_module)
  File "<frozen importlib._bootstrap_external>", line 883, in exec_module
  File "<frozen importlib._bootstrap>", line 241, in _call_with_frames_removed
  File "/opt/airflow/dags/main.py", line 29, in <module>
    videos_id = get_video_ids(playlist_id)
TypeError: get_video_ids() missing 1 required positional argument: 'schema'
[2026-09-29T14:50:28.145+0000] {processor.py:842} WARNING - No viable dags retrieved from /opt/airflow/dags/main.py
[2026-09-29T14:50:28.176+0000] {processor.py:183} INFO - Processing /opt/airflow/dags/main.py took 0.291 seconds
[2026-09-29T14:50:58.852+0000] {processor.py:161} INFO - Started process (PID=667) to work on /opt/airflow/dags/main.py
[2026-09-29T14:50:58.855+0000] {processor.py:830} INFO - Processing file /opt/airflow/dags/main.py for tasks to queue
[2026-09-29T14:50:58.857+0000] {logging_mixin.py:188} INFO - [2026-09-29T14:50:58.856+0000] {dagbag.py:545} INFO - Filling up the DagBag from /opt/airflow/dags/main.py
[2026-09-29T14:50:59.089+0000] {logging_mixin.py:188} INFO - [2026-09-29T14:50:59.079+0000] {dagbag.py:355} ERROR - Failed to import: /opt/airflow/dags/main.py
Traceback (most recent call last):
  File "/home/airflow/.local/lib/python3.10/site-packages/airflow/models/dagbag.py", line 351, in parse
    loader.exec_module(new_module)
  File "<frozen importlib._bootstrap_external>", line 883, in exec_module
  File "<frozen importlib._bootstrap>", line 241, in _call_with_frames_removed
  File "/opt/airflow/dags/main.py", line 29, in <module>
    videos_id = get_video_ids(playlist_id)
TypeError: get_video_ids() missing 1 required positional argument: 'schema'
[2026-09-29T14:50:59.093+0000] {processor.py:842} WARNING - No viable dags retrieved from /opt/airflow/dags/main.py
[2026-09-29T14:50:59.137+0000] {processor.py:183} INFO - Processing /opt/airflow/dags/main.py took 0.293 seconds
[2026-09-29T14:51:29.512+0000] {processor.py:161} INFO - Started process (PID=674) to work on /opt/airflow/dags/main.py
[2026-09-29T14:51:29.515+0000] {processor.py:830} INFO - Processing file /opt/airflow/dags/main.py for tasks to queue
[2026-09-29T14:51:29.517+0000] {logging_mixin.py:188} INFO - [2026-09-29T14:51:29.516+0000] {dagbag.py:545} INFO - Filling up the DagBag from /opt/airflow/dags/main.py
[2026-09-29T14:51:29.700+0000] {logging_mixin.py:188} INFO - [2026-09-29T14:51:29.694+0000] {dagbag.py:355} ERROR - Failed to import: /opt/airflow/dags/main.py
Traceback (most recent call last):
  File "/home/airflow/.local/lib/python3.10/site-packages/airflow/models/dagbag.py", line 351, in parse
    loader.exec_module(new_module)
  File "<frozen importlib._bootstrap_external>", line 883, in exec_module
  File "<frozen importlib._bootstrap>", line 241, in _call_with_frames_removed
  File "/opt/airflow/dags/main.py", line 29, in <module>
    videos_id = get_video_ids(playlist_id)
TypeError: get_video_ids() missing 1 required positional argument: 'schema'
[2026-09-29T14:51:29.703+0000] {processor.py:842} WARNING - No viable dags retrieved from /opt/airflow/dags/main.py
[2026-09-29T14:51:29.732+0000] {processor.py:183} INFO - Processing /opt/airflow/dags/main.py took 0.229 seconds
[2026-09-29T14:51:59.853+0000] {processor.py:161} INFO - Started process (PID=681) to work on /opt/airflow/dags/main.py
[2026-09-29T14:51:59.856+0000] {processor.py:830} INFO - Processing file /opt/airflow/dags/main.py for tasks to queue
[2026-09-29T14:51:59.859+0000] {logging_mixin.py:188} INFO - [2026-09-29T14:51:59.858+0000] {dagbag.py:545} INFO - Filling up the DagBag from /opt/airflow/dags/main.py
[2026-09-29T14:52:00.194+0000] {logging_mixin.py:188} INFO - [2026-09-29T14:52:00.179+0000] {dagbag.py:355} ERROR - Failed to import: /opt/airflow/dags/main.py
Traceback (most recent call last):
  File "/home/airflow/.local/lib/python3.10/site-packages/airflow/models/dagbag.py", line 351, in parse
    loader.exec_module(new_module)
  File "<frozen importlib._bootstrap_external>", line 883, in exec_module
  File "<frozen importlib._bootstrap>", line 241, in _call_with_frames_removed
  File "/opt/airflow/dags/main.py", line 29, in <module>
    videos_id = get_video_ids(playlist_id)
TypeError: get_video_ids() missing 1 required positional argument: 'schema'
[2026-09-29T14:52:00.201+0000] {processor.py:842} WARNING - No viable dags retrieved from /opt/airflow/dags/main.py
[2026-09-29T14:52:00.270+0000] {processor.py:183} INFO - Processing /opt/airflow/dags/main.py took 0.431 seconds
[2026-09-29T14:52:30.635+0000] {processor.py:161} INFO - Started process (PID=688) to work on /opt/airflow/dags/main.py
[2026-09-29T14:52:30.639+0000] {processor.py:830} INFO - Processing file /opt/airflow/dags/main.py for tasks to queue
[2026-09-29T14:52:30.643+0000] {logging_mixin.py:188} INFO - [2026-09-29T14:52:30.642+0000] {dagbag.py:545} INFO - Filling up the DagBag from /opt/airflow/dags/main.py
[2026-09-29T14:52:31.131+0000] {logging_mixin.py:188} INFO - [2026-09-29T14:52:31.114+0000] {dagbag.py:355} ERROR - Failed to import: /opt/airflow/dags/main.py
Traceback (most recent call last):
  File "/home/airflow/.local/lib/python3.10/site-packages/airflow/models/dagbag.py", line 351, in parse
    loader.exec_module(new_module)
  File "<frozen importlib._bootstrap_external>", line 883, in exec_module
  File "<frozen importlib._bootstrap>", line 241, in _call_with_frames_removed
  File "/opt/airflow/dags/main.py", line 29, in <module>
    videos_id = get_video_ids(playlist_id)
TypeError: get_video_ids() missing 1 required positional argument: 'schema'
[2026-09-29T14:52:31.137+0000] {processor.py:842} WARNING - No viable dags retrieved from /opt/airflow/dags/main.py
[2026-09-29T14:52:31.199+0000] {processor.py:183} INFO - Processing /opt/airflow/dags/main.py took 0.590 seconds
[2026-09-29T14:53:01.695+0000] {processor.py:161} INFO - Started process (PID=695) to work on /opt/airflow/dags/main.py
[2026-09-29T14:53:01.700+0000] {processor.py:830} INFO - Processing file /opt/airflow/dags/main.py for tasks to queue
[2026-09-29T14:53:01.705+0000] {logging_mixin.py:188} INFO - [2026-09-29T14:53:01.704+0000] {dagbag.py:545} INFO - Filling up the DagBag from /opt/airflow/dags/main.py
[2026-09-29T14:53:02.094+0000] {logging_mixin.py:188} INFO - [2026-09-29T14:53:02.085+0000] {dagbag.py:355} ERROR - Failed to import: /opt/airflow/dags/main.py
Traceback (most recent call last):
  File "/home/airflow/.local/lib/python3.10/site-packages/airflow/models/dagbag.py", line 351, in parse
    loader.exec_module(new_module)
  File "<frozen importlib._bootstrap_external>", line 883, in exec_module
  File "<frozen importlib._bootstrap>", line 241, in _call_with_frames_removed
  File "/opt/airflow/dags/main.py", line 29, in <module>
    videos_id = get_video_ids(playlist_id)
TypeError: get_video_ids() missing 1 required positional argument: 'schema'
[2026-09-29T14:53:02.101+0000] {processor.py:842} WARNING - No viable dags retrieved from /opt/airflow/dags/main.py
[2026-09-29T14:53:02.170+0000] {processor.py:183} INFO - Processing /opt/airflow/dags/main.py took 0.490 seconds
[2026-09-29T14:53:32.583+0000] {processor.py:161} INFO - Started process (PID=702) to work on /opt/airflow/dags/main.py
[2026-09-29T14:53:32.586+0000] {processor.py:830} INFO - Processing file /opt/airflow/dags/main.py for tasks to queue
[2026-09-29T14:53:32.590+0000] {logging_mixin.py:188} INFO - [2026-09-29T14:53:32.589+0000] {dagbag.py:545} INFO - Filling up the DagBag from /opt/airflow/dags/main.py
[2026-09-29T14:53:33.143+0000] {logging_mixin.py:188} INFO - [2026-09-29T14:53:33.122+0000] {dagbag.py:355} ERROR - Failed to import: /opt/airflow/dags/main.py
Traceback (most recent call last):
  File "/home/airflow/.local/lib/python3.10/site-packages/airflow/models/dagbag.py", line 351, in parse
    loader.exec_module(new_module)
  File "<frozen importlib._bootstrap_external>", line 883, in exec_module
  File "<frozen importlib._bootstrap>", line 241, in _call_with_frames_removed
  File "/opt/airflow/dags/main.py", line 29, in <module>
    videos_id = get_video_ids(playlist_id)
TypeError: get_video_ids() missing 1 required positional argument: 'schema'
[2026-09-29T14:53:33.149+0000] {processor.py:842} WARNING - No viable dags retrieved from /opt/airflow/dags/main.py
[2026-09-29T14:53:33.194+0000] {processor.py:183} INFO - Processing /opt/airflow/dags/main.py took 0.622 seconds
[2026-09-29T14:54:03.735+0000] {processor.py:161} INFO - Started process (PID=709) to work on /opt/airflow/dags/main.py
[2026-09-29T14:54:03.740+0000] {processor.py:830} INFO - Processing file /opt/airflow/dags/main.py for tasks to queue
[2026-09-29T14:54:03.743+0000] {logging_mixin.py:188} INFO - [2026-09-29T14:54:03.743+0000] {dagbag.py:545} INFO - Filling up the DagBag from /opt/airflow/dags/main.py
[2026-09-29T14:54:04.086+0000] {logging_mixin.py:188} INFO - [2026-09-29T14:54:04.077+0000] {dagbag.py:355} ERROR - Failed to import: /opt/airflow/dags/main.py
Traceback (most recent call last):
  File "/home/airflow/.local/lib/python3.10/site-packages/airflow/models/dagbag.py", line 351, in parse
    loader.exec_module(new_module)
  File "<frozen importlib._bootstrap_external>", line 883, in exec_module
  File "<frozen importlib._bootstrap>", line 241, in _call_with_frames_removed
  File "/opt/airflow/dags/main.py", line 29, in <module>
    videos_id = get_video_ids(playlist_id)
TypeError: get_video_ids() missing 1 required positional argument: 'schema'
[2026-09-29T14:54:04.092+0000] {processor.py:842} WARNING - No viable dags retrieved from /opt/airflow/dags/main.py
[2026-09-29T14:54:04.129+0000] {processor.py:183} INFO - Processing /opt/airflow/dags/main.py took 0.426 seconds
[2026-09-29T14:54:34.632+0000] {processor.py:161} INFO - Started process (PID=716) to work on /opt/airflow/dags/main.py
[2026-09-29T14:54:34.639+0000] {processor.py:830} INFO - Processing file /opt/airflow/dags/main.py for tasks to queue
[2026-09-29T14:54:34.645+0000] {logging_mixin.py:188} INFO - [2026-09-29T14:54:34.643+0000] {dagbag.py:545} INFO - Filling up the DagBag from /opt/airflow/dags/main.py
[2026-09-29T14:55:58.955+0000] {processor.py:161} INFO - Started process (PID=723) to work on /opt/airflow/dags/main.py
[2026-09-29T14:55:58.958+0000] {processor.py:830} INFO - Processing file /opt/airflow/dags/main.py for tasks to queue
[2026-09-29T14:55:58.960+0000] {logging_mixin.py:188} INFO - [2026-09-29T14:55:58.960+0000] {dagbag.py:545} INFO - Filling up the DagBag from /opt/airflow/dags/main.py
[2026-09-29T14:55:59.088+0000] {logging_mixin.py:188} INFO - [2026-09-29T14:55:59.084+0000] {dagbag.py:355} ERROR - Failed to import: /opt/airflow/dags/main.py
Traceback (most recent call last):
  File "/home/airflow/.local/lib/python3.10/site-packages/airflow/models/dagbag.py", line 351, in parse
    loader.exec_module(new_module)
  File "<frozen importlib._bootstrap_external>", line 883, in exec_module
  File "<frozen importlib._bootstrap>", line 241, in _call_with_frames_removed
  File "/opt/airflow/dags/main.py", line 29, in <module>
    videos_id = get_video_ids(playlist_id)
TypeError: get_video_ids() missing 1 required positional argument: 'schema'
[2026-09-29T14:55:59.090+0000] {processor.py:842} WARNING - No viable dags retrieved from /opt/airflow/dags/main.py
[2026-09-29T14:55:59.110+0000] {processor.py:183} INFO - Processing /opt/airflow/dags/main.py took 0.163 seconds
[2026-09-29T14:56:29.242+0000] {processor.py:161} INFO - Started process (PID=730) to work on /opt/airflow/dags/main.py
[2026-09-29T14:56:29.244+0000] {processor.py:830} INFO - Processing file /opt/airflow/dags/main.py for tasks to queue
[2026-09-29T14:56:29.246+0000] {logging_mixin.py:188} INFO - [2026-09-29T14:56:29.245+0000] {dagbag.py:545} INFO - Filling up the DagBag from /opt/airflow/dags/main.py
[2026-09-29T14:56:29.466+0000] {logging_mixin.py:188} INFO - [2026-09-29T14:56:29.459+0000] {dagbag.py:355} ERROR - Failed to import: /opt/airflow/dags/main.py
Traceback (most recent call last):
  File "/home/airflow/.local/lib/python3.10/site-packages/airflow/models/dagbag.py", line 351, in parse
    loader.exec_module(new_module)
  File "<frozen importlib._bootstrap_external>", line 883, in exec_module
  File "<frozen importlib._bootstrap>", line 241, in _call_with_frames_removed
  File "/opt/airflow/dags/main.py", line 29, in <module>
    videos_id = get_video_ids(playlist_id)
TypeError: get_video_ids() missing 1 required positional argument: 'schema'
[2026-09-29T14:56:29.468+0000] {processor.py:842} WARNING - No viable dags retrieved from /opt/airflow/dags/main.py
[2026-09-29T14:56:29.543+0000] {processor.py:183} INFO - Processing /opt/airflow/dags/main.py took 0.307 seconds
[2026-09-29T14:56:59.625+0000] {processor.py:161} INFO - Started process (PID=737) to work on /opt/airflow/dags/main.py
[2026-09-29T14:56:59.628+0000] {processor.py:830} INFO - Processing file /opt/airflow/dags/main.py for tasks to queue
[2026-09-29T14:56:59.631+0000] {logging_mixin.py:188} INFO - [2026-09-29T14:56:59.631+0000] {dagbag.py:545} INFO - Filling up the DagBag from /opt/airflow/dags/main.py
[2026-09-29T14:56:59.960+0000] {logging_mixin.py:188} INFO - [2026-09-29T14:56:59.952+0000] {dagbag.py:355} ERROR - Failed to import: /opt/airflow/dags/main.py
Traceback (most recent call last):
  File "/home/airflow/.local/lib/python3.10/site-packages/airflow/models/dagbag.py", line 351, in parse
    loader.exec_module(new_module)
  File "<frozen importlib._bootstrap_external>", line 883, in exec_module
  File "<frozen importlib._bootstrap>", line 241, in _call_with_frames_removed
  File "/opt/airflow/dags/main.py", line 29, in <module>
    videos_id = get_video_ids(playlist_id)
TypeError: get_video_ids() missing 1 required positional argument: 'schema'
[2026-09-29T14:56:59.965+0000] {processor.py:842} WARNING - No viable dags retrieved from /opt/airflow/dags/main.py
[2026-09-29T14:56:59.990+0000] {processor.py:183} INFO - Processing /opt/airflow/dags/main.py took 0.371 seconds
[2026-09-29T14:57:30.164+0000] {processor.py:161} INFO - Started process (PID=744) to work on /opt/airflow/dags/main.py
[2026-09-29T14:57:30.167+0000] {processor.py:830} INFO - Processing file /opt/airflow/dags/main.py for tasks to queue
[2026-09-29T14:57:30.172+0000] {logging_mixin.py:188} INFO - [2026-09-29T14:57:30.171+0000] {dagbag.py:545} INFO - Filling up the DagBag from /opt/airflow/dags/main.py
[2026-09-29T14:57:30.548+0000] {logging_mixin.py:188} INFO - [2026-09-29T14:57:30.531+0000] {dagbag.py:355} ERROR - Failed to import: /opt/airflow/dags/main.py
Traceback (most recent call last):
  File "/home/airflow/.local/lib/python3.10/site-packages/airflow/models/dagbag.py", line 351, in parse
    loader.exec_module(new_module)
  File "<frozen importlib._bootstrap_external>", line 883, in exec_module
  File "<frozen importlib._bootstrap>", line 241, in _call_with_frames_removed
  File "/opt/airflow/dags/main.py", line 29, in <module>
    videos_id = get_video_ids(playlist_id)
TypeError: get_video_ids() missing 1 required positional argument: 'schema'
[2026-09-29T14:57:30.561+0000] {processor.py:842} WARNING - No viable dags retrieved from /opt/airflow/dags/main.py
[2026-09-29T14:57:30.606+0000] {processor.py:183} INFO - Processing /opt/airflow/dags/main.py took 0.461 seconds
[2026-09-29T14:58:00.960+0000] {processor.py:161} INFO - Started process (PID=752) to work on /opt/airflow/dags/main.py
[2026-09-29T14:58:00.963+0000] {processor.py:830} INFO - Processing file /opt/airflow/dags/main.py for tasks to queue
[2026-09-29T14:58:00.966+0000] {logging_mixin.py:188} INFO - [2026-09-29T14:58:00.965+0000] {dagbag.py:545} INFO - Filling up the DagBag from /opt/airflow/dags/main.py
[2026-09-29T14:58:01.299+0000] {logging_mixin.py:188} INFO - [2026-09-29T14:58:01.288+0000] {dagbag.py:355} ERROR - Failed to import: /opt/airflow/dags/main.py
Traceback (most recent call last):
  File "/home/airflow/.local/lib/python3.10/site-packages/airflow/models/dagbag.py", line 351, in parse
    loader.exec_module(new_module)
  File "<frozen importlib._bootstrap_external>", line 883, in exec_module
  File "<frozen importlib._bootstrap>", line 241, in _call_with_frames_removed
  File "/opt/airflow/dags/main.py", line 29, in <module>
    videos_id = get_video_ids(playlist_id)
TypeError: get_video_ids() missing 1 required positional argument: 'schema'
[2026-09-29T14:58:01.304+0000] {processor.py:842} WARNING - No viable dags retrieved from /opt/airflow/dags/main.py
[2026-09-29T14:58:01.354+0000] {processor.py:183} INFO - Processing /opt/airflow/dags/main.py took 0.401 seconds
[2026-09-29T14:58:31.725+0000] {processor.py:161} INFO - Started process (PID=759) to work on /opt/airflow/dags/main.py
[2026-09-29T14:58:31.728+0000] {processor.py:830} INFO - Processing file /opt/airflow/dags/main.py for tasks to queue
[2026-09-29T14:58:31.730+0000] {logging_mixin.py:188} INFO - [2026-09-29T14:58:31.730+0000] {dagbag.py:545} INFO - Filling up the DagBag from /opt/airflow/dags/main.py
[2026-09-29T14:58:32.080+0000] {logging_mixin.py:188} INFO - [2026-09-29T14:58:32.065+0000] {dagbag.py:355} ERROR - Failed to import: /opt/airflow/dags/main.py
Traceback (most recent call last):
  File "/home/airflow/.local/lib/python3.10/site-packages/airflow/models/dagbag.py", line 351, in parse
    loader.exec_module(new_module)
  File "<frozen importlib._bootstrap_external>", line 883, in exec_module
  File "<frozen importlib._bootstrap>", line 241, in _call_with_frames_removed
  File "/opt/airflow/dags/main.py", line 29, in <module>
    videos_id = get_video_ids(playlist_id)
TypeError: get_video_ids() missing 1 required positional argument: 'schema'
[2026-09-29T14:58:32.086+0000] {processor.py:842} WARNING - No viable dags retrieved from /opt/airflow/dags/main.py
[2026-09-29T14:58:32.144+0000] {processor.py:183} INFO - Processing /opt/airflow/dags/main.py took 0.424 seconds
[2026-09-29T14:59:02.486+0000] {processor.py:161} INFO - Started process (PID=766) to work on /opt/airflow/dags/main.py
[2026-09-29T14:59:02.489+0000] {processor.py:830} INFO - Processing file /opt/airflow/dags/main.py for tasks to queue
[2026-09-29T14:59:02.491+0000] {logging_mixin.py:188} INFO - [2026-09-29T14:59:02.491+0000] {dagbag.py:545} INFO - Filling up the DagBag from /opt/airflow/dags/main.py
[2026-09-29T14:59:02.835+0000] {logging_mixin.py:188} INFO - [2026-09-29T14:59:02.823+0000] {dagbag.py:355} ERROR - Failed to import: /opt/airflow/dags/main.py
Traceback (most recent call last):
  File "/home/airflow/.local/lib/python3.10/site-packages/airflow/models/dagbag.py", line 351, in parse
    loader.exec_module(new_module)
  File "<frozen importlib._bootstrap_external>", line 883, in exec_module
  File "<frozen importlib._bootstrap>", line 241, in _call_with_frames_removed
  File "/opt/airflow/dags/main.py", line 29, in <module>
    videos_id = get_video_ids(playlist_id)
TypeError: get_video_ids() missing 1 required positional argument: 'schema'
[2026-09-29T14:59:02.841+0000] {processor.py:842} WARNING - No viable dags retrieved from /opt/airflow/dags/main.py
[2026-09-29T14:59:02.863+0000] {processor.py:183} INFO - Processing /opt/airflow/dags/main.py took 0.383 seconds
[2026-09-29T14:59:33.187+0000] {processor.py:161} INFO - Started process (PID=773) to work on /opt/airflow/dags/main.py
[2026-09-29T14:59:33.190+0000] {processor.py:830} INFO - Processing file /opt/airflow/dags/main.py for tasks to queue
[2026-09-29T14:59:33.193+0000] {logging_mixin.py:188} INFO - [2026-09-29T14:59:33.192+0000] {dagbag.py:545} INFO - Filling up the DagBag from /opt/airflow/dags/main.py
[2026-09-29T14:59:33.528+0000] {logging_mixin.py:188} INFO - [2026-09-29T14:59:33.520+0000] {dagbag.py:355} ERROR - Failed to import: /opt/airflow/dags/main.py
Traceback (most recent call last):
  File "/home/airflow/.local/lib/python3.10/site-packages/airflow/models/dagbag.py", line 351, in parse
    loader.exec_module(new_module)
  File "<frozen importlib._bootstrap_external>", line 883, in exec_module
  File "<frozen importlib._bootstrap>", line 241, in _call_with_frames_removed
  File "/opt/airflow/dags/main.py", line 29, in <module>
    videos_id = get_video_ids(playlist_id)
TypeError: get_video_ids() missing 1 required positional argument: 'schema'
[2026-09-29T14:59:33.531+0000] {processor.py:842} WARNING - No viable dags retrieved from /opt/airflow/dags/main.py
[2026-09-29T14:59:33.557+0000] {processor.py:183} INFO - Processing /opt/airflow/dags/main.py took 0.376 seconds
[2026-09-29T15:00:03.971+0000] {processor.py:161} INFO - Started process (PID=780) to work on /opt/airflow/dags/main.py
[2026-09-29T15:00:03.978+0000] {processor.py:830} INFO - Processing file /opt/airflow/dags/main.py for tasks to queue
[2026-09-29T15:00:03.987+0000] {logging_mixin.py:188} INFO - [2026-09-29T15:00:03.986+0000] {dagbag.py:545} INFO - Filling up the DagBag from /opt/airflow/dags/main.py
[2026-09-29T15:00:04.357+0000] {logging_mixin.py:188} INFO - [2026-09-29T15:00:04.346+0000] {dagbag.py:355} ERROR - Failed to import: /opt/airflow/dags/main.py
Traceback (most recent call last):
  File "/home/airflow/.local/lib/python3.10/site-packages/airflow/models/dagbag.py", line 351, in parse
    loader.exec_module(new_module)
  File "<frozen importlib._bootstrap_external>", line 883, in exec_module
  File "<frozen importlib._bootstrap>", line 241, in _call_with_frames_removed
  File "/opt/airflow/dags/main.py", line 29, in <module>
    videos_id = get_video_ids(playlist_id)
TypeError: get_video_ids() missing 1 required positional argument: 'schema'
[2026-09-29T15:00:04.361+0000] {processor.py:842} WARNING - No viable dags retrieved from /opt/airflow/dags/main.py
[2026-09-29T15:00:04.394+0000] {processor.py:183} INFO - Processing /opt/airflow/dags/main.py took 0.452 seconds
[2026-09-29T15:00:34.788+0000] {processor.py:161} INFO - Started process (PID=787) to work on /opt/airflow/dags/main.py
[2026-09-29T15:00:34.790+0000] {processor.py:830} INFO - Processing file /opt/airflow/dags/main.py for tasks to queue
[2026-09-29T15:00:34.793+0000] {logging_mixin.py:188} INFO - [2026-09-29T15:00:34.792+0000] {dagbag.py:545} INFO - Filling up the DagBag from /opt/airflow/dags/main.py
[2026-09-29T15:00:35.103+0000] {logging_mixin.py:188} INFO - [2026-09-29T15:00:35.092+0000] {dagbag.py:355} ERROR - Failed to import: /opt/airflow/dags/main.py
Traceback (most recent call last):
  File "/home/airflow/.local/lib/python3.10/site-packages/airflow/models/dagbag.py", line 351, in parse
    loader.exec_module(new_module)
  File "<frozen importlib._bootstrap_external>", line 883, in exec_module
  File "<frozen importlib._bootstrap>", line 241, in _call_with_frames_removed
  File "/opt/airflow/dags/main.py", line 29, in <module>
    videos_id = get_video_ids(playlist_id)
TypeError: get_video_ids() missing 1 required positional argument: 'schema'
[2026-09-29T15:00:35.108+0000] {processor.py:842} WARNING - No viable dags retrieved from /opt/airflow/dags/main.py
[2026-09-29T15:00:35.130+0000] {processor.py:183} INFO - Processing /opt/airflow/dags/main.py took 0.347 seconds
[2026-09-29T15:01:05.571+0000] {processor.py:161} INFO - Started process (PID=794) to work on /opt/airflow/dags/main.py
[2026-09-29T15:01:05.574+0000] {processor.py:830} INFO - Processing file /opt/airflow/dags/main.py for tasks to queue
[2026-09-29T15:01:05.579+0000] {logging_mixin.py:188} INFO - [2026-09-29T15:01:05.579+0000] {dagbag.py:545} INFO - Filling up the DagBag from /opt/airflow/dags/main.py
[2026-09-29T15:01:05.878+0000] {logging_mixin.py:188} INFO - [2026-09-29T15:01:05.869+0000] {dagbag.py:355} ERROR - Failed to import: /opt/airflow/dags/main.py
Traceback (most recent call last):
  File "/home/airflow/.local/lib/python3.10/site-packages/airflow/models/dagbag.py", line 351, in parse
    loader.exec_module(new_module)
  File "<frozen importlib._bootstrap_external>", line 883, in exec_module
  File "<frozen importlib._bootstrap>", line 241, in _call_with_frames_removed
  File "/opt/airflow/dags/main.py", line 29, in <module>
    videos_id = get_video_ids(playlist_id)
TypeError: get_video_ids() missing 1 required positional argument: 'schema'
[2026-09-29T15:01:05.883+0000] {processor.py:842} WARNING - No viable dags retrieved from /opt/airflow/dags/main.py
[2026-09-29T15:01:05.910+0000] {processor.py:183} INFO - Processing /opt/airflow/dags/main.py took 0.348 seconds
[2026-09-29T15:01:36.234+0000] {processor.py:161} INFO - Started process (PID=807) to work on /opt/airflow/dags/main.py
[2026-09-29T15:01:36.237+0000] {processor.py:830} INFO - Processing file /opt/airflow/dags/main.py for tasks to queue
[2026-09-29T15:01:36.240+0000] {logging_mixin.py:188} INFO - [2026-09-29T15:01:36.239+0000] {dagbag.py:545} INFO - Filling up the DagBag from /opt/airflow/dags/main.py
[2026-09-29T15:01:36.540+0000] {logging_mixin.py:188} INFO - [2026-09-29T15:01:36.530+0000] {dagbag.py:355} ERROR - Failed to import: /opt/airflow/dags/main.py
Traceback (most recent call last):
  File "/home/airflow/.local/lib/python3.10/site-packages/airflow/models/dagbag.py", line 351, in parse
    loader.exec_module(new_module)
  File "<frozen importlib._bootstrap_external>", line 883, in exec_module
  File "<frozen importlib._bootstrap>", line 241, in _call_with_frames_removed
  File "/opt/airflow/dags/main.py", line 29, in <module>
    videos_id = get_video_ids(playlist_id)
TypeError: get_video_ids() missing 1 required positional argument: 'schema'
[2026-09-29T15:01:36.545+0000] {processor.py:842} WARNING - No viable dags retrieved from /opt/airflow/dags/main.py
[2026-09-29T15:01:36.570+0000] {processor.py:183} INFO - Processing /opt/airflow/dags/main.py took 0.343 seconds
[2026-09-29T15:02:06.938+0000] {processor.py:161} INFO - Started process (PID=814) to work on /opt/airflow/dags/main.py
[2026-09-29T15:02:06.941+0000] {processor.py:830} INFO - Processing file /opt/airflow/dags/main.py for tasks to queue
[2026-09-29T15:02:06.944+0000] {logging_mixin.py:188} INFO - [2026-09-29T15:02:06.944+0000] {dagbag.py:545} INFO - Filling up the DagBag from /opt/airflow/dags/main.py
[2026-09-29T15:02:07.199+0000] {logging_mixin.py:188} INFO - [2026-09-29T15:02:07.189+0000] {dagbag.py:355} ERROR - Failed to import: /opt/airflow/dags/main.py
Traceback (most recent call last):
  File "/home/airflow/.local/lib/python3.10/site-packages/airflow/models/dagbag.py", line 351, in parse
    loader.exec_module(new_module)
  File "<frozen importlib._bootstrap_external>", line 883, in exec_module
  File "<frozen importlib._bootstrap>", line 241, in _call_with_frames_removed
  File "/opt/airflow/dags/main.py", line 29, in <module>
    videos_id = get_video_ids(playlist_id)
TypeError: get_video_ids() missing 1 required positional argument: 'schema'
[2026-09-29T15:02:07.205+0000] {processor.py:842} WARNING - No viable dags retrieved from /opt/airflow/dags/main.py
[2026-09-29T15:02:07.228+0000] {processor.py:183} INFO - Processing /opt/airflow/dags/main.py took 0.298 seconds
[2026-09-29T15:02:37.619+0000] {processor.py:161} INFO - Started process (PID=821) to work on /opt/airflow/dags/main.py
[2026-09-29T15:02:37.622+0000] {processor.py:830} INFO - Processing file /opt/airflow/dags/main.py for tasks to queue
[2026-09-29T15:02:37.626+0000] {logging_mixin.py:188} INFO - [2026-09-29T15:02:37.625+0000] {dagbag.py:545} INFO - Filling up the DagBag from /opt/airflow/dags/main.py
[2026-09-29T15:02:37.971+0000] {logging_mixin.py:188} INFO - [2026-09-29T15:02:37.961+0000] {dagbag.py:355} ERROR - Failed to import: /opt/airflow/dags/main.py
Traceback (most recent call last):
  File "/home/airflow/.local/lib/python3.10/site-packages/airflow/models/dagbag.py", line 351, in parse
    loader.exec_module(new_module)
  File "<frozen importlib._bootstrap_external>", line 883, in exec_module
  File "<frozen importlib._bootstrap>", line 241, in _call_with_frames_removed
  File "/opt/airflow/dags/main.py", line 29, in <module>
    videos_id = get_video_ids(playlist_id)
TypeError: get_video_ids() missing 1 required positional argument: 'schema'
[2026-09-29T15:02:37.976+0000] {processor.py:842} WARNING - No viable dags retrieved from /opt/airflow/dags/main.py
[2026-09-29T15:02:38.013+0000] {processor.py:183} INFO - Processing /opt/airflow/dags/main.py took 0.418 seconds
[2026-09-29T15:03:08.385+0000] {processor.py:161} INFO - Started process (PID=828) to work on /opt/airflow/dags/main.py
[2026-09-29T15:03:08.389+0000] {processor.py:830} INFO - Processing file /opt/airflow/dags/main.py for tasks to queue
[2026-09-29T15:03:08.394+0000] {logging_mixin.py:188} INFO - [2026-09-29T15:03:08.393+0000] {dagbag.py:545} INFO - Filling up the DagBag from /opt/airflow/dags/main.py
[2026-09-29T15:03:08.786+0000] {logging_mixin.py:188} INFO - [2026-09-29T15:03:08.779+0000] {dagbag.py:355} ERROR - Failed to import: /opt/airflow/dags/main.py
Traceback (most recent call last):
  File "/home/airflow/.local/lib/python3.10/site-packages/airflow/models/dagbag.py", line 351, in parse
    loader.exec_module(new_module)
  File "<frozen importlib._bootstrap_external>", line 883, in exec_module
  File "<frozen importlib._bootstrap>", line 241, in _call_with_frames_removed
  File "/opt/airflow/dags/main.py", line 29, in <module>
    videos_id = get_video_ids(playlist_id)
TypeError: get_video_ids() missing 1 required positional argument: 'schema'
[2026-09-29T15:03:08.790+0000] {processor.py:842} WARNING - No viable dags retrieved from /opt/airflow/dags/main.py
[2026-09-29T15:03:08.828+0000] {processor.py:183} INFO - Processing /opt/airflow/dags/main.py took 0.455 seconds
[2026-09-29T15:03:39.152+0000] {processor.py:161} INFO - Started process (PID=835) to work on /opt/airflow/dags/main.py
[2026-09-29T15:03:39.155+0000] {processor.py:830} INFO - Processing file /opt/airflow/dags/main.py for tasks to queue
[2026-09-29T15:03:39.158+0000] {logging_mixin.py:188} INFO - [2026-09-29T15:03:39.157+0000] {dagbag.py:545} INFO - Filling up the DagBag from /opt/airflow/dags/main.py
[2026-09-29T15:03:39.451+0000] {logging_mixin.py:188} INFO - [2026-09-29T15:03:39.440+0000] {dagbag.py:355} ERROR - Failed to import: /opt/airflow/dags/main.py
Traceback (most recent call last):
  File "/home/airflow/.local/lib/python3.10/site-packages/airflow/models/dagbag.py", line 351, in parse
    loader.exec_module(new_module)
  File "<frozen importlib._bootstrap_external>", line 883, in exec_module
  File "<frozen importlib._bootstrap>", line 241, in _call_with_frames_removed
  File "/opt/airflow/dags/main.py", line 29, in <module>
    videos_id = get_video_ids(playlist_id)
TypeError: get_video_ids() missing 1 required positional argument: 'schema'
[2026-09-29T15:03:39.455+0000] {processor.py:842} WARNING - No viable dags retrieved from /opt/airflow/dags/main.py
[2026-09-29T15:03:39.479+0000] {processor.py:183} INFO - Processing /opt/airflow/dags/main.py took 0.332 seconds
[2026-09-29T15:04:09.846+0000] {processor.py:161} INFO - Started process (PID=842) to work on /opt/airflow/dags/main.py
[2026-09-29T15:04:09.850+0000] {processor.py:830} INFO - Processing file /opt/airflow/dags/main.py for tasks to queue
[2026-09-29T15:04:09.854+0000] {logging_mixin.py:188} INFO - [2026-09-29T15:04:09.854+0000] {dagbag.py:545} INFO - Filling up the DagBag from /opt/airflow/dags/main.py
[2026-09-29T15:04:10.193+0000] {logging_mixin.py:188} INFO - [2026-09-29T15:04:10.183+0000] {dagbag.py:355} ERROR - Failed to import: /opt/airflow/dags/main.py
Traceback (most recent call last):
  File "/home/airflow/.local/lib/python3.10/site-packages/airflow/models/dagbag.py", line 351, in parse
    loader.exec_module(new_module)
  File "<frozen importlib._bootstrap_external>", line 883, in exec_module
  File "<frozen importlib._bootstrap>", line 241, in _call_with_frames_removed
  File "/opt/airflow/dags/main.py", line 29, in <module>
    videos_id = get_video_ids(playlist_id)
TypeError: get_video_ids() missing 1 required positional argument: 'schema'
[2026-09-29T15:04:10.197+0000] {processor.py:842} WARNING - No viable dags retrieved from /opt/airflow/dags/main.py
[2026-09-29T15:04:10.248+0000] {processor.py:183} INFO - Processing /opt/airflow/dags/main.py took 0.412 seconds
[2026-09-29T15:04:40.656+0000] {processor.py:161} INFO - Started process (PID=849) to work on /opt/airflow/dags/main.py
[2026-09-29T15:04:40.660+0000] {processor.py:830} INFO - Processing file /opt/airflow/dags/main.py for tasks to queue
[2026-09-29T15:04:40.664+0000] {logging_mixin.py:188} INFO - [2026-09-29T15:04:40.663+0000] {dagbag.py:545} INFO - Filling up the DagBag from /opt/airflow/dags/main.py
[2026-09-29T15:04:40.980+0000] {logging_mixin.py:188} INFO - [2026-09-29T15:04:40.969+0000] {dagbag.py:355} ERROR - Failed to import: /opt/airflow/dags/main.py
Traceback (most recent call last):
  File "/home/airflow/.local/lib/python3.10/site-packages/airflow/models/dagbag.py", line 351, in parse
    loader.exec_module(new_module)
  File "<frozen importlib._bootstrap_external>", line 883, in exec_module
  File "<frozen importlib._bootstrap>", line 241, in _call_with_frames_removed
  File "/opt/airflow/dags/main.py", line 29, in <module>
    videos_id = get_video_ids(playlist_id)
TypeError: get_video_ids() missing 1 required positional argument: 'schema'
[2026-09-29T15:04:40.984+0000] {processor.py:842} WARNING - No viable dags retrieved from /opt/airflow/dags/main.py
[2026-09-29T15:04:41.011+0000] {processor.py:183} INFO - Processing /opt/airflow/dags/main.py took 0.361 seconds
[2026-09-29T15:05:11.410+0000] {processor.py:161} INFO - Started process (PID=856) to work on /opt/airflow/dags/main.py
[2026-09-29T15:05:11.414+0000] {processor.py:830} INFO - Processing file /opt/airflow/dags/main.py for tasks to queue
[2026-09-29T15:05:11.418+0000] {logging_mixin.py:188} INFO - [2026-09-29T15:05:11.418+0000] {dagbag.py:545} INFO - Filling up the DagBag from /opt/airflow/dags/main.py
[2026-09-29T15:05:11.718+0000] {logging_mixin.py:188} INFO - [2026-09-29T15:05:11.707+0000] {dagbag.py:355} ERROR - Failed to import: /opt/airflow/dags/main.py
Traceback (most recent call last):
  File "/home/airflow/.local/lib/python3.10/site-packages/airflow/models/dagbag.py", line 351, in parse
    loader.exec_module(new_module)
  File "<frozen importlib._bootstrap_external>", line 883, in exec_module
  File "<frozen importlib._bootstrap>", line 241, in _call_with_frames_removed
  File "/opt/airflow/dags/main.py", line 29, in <module>
    videos_id = get_video_ids(playlist_id)
TypeError: get_video_ids() missing 1 required positional argument: 'schema'
[2026-09-29T15:05:11.723+0000] {processor.py:842} WARNING - No viable dags retrieved from /opt/airflow/dags/main.py
[2026-09-29T15:05:11.751+0000] {processor.py:183} INFO - Processing /opt/airflow/dags/main.py took 0.352 seconds
[2026-09-29T15:05:42.657+0000] {processor.py:161} INFO - Started process (PID=863) to work on /opt/airflow/dags/main.py
[2026-09-29T15:05:42.660+0000] {processor.py:830} INFO - Processing file /opt/airflow/dags/main.py for tasks to queue
[2026-09-29T15:05:42.663+0000] {logging_mixin.py:188} INFO - [2026-09-29T15:05:42.663+0000] {dagbag.py:545} INFO - Filling up the DagBag from /opt/airflow/dags/main.py
[2026-09-29T15:05:42.953+0000] {logging_mixin.py:188} INFO - [2026-09-29T15:05:42.942+0000] {dagbag.py:355} ERROR - Failed to import: /opt/airflow/dags/main.py
Traceback (most recent call last):
  File "/home/airflow/.local/lib/python3.10/site-packages/airflow/models/dagbag.py", line 351, in parse
    loader.exec_module(new_module)
  File "<frozen importlib._bootstrap_external>", line 883, in exec_module
  File "<frozen importlib._bootstrap>", line 241, in _call_with_frames_removed
  File "/opt/airflow/dags/main.py", line 29, in <module>
    videos_id = get_video_ids(playlist_id)
TypeError: get_video_ids() missing 1 required positional argument: 'schema'
[2026-09-29T15:05:42.958+0000] {processor.py:842} WARNING - No viable dags retrieved from /opt/airflow/dags/main.py
[2026-09-29T15:05:42.978+0000] {processor.py:183} INFO - Processing /opt/airflow/dags/main.py took 0.328 seconds
[2026-09-29T15:06:13.302+0000] {processor.py:161} INFO - Started process (PID=870) to work on /opt/airflow/dags/main.py
[2026-09-29T15:06:13.307+0000] {processor.py:830} INFO - Processing file /opt/airflow/dags/main.py for tasks to queue
[2026-09-29T15:06:13.312+0000] {logging_mixin.py:188} INFO - [2026-09-29T15:06:13.311+0000] {dagbag.py:545} INFO - Filling up the DagBag from /opt/airflow/dags/main.py
[2026-09-29T15:06:13.602+0000] {logging_mixin.py:188} INFO - [2026-09-29T15:06:13.592+0000] {dagbag.py:355} ERROR - Failed to import: /opt/airflow/dags/main.py
Traceback (most recent call last):
  File "/home/airflow/.local/lib/python3.10/site-packages/airflow/models/dagbag.py", line 351, in parse
    loader.exec_module(new_module)
  File "<frozen importlib._bootstrap_external>", line 883, in exec_module
  File "<frozen importlib._bootstrap>", line 241, in _call_with_frames_removed
  File "/opt/airflow/dags/main.py", line 29, in <module>
    videos_id = get_video_ids(playlist_id)
TypeError: get_video_ids() missing 1 required positional argument: 'schema'
[2026-09-29T15:06:13.606+0000] {processor.py:842} WARNING - No viable dags retrieved from /opt/airflow/dags/main.py
[2026-09-29T15:06:13.630+0000] {processor.py:183} INFO - Processing /opt/airflow/dags/main.py took 0.341 seconds
[2026-09-29T15:06:43.956+0000] {processor.py:161} INFO - Started process (PID=877) to work on /opt/airflow/dags/main.py
[2026-09-29T15:06:43.960+0000] {processor.py:830} INFO - Processing file /opt/airflow/dags/main.py for tasks to queue
[2026-09-29T15:06:43.963+0000] {logging_mixin.py:188} INFO - [2026-09-29T15:06:43.962+0000] {dagbag.py:545} INFO - Filling up the DagBag from /opt/airflow/dags/main.py
[2026-09-29T15:06:44.265+0000] {logging_mixin.py:188} INFO - [2026-09-29T15:06:44.257+0000] {dagbag.py:355} ERROR - Failed to import: /opt/airflow/dags/main.py
Traceback (most recent call last):
  File "/home/airflow/.local/lib/python3.10/site-packages/airflow/models/dagbag.py", line 351, in parse
    loader.exec_module(new_module)
  File "<frozen importlib._bootstrap_external>", line 883, in exec_module
  File "<frozen importlib._bootstrap>", line 241, in _call_with_frames_removed
  File "/opt/airflow/dags/main.py", line 29, in <module>
    videos_id = get_video_ids(playlist_id)
TypeError: get_video_ids() missing 1 required positional argument: 'schema'
[2026-09-29T15:06:44.270+0000] {processor.py:842} WARNING - No viable dags retrieved from /opt/airflow/dags/main.py
[2026-09-29T15:06:44.292+0000] {processor.py:183} INFO - Processing /opt/airflow/dags/main.py took 0.341 seconds
[2026-09-29T15:07:14.621+0000] {processor.py:161} INFO - Started process (PID=884) to work on /opt/airflow/dags/main.py
[2026-09-29T15:07:14.624+0000] {processor.py:830} INFO - Processing file /opt/airflow/dags/main.py for tasks to queue
[2026-09-29T15:07:14.627+0000] {logging_mixin.py:188} INFO - [2026-09-29T15:07:14.627+0000] {dagbag.py:545} INFO - Filling up the DagBag from /opt/airflow/dags/main.py
[2026-09-29T15:07:14.952+0000] {logging_mixin.py:188} INFO - [2026-09-29T15:07:14.938+0000] {dagbag.py:355} ERROR - Failed to import: /opt/airflow/dags/main.py
Traceback (most recent call last):
  File "/home/airflow/.local/lib/python3.10/site-packages/airflow/models/dagbag.py", line 351, in parse
    loader.exec_module(new_module)
  File "<frozen importlib._bootstrap_external>", line 883, in exec_module
  File "<frozen importlib._bootstrap>", line 241, in _call_with_frames_removed
  File "/opt/airflow/dags/main.py", line 29, in <module>
    videos_id = get_video_ids(playlist_id)
TypeError: get_video_ids() missing 1 required positional argument: 'schema'
[2026-09-29T15:07:14.960+0000] {processor.py:842} WARNING - No viable dags retrieved from /opt/airflow/dags/main.py
[2026-09-29T15:07:14.986+0000] {processor.py:183} INFO - Processing /opt/airflow/dags/main.py took 0.371 seconds
[2026-09-29T15:07:45.376+0000] {processor.py:161} INFO - Started process (PID=891) to work on /opt/airflow/dags/main.py
[2026-09-29T15:07:45.380+0000] {processor.py:830} INFO - Processing file /opt/airflow/dags/main.py for tasks to queue
[2026-09-29T15:07:45.383+0000] {logging_mixin.py:188} INFO - [2026-09-29T15:07:45.382+0000] {dagbag.py:545} INFO - Filling up the DagBag from /opt/airflow/dags/main.py
[2026-09-29T15:07:45.672+0000] {logging_mixin.py:188} INFO - [2026-09-29T15:07:45.661+0000] {dagbag.py:355} ERROR - Failed to import: /opt/airflow/dags/main.py
Traceback (most recent call last):
  File "/home/airflow/.local/lib/python3.10/site-packages/airflow/models/dagbag.py", line 351, in parse
    loader.exec_module(new_module)
  File "<frozen importlib._bootstrap_external>", line 883, in exec_module
  File "<frozen importlib._bootstrap>", line 241, in _call_with_frames_removed
  File "/opt/airflow/dags/main.py", line 29, in <module>
    videos_id = get_video_ids(playlist_id)
TypeError: get_video_ids() missing 1 required positional argument: 'schema'
[2026-09-29T15:07:45.678+0000] {processor.py:842} WARNING - No viable dags retrieved from /opt/airflow/dags/main.py
[2026-09-29T15:07:45.742+0000] {processor.py:183} INFO - Processing /opt/airflow/dags/main.py took 0.373 seconds
[2026-09-29T15:08:16.163+0000] {processor.py:161} INFO - Started process (PID=898) to work on /opt/airflow/dags/main.py
[2026-09-29T15:08:16.168+0000] {processor.py:830} INFO - Processing file /opt/airflow/dags/main.py for tasks to queue
[2026-09-29T15:08:16.173+0000] {logging_mixin.py:188} INFO - [2026-09-29T15:08:16.172+0000] {dagbag.py:545} INFO - Filling up the DagBag from /opt/airflow/dags/main.py
[2026-09-29T15:08:16.476+0000] {logging_mixin.py:188} INFO - [2026-09-29T15:08:16.466+0000] {dagbag.py:355} ERROR - Failed to import: /opt/airflow/dags/main.py
Traceback (most recent call last):
  File "/home/airflow/.local/lib/python3.10/site-packages/airflow/models/dagbag.py", line 351, in parse
    loader.exec_module(new_module)
  File "<frozen importlib._bootstrap_external>", line 883, in exec_module
  File "<frozen importlib._bootstrap>", line 241, in _call_with_frames_removed
  File "/opt/airflow/dags/main.py", line 29, in <module>
    videos_id = get_video_ids(playlist_id)
TypeError: get_video_ids() missing 1 required positional argument: 'schema'
[2026-09-29T15:08:16.480+0000] {processor.py:842} WARNING - No viable dags retrieved from /opt/airflow/dags/main.py
[2026-09-29T15:08:16.505+0000] {processor.py:183} INFO - Processing /opt/airflow/dags/main.py took 0.352 seconds
[2026-09-29T15:08:46.889+0000] {processor.py:161} INFO - Started process (PID=905) to work on /opt/airflow/dags/main.py
[2026-09-29T15:08:46.891+0000] {processor.py:830} INFO - Processing file /opt/airflow/dags/main.py for tasks to queue
[2026-09-29T15:08:46.894+0000] {logging_mixin.py:188} INFO - [2026-09-29T15:08:46.894+0000] {dagbag.py:545} INFO - Filling up the DagBag from /opt/airflow/dags/main.py
[2026-09-29T15:08:47.196+0000] {logging_mixin.py:188} INFO - [2026-09-29T15:08:47.185+0000] {dagbag.py:355} ERROR - Failed to import: /opt/airflow/dags/main.py
Traceback (most recent call last):
  File "/home/airflow/.local/lib/python3.10/site-packages/airflow/models/dagbag.py", line 351, in parse
    loader.exec_module(new_module)
  File "<frozen importlib._bootstrap_external>", line 883, in exec_module
  File "<frozen importlib._bootstrap>", line 241, in _call_with_frames_removed
  File "/opt/airflow/dags/main.py", line 29, in <module>
    videos_id = get_video_ids(playlist_id)
TypeError: get_video_ids() missing 1 required positional argument: 'schema'
[2026-09-29T15:08:47.201+0000] {processor.py:842} WARNING - No viable dags retrieved from /opt/airflow/dags/main.py
[2026-09-29T15:08:47.275+0000] {processor.py:183} INFO - Processing /opt/airflow/dags/main.py took 0.391 seconds
[2026-09-29T15:09:17.620+0000] {processor.py:161} INFO - Started process (PID=912) to work on /opt/airflow/dags/main.py
[2026-09-29T15:09:17.623+0000] {processor.py:830} INFO - Processing file /opt/airflow/dags/main.py for tasks to queue
[2026-09-29T15:09:17.626+0000] {logging_mixin.py:188} INFO - [2026-09-29T15:09:17.626+0000] {dagbag.py:545} INFO - Filling up the DagBag from /opt/airflow/dags/main.py
[2026-09-29T15:09:17.965+0000] {logging_mixin.py:188} INFO - [2026-09-29T15:09:17.957+0000] {dagbag.py:355} ERROR - Failed to import: /opt/airflow/dags/main.py
Traceback (most recent call last):
  File "/home/airflow/.local/lib/python3.10/site-packages/airflow/models/dagbag.py", line 351, in parse
    loader.exec_module(new_module)
  File "<frozen importlib._bootstrap_external>", line 883, in exec_module
  File "<frozen importlib._bootstrap>", line 241, in _call_with_frames_removed
  File "/opt/airflow/dags/main.py", line 29, in <module>
    videos_id = get_video_ids(playlist_id)
TypeError: get_video_ids() missing 1 required positional argument: 'schema'
[2026-09-29T15:09:17.969+0000] {processor.py:842} WARNING - No viable dags retrieved from /opt/airflow/dags/main.py
[2026-09-29T15:09:17.991+0000] {processor.py:183} INFO - Processing /opt/airflow/dags/main.py took 0.377 seconds
[2026-09-29T15:09:48.397+0000] {processor.py:161} INFO - Started process (PID=919) to work on /opt/airflow/dags/main.py
[2026-09-29T15:09:48.401+0000] {processor.py:830} INFO - Processing file /opt/airflow/dags/main.py for tasks to queue
[2026-09-29T15:09:48.403+0000] {logging_mixin.py:188} INFO - [2026-09-29T15:09:48.403+0000] {dagbag.py:545} INFO - Filling up the DagBag from /opt/airflow/dags/main.py
[2026-09-29T15:09:48.710+0000] {logging_mixin.py:188} INFO - [2026-09-29T15:09:48.696+0000] {dagbag.py:355} ERROR - Failed to import: /opt/airflow/dags/main.py
Traceback (most recent call last):
  File "/home/airflow/.local/lib/python3.10/site-packages/airflow/models/dagbag.py", line 351, in parse
    loader.exec_module(new_module)
  File "<frozen importlib._bootstrap_external>", line 883, in exec_module
  File "<frozen importlib._bootstrap>", line 241, in _call_with_frames_removed
  File "/opt/airflow/dags/main.py", line 29, in <module>
    videos_id = get_video_ids(playlist_id)
TypeError: get_video_ids() missing 1 required positional argument: 'schema'
[2026-09-29T15:09:48.715+0000] {processor.py:842} WARNING - No viable dags retrieved from /opt/airflow/dags/main.py
[2026-09-29T15:09:48.749+0000] {processor.py:183} INFO - Processing /opt/airflow/dags/main.py took 0.363 seconds
[2026-09-29T15:10:19.147+0000] {processor.py:161} INFO - Started process (PID=926) to work on /opt/airflow/dags/main.py
[2026-09-29T15:10:19.150+0000] {processor.py:830} INFO - Processing file /opt/airflow/dags/main.py for tasks to queue
[2026-09-29T15:10:19.153+0000] {logging_mixin.py:188} INFO - [2026-09-29T15:10:19.153+0000] {dagbag.py:545} INFO - Filling up the DagBag from /opt/airflow/dags/main.py
[2026-09-29T15:10:19.450+0000] {logging_mixin.py:188} INFO - [2026-09-29T15:10:19.443+0000] {dagbag.py:355} ERROR - Failed to import: /opt/airflow/dags/main.py
Traceback (most recent call last):
  File "/home/airflow/.local/lib/python3.10/site-packages/airflow/models/dagbag.py", line 351, in parse
    loader.exec_module(new_module)
  File "<frozen importlib._bootstrap_external>", line 883, in exec_module
  File "<frozen importlib._bootstrap>", line 241, in _call_with_frames_removed
  File "/opt/airflow/dags/main.py", line 29, in <module>
    videos_id = get_video_ids(playlist_id)
TypeError: get_video_ids() missing 1 required positional argument: 'schema'
[2026-09-29T15:10:19.454+0000] {processor.py:842} WARNING - No viable dags retrieved from /opt/airflow/dags/main.py
[2026-09-29T15:10:19.489+0000] {processor.py:183} INFO - Processing /opt/airflow/dags/main.py took 0.348 seconds
[2026-09-29T15:10:50.238+0000] {processor.py:161} INFO - Started process (PID=933) to work on /opt/airflow/dags/main.py
[2026-09-29T15:10:50.242+0000] {processor.py:830} INFO - Processing file /opt/airflow/dags/main.py for tasks to queue
[2026-09-29T15:10:50.246+0000] {logging_mixin.py:188} INFO - [2026-09-29T15:10:50.245+0000] {dagbag.py:545} INFO - Filling up the DagBag from /opt/airflow/dags/main.py
[2026-09-29T15:10:50.604+0000] {logging_mixin.py:188} INFO - [2026-09-29T15:10:50.594+0000] {dagbag.py:355} ERROR - Failed to import: /opt/airflow/dags/main.py
Traceback (most recent call last):
  File "/home/airflow/.local/lib/python3.10/site-packages/airflow/models/dagbag.py", line 351, in parse
    loader.exec_module(new_module)
  File "<frozen importlib._bootstrap_external>", line 883, in exec_module
  File "<frozen importlib._bootstrap>", line 241, in _call_with_frames_removed
  File "/opt/airflow/dags/main.py", line 29, in <module>
    videos_id = get_video_ids(playlist_id)
TypeError: get_video_ids() missing 1 required positional argument: 'schema'
[2026-09-29T15:10:50.609+0000] {processor.py:842} WARNING - No viable dags retrieved from /opt/airflow/dags/main.py
[2026-09-29T15:10:50.634+0000] {processor.py:183} INFO - Processing /opt/airflow/dags/main.py took 0.416 seconds
[2026-09-29T15:11:20.974+0000] {processor.py:161} INFO - Started process (PID=940) to work on /opt/airflow/dags/main.py
[2026-09-29T15:11:20.977+0000] {processor.py:830} INFO - Processing file /opt/airflow/dags/main.py for tasks to queue
[2026-09-29T15:11:20.980+0000] {logging_mixin.py:188} INFO - [2026-09-29T15:11:20.979+0000] {dagbag.py:545} INFO - Filling up the DagBag from /opt/airflow/dags/main.py
[2026-09-29T15:11:21.251+0000] {logging_mixin.py:188} INFO - [2026-09-29T15:11:21.241+0000] {dagbag.py:355} ERROR - Failed to import: /opt/airflow/dags/main.py
Traceback (most recent call last):
  File "/home/airflow/.local/lib/python3.10/site-packages/airflow/models/dagbag.py", line 351, in parse
    loader.exec_module(new_module)
  File "<frozen importlib._bootstrap_external>", line 883, in exec_module
  File "<frozen importlib._bootstrap>", line 241, in _call_with_frames_removed
  File "/opt/airflow/dags/main.py", line 29, in <module>
    videos_id = get_video_ids(playlist_id)
TypeError: get_video_ids() missing 1 required positional argument: 'schema'
[2026-09-29T15:11:21.256+0000] {processor.py:842} WARNING - No viable dags retrieved from /opt/airflow/dags/main.py
[2026-09-29T15:11:21.287+0000] {processor.py:183} INFO - Processing /opt/airflow/dags/main.py took 0.323 seconds
[2026-09-29T15:11:51.626+0000] {processor.py:161} INFO - Started process (PID=947) to work on /opt/airflow/dags/main.py
[2026-09-29T15:11:51.629+0000] {processor.py:830} INFO - Processing file /opt/airflow/dags/main.py for tasks to queue
[2026-09-29T15:11:51.632+0000] {logging_mixin.py:188} INFO - [2026-09-29T15:11:51.631+0000] {dagbag.py:545} INFO - Filling up the DagBag from /opt/airflow/dags/main.py
[2026-09-29T15:11:51.954+0000] {logging_mixin.py:188} INFO - [2026-09-29T15:11:51.941+0000] {dagbag.py:355} ERROR - Failed to import: /opt/airflow/dags/main.py
Traceback (most recent call last):
  File "/home/airflow/.local/lib/python3.10/site-packages/airflow/models/dagbag.py", line 351, in parse
    loader.exec_module(new_module)
  File "<frozen importlib._bootstrap_external>", line 883, in exec_module
  File "<frozen importlib._bootstrap>", line 241, in _call_with_frames_removed
  File "/opt/airflow/dags/main.py", line 29, in <module>
    videos_id = get_video_ids(playlist_id)
TypeError: get_video_ids() missing 1 required positional argument: 'schema'
[2026-09-29T15:11:51.959+0000] {processor.py:842} WARNING - No viable dags retrieved from /opt/airflow/dags/main.py
[2026-09-29T15:11:51.985+0000] {processor.py:183} INFO - Processing /opt/airflow/dags/main.py took 0.365 seconds
[2026-09-29T15:12:22.348+0000] {processor.py:161} INFO - Started process (PID=954) to work on /opt/airflow/dags/main.py
[2026-09-29T15:12:22.352+0000] {processor.py:830} INFO - Processing file /opt/airflow/dags/main.py for tasks to queue
[2026-09-29T15:12:22.357+0000] {logging_mixin.py:188} INFO - [2026-09-29T15:12:22.356+0000] {dagbag.py:545} INFO - Filling up the DagBag from /opt/airflow/dags/main.py
[2026-09-29T15:12:22.697+0000] {logging_mixin.py:188} INFO - [2026-09-29T15:12:22.683+0000] {dagbag.py:355} ERROR - Failed to import: /opt/airflow/dags/main.py
Traceback (most recent call last):
  File "/home/airflow/.local/lib/python3.10/site-packages/airflow/models/dagbag.py", line 351, in parse
    loader.exec_module(new_module)
  File "<frozen importlib._bootstrap_external>", line 883, in exec_module
  File "<frozen importlib._bootstrap>", line 241, in _call_with_frames_removed
  File "/opt/airflow/dags/main.py", line 29, in <module>
    videos_id = get_video_ids(playlist_id)
TypeError: get_video_ids() missing 1 required positional argument: 'schema'
[2026-09-29T15:12:22.704+0000] {processor.py:842} WARNING - No viable dags retrieved from /opt/airflow/dags/main.py
[2026-09-29T15:12:22.742+0000] {processor.py:183} INFO - Processing /opt/airflow/dags/main.py took 0.408 seconds
[2026-09-29T15:12:53.141+0000] {processor.py:161} INFO - Started process (PID=961) to work on /opt/airflow/dags/main.py
[2026-09-29T15:12:53.146+0000] {processor.py:830} INFO - Processing file /opt/airflow/dags/main.py for tasks to queue
[2026-09-29T15:12:53.149+0000] {logging_mixin.py:188} INFO - [2026-09-29T15:12:53.149+0000] {dagbag.py:545} INFO - Filling up the DagBag from /opt/airflow/dags/main.py
[2026-09-29T15:12:53.637+0000] {logging_mixin.py:188} INFO - [2026-09-29T15:12:53.622+0000] {dagbag.py:355} ERROR - Failed to import: /opt/airflow/dags/main.py
Traceback (most recent call last):
  File "/home/airflow/.local/lib/python3.10/site-packages/airflow/models/dagbag.py", line 351, in parse
    loader.exec_module(new_module)
  File "<frozen importlib._bootstrap_external>", line 883, in exec_module
  File "<frozen importlib._bootstrap>", line 241, in _call_with_frames_removed
  File "/opt/airflow/dags/main.py", line 29, in <module>
    videos_id = get_video_ids(playlist_id)
TypeError: get_video_ids() missing 1 required positional argument: 'schema'
[2026-09-29T15:12:53.644+0000] {processor.py:842} WARNING - No viable dags retrieved from /opt/airflow/dags/main.py
[2026-09-29T15:12:53.687+0000] {processor.py:183} INFO - Processing /opt/airflow/dags/main.py took 0.556 seconds
[2026-09-29T15:13:23.924+0000] {processor.py:161} INFO - Started process (PID=968) to work on /opt/airflow/dags/main.py
[2026-09-29T15:13:23.927+0000] {processor.py:830} INFO - Processing file /opt/airflow/dags/main.py for tasks to queue
[2026-09-29T15:13:23.930+0000] {logging_mixin.py:188} INFO - [2026-09-29T15:13:23.930+0000] {dagbag.py:545} INFO - Filling up the DagBag from /opt/airflow/dags/main.py
[2026-09-29T15:13:24.202+0000] {logging_mixin.py:188} INFO - [2026-09-29T15:13:24.193+0000] {dagbag.py:355} ERROR - Failed to import: /opt/airflow/dags/main.py
Traceback (most recent call last):
  File "/home/airflow/.local/lib/python3.10/site-packages/airflow/models/dagbag.py", line 351, in parse
    loader.exec_module(new_module)
  File "<frozen importlib._bootstrap_external>", line 883, in exec_module
  File "<frozen importlib._bootstrap>", line 241, in _call_with_frames_removed
  File "/opt/airflow/dags/main.py", line 29, in <module>
    videos_id = get_video_ids(playlist_id)
TypeError: get_video_ids() missing 1 required positional argument: 'schema'
[2026-09-29T15:13:24.207+0000] {processor.py:842} WARNING - No viable dags retrieved from /opt/airflow/dags/main.py
[2026-09-29T15:13:24.225+0000] {processor.py:183} INFO - Processing /opt/airflow/dags/main.py took 0.308 seconds
[2026-09-29T15:13:54.561+0000] {processor.py:161} INFO - Started process (PID=975) to work on /opt/airflow/dags/main.py
[2026-09-29T15:13:54.564+0000] {processor.py:830} INFO - Processing file /opt/airflow/dags/main.py for tasks to queue
[2026-09-29T15:13:54.567+0000] {logging_mixin.py:188} INFO - [2026-09-29T15:13:54.566+0000] {dagbag.py:545} INFO - Filling up the DagBag from /opt/airflow/dags/main.py
[2026-09-29T15:13:54.888+0000] {logging_mixin.py:188} INFO - [2026-09-29T15:13:54.879+0000] {dagbag.py:355} ERROR - Failed to import: /opt/airflow/dags/main.py
Traceback (most recent call last):
  File "/home/airflow/.local/lib/python3.10/site-packages/airflow/models/dagbag.py", line 351, in parse
    loader.exec_module(new_module)
  File "<frozen importlib._bootstrap_external>", line 883, in exec_module
  File "<frozen importlib._bootstrap>", line 241, in _call_with_frames_removed
  File "/opt/airflow/dags/main.py", line 29, in <module>
    videos_id = get_video_ids(playlist_id)
TypeError: get_video_ids() missing 1 required positional argument: 'schema'
[2026-09-29T15:13:54.893+0000] {processor.py:842} WARNING - No viable dags retrieved from /opt/airflow/dags/main.py
[2026-09-29T15:13:54.917+0000] {processor.py:183} INFO - Processing /opt/airflow/dags/main.py took 0.365 seconds
[2026-09-29T15:14:25.326+0000] {processor.py:161} INFO - Started process (PID=982) to work on /opt/airflow/dags/main.py
[2026-09-29T15:14:25.334+0000] {processor.py:830} INFO - Processing file /opt/airflow/dags/main.py for tasks to queue
[2026-09-29T15:14:25.340+0000] {logging_mixin.py:188} INFO - [2026-09-29T15:14:25.339+0000] {dagbag.py:545} INFO - Filling up the DagBag from /opt/airflow/dags/main.py
[2026-09-29T15:14:25.678+0000] {logging_mixin.py:188} INFO - [2026-09-29T15:14:25.669+0000] {dagbag.py:355} ERROR - Failed to import: /opt/airflow/dags/main.py
Traceback (most recent call last):
  File "/home/airflow/.local/lib/python3.10/site-packages/airflow/models/dagbag.py", line 351, in parse
    loader.exec_module(new_module)
  File "<frozen importlib._bootstrap_external>", line 883, in exec_module
  File "<frozen importlib._bootstrap>", line 241, in _call_with_frames_removed
  File "/opt/airflow/dags/main.py", line 29, in <module>
    videos_id = get_video_ids(playlist_id)
TypeError: get_video_ids() missing 1 required positional argument: 'schema'
[2026-09-29T15:14:25.682+0000] {processor.py:842} WARNING - No viable dags retrieved from /opt/airflow/dags/main.py
[2026-09-29T15:14:25.701+0000] {processor.py:183} INFO - Processing /opt/airflow/dags/main.py took 0.407 seconds
[2026-09-29T15:14:56.019+0000] {processor.py:161} INFO - Started process (PID=989) to work on /opt/airflow/dags/main.py
[2026-09-29T15:14:56.022+0000] {processor.py:830} INFO - Processing file /opt/airflow/dags/main.py for tasks to queue
[2026-09-29T15:14:56.026+0000] {logging_mixin.py:188} INFO - [2026-09-29T15:14:56.025+0000] {dagbag.py:545} INFO - Filling up the DagBag from /opt/airflow/dags/main.py
[2026-09-29T15:14:56.329+0000] {logging_mixin.py:188} INFO - [2026-09-29T15:14:56.319+0000] {dagbag.py:355} ERROR - Failed to import: /opt/airflow/dags/main.py
Traceback (most recent call last):
  File "/home/airflow/.local/lib/python3.10/site-packages/airflow/models/dagbag.py", line 351, in parse
    loader.exec_module(new_module)
  File "<frozen importlib._bootstrap_external>", line 883, in exec_module
  File "<frozen importlib._bootstrap>", line 241, in _call_with_frames_removed
  File "/opt/airflow/dags/main.py", line 29, in <module>
    videos_id = get_video_ids(playlist_id)
TypeError: get_video_ids() missing 1 required positional argument: 'schema'
[2026-09-29T15:14:56.334+0000] {processor.py:842} WARNING - No viable dags retrieved from /opt/airflow/dags/main.py
[2026-09-29T15:14:56.354+0000] {processor.py:183} INFO - Processing /opt/airflow/dags/main.py took 0.341 seconds
[2026-09-29T15:15:26.719+0000] {processor.py:161} INFO - Started process (PID=996) to work on /opt/airflow/dags/main.py
[2026-09-29T15:15:26.724+0000] {processor.py:830} INFO - Processing file /opt/airflow/dags/main.py for tasks to queue
[2026-09-29T15:15:26.729+0000] {logging_mixin.py:188} INFO - [2026-09-29T15:15:26.728+0000] {dagbag.py:545} INFO - Filling up the DagBag from /opt/airflow/dags/main.py
[2026-09-29T15:15:27.066+0000] {logging_mixin.py:188} INFO - [2026-09-29T15:15:27.055+0000] {dagbag.py:355} ERROR - Failed to import: /opt/airflow/dags/main.py
Traceback (most recent call last):
  File "/home/airflow/.local/lib/python3.10/site-packages/airflow/models/dagbag.py", line 351, in parse
    loader.exec_module(new_module)
  File "<frozen importlib._bootstrap_external>", line 883, in exec_module
  File "<frozen importlib._bootstrap>", line 241, in _call_with_frames_removed
  File "/opt/airflow/dags/main.py", line 29, in <module>
    videos_id = get_video_ids(playlist_id)
TypeError: get_video_ids() missing 1 required positional argument: 'schema'
[2026-09-29T15:15:27.071+0000] {processor.py:842} WARNING - No viable dags retrieved from /opt/airflow/dags/main.py
[2026-09-29T15:15:27.103+0000] {processor.py:183} INFO - Processing /opt/airflow/dags/main.py took 0.393 seconds
[2026-09-29T15:15:57.625+0000] {processor.py:161} INFO - Started process (PID=1003) to work on /opt/airflow/dags/main.py
[2026-09-29T15:15:57.627+0000] {processor.py:830} INFO - Processing file /opt/airflow/dags/main.py for tasks to queue
[2026-09-29T15:15:57.631+0000] {logging_mixin.py:188} INFO - [2026-09-29T15:15:57.630+0000] {dagbag.py:545} INFO - Filling up the DagBag from /opt/airflow/dags/main.py
[2026-09-29T15:15:57.953+0000] {logging_mixin.py:188} INFO - [2026-09-29T15:15:57.941+0000] {dagbag.py:355} ERROR - Failed to import: /opt/airflow/dags/main.py
Traceback (most recent call last):
  File "/home/airflow/.local/lib/python3.10/site-packages/airflow/models/dagbag.py", line 351, in parse
    loader.exec_module(new_module)
  File "<frozen importlib._bootstrap_external>", line 883, in exec_module
  File "<frozen importlib._bootstrap>", line 241, in _call_with_frames_removed
  File "/opt/airflow/dags/main.py", line 29, in <module>
    videos_id = get_video_ids(playlist_id)
TypeError: get_video_ids() missing 1 required positional argument: 'schema'
[2026-09-29T15:15:57.960+0000] {processor.py:842} WARNING - No viable dags retrieved from /opt/airflow/dags/main.py
[2026-09-29T15:15:58.010+0000] {processor.py:183} INFO - Processing /opt/airflow/dags/main.py took 0.394 seconds
[2026-09-29T15:16:28.346+0000] {processor.py:161} INFO - Started process (PID=1010) to work on /opt/airflow/dags/main.py
[2026-09-29T15:16:28.349+0000] {processor.py:830} INFO - Processing file /opt/airflow/dags/main.py for tasks to queue
[2026-09-29T15:16:28.351+0000] {logging_mixin.py:188} INFO - [2026-09-29T15:16:28.351+0000] {dagbag.py:545} INFO - Filling up the DagBag from /opt/airflow/dags/main.py
[2026-09-29T15:16:28.675+0000] {logging_mixin.py:188} INFO - [2026-09-29T15:16:28.665+0000] {dagbag.py:355} ERROR - Failed to import: /opt/airflow/dags/main.py
Traceback (most recent call last):
  File "/home/airflow/.local/lib/python3.10/site-packages/airflow/models/dagbag.py", line 351, in parse
    loader.exec_module(new_module)
  File "<frozen importlib._bootstrap_external>", line 883, in exec_module
  File "<frozen importlib._bootstrap>", line 241, in _call_with_frames_removed
  File "/opt/airflow/dags/main.py", line 29, in <module>
    videos_id = get_video_ids(playlist_id)
TypeError: get_video_ids() missing 1 required positional argument: 'schema'
[2026-09-29T15:16:28.679+0000] {processor.py:842} WARNING - No viable dags retrieved from /opt/airflow/dags/main.py
[2026-09-29T15:16:28.701+0000] {processor.py:183} INFO - Processing /opt/airflow/dags/main.py took 0.362 seconds
[2026-09-29T15:16:59.020+0000] {processor.py:161} INFO - Started process (PID=1017) to work on /opt/airflow/dags/main.py
[2026-09-29T15:16:59.023+0000] {processor.py:830} INFO - Processing file /opt/airflow/dags/main.py for tasks to queue
[2026-09-29T15:16:59.026+0000] {logging_mixin.py:188} INFO - [2026-09-29T15:16:59.025+0000] {dagbag.py:545} INFO - Filling up the DagBag from /opt/airflow/dags/main.py
[2026-09-29T15:16:59.326+0000] {logging_mixin.py:188} INFO - [2026-09-29T15:16:59.318+0000] {dagbag.py:355} ERROR - Failed to import: /opt/airflow/dags/main.py
Traceback (most recent call last):
  File "/home/airflow/.local/lib/python3.10/site-packages/airflow/models/dagbag.py", line 351, in parse
    loader.exec_module(new_module)
  File "<frozen importlib._bootstrap_external>", line 883, in exec_module
  File "<frozen importlib._bootstrap>", line 241, in _call_with_frames_removed
  File "/opt/airflow/dags/main.py", line 29, in <module>
    videos_id = get_video_ids(playlist_id)
TypeError: get_video_ids() missing 1 required positional argument: 'schema'
[2026-09-29T15:16:59.330+0000] {processor.py:842} WARNING - No viable dags retrieved from /opt/airflow/dags/main.py
[2026-09-29T15:16:59.351+0000] {processor.py:183} INFO - Processing /opt/airflow/dags/main.py took 0.337 seconds
[2026-09-29T15:17:29.643+0000] {processor.py:161} INFO - Started process (PID=1024) to work on /opt/airflow/dags/main.py
[2026-09-29T15:17:29.646+0000] {processor.py:830} INFO - Processing file /opt/airflow/dags/main.py for tasks to queue
[2026-09-29T15:17:29.648+0000] {logging_mixin.py:188} INFO - [2026-09-29T15:17:29.648+0000] {dagbag.py:545} INFO - Filling up the DagBag from /opt/airflow/dags/main.py
[2026-09-29T15:17:29.973+0000] {logging_mixin.py:188} INFO - [2026-09-29T15:17:29.960+0000] {dagbag.py:355} ERROR - Failed to import: /opt/airflow/dags/main.py
Traceback (most recent call last):
  File "/home/airflow/.local/lib/python3.10/site-packages/airflow/models/dagbag.py", line 351, in parse
    loader.exec_module(new_module)
  File "<frozen importlib._bootstrap_external>", line 883, in exec_module
  File "<frozen importlib._bootstrap>", line 241, in _call_with_frames_removed
  File "/opt/airflow/dags/main.py", line 29, in <module>
    videos_id = get_video_ids(playlist_id)
TypeError: get_video_ids() missing 1 required positional argument: 'schema'
[2026-09-29T15:17:29.979+0000] {processor.py:842} WARNING - No viable dags retrieved from /opt/airflow/dags/main.py
[2026-09-29T15:17:30.007+0000] {processor.py:183} INFO - Processing /opt/airflow/dags/main.py took 0.369 seconds
[2026-09-29T15:18:00.368+0000] {processor.py:161} INFO - Started process (PID=1031) to work on /opt/airflow/dags/main.py
[2026-09-29T15:18:00.371+0000] {processor.py:830} INFO - Processing file /opt/airflow/dags/main.py for tasks to queue
[2026-09-29T15:18:00.374+0000] {logging_mixin.py:188} INFO - [2026-09-29T15:18:00.374+0000] {dagbag.py:545} INFO - Filling up the DagBag from /opt/airflow/dags/main.py
[2026-09-29T15:18:00.712+0000] {logging_mixin.py:188} INFO - [2026-09-29T15:18:00.703+0000] {dagbag.py:355} ERROR - Failed to import: /opt/airflow/dags/main.py
Traceback (most recent call last):
  File "/home/airflow/.local/lib/python3.10/site-packages/airflow/models/dagbag.py", line 351, in parse
    loader.exec_module(new_module)
  File "<frozen importlib._bootstrap_external>", line 883, in exec_module
  File "<frozen importlib._bootstrap>", line 241, in _call_with_frames_removed
  File "/opt/airflow/dags/main.py", line 29, in <module>
    videos_id = get_video_ids(playlist_id)
TypeError: get_video_ids() missing 1 required positional argument: 'schema'
[2026-09-29T15:18:00.718+0000] {processor.py:842} WARNING - No viable dags retrieved from /opt/airflow/dags/main.py
[2026-09-29T15:18:00.764+0000] {processor.py:183} INFO - Processing /opt/airflow/dags/main.py took 0.406 seconds
[2026-09-29T15:18:31.190+0000] {processor.py:161} INFO - Started process (PID=1038) to work on /opt/airflow/dags/main.py
[2026-09-29T15:18:31.195+0000] {processor.py:830} INFO - Processing file /opt/airflow/dags/main.py for tasks to queue
[2026-09-29T15:18:31.199+0000] {logging_mixin.py:188} INFO - [2026-09-29T15:18:31.198+0000] {dagbag.py:545} INFO - Filling up the DagBag from /opt/airflow/dags/main.py
[2026-09-29T15:18:31.496+0000] {logging_mixin.py:188} INFO - [2026-09-29T15:18:31.488+0000] {dagbag.py:355} ERROR - Failed to import: /opt/airflow/dags/main.py
Traceback (most recent call last):
  File "/home/airflow/.local/lib/python3.10/site-packages/airflow/models/dagbag.py", line 351, in parse
    loader.exec_module(new_module)
  File "<frozen importlib._bootstrap_external>", line 883, in exec_module
  File "<frozen importlib._bootstrap>", line 241, in _call_with_frames_removed
  File "/opt/airflow/dags/main.py", line 29, in <module>
    videos_id = get_video_ids(playlist_id)
TypeError: get_video_ids() missing 1 required positional argument: 'schema'
[2026-09-29T15:18:31.501+0000] {processor.py:842} WARNING - No viable dags retrieved from /opt/airflow/dags/main.py
[2026-09-29T15:18:31.557+0000] {processor.py:183} INFO - Processing /opt/airflow/dags/main.py took 0.381 seconds
[2026-09-29T15:19:01.941+0000] {processor.py:161} INFO - Started process (PID=1045) to work on /opt/airflow/dags/main.py
[2026-09-29T15:19:01.945+0000] {processor.py:830} INFO - Processing file /opt/airflow/dags/main.py for tasks to queue
[2026-09-29T15:19:01.948+0000] {logging_mixin.py:188} INFO - [2026-09-29T15:19:01.947+0000] {dagbag.py:545} INFO - Filling up the DagBag from /opt/airflow/dags/main.py
[2026-09-29T15:19:02.329+0000] {logging_mixin.py:188} INFO - [2026-09-29T15:19:02.319+0000] {dagbag.py:355} ERROR - Failed to import: /opt/airflow/dags/main.py
Traceback (most recent call last):
  File "/home/airflow/.local/lib/python3.10/site-packages/airflow/models/dagbag.py", line 351, in parse
    loader.exec_module(new_module)
  File "<frozen importlib._bootstrap_external>", line 883, in exec_module
  File "<frozen importlib._bootstrap>", line 241, in _call_with_frames_removed
  File "/opt/airflow/dags/main.py", line 29, in <module>
    videos_id = get_video_ids(playlist_id)
TypeError: get_video_ids() missing 1 required positional argument: 'schema'
[2026-09-29T15:19:02.333+0000] {processor.py:842} WARNING - No viable dags retrieved from /opt/airflow/dags/main.py
[2026-09-29T15:19:02.352+0000] {processor.py:183} INFO - Processing /opt/airflow/dags/main.py took 0.418 seconds
[2026-09-29T15:19:32.703+0000] {processor.py:161} INFO - Started process (PID=1052) to work on /opt/airflow/dags/main.py
[2026-09-29T15:19:32.706+0000] {processor.py:830} INFO - Processing file /opt/airflow/dags/main.py for tasks to queue
[2026-09-29T15:19:32.709+0000] {logging_mixin.py:188} INFO - [2026-09-29T15:19:32.709+0000] {dagbag.py:545} INFO - Filling up the DagBag from /opt/airflow/dags/main.py
[2026-09-29T15:19:33.046+0000] {logging_mixin.py:188} INFO - [2026-09-29T15:19:33.036+0000] {dagbag.py:355} ERROR - Failed to import: /opt/airflow/dags/main.py
Traceback (most recent call last):
  File "/home/airflow/.local/lib/python3.10/site-packages/airflow/models/dagbag.py", line 351, in parse
    loader.exec_module(new_module)
  File "<frozen importlib._bootstrap_external>", line 883, in exec_module
  File "<frozen importlib._bootstrap>", line 241, in _call_with_frames_removed
  File "/opt/airflow/dags/main.py", line 29, in <module>
    videos_id = get_video_ids(playlist_id)
TypeError: get_video_ids() missing 1 required positional argument: 'schema'
[2026-09-29T15:19:33.050+0000] {processor.py:842} WARNING - No viable dags retrieved from /opt/airflow/dags/main.py
[2026-09-29T15:19:33.076+0000] {processor.py:183} INFO - Processing /opt/airflow/dags/main.py took 0.379 seconds
[2026-09-29T15:20:03.438+0000] {processor.py:161} INFO - Started process (PID=1060) to work on /opt/airflow/dags/main.py
[2026-09-29T15:20:03.441+0000] {processor.py:830} INFO - Processing file /opt/airflow/dags/main.py for tasks to queue
[2026-09-29T15:20:03.445+0000] {logging_mixin.py:188} INFO - [2026-09-29T15:20:03.444+0000] {dagbag.py:545} INFO - Filling up the DagBag from /opt/airflow/dags/main.py
[2026-09-29T15:20:03.820+0000] {logging_mixin.py:188} INFO - [2026-09-29T15:20:03.806+0000] {dagbag.py:355} ERROR - Failed to import: /opt/airflow/dags/main.py
Traceback (most recent call last):
  File "/home/airflow/.local/lib/python3.10/site-packages/airflow/models/dagbag.py", line 351, in parse
    loader.exec_module(new_module)
  File "<frozen importlib._bootstrap_external>", line 883, in exec_module
  File "<frozen importlib._bootstrap>", line 241, in _call_with_frames_removed
  File "/opt/airflow/dags/main.py", line 29, in <module>
    videos_id = get_video_ids(playlist_id)
TypeError: get_video_ids() missing 1 required positional argument: 'schema'
[2026-09-29T15:20:03.829+0000] {processor.py:842} WARNING - No viable dags retrieved from /opt/airflow/dags/main.py
[2026-09-29T15:20:03.859+0000] {processor.py:183} INFO - Processing /opt/airflow/dags/main.py took 0.434 seconds
[2026-09-29T15:20:34.264+0000] {processor.py:161} INFO - Started process (PID=1067) to work on /opt/airflow/dags/main.py
[2026-09-29T15:20:34.266+0000] {processor.py:830} INFO - Processing file /opt/airflow/dags/main.py for tasks to queue
[2026-09-29T15:20:34.269+0000] {logging_mixin.py:188} INFO - [2026-09-29T15:20:34.269+0000] {dagbag.py:545} INFO - Filling up the DagBag from /opt/airflow/dags/main.py
[2026-09-29T15:20:34.592+0000] {logging_mixin.py:188} INFO - [2026-09-29T15:20:34.582+0000] {dagbag.py:355} ERROR - Failed to import: /opt/airflow/dags/main.py
Traceback (most recent call last):
  File "/home/airflow/.local/lib/python3.10/site-packages/airflow/models/dagbag.py", line 351, in parse
    loader.exec_module(new_module)
  File "<frozen importlib._bootstrap_external>", line 883, in exec_module
  File "<frozen importlib._bootstrap>", line 241, in _call_with_frames_removed
  File "/opt/airflow/dags/main.py", line 29, in <module>
    videos_id = get_video_ids(playlist_id)
TypeError: get_video_ids() missing 1 required positional argument: 'schema'
[2026-09-29T15:20:34.596+0000] {processor.py:842} WARNING - No viable dags retrieved from /opt/airflow/dags/main.py
[2026-09-29T15:20:34.625+0000] {processor.py:183} INFO - Processing /opt/airflow/dags/main.py took 0.368 seconds
[2026-09-29T15:21:05.079+0000] {processor.py:161} INFO - Started process (PID=1074) to work on /opt/airflow/dags/main.py
[2026-09-29T15:21:05.083+0000] {processor.py:830} INFO - Processing file /opt/airflow/dags/main.py for tasks to queue
[2026-09-29T15:21:05.086+0000] {logging_mixin.py:188} INFO - [2026-09-29T15:21:05.086+0000] {dagbag.py:545} INFO - Filling up the DagBag from /opt/airflow/dags/main.py
[2026-09-29T15:21:05.416+0000] {logging_mixin.py:188} INFO - [2026-09-29T15:21:05.403+0000] {dagbag.py:355} ERROR - Failed to import: /opt/airflow/dags/main.py
Traceback (most recent call last):
  File "/home/airflow/.local/lib/python3.10/site-packages/airflow/models/dagbag.py", line 351, in parse
    loader.exec_module(new_module)
  File "<frozen importlib._bootstrap_external>", line 883, in exec_module
  File "<frozen importlib._bootstrap>", line 241, in _call_with_frames_removed
  File "/opt/airflow/dags/main.py", line 29, in <module>
    videos_id = get_video_ids(playlist_id)
TypeError: get_video_ids() missing 1 required positional argument: 'schema'
[2026-09-29T15:21:05.420+0000] {processor.py:842} WARNING - No viable dags retrieved from /opt/airflow/dags/main.py
[2026-09-29T15:21:05.452+0000] {processor.py:183} INFO - Processing /opt/airflow/dags/main.py took 0.384 seconds
[2026-09-29T15:21:35.793+0000] {processor.py:161} INFO - Started process (PID=1081) to work on /opt/airflow/dags/main.py
[2026-09-29T15:21:35.796+0000] {processor.py:830} INFO - Processing file /opt/airflow/dags/main.py for tasks to queue
[2026-09-29T15:21:35.799+0000] {logging_mixin.py:188} INFO - [2026-09-29T15:21:35.799+0000] {dagbag.py:545} INFO - Filling up the DagBag from /opt/airflow/dags/main.py
[2026-09-29T15:21:36.113+0000] {logging_mixin.py:188} INFO - [2026-09-29T15:21:36.102+0000] {dagbag.py:355} ERROR - Failed to import: /opt/airflow/dags/main.py
Traceback (most recent call last):
  File "/home/airflow/.local/lib/python3.10/site-packages/airflow/models/dagbag.py", line 351, in parse
    loader.exec_module(new_module)
  File "<frozen importlib._bootstrap_external>", line 883, in exec_module
  File "<frozen importlib._bootstrap>", line 241, in _call_with_frames_removed
  File "/opt/airflow/dags/main.py", line 29, in <module>
    videos_id = get_video_ids(playlist_id)
TypeError: get_video_ids() missing 1 required positional argument: 'schema'
[2026-09-29T15:21:36.118+0000] {processor.py:842} WARNING - No viable dags retrieved from /opt/airflow/dags/main.py
[2026-09-29T15:21:36.143+0000] {processor.py:183} INFO - Processing /opt/airflow/dags/main.py took 0.357 seconds
[2026-09-29T15:22:06.488+0000] {processor.py:161} INFO - Started process (PID=1088) to work on /opt/airflow/dags/main.py
[2026-09-29T15:22:06.493+0000] {processor.py:830} INFO - Processing file /opt/airflow/dags/main.py for tasks to queue
[2026-09-29T15:22:06.498+0000] {logging_mixin.py:188} INFO - [2026-09-29T15:22:06.496+0000] {dagbag.py:545} INFO - Filling up the DagBag from /opt/airflow/dags/main.py
[2026-09-29T15:22:06.946+0000] {logging_mixin.py:188} INFO - [2026-09-29T15:22:06.926+0000] {dagbag.py:355} ERROR - Failed to import: /opt/airflow/dags/main.py
Traceback (most recent call last):
  File "/home/airflow/.local/lib/python3.10/site-packages/airflow/models/dagbag.py", line 351, in parse
    loader.exec_module(new_module)
  File "<frozen importlib._bootstrap_external>", line 883, in exec_module
  File "<frozen importlib._bootstrap>", line 241, in _call_with_frames_removed
  File "/opt/airflow/dags/main.py", line 29, in <module>
    videos_id = get_video_ids(playlist_id)
TypeError: get_video_ids() missing 1 required positional argument: 'schema'
[2026-09-29T15:22:06.958+0000] {processor.py:842} WARNING - No viable dags retrieved from /opt/airflow/dags/main.py
[2026-09-29T15:22:07.096+0000] {processor.py:183} INFO - Processing /opt/airflow/dags/main.py took 0.617 seconds
[2026-09-29T15:22:37.393+0000] {processor.py:161} INFO - Started process (PID=1095) to work on /opt/airflow/dags/main.py
[2026-09-29T15:22:37.396+0000] {processor.py:830} INFO - Processing file /opt/airflow/dags/main.py for tasks to queue
[2026-09-29T15:22:37.399+0000] {logging_mixin.py:188} INFO - [2026-09-29T15:22:37.399+0000] {dagbag.py:545} INFO - Filling up the DagBag from /opt/airflow/dags/main.py
[2026-09-29T15:22:37.801+0000] {logging_mixin.py:188} INFO - [2026-09-29T15:22:37.781+0000] {dagbag.py:355} ERROR - Failed to import: /opt/airflow/dags/main.py
Traceback (most recent call last):
  File "/home/airflow/.local/lib/python3.10/site-packages/airflow/models/dagbag.py", line 351, in parse
    loader.exec_module(new_module)
  File "<frozen importlib._bootstrap_external>", line 883, in exec_module
  File "<frozen importlib._bootstrap>", line 241, in _call_with_frames_removed
  File "/opt/airflow/dags/main.py", line 29, in <module>
    videos_id = get_video_ids(playlist_id)
TypeError: get_video_ids() missing 1 required positional argument: 'schema'
[2026-09-29T15:22:37.808+0000] {processor.py:842} WARNING - No viable dags retrieved from /opt/airflow/dags/main.py
[2026-09-29T15:22:37.856+0000] {processor.py:183} INFO - Processing /opt/airflow/dags/main.py took 0.470 seconds
[2026-09-29T15:23:08.269+0000] {processor.py:161} INFO - Started process (PID=1102) to work on /opt/airflow/dags/main.py
[2026-09-29T15:23:08.272+0000] {processor.py:830} INFO - Processing file /opt/airflow/dags/main.py for tasks to queue
[2026-09-29T15:23:08.274+0000] {logging_mixin.py:188} INFO - [2026-09-29T15:23:08.274+0000] {dagbag.py:545} INFO - Filling up the DagBag from /opt/airflow/dags/main.py
[2026-09-29T15:23:08.605+0000] {logging_mixin.py:188} INFO - [2026-09-29T15:23:08.598+0000] {dagbag.py:355} ERROR - Failed to import: /opt/airflow/dags/main.py
Traceback (most recent call last):
  File "/home/airflow/.local/lib/python3.10/site-packages/airflow/models/dagbag.py", line 351, in parse
    loader.exec_module(new_module)
  File "<frozen importlib._bootstrap_external>", line 883, in exec_module
  File "<frozen importlib._bootstrap>", line 241, in _call_with_frames_removed
  File "/opt/airflow/dags/main.py", line 29, in <module>
    videos_id = get_video_ids(playlist_id)
TypeError: get_video_ids() missing 1 required positional argument: 'schema'
[2026-09-29T15:23:08.609+0000] {processor.py:842} WARNING - No viable dags retrieved from /opt/airflow/dags/main.py
[2026-09-29T15:23:08.629+0000] {processor.py:183} INFO - Processing /opt/airflow/dags/main.py took 0.365 seconds
[2026-09-29T15:23:38.981+0000] {processor.py:161} INFO - Started process (PID=1109) to work on /opt/airflow/dags/main.py
[2026-09-29T15:23:38.983+0000] {processor.py:830} INFO - Processing file /opt/airflow/dags/main.py for tasks to queue
[2026-09-29T15:23:38.986+0000] {logging_mixin.py:188} INFO - [2026-09-29T15:23:38.985+0000] {dagbag.py:545} INFO - Filling up the DagBag from /opt/airflow/dags/main.py
[2026-09-29T15:23:39.292+0000] {logging_mixin.py:188} INFO - [2026-09-29T15:23:39.280+0000] {dagbag.py:355} ERROR - Failed to import: /opt/airflow/dags/main.py
Traceback (most recent call last):
  File "/home/airflow/.local/lib/python3.10/site-packages/airflow/models/dagbag.py", line 351, in parse
    loader.exec_module(new_module)
  File "<frozen importlib._bootstrap_external>", line 883, in exec_module
  File "<frozen importlib._bootstrap>", line 241, in _call_with_frames_removed
  File "/opt/airflow/dags/main.py", line 29, in <module>
    videos_id = get_video_ids(playlist_id)
TypeError: get_video_ids() missing 1 required positional argument: 'schema'
[2026-09-29T15:23:39.297+0000] {processor.py:842} WARNING - No viable dags retrieved from /opt/airflow/dags/main.py
[2026-09-29T15:23:39.317+0000] {processor.py:183} INFO - Processing /opt/airflow/dags/main.py took 0.341 seconds
[2026-09-29T15:24:09.646+0000] {processor.py:161} INFO - Started process (PID=1122) to work on /opt/airflow/dags/main.py
[2026-09-29T15:24:09.649+0000] {processor.py:830} INFO - Processing file /opt/airflow/dags/main.py for tasks to queue
[2026-09-29T15:24:09.652+0000] {logging_mixin.py:188} INFO - [2026-09-29T15:24:09.651+0000] {dagbag.py:545} INFO - Filling up the DagBag from /opt/airflow/dags/main.py
[2026-09-29T15:24:09.944+0000] {logging_mixin.py:188} INFO - [2026-09-29T15:24:09.933+0000] {dagbag.py:355} ERROR - Failed to import: /opt/airflow/dags/main.py
Traceback (most recent call last):
  File "/home/airflow/.local/lib/python3.10/site-packages/airflow/models/dagbag.py", line 351, in parse
    loader.exec_module(new_module)
  File "<frozen importlib._bootstrap_external>", line 883, in exec_module
  File "<frozen importlib._bootstrap>", line 241, in _call_with_frames_removed
  File "/opt/airflow/dags/main.py", line 29, in <module>
    videos_id = get_video_ids(playlist_id)
TypeError: get_video_ids() missing 1 required positional argument: 'schema'
[2026-09-29T15:24:09.950+0000] {processor.py:842} WARNING - No viable dags retrieved from /opt/airflow/dags/main.py
[2026-09-29T15:24:09.968+0000] {processor.py:183} INFO - Processing /opt/airflow/dags/main.py took 0.329 seconds
[2026-09-29T15:24:40.303+0000] {processor.py:161} INFO - Started process (PID=1129) to work on /opt/airflow/dags/main.py
[2026-09-29T15:24:40.306+0000] {processor.py:830} INFO - Processing file /opt/airflow/dags/main.py for tasks to queue
[2026-09-29T15:24:40.308+0000] {logging_mixin.py:188} INFO - [2026-09-29T15:24:40.308+0000] {dagbag.py:545} INFO - Filling up the DagBag from /opt/airflow/dags/main.py
[2026-09-29T15:24:40.623+0000] {logging_mixin.py:188} INFO - [2026-09-29T15:24:40.613+0000] {dagbag.py:355} ERROR - Failed to import: /opt/airflow/dags/main.py
Traceback (most recent call last):
  File "/home/airflow/.local/lib/python3.10/site-packages/airflow/models/dagbag.py", line 351, in parse
    loader.exec_module(new_module)
  File "<frozen importlib._bootstrap_external>", line 883, in exec_module
  File "<frozen importlib._bootstrap>", line 241, in _call_with_frames_removed
  File "/opt/airflow/dags/main.py", line 29, in <module>
    videos_id = get_video_ids(playlist_id)
TypeError: get_video_ids() missing 1 required positional argument: 'schema'
[2026-09-29T15:24:40.629+0000] {processor.py:842} WARNING - No viable dags retrieved from /opt/airflow/dags/main.py
[2026-09-29T15:24:40.688+0000] {processor.py:183} INFO - Processing /opt/airflow/dags/main.py took 0.390 seconds
[2026-09-29T15:24:44.824+0000] {processor.py:161} INFO - Started process (PID=1130) to work on /opt/airflow/dags/main.py
[2026-09-29T15:24:44.826+0000] {processor.py:830} INFO - Processing file /opt/airflow/dags/main.py for tasks to queue
[2026-09-29T15:24:44.828+0000] {logging_mixin.py:188} INFO - [2026-09-29T15:24:44.828+0000] {dagbag.py:545} INFO - Filling up the DagBag from /opt/airflow/dags/main.py
[2026-09-29T15:24:45.148+0000] {logging_mixin.py:188} INFO - [2026-09-29T15:24:45.138+0000] {dagbag.py:355} ERROR - Failed to import: /opt/airflow/dags/main.py
Traceback (most recent call last):
  File "/home/airflow/.local/lib/python3.10/site-packages/airflow/models/dagbag.py", line 351, in parse
    loader.exec_module(new_module)
  File "<frozen importlib._bootstrap_external>", line 883, in exec_module
  File "<frozen importlib._bootstrap>", line 241, in _call_with_frames_removed
  File "/opt/airflow/dags/main.py", line 31, in <module>
    videos_id = get_video_ids(playlist_id)
TypeError: get_video_ids() missing 1 required positional argument: 'schema'
[2026-09-29T15:24:45.153+0000] {processor.py:842} WARNING - No viable dags retrieved from /opt/airflow/dags/main.py
[2026-09-29T15:24:45.172+0000] {processor.py:183} INFO - Processing /opt/airflow/dags/main.py took 0.354 seconds
[2026-09-29T15:24:45.856+0000] {processor.py:161} INFO - Started process (PID=1131) to work on /opt/airflow/dags/main.py
[2026-09-29T15:24:45.858+0000] {processor.py:830} INFO - Processing file /opt/airflow/dags/main.py for tasks to queue
[2026-09-29T15:24:45.861+0000] {logging_mixin.py:188} INFO - [2026-09-29T15:24:45.861+0000] {dagbag.py:545} INFO - Filling up the DagBag from /opt/airflow/dags/main.py
[2026-09-29T15:24:46.218+0000] {logging_mixin.py:188} INFO - [2026-09-29T15:24:46.207+0000] {dagbag.py:355} ERROR - Failed to import: /opt/airflow/dags/main.py
Traceback (most recent call last):
  File "/home/airflow/.local/lib/python3.10/site-packages/airflow/models/dagbag.py", line 351, in parse
    loader.exec_module(new_module)
  File "<frozen importlib._bootstrap_external>", line 883, in exec_module
  File "<frozen importlib._bootstrap>", line 241, in _call_with_frames_removed
  File "/opt/airflow/dags/main.py", line 31, in <module>
    videos_id = get_video_ids(playlist_id)
TypeError: get_video_ids() missing 1 required positional argument: 'schema'
[2026-09-29T15:24:46.223+0000] {processor.py:842} WARNING - No viable dags retrieved from /opt/airflow/dags/main.py
[2026-09-29T15:24:46.248+0000] {processor.py:183} INFO - Processing /opt/airflow/dags/main.py took 0.398 seconds
[2026-09-29T15:25:00.401+0000] {processor.py:161} INFO - Started process (PID=1132) to work on /opt/airflow/dags/main.py
[2026-09-29T15:25:00.404+0000] {processor.py:830} INFO - Processing file /opt/airflow/dags/main.py for tasks to queue
[2026-09-29T15:25:00.406+0000] {logging_mixin.py:188} INFO - [2026-09-29T15:25:00.406+0000] {dagbag.py:545} INFO - Filling up the DagBag from /opt/airflow/dags/main.py
[2026-09-29T15:25:00.789+0000] {logging_mixin.py:188} INFO - [2026-09-29T15:25:00.775+0000] {dagbag.py:355} ERROR - Failed to import: /opt/airflow/dags/main.py
Traceback (most recent call last):
  File "/home/airflow/.local/lib/python3.10/site-packages/airflow/models/dagbag.py", line 351, in parse
    loader.exec_module(new_module)
  File "<frozen importlib._bootstrap_external>", line 883, in exec_module
  File "<frozen importlib._bootstrap>", line 241, in _call_with_frames_removed
  File "/opt/airflow/dags/main.py", line 29, in <module>
    videos_id = get_video_ids(playlist_id)
TypeError: get_video_ids() missing 1 required positional argument: 'schema'
[2026-09-29T15:25:00.793+0000] {processor.py:842} WARNING - No viable dags retrieved from /opt/airflow/dags/main.py
[2026-09-29T15:25:00.831+0000] {processor.py:183} INFO - Processing /opt/airflow/dags/main.py took 0.435 seconds
[2026-09-29T15:25:31.193+0000] {processor.py:161} INFO - Started process (PID=1139) to work on /opt/airflow/dags/main.py
[2026-09-29T15:25:31.196+0000] {processor.py:830} INFO - Processing file /opt/airflow/dags/main.py for tasks to queue
[2026-09-29T15:25:31.198+0000] {logging_mixin.py:188} INFO - [2026-09-29T15:25:31.198+0000] {dagbag.py:545} INFO - Filling up the DagBag from /opt/airflow/dags/main.py
[2026-09-29T15:25:31.472+0000] {logging_mixin.py:188} INFO - [2026-09-29T15:25:31.463+0000] {dagbag.py:355} ERROR - Failed to import: /opt/airflow/dags/main.py
Traceback (most recent call last):
  File "/home/airflow/.local/lib/python3.10/site-packages/airflow/models/dagbag.py", line 351, in parse
    loader.exec_module(new_module)
  File "<frozen importlib._bootstrap_external>", line 883, in exec_module
  File "<frozen importlib._bootstrap>", line 241, in _call_with_frames_removed
  File "/opt/airflow/dags/main.py", line 29, in <module>
    videos_id = get_video_ids(playlist_id)
TypeError: get_video_ids() missing 1 required positional argument: 'schema'
[2026-09-29T15:25:31.476+0000] {processor.py:842} WARNING - No viable dags retrieved from /opt/airflow/dags/main.py
[2026-09-29T15:25:31.494+0000] {processor.py:183} INFO - Processing /opt/airflow/dags/main.py took 0.307 seconds
[2026-09-29T15:26:02.360+0000] {processor.py:161} INFO - Started process (PID=1146) to work on /opt/airflow/dags/main.py
[2026-09-29T15:26:02.364+0000] {processor.py:830} INFO - Processing file /opt/airflow/dags/main.py for tasks to queue
[2026-09-29T15:26:02.367+0000] {logging_mixin.py:188} INFO - [2026-09-29T15:26:02.366+0000] {dagbag.py:545} INFO - Filling up the DagBag from /opt/airflow/dags/main.py
[2026-09-29T15:26:02.659+0000] {logging_mixin.py:188} INFO - [2026-09-29T15:26:02.650+0000] {dagbag.py:355} ERROR - Failed to import: /opt/airflow/dags/main.py
Traceback (most recent call last):
  File "/home/airflow/.local/lib/python3.10/site-packages/airflow/models/dagbag.py", line 351, in parse
    loader.exec_module(new_module)
  File "<frozen importlib._bootstrap_external>", line 883, in exec_module
  File "<frozen importlib._bootstrap>", line 241, in _call_with_frames_removed
  File "/opt/airflow/dags/main.py", line 29, in <module>
    videos_id = get_video_ids(playlist_id)
TypeError: get_video_ids() missing 1 required positional argument: 'schema'
[2026-09-29T15:26:02.664+0000] {processor.py:842} WARNING - No viable dags retrieved from /opt/airflow/dags/main.py
[2026-09-29T15:26:02.688+0000] {processor.py:183} INFO - Processing /opt/airflow/dags/main.py took 0.338 seconds
[2026-09-29T15:26:32.997+0000] {processor.py:161} INFO - Started process (PID=1154) to work on /opt/airflow/dags/main.py
[2026-09-29T15:26:33.000+0000] {processor.py:830} INFO - Processing file /opt/airflow/dags/main.py for tasks to queue
[2026-09-29T15:26:33.003+0000] {logging_mixin.py:188} INFO - [2026-09-29T15:26:33.003+0000] {dagbag.py:545} INFO - Filling up the DagBag from /opt/airflow/dags/main.py
[2026-09-29T15:26:33.302+0000] {logging_mixin.py:188} INFO - [2026-09-29T15:26:33.291+0000] {dagbag.py:355} ERROR - Failed to import: /opt/airflow/dags/main.py
Traceback (most recent call last):
  File "/home/airflow/.local/lib/python3.10/site-packages/airflow/models/dagbag.py", line 351, in parse
    loader.exec_module(new_module)
  File "<frozen importlib._bootstrap_external>", line 883, in exec_module
  File "<frozen importlib._bootstrap>", line 241, in _call_with_frames_removed
  File "/opt/airflow/dags/main.py", line 29, in <module>
    videos_id = get_video_ids(playlist_id)
TypeError: get_video_ids() missing 1 required positional argument: 'schema'
[2026-09-29T15:26:33.307+0000] {processor.py:842} WARNING - No viable dags retrieved from /opt/airflow/dags/main.py
[2026-09-29T15:26:33.326+0000] {processor.py:183} INFO - Processing /opt/airflow/dags/main.py took 0.334 seconds
[2026-09-29T15:27:03.691+0000] {processor.py:161} INFO - Started process (PID=1161) to work on /opt/airflow/dags/main.py
[2026-09-29T15:27:03.695+0000] {processor.py:830} INFO - Processing file /opt/airflow/dags/main.py for tasks to queue
[2026-09-29T15:27:03.699+0000] {logging_mixin.py:188} INFO - [2026-09-29T15:27:03.699+0000] {dagbag.py:545} INFO - Filling up the DagBag from /opt/airflow/dags/main.py
[2026-09-29T15:27:04.060+0000] {logging_mixin.py:188} INFO - [2026-09-29T15:27:04.050+0000] {dagbag.py:355} ERROR - Failed to import: /opt/airflow/dags/main.py
Traceback (most recent call last):
  File "/home/airflow/.local/lib/python3.10/site-packages/airflow/models/dagbag.py", line 351, in parse
    loader.exec_module(new_module)
  File "<frozen importlib._bootstrap_external>", line 883, in exec_module
  File "<frozen importlib._bootstrap>", line 241, in _call_with_frames_removed
  File "/opt/airflow/dags/main.py", line 29, in <module>
    videos_id = get_video_ids(playlist_id)
TypeError: get_video_ids() missing 1 required positional argument: 'schema'
[2026-09-29T15:27:04.064+0000] {processor.py:842} WARNING - No viable dags retrieved from /opt/airflow/dags/main.py
[2026-09-29T15:27:04.088+0000] {processor.py:183} INFO - Processing /opt/airflow/dags/main.py took 0.407 seconds
[2026-09-29T15:27:32.970+0000] {processor.py:161} INFO - Started process (PID=1168) to work on /opt/airflow/dags/main.py
[2026-09-29T15:27:32.973+0000] {processor.py:830} INFO - Processing file /opt/airflow/dags/main.py for tasks to queue
[2026-09-29T15:27:32.976+0000] {logging_mixin.py:188} INFO - [2026-09-29T15:27:32.975+0000] {dagbag.py:545} INFO - Filling up the DagBag from /opt/airflow/dags/main.py
[2026-09-29T15:27:33.033+0000] {logging_mixin.py:188} INFO - [2026-09-29T15:27:33.032+0000] {dagbag.py:355} ERROR - Failed to import: /opt/airflow/dags/main.py
Traceback (most recent call last):
  File "/home/airflow/.local/lib/python3.10/site-packages/airflow/models/dagbag.py", line 351, in parse
    loader.exec_module(new_module)
  File "<frozen importlib._bootstrap_external>", line 879, in exec_module
  File "<frozen importlib._bootstrap_external>", line 1017, in get_code
  File "<frozen importlib._bootstrap_external>", line 947, in source_to_code
  File "<frozen importlib._bootstrap>", line 241, in _call_with_frames_removed
  File "/opt/airflow/dags/main.py", line 5
    from datawarehouse.dwh import 
                                  ^
SyntaxError: invalid syntax
[2026-09-29T15:27:33.035+0000] {processor.py:842} WARNING - No viable dags retrieved from /opt/airflow/dags/main.py
[2026-09-29T15:27:33.059+0000] {processor.py:183} INFO - Processing /opt/airflow/dags/main.py took 0.095 seconds
[2026-09-29T15:27:58.333+0000] {processor.py:161} INFO - Started process (PID=1175) to work on /opt/airflow/dags/main.py
[2026-09-29T15:27:58.337+0000] {processor.py:830} INFO - Processing file /opt/airflow/dags/main.py for tasks to queue
[2026-09-29T15:27:58.339+0000] {logging_mixin.py:188} INFO - [2026-09-29T15:27:58.339+0000] {dagbag.py:545} INFO - Filling up the DagBag from /opt/airflow/dags/main.py
[2026-09-29T15:27:58.717+0000] {processor.py:840} INFO - DAG(s) 'update_db', 'data_quality_check', 'produce_json' retrieved from /opt/airflow/dags/main.py
[2026-09-29T15:27:58.988+0000] {logging_mixin.py:188} INFO - [2026-09-29T15:27:58.987+0000] {dag.py:3096} INFO - Sync 3 DAGs
[2026-09-29T15:27:59.016+0000] {logging_mixin.py:188} INFO - [2026-09-29T15:27:59.015+0000] {dag.py:3954} INFO - Setting next_dagrun for data_quality_check to 2026-09-28 12:00:00+00:00, run_after=2026-09-29 12:00:00+00:00
[2026-09-29T15:27:59.022+0000] {logging_mixin.py:188} INFO - [2026-09-29T15:27:59.022+0000] {dag.py:3954} INFO - Setting next_dagrun for produce_json to 2026-09-29 12:00:00+00:00, run_after=2026-09-30 12:00:00+00:00
[2026-09-29T15:27:59.026+0000] {logging_mixin.py:188} INFO - [2026-09-29T15:27:59.026+0000] {dag.py:3954} INFO - Setting next_dagrun for update_db to 2026-09-28 12:00:00+00:00, run_after=2026-09-29 12:00:00+00:00
[2026-09-29T15:27:59.061+0000] {processor.py:183} INFO - Processing /opt/airflow/dags/main.py took 0.734 seconds
[2026-09-29T15:27:59.370+0000] {processor.py:161} INFO - Started process (PID=1176) to work on /opt/airflow/dags/main.py
[2026-09-29T15:27:59.373+0000] {processor.py:830} INFO - Processing file /opt/airflow/dags/main.py for tasks to queue
[2026-09-29T15:27:59.376+0000] {logging_mixin.py:188} INFO - [2026-09-29T15:27:59.375+0000] {dagbag.py:545} INFO - Filling up the DagBag from /opt/airflow/dags/main.py
[2026-09-29T15:27:59.738+0000] {processor.py:840} INFO - DAG(s) 'update_db', 'produce_json', 'data_quality_check' retrieved from /opt/airflow/dags/main.py
[2026-09-29T15:27:59.757+0000] {logging_mixin.py:188} INFO - [2026-09-29T15:27:59.757+0000] {dag.py:3096} INFO - Sync 3 DAGs
[2026-09-29T15:27:59.789+0000] {logging_mixin.py:188} INFO - [2026-09-29T15:27:59.789+0000] {dag.py:3954} INFO - Setting next_dagrun for data_quality_check to 2026-09-28 12:00:00+00:00, run_after=2026-09-29 12:00:00+00:00
[2026-09-29T15:27:59.796+0000] {logging_mixin.py:188} INFO - [2026-09-29T15:27:59.796+0000] {dag.py:3954} INFO - Setting next_dagrun for produce_json to 2026-09-29 12:00:00+00:00, run_after=2026-09-30 12:00:00+00:00
[2026-09-29T15:27:59.800+0000] {logging_mixin.py:188} INFO - [2026-09-29T15:27:59.800+0000] {dag.py:3954} INFO - Setting next_dagrun for update_db to 2026-09-28 12:00:00+00:00, run_after=2026-09-29 12:00:00+00:00
[2026-09-29T15:27:59.840+0000] {processor.py:183} INFO - Processing /opt/airflow/dags/main.py took 0.478 seconds
[2026-09-29T15:28:30.205+0000] {processor.py:161} INFO - Started process (PID=1183) to work on /opt/airflow/dags/main.py
[2026-09-29T15:28:30.208+0000] {processor.py:830} INFO - Processing file /opt/airflow/dags/main.py for tasks to queue
[2026-09-29T15:28:30.211+0000] {logging_mixin.py:188} INFO - [2026-09-29T15:28:30.210+0000] {dagbag.py:545} INFO - Filling up the DagBag from /opt/airflow/dags/main.py
[2026-09-29T15:28:30.568+0000] {processor.py:840} INFO - DAG(s) 'produce_json', 'update_db', 'data_quality_check' retrieved from /opt/airflow/dags/main.py
[2026-09-29T15:28:30.619+0000] {logging_mixin.py:188} INFO - [2026-09-29T15:28:30.618+0000] {dag.py:3096} INFO - Sync 3 DAGs
[2026-09-29T15:28:30.640+0000] {logging_mixin.py:188} INFO - [2026-09-29T15:28:30.639+0000] {dag.py:3954} INFO - Setting next_dagrun for data_quality_check to 2026-09-28 12:00:00+00:00, run_after=2026-09-29 12:00:00+00:00
[2026-09-29T15:28:30.646+0000] {logging_mixin.py:188} INFO - [2026-09-29T15:28:30.646+0000] {dag.py:3954} INFO - Setting next_dagrun for produce_json to 2026-09-29 12:00:00+00:00, run_after=2026-09-30 12:00:00+00:00
[2026-09-29T15:28:30.650+0000] {logging_mixin.py:188} INFO - [2026-09-29T15:28:30.650+0000] {dag.py:3954} INFO - Setting next_dagrun for update_db to 2026-09-28 12:00:00+00:00, run_after=2026-09-29 12:00:00+00:00
[2026-09-29T15:28:30.670+0000] {processor.py:183} INFO - Processing /opt/airflow/dags/main.py took 0.474 seconds
[2026-09-29T15:29:00.951+0000] {processor.py:161} INFO - Started process (PID=1190) to work on /opt/airflow/dags/main.py
[2026-09-29T15:29:00.954+0000] {processor.py:830} INFO - Processing file /opt/airflow/dags/main.py for tasks to queue
[2026-09-29T15:29:00.957+0000] {logging_mixin.py:188} INFO - [2026-09-29T15:29:00.957+0000] {dagbag.py:545} INFO - Filling up the DagBag from /opt/airflow/dags/main.py
[2026-09-29T15:29:01.283+0000] {processor.py:840} INFO - DAG(s) 'update_db', 'data_quality_check', 'produce_json' retrieved from /opt/airflow/dags/main.py
[2026-09-29T15:29:01.313+0000] {logging_mixin.py:188} INFO - [2026-09-29T15:29:01.313+0000] {dag.py:3096} INFO - Sync 3 DAGs
[2026-09-29T15:29:01.335+0000] {logging_mixin.py:188} INFO - [2026-09-29T15:29:01.335+0000] {dag.py:3954} INFO - Setting next_dagrun for data_quality_check to 2026-09-28 12:00:00+00:00, run_after=2026-09-29 12:00:00+00:00
[2026-09-29T15:29:01.342+0000] {logging_mixin.py:188} INFO - [2026-09-29T15:29:01.342+0000] {dag.py:3954} INFO - Setting next_dagrun for produce_json to 2026-09-29 12:00:00+00:00, run_after=2026-09-30 12:00:00+00:00
[2026-09-29T15:29:01.347+0000] {logging_mixin.py:188} INFO - [2026-09-29T15:29:01.347+0000] {dag.py:3954} INFO - Setting next_dagrun for update_db to 2026-09-28 12:00:00+00:00, run_after=2026-09-29 12:00:00+00:00
[2026-09-29T15:29:01.373+0000] {processor.py:183} INFO - Processing /opt/airflow/dags/main.py took 0.427 seconds
[2026-09-29T15:29:31.714+0000] {processor.py:161} INFO - Started process (PID=1197) to work on /opt/airflow/dags/main.py
[2026-09-29T15:29:31.717+0000] {processor.py:830} INFO - Processing file /opt/airflow/dags/main.py for tasks to queue
[2026-09-29T15:29:31.720+0000] {logging_mixin.py:188} INFO - [2026-09-29T15:29:31.719+0000] {dagbag.py:545} INFO - Filling up the DagBag from /opt/airflow/dags/main.py
[2026-09-29T15:29:32.033+0000] {processor.py:840} INFO - DAG(s) 'produce_json', 'update_db', 'data_quality_check' retrieved from /opt/airflow/dags/main.py
[2026-09-29T15:29:32.064+0000] {logging_mixin.py:188} INFO - [2026-09-29T15:29:32.064+0000] {dag.py:3096} INFO - Sync 3 DAGs
[2026-09-29T15:29:32.087+0000] {logging_mixin.py:188} INFO - [2026-09-29T15:29:32.087+0000] {dag.py:3954} INFO - Setting next_dagrun for data_quality_check to 2026-09-28 12:00:00+00:00, run_after=2026-09-29 12:00:00+00:00
[2026-09-29T15:29:32.094+0000] {logging_mixin.py:188} INFO - [2026-09-29T15:29:32.093+0000] {dag.py:3954} INFO - Setting next_dagrun for produce_json to 2026-09-29 12:00:00+00:00, run_after=2026-09-30 12:00:00+00:00
[2026-09-29T15:29:32.099+0000] {logging_mixin.py:188} INFO - [2026-09-29T15:29:32.099+0000] {dag.py:3954} INFO - Setting next_dagrun for update_db to 2026-09-28 12:00:00+00:00, run_after=2026-09-29 12:00:00+00:00
[2026-09-29T15:29:32.119+0000] {processor.py:183} INFO - Processing /opt/airflow/dags/main.py took 0.410 seconds
[2026-09-29T15:30:02.515+0000] {processor.py:161} INFO - Started process (PID=1204) to work on /opt/airflow/dags/main.py
[2026-09-29T15:30:02.517+0000] {processor.py:830} INFO - Processing file /opt/airflow/dags/main.py for tasks to queue
[2026-09-29T15:30:02.519+0000] {logging_mixin.py:188} INFO - [2026-09-29T15:30:02.519+0000] {dagbag.py:545} INFO - Filling up the DagBag from /opt/airflow/dags/main.py
[2026-09-29T15:30:02.832+0000] {processor.py:840} INFO - DAG(s) 'data_quality_check', 'produce_json', 'update_db' retrieved from /opt/airflow/dags/main.py
[2026-09-29T15:30:02.862+0000] {logging_mixin.py:188} INFO - [2026-09-29T15:30:02.861+0000] {dag.py:3096} INFO - Sync 3 DAGs
[2026-09-29T15:30:02.880+0000] {logging_mixin.py:188} INFO - [2026-09-29T15:30:02.879+0000] {dag.py:3954} INFO - Setting next_dagrun for data_quality_check to 2026-09-28 12:00:00+00:00, run_after=2026-09-29 12:00:00+00:00
[2026-09-29T15:30:02.886+0000] {logging_mixin.py:188} INFO - [2026-09-29T15:30:02.886+0000] {dag.py:3954} INFO - Setting next_dagrun for produce_json to 2026-09-29 12:00:00+00:00, run_after=2026-09-30 12:00:00+00:00
[2026-09-29T15:30:02.891+0000] {logging_mixin.py:188} INFO - [2026-09-29T15:30:02.890+0000] {dag.py:3954} INFO - Setting next_dagrun for update_db to 2026-09-28 12:00:00+00:00, run_after=2026-09-29 12:00:00+00:00
[2026-09-29T15:30:02.910+0000] {processor.py:183} INFO - Processing /opt/airflow/dags/main.py took 0.400 seconds
[2026-09-29T15:30:33.270+0000] {processor.py:161} INFO - Started process (PID=1211) to work on /opt/airflow/dags/main.py
[2026-09-29T15:30:33.272+0000] {processor.py:830} INFO - Processing file /opt/airflow/dags/main.py for tasks to queue
[2026-09-29T15:30:33.275+0000] {logging_mixin.py:188} INFO - [2026-09-29T15:30:33.274+0000] {dagbag.py:545} INFO - Filling up the DagBag from /opt/airflow/dags/main.py
[2026-09-29T15:30:33.600+0000] {processor.py:840} INFO - DAG(s) 'produce_json', 'update_db', 'data_quality_check' retrieved from /opt/airflow/dags/main.py
[2026-09-29T15:30:33.633+0000] {logging_mixin.py:188} INFO - [2026-09-29T15:30:33.632+0000] {dag.py:3096} INFO - Sync 3 DAGs
[2026-09-29T15:30:33.651+0000] {logging_mixin.py:188} INFO - [2026-09-29T15:30:33.651+0000] {dag.py:3954} INFO - Setting next_dagrun for data_quality_check to 2026-09-28 12:00:00+00:00, run_after=2026-09-29 12:00:00+00:00
[2026-09-29T15:30:33.657+0000] {logging_mixin.py:188} INFO - [2026-09-29T15:30:33.657+0000] {dag.py:3954} INFO - Setting next_dagrun for produce_json to 2026-09-29 12:00:00+00:00, run_after=2026-09-30 12:00:00+00:00
[2026-09-29T15:30:33.660+0000] {logging_mixin.py:188} INFO - [2026-09-29T15:30:33.660+0000] {dag.py:3954} INFO - Setting next_dagrun for update_db to 2026-09-28 12:00:00+00:00, run_after=2026-09-29 12:00:00+00:00
[2026-09-29T15:30:33.680+0000] {processor.py:183} INFO - Processing /opt/airflow/dags/main.py took 0.415 seconds
[2026-09-29T15:31:04.579+0000] {processor.py:161} INFO - Started process (PID=1218) to work on /opt/airflow/dags/main.py
[2026-09-29T15:31:04.582+0000] {processor.py:830} INFO - Processing file /opt/airflow/dags/main.py for tasks to queue
[2026-09-29T15:31:04.584+0000] {logging_mixin.py:188} INFO - [2026-09-29T15:31:04.584+0000] {dagbag.py:545} INFO - Filling up the DagBag from /opt/airflow/dags/main.py
[2026-09-29T15:31:04.935+0000] {processor.py:840} INFO - DAG(s) 'update_db', 'produce_json', 'data_quality_check' retrieved from /opt/airflow/dags/main.py
[2026-09-29T15:31:04.967+0000] {logging_mixin.py:188} INFO - [2026-09-29T15:31:04.967+0000] {dag.py:3096} INFO - Sync 3 DAGs
[2026-09-29T15:31:04.987+0000] {logging_mixin.py:188} INFO - [2026-09-29T15:31:04.987+0000] {dag.py:3954} INFO - Setting next_dagrun for data_quality_check to 2026-09-28 12:00:00+00:00, run_after=2026-09-29 12:00:00+00:00
[2026-09-29T15:31:04.993+0000] {logging_mixin.py:188} INFO - [2026-09-29T15:31:04.992+0000] {dag.py:3954} INFO - Setting next_dagrun for produce_json to 2026-09-29 12:00:00+00:00, run_after=2026-09-30 12:00:00+00:00
[2026-09-29T15:31:04.996+0000] {logging_mixin.py:188} INFO - [2026-09-29T15:31:04.996+0000] {dag.py:3954} INFO - Setting next_dagrun for update_db to 2026-09-28 12:00:00+00:00, run_after=2026-09-29 12:00:00+00:00
[2026-09-29T15:31:05.015+0000] {processor.py:183} INFO - Processing /opt/airflow/dags/main.py took 0.440 seconds
[2026-09-29T15:31:35.371+0000] {processor.py:161} INFO - Started process (PID=1225) to work on /opt/airflow/dags/main.py
[2026-09-29T15:31:35.374+0000] {processor.py:830} INFO - Processing file /opt/airflow/dags/main.py for tasks to queue
[2026-09-29T15:31:35.376+0000] {logging_mixin.py:188} INFO - [2026-09-29T15:31:35.376+0000] {dagbag.py:545} INFO - Filling up the DagBag from /opt/airflow/dags/main.py
[2026-09-29T15:31:35.692+0000] {processor.py:840} INFO - DAG(s) 'update_db', 'produce_json', 'data_quality_check' retrieved from /opt/airflow/dags/main.py
[2026-09-29T15:31:35.721+0000] {logging_mixin.py:188} INFO - [2026-09-29T15:31:35.721+0000] {dag.py:3096} INFO - Sync 3 DAGs
[2026-09-29T15:31:35.741+0000] {logging_mixin.py:188} INFO - [2026-09-29T15:31:35.741+0000] {dag.py:3954} INFO - Setting next_dagrun for data_quality_check to 2026-09-28 12:00:00+00:00, run_after=2026-09-29 12:00:00+00:00
[2026-09-29T15:31:35.747+0000] {logging_mixin.py:188} INFO - [2026-09-29T15:31:35.747+0000] {dag.py:3954} INFO - Setting next_dagrun for produce_json to 2026-09-29 12:00:00+00:00, run_after=2026-09-30 12:00:00+00:00
[2026-09-29T15:31:35.751+0000] {logging_mixin.py:188} INFO - [2026-09-29T15:31:35.751+0000] {dag.py:3954} INFO - Setting next_dagrun for update_db to 2026-09-28 12:00:00+00:00, run_after=2026-09-29 12:00:00+00:00
[2026-09-29T15:31:35.772+0000] {processor.py:183} INFO - Processing /opt/airflow/dags/main.py took 0.406 seconds
[2026-09-29T15:32:06.129+0000] {processor.py:161} INFO - Started process (PID=1232) to work on /opt/airflow/dags/main.py
[2026-09-29T15:32:06.132+0000] {processor.py:830} INFO - Processing file /opt/airflow/dags/main.py for tasks to queue
[2026-09-29T15:32:06.135+0000] {logging_mixin.py:188} INFO - [2026-09-29T15:32:06.135+0000] {dagbag.py:545} INFO - Filling up the DagBag from /opt/airflow/dags/main.py
[2026-09-29T15:32:06.456+0000] {processor.py:840} INFO - DAG(s) 'update_db', 'data_quality_check', 'produce_json' retrieved from /opt/airflow/dags/main.py
[2026-09-29T15:32:06.489+0000] {logging_mixin.py:188} INFO - [2026-09-29T15:32:06.489+0000] {dag.py:3096} INFO - Sync 3 DAGs
[2026-09-29T15:32:06.508+0000] {logging_mixin.py:188} INFO - [2026-09-29T15:32:06.507+0000] {dag.py:3954} INFO - Setting next_dagrun for data_quality_check to 2026-09-28 12:00:00+00:00, run_after=2026-09-29 12:00:00+00:00
[2026-09-29T15:32:06.513+0000] {logging_mixin.py:188} INFO - [2026-09-29T15:32:06.513+0000] {dag.py:3954} INFO - Setting next_dagrun for produce_json to 2026-09-29 12:00:00+00:00, run_after=2026-09-30 12:00:00+00:00
[2026-09-29T15:32:06.517+0000] {logging_mixin.py:188} INFO - [2026-09-29T15:32:06.517+0000] {dag.py:3954} INFO - Setting next_dagrun for update_db to 2026-09-28 12:00:00+00:00, run_after=2026-09-29 12:00:00+00:00
[2026-09-29T15:32:06.536+0000] {processor.py:183} INFO - Processing /opt/airflow/dags/main.py took 0.414 seconds
[2026-09-29T15:32:36.888+0000] {processor.py:161} INFO - Started process (PID=1239) to work on /opt/airflow/dags/main.py
[2026-09-29T15:32:36.892+0000] {processor.py:830} INFO - Processing file /opt/airflow/dags/main.py for tasks to queue
[2026-09-29T15:32:36.895+0000] {logging_mixin.py:188} INFO - [2026-09-29T15:32:36.894+0000] {dagbag.py:545} INFO - Filling up the DagBag from /opt/airflow/dags/main.py
[2026-09-29T15:32:37.234+0000] {processor.py:840} INFO - DAG(s) 'data_quality_check', 'update_db', 'produce_json' retrieved from /opt/airflow/dags/main.py
[2026-09-29T15:32:37.278+0000] {logging_mixin.py:188} INFO - [2026-09-29T15:32:37.277+0000] {dag.py:3096} INFO - Sync 3 DAGs
[2026-09-29T15:32:37.300+0000] {logging_mixin.py:188} INFO - [2026-09-29T15:32:37.300+0000] {dag.py:3954} INFO - Setting next_dagrun for data_quality_check to 2026-09-28 12:00:00+00:00, run_after=2026-09-29 12:00:00+00:00
[2026-09-29T15:32:37.310+0000] {logging_mixin.py:188} INFO - [2026-09-29T15:32:37.309+0000] {dag.py:3954} INFO - Setting next_dagrun for produce_json to 2026-09-29 12:00:00+00:00, run_after=2026-09-30 12:00:00+00:00
[2026-09-29T15:32:37.316+0000] {logging_mixin.py:188} INFO - [2026-09-29T15:32:37.316+0000] {dag.py:3954} INFO - Setting next_dagrun for update_db to 2026-09-28 12:00:00+00:00, run_after=2026-09-29 12:00:00+00:00
[2026-09-29T15:32:37.335+0000] {processor.py:183} INFO - Processing /opt/airflow/dags/main.py took 0.458 seconds
[2026-09-29T15:32:55.067+0000] {processor.py:161} INFO - Started process (PID=1246) to work on /opt/airflow/dags/main.py
[2026-09-29T15:32:55.072+0000] {processor.py:830} INFO - Processing file /opt/airflow/dags/main.py for tasks to queue
[2026-09-29T15:32:55.075+0000] {logging_mixin.py:188} INFO - [2026-09-29T15:32:55.075+0000] {dagbag.py:545} INFO - Filling up the DagBag from /opt/airflow/dags/main.py
[2026-09-29T15:32:55.407+0000] {processor.py:840} INFO - DAG(s) 'data_quality_check', 'update_db', 'produce_json' retrieved from /opt/airflow/dags/main.py
[2026-09-29T15:32:55.541+0000] {logging_mixin.py:188} INFO - [2026-09-29T15:32:55.541+0000] {dag.py:3096} INFO - Sync 3 DAGs
[2026-09-29T15:32:55.561+0000] {logging_mixin.py:188} INFO - [2026-09-29T15:32:55.561+0000] {dag.py:3954} INFO - Setting next_dagrun for data_quality_check to 2026-09-28 12:00:00+00:00, run_after=2026-09-29 12:00:00+00:00
[2026-09-29T15:32:55.567+0000] {logging_mixin.py:188} INFO - [2026-09-29T15:32:55.567+0000] {dag.py:3954} INFO - Setting next_dagrun for produce_json to 2026-09-29 12:00:00+00:00, run_after=2026-09-30 12:00:00+00:00
[2026-09-29T15:32:55.571+0000] {logging_mixin.py:188} INFO - [2026-09-29T15:32:55.571+0000] {dag.py:3954} INFO - Setting next_dagrun for update_db to 2026-09-28 12:00:00+00:00, run_after=2026-09-29 12:00:00+00:00
[2026-09-29T15:32:55.619+0000] {processor.py:183} INFO - Processing /opt/airflow/dags/main.py took 0.560 seconds
[2026-09-29T15:32:58.587+0000] {processor.py:161} INFO - Started process (PID=1247) to work on /opt/airflow/dags/main.py
[2026-09-29T15:32:58.589+0000] {processor.py:830} INFO - Processing file /opt/airflow/dags/main.py for tasks to queue
[2026-09-29T15:32:58.592+0000] {logging_mixin.py:188} INFO - [2026-09-29T15:32:58.591+0000] {dagbag.py:545} INFO - Filling up the DagBag from /opt/airflow/dags/main.py
[2026-09-29T15:32:59.164+0000] {processor.py:840} INFO - DAG(s) 'produce_json', 'data_quality_check', 'update_db' retrieved from /opt/airflow/dags/main.py
[2026-09-29T15:32:59.286+0000] {logging_mixin.py:188} INFO - [2026-09-29T15:32:59.286+0000] {dag.py:3096} INFO - Sync 3 DAGs
[2026-09-29T15:32:59.337+0000] {logging_mixin.py:188} INFO - [2026-09-29T15:32:59.337+0000] {dag.py:3954} INFO - Setting next_dagrun for data_quality_check to 2026-09-28 12:00:00+00:00, run_after=2026-09-29 12:00:00+00:00
[2026-09-29T15:32:59.345+0000] {logging_mixin.py:188} INFO - [2026-09-29T15:32:59.345+0000] {dag.py:3954} INFO - Setting next_dagrun for produce_json to 2026-09-29 12:00:00+00:00, run_after=2026-09-30 12:00:00+00:00
[2026-09-29T15:32:59.353+0000] {logging_mixin.py:188} INFO - [2026-09-29T15:32:59.352+0000] {dag.py:3954} INFO - Setting next_dagrun for update_db to 2026-09-28 12:00:00+00:00, run_after=2026-09-29 12:00:00+00:00
[2026-09-29T15:32:59.399+0000] {processor.py:183} INFO - Processing /opt/airflow/dags/main.py took 0.818 seconds
[2026-09-29T15:33:02.499+0000] {processor.py:161} INFO - Started process (PID=1248) to work on /opt/airflow/dags/main.py
[2026-09-29T15:33:02.503+0000] {processor.py:830} INFO - Processing file /opt/airflow/dags/main.py for tasks to queue
[2026-09-29T15:33:02.506+0000] {logging_mixin.py:188} INFO - [2026-09-29T15:33:02.505+0000] {dagbag.py:545} INFO - Filling up the DagBag from /opt/airflow/dags/main.py
[2026-09-29T15:33:02.846+0000] {processor.py:840} INFO - DAG(s) 'update_db', 'produce_json', 'data_quality_check' retrieved from /opt/airflow/dags/main.py
[2026-09-29T15:33:02.899+0000] {logging_mixin.py:188} INFO - [2026-09-29T15:33:02.899+0000] {dag.py:3096} INFO - Sync 3 DAGs
[2026-09-29T15:33:02.925+0000] {logging_mixin.py:188} INFO - [2026-09-29T15:33:02.924+0000] {dag.py:3954} INFO - Setting next_dagrun for data_quality_check to 2026-09-28 12:00:00+00:00, run_after=2026-09-29 12:00:00+00:00
[2026-09-29T15:33:02.931+0000] {logging_mixin.py:188} INFO - [2026-09-29T15:33:02.931+0000] {dag.py:3954} INFO - Setting next_dagrun for produce_json to 2026-09-29 12:00:00+00:00, run_after=2026-09-30 12:00:00+00:00
[2026-09-29T15:33:02.936+0000] {logging_mixin.py:188} INFO - [2026-09-29T15:33:02.936+0000] {dag.py:3954} INFO - Setting next_dagrun for update_db to 2026-09-28 12:00:00+00:00, run_after=2026-09-29 12:00:00+00:00
[2026-09-29T15:33:02.963+0000] {processor.py:183} INFO - Processing /opt/airflow/dags/main.py took 0.471 seconds
[2026-09-29T15:33:08.867+0000] {processor.py:161} INFO - Started process (PID=1249) to work on /opt/airflow/dags/main.py
[2026-09-29T15:33:08.871+0000] {processor.py:830} INFO - Processing file /opt/airflow/dags/main.py for tasks to queue
[2026-09-29T15:33:08.877+0000] {logging_mixin.py:188} INFO - [2026-09-29T15:33:08.876+0000] {dagbag.py:545} INFO - Filling up the DagBag from /opt/airflow/dags/main.py
[2026-09-29T15:33:09.219+0000] {processor.py:840} INFO - DAG(s) 'update_db', 'produce_json', 'data_quality_check' retrieved from /opt/airflow/dags/main.py
[2026-09-29T15:33:09.250+0000] {logging_mixin.py:188} INFO - [2026-09-29T15:33:09.249+0000] {dag.py:3096} INFO - Sync 3 DAGs
[2026-09-29T15:33:09.273+0000] {logging_mixin.py:188} INFO - [2026-09-29T15:33:09.272+0000] {dag.py:3954} INFO - Setting next_dagrun for data_quality_check to 2026-09-28 12:00:00+00:00, run_after=2026-09-29 12:00:00+00:00
[2026-09-29T15:33:09.280+0000] {logging_mixin.py:188} INFO - [2026-09-29T15:33:09.280+0000] {dag.py:3954} INFO - Setting next_dagrun for produce_json to 2026-09-29 12:00:00+00:00, run_after=2026-09-30 12:00:00+00:00
[2026-09-29T15:33:09.285+0000] {logging_mixin.py:188} INFO - [2026-09-29T15:33:09.285+0000] {dag.py:3954} INFO - Setting next_dagrun for update_db to 2026-09-28 12:00:00+00:00, run_after=2026-09-29 12:00:00+00:00
[2026-09-29T15:33:09.314+0000] {processor.py:183} INFO - Processing /opt/airflow/dags/main.py took 0.472 seconds
[2026-09-29T15:33:39.639+0000] {processor.py:161} INFO - Started process (PID=1256) to work on /opt/airflow/dags/main.py
[2026-09-29T15:33:39.643+0000] {processor.py:830} INFO - Processing file /opt/airflow/dags/main.py for tasks to queue
[2026-09-29T15:33:39.645+0000] {logging_mixin.py:188} INFO - [2026-09-29T15:33:39.645+0000] {dagbag.py:545} INFO - Filling up the DagBag from /opt/airflow/dags/main.py
[2026-09-29T15:33:39.966+0000] {processor.py:840} INFO - DAG(s) 'data_quality_check', 'produce_json', 'update_db' retrieved from /opt/airflow/dags/main.py
[2026-09-29T15:33:40.070+0000] {logging_mixin.py:188} INFO - [2026-09-29T15:33:40.069+0000] {dag.py:3096} INFO - Sync 3 DAGs
[2026-09-29T15:33:40.092+0000] {logging_mixin.py:188} INFO - [2026-09-29T15:33:40.092+0000] {dag.py:3954} INFO - Setting next_dagrun for data_quality_check to 2026-09-28 12:00:00+00:00, run_after=2026-09-29 12:00:00+00:00
[2026-09-29T15:33:40.098+0000] {logging_mixin.py:188} INFO - [2026-09-29T15:33:40.098+0000] {dag.py:3954} INFO - Setting next_dagrun for produce_json to 2026-09-29 12:00:00+00:00, run_after=2026-09-30 12:00:00+00:00
[2026-09-29T15:33:40.102+0000] {logging_mixin.py:188} INFO - [2026-09-29T15:33:40.102+0000] {dag.py:3954} INFO - Setting next_dagrun for update_db to 2026-09-28 12:00:00+00:00, run_after=2026-09-29 12:00:00+00:00
[2026-09-29T15:33:40.128+0000] {processor.py:183} INFO - Processing /opt/airflow/dags/main.py took 0.499 seconds
[2026-09-29T15:33:52.759+0000] {processor.py:161} INFO - Started process (PID=1263) to work on /opt/airflow/dags/main.py
[2026-09-29T15:33:52.762+0000] {processor.py:830} INFO - Processing file /opt/airflow/dags/main.py for tasks to queue
[2026-09-29T15:33:52.765+0000] {logging_mixin.py:188} INFO - [2026-09-29T15:33:52.764+0000] {dagbag.py:545} INFO - Filling up the DagBag from /opt/airflow/dags/main.py
[2026-09-29T15:33:53.141+0000] {processor.py:840} INFO - DAG(s) 'data_quality_check', 'update_db', 'produce_json' retrieved from /opt/airflow/dags/main.py
[2026-09-29T15:33:53.188+0000] {logging_mixin.py:188} INFO - [2026-09-29T15:33:53.187+0000] {dag.py:3096} INFO - Sync 3 DAGs
[2026-09-29T15:33:53.228+0000] {logging_mixin.py:188} INFO - [2026-09-29T15:33:53.227+0000] {dag.py:3954} INFO - Setting next_dagrun for data_quality_check to 2026-09-28 12:00:00+00:00, run_after=2026-09-29 12:00:00+00:00
[2026-09-29T15:33:53.236+0000] {logging_mixin.py:188} INFO - [2026-09-29T15:33:53.235+0000] {dag.py:3954} INFO - Setting next_dagrun for produce_json to 2026-09-29 12:00:00+00:00, run_after=2026-09-30 12:00:00+00:00
[2026-09-29T15:33:53.241+0000] {logging_mixin.py:188} INFO - [2026-09-29T15:33:53.241+0000] {dag.py:3954} INFO - Setting next_dagrun for update_db to 2026-09-28 12:00:00+00:00, run_after=2026-09-29 12:00:00+00:00
[2026-09-29T15:33:53.277+0000] {processor.py:183} INFO - Processing /opt/airflow/dags/main.py took 0.525 seconds
[2026-09-29T15:34:23.613+0000] {processor.py:161} INFO - Started process (PID=1270) to work on /opt/airflow/dags/main.py
[2026-09-29T15:34:23.618+0000] {processor.py:830} INFO - Processing file /opt/airflow/dags/main.py for tasks to queue
[2026-09-29T15:34:23.622+0000] {logging_mixin.py:188} INFO - [2026-09-29T15:34:23.621+0000] {dagbag.py:545} INFO - Filling up the DagBag from /opt/airflow/dags/main.py
[2026-09-29T15:34:23.933+0000] {processor.py:840} INFO - DAG(s) 'produce_json', 'data_quality_check', 'update_db' retrieved from /opt/airflow/dags/main.py
[2026-09-29T15:34:23.985+0000] {logging_mixin.py:188} INFO - [2026-09-29T15:34:23.985+0000] {dag.py:3096} INFO - Sync 3 DAGs
[2026-09-29T15:34:24.016+0000] {logging_mixin.py:188} INFO - [2026-09-29T15:34:24.016+0000] {dag.py:3954} INFO - Setting next_dagrun for data_quality_check to 2026-09-28 12:00:00+00:00, run_after=2026-09-29 12:00:00+00:00
[2026-09-29T15:34:24.027+0000] {logging_mixin.py:188} INFO - [2026-09-29T15:34:24.027+0000] {dag.py:3954} INFO - Setting next_dagrun for produce_json to 2026-09-29 12:00:00+00:00, run_after=2026-09-30 12:00:00+00:00
[2026-09-29T15:34:24.033+0000] {logging_mixin.py:188} INFO - [2026-09-29T15:34:24.033+0000] {dag.py:3954} INFO - Setting next_dagrun for update_db to 2026-09-28 12:00:00+00:00, run_after=2026-09-29 12:00:00+00:00
[2026-09-29T15:34:24.065+0000] {processor.py:183} INFO - Processing /opt/airflow/dags/main.py took 0.463 seconds
[2026-09-29T15:34:54.346+0000] {processor.py:161} INFO - Started process (PID=1277) to work on /opt/airflow/dags/main.py
[2026-09-29T15:34:54.349+0000] {processor.py:830} INFO - Processing file /opt/airflow/dags/main.py for tasks to queue
[2026-09-29T15:34:54.353+0000] {logging_mixin.py:188} INFO - [2026-09-29T15:34:54.353+0000] {dagbag.py:545} INFO - Filling up the DagBag from /opt/airflow/dags/main.py
[2026-09-29T15:34:54.702+0000] {processor.py:840} INFO - DAG(s) 'data_quality_check', 'update_db', 'produce_json' retrieved from /opt/airflow/dags/main.py
[2026-09-29T15:34:54.770+0000] {logging_mixin.py:188} INFO - [2026-09-29T15:34:54.769+0000] {dag.py:3096} INFO - Sync 3 DAGs
[2026-09-29T15:34:54.803+0000] {logging_mixin.py:188} INFO - [2026-09-29T15:34:54.802+0000] {dag.py:3954} INFO - Setting next_dagrun for data_quality_check to 2026-09-28 12:00:00+00:00, run_after=2026-09-29 12:00:00+00:00
[2026-09-29T15:34:54.810+0000] {logging_mixin.py:188} INFO - [2026-09-29T15:34:54.810+0000] {dag.py:3954} INFO - Setting next_dagrun for produce_json to 2026-09-29 12:00:00+00:00, run_after=2026-09-30 12:00:00+00:00
[2026-09-29T15:34:54.816+0000] {logging_mixin.py:188} INFO - [2026-09-29T15:34:54.815+0000] {dag.py:3954} INFO - Setting next_dagrun for update_db to 2026-09-28 12:00:00+00:00, run_after=2026-09-29 12:00:00+00:00
[2026-09-29T15:34:54.842+0000] {processor.py:183} INFO - Processing /opt/airflow/dags/main.py took 0.509 seconds
[2026-09-29T15:35:25.218+0000] {processor.py:161} INFO - Started process (PID=1284) to work on /opt/airflow/dags/main.py
[2026-09-29T15:35:25.220+0000] {processor.py:830} INFO - Processing file /opt/airflow/dags/main.py for tasks to queue
[2026-09-29T15:35:25.223+0000] {logging_mixin.py:188} INFO - [2026-09-29T15:35:25.222+0000] {dagbag.py:545} INFO - Filling up the DagBag from /opt/airflow/dags/main.py
[2026-09-29T15:35:25.533+0000] {processor.py:840} INFO - DAG(s) 'update_db', 'data_quality_check', 'produce_json' retrieved from /opt/airflow/dags/main.py
[2026-09-29T15:35:25.564+0000] {logging_mixin.py:188} INFO - [2026-09-29T15:35:25.564+0000] {dag.py:3096} INFO - Sync 3 DAGs
[2026-09-29T15:35:25.584+0000] {logging_mixin.py:188} INFO - [2026-09-29T15:35:25.584+0000] {dag.py:3954} INFO - Setting next_dagrun for data_quality_check to 2026-09-28 12:00:00+00:00, run_after=2026-09-29 12:00:00+00:00
[2026-09-29T15:35:25.590+0000] {logging_mixin.py:188} INFO - [2026-09-29T15:35:25.590+0000] {dag.py:3954} INFO - Setting next_dagrun for produce_json to 2026-09-29 12:00:00+00:00, run_after=2026-09-30 12:00:00+00:00
[2026-09-29T15:35:25.595+0000] {logging_mixin.py:188} INFO - [2026-09-29T15:35:25.594+0000] {dag.py:3954} INFO - Setting next_dagrun for update_db to 2026-09-28 12:00:00+00:00, run_after=2026-09-29 12:00:00+00:00
[2026-09-29T15:35:25.613+0000] {processor.py:183} INFO - Processing /opt/airflow/dags/main.py took 0.402 seconds
[2026-09-29T15:35:56.504+0000] {processor.py:161} INFO - Started process (PID=1292) to work on /opt/airflow/dags/main.py
[2026-09-29T15:35:56.507+0000] {processor.py:830} INFO - Processing file /opt/airflow/dags/main.py for tasks to queue
[2026-09-29T15:35:56.510+0000] {logging_mixin.py:188} INFO - [2026-09-29T15:35:56.510+0000] {dagbag.py:545} INFO - Filling up the DagBag from /opt/airflow/dags/main.py
[2026-09-29T15:35:56.813+0000] {processor.py:840} INFO - DAG(s) 'update_db', 'produce_json', 'data_quality_check' retrieved from /opt/airflow/dags/main.py
[2026-09-29T15:35:56.841+0000] {logging_mixin.py:188} INFO - [2026-09-29T15:35:56.840+0000] {dag.py:3096} INFO - Sync 3 DAGs
[2026-09-29T15:35:56.861+0000] {logging_mixin.py:188} INFO - [2026-09-29T15:35:56.861+0000] {dag.py:3954} INFO - Setting next_dagrun for data_quality_check to 2026-09-28 12:00:00+00:00, run_after=2026-09-29 12:00:00+00:00
[2026-09-29T15:35:56.867+0000] {logging_mixin.py:188} INFO - [2026-09-29T15:35:56.866+0000] {dag.py:3954} INFO - Setting next_dagrun for produce_json to 2026-09-29 12:00:00+00:00, run_after=2026-09-30 12:00:00+00:00
[2026-09-29T15:35:56.871+0000] {logging_mixin.py:188} INFO - [2026-09-29T15:35:56.871+0000] {dag.py:3954} INFO - Setting next_dagrun for update_db to 2026-09-28 12:00:00+00:00, run_after=2026-09-29 12:00:00+00:00
[2026-09-29T15:35:56.887+0000] {processor.py:183} INFO - Processing /opt/airflow/dags/main.py took 0.388 seconds
[2026-09-29T15:36:27.273+0000] {processor.py:161} INFO - Started process (PID=1299) to work on /opt/airflow/dags/main.py
[2026-09-29T15:36:27.277+0000] {processor.py:830} INFO - Processing file /opt/airflow/dags/main.py for tasks to queue
[2026-09-29T15:36:27.280+0000] {logging_mixin.py:188} INFO - [2026-09-29T15:36:27.280+0000] {dagbag.py:545} INFO - Filling up the DagBag from /opt/airflow/dags/main.py
[2026-09-29T15:36:27.635+0000] {processor.py:840} INFO - DAG(s) 'update_db', 'data_quality_check', 'produce_json' retrieved from /opt/airflow/dags/main.py
[2026-09-29T15:36:27.670+0000] {logging_mixin.py:188} INFO - [2026-09-29T15:36:27.669+0000] {dag.py:3096} INFO - Sync 3 DAGs
[2026-09-29T15:36:27.688+0000] {logging_mixin.py:188} INFO - [2026-09-29T15:36:27.688+0000] {dag.py:3954} INFO - Setting next_dagrun for data_quality_check to 2026-09-28 12:00:00+00:00, run_after=2026-09-29 12:00:00+00:00
[2026-09-29T15:36:27.695+0000] {logging_mixin.py:188} INFO - [2026-09-29T15:36:27.695+0000] {dag.py:3954} INFO - Setting next_dagrun for produce_json to 2026-09-29 12:00:00+00:00, run_after=2026-09-30 12:00:00+00:00
[2026-09-29T15:36:27.699+0000] {logging_mixin.py:188} INFO - [2026-09-29T15:36:27.699+0000] {dag.py:3954} INFO - Setting next_dagrun for update_db to 2026-09-28 12:00:00+00:00, run_after=2026-09-29 12:00:00+00:00
[2026-09-29T15:36:27.720+0000] {processor.py:183} INFO - Processing /opt/airflow/dags/main.py took 0.456 seconds
[2026-09-29T15:36:58.052+0000] {processor.py:161} INFO - Started process (PID=1306) to work on /opt/airflow/dags/main.py
[2026-09-29T15:36:58.055+0000] {processor.py:830} INFO - Processing file /opt/airflow/dags/main.py for tasks to queue
[2026-09-29T15:36:58.057+0000] {logging_mixin.py:188} INFO - [2026-09-29T15:36:58.057+0000] {dagbag.py:545} INFO - Filling up the DagBag from /opt/airflow/dags/main.py
[2026-09-29T15:36:58.373+0000] {processor.py:840} INFO - DAG(s) 'data_quality_check', 'update_db', 'produce_json' retrieved from /opt/airflow/dags/main.py
[2026-09-29T15:36:58.405+0000] {logging_mixin.py:188} INFO - [2026-09-29T15:36:58.404+0000] {dag.py:3096} INFO - Sync 3 DAGs
[2026-09-29T15:36:58.425+0000] {logging_mixin.py:188} INFO - [2026-09-29T15:36:58.425+0000] {dag.py:3954} INFO - Setting next_dagrun for data_quality_check to 2026-09-28 12:00:00+00:00, run_after=2026-09-29 12:00:00+00:00
[2026-09-29T15:36:58.431+0000] {logging_mixin.py:188} INFO - [2026-09-29T15:36:58.431+0000] {dag.py:3954} INFO - Setting next_dagrun for produce_json to 2026-09-29 12:00:00+00:00, run_after=2026-09-30 12:00:00+00:00
[2026-09-29T15:36:58.436+0000] {logging_mixin.py:188} INFO - [2026-09-29T15:36:58.436+0000] {dag.py:3954} INFO - Setting next_dagrun for update_db to 2026-09-28 12:00:00+00:00, run_after=2026-09-29 12:00:00+00:00
[2026-09-29T15:36:58.458+0000] {processor.py:183} INFO - Processing /opt/airflow/dags/main.py took 0.412 seconds
[2026-09-29T15:37:28.843+0000] {processor.py:161} INFO - Started process (PID=1313) to work on /opt/airflow/dags/main.py
[2026-09-29T15:37:28.846+0000] {processor.py:830} INFO - Processing file /opt/airflow/dags/main.py for tasks to queue
[2026-09-29T15:37:28.848+0000] {logging_mixin.py:188} INFO - [2026-09-29T15:37:28.848+0000] {dagbag.py:545} INFO - Filling up the DagBag from /opt/airflow/dags/main.py
[2026-09-29T15:37:29.161+0000] {processor.py:840} INFO - DAG(s) 'produce_json', 'data_quality_check', 'update_db' retrieved from /opt/airflow/dags/main.py
[2026-09-29T15:37:29.243+0000] {logging_mixin.py:188} INFO - [2026-09-29T15:37:29.243+0000] {dag.py:3096} INFO - Sync 3 DAGs
[2026-09-29T15:37:29.321+0000] {logging_mixin.py:188} INFO - [2026-09-29T15:37:29.321+0000] {dag.py:3954} INFO - Setting next_dagrun for data_quality_check to 2026-09-28 12:00:00+00:00, run_after=2026-09-29 12:00:00+00:00
[2026-09-29T15:37:29.361+0000] {logging_mixin.py:188} INFO - [2026-09-29T15:37:29.360+0000] {dag.py:3954} INFO - Setting next_dagrun for produce_json to 2026-09-29 12:00:00+00:00, run_after=2026-09-30 12:00:00+00:00
[2026-09-29T15:37:29.388+0000] {logging_mixin.py:188} INFO - [2026-09-29T15:37:29.387+0000] {dag.py:3954} INFO - Setting next_dagrun for update_db to 2026-09-28 12:00:00+00:00, run_after=2026-09-29 12:00:00+00:00
[2026-09-29T15:37:29.430+0000] {processor.py:183} INFO - Processing /opt/airflow/dags/main.py took 0.600 seconds
[2026-09-29T15:37:59.572+0000] {processor.py:161} INFO - Started process (PID=1320) to work on /opt/airflow/dags/main.py
[2026-09-29T15:37:59.575+0000] {processor.py:830} INFO - Processing file /opt/airflow/dags/main.py for tasks to queue
[2026-09-29T15:37:59.578+0000] {logging_mixin.py:188} INFO - [2026-09-29T15:37:59.577+0000] {dagbag.py:545} INFO - Filling up the DagBag from /opt/airflow/dags/main.py
[2026-09-29T15:37:59.878+0000] {processor.py:840} INFO - DAG(s) 'data_quality_check', 'update_db', 'produce_json' retrieved from /opt/airflow/dags/main.py
[2026-09-29T15:37:59.921+0000] {logging_mixin.py:188} INFO - [2026-09-29T15:37:59.921+0000] {dag.py:3096} INFO - Sync 3 DAGs
[2026-09-29T15:37:59.945+0000] {logging_mixin.py:188} INFO - [2026-09-29T15:37:59.945+0000] {dag.py:3954} INFO - Setting next_dagrun for data_quality_check to 2026-09-28 12:00:00+00:00, run_after=2026-09-29 12:00:00+00:00
[2026-09-29T15:37:59.954+0000] {logging_mixin.py:188} INFO - [2026-09-29T15:37:59.954+0000] {dag.py:3954} INFO - Setting next_dagrun for produce_json to 2026-09-29 12:00:00+00:00, run_after=2026-09-30 12:00:00+00:00
[2026-09-29T15:37:59.959+0000] {logging_mixin.py:188} INFO - [2026-09-29T15:37:59.959+0000] {dag.py:3954} INFO - Setting next_dagrun for update_db to 2026-09-28 12:00:00+00:00, run_after=2026-09-29 12:00:00+00:00
[2026-09-29T15:37:59.982+0000] {processor.py:183} INFO - Processing /opt/airflow/dags/main.py took 0.417 seconds
[2026-09-29T15:38:30.320+0000] {processor.py:161} INFO - Started process (PID=1327) to work on /opt/airflow/dags/main.py
[2026-09-29T15:38:30.322+0000] {processor.py:830} INFO - Processing file /opt/airflow/dags/main.py for tasks to queue
[2026-09-29T15:38:30.325+0000] {logging_mixin.py:188} INFO - [2026-09-29T15:38:30.325+0000] {dagbag.py:545} INFO - Filling up the DagBag from /opt/airflow/dags/main.py
[2026-09-29T15:38:30.619+0000] {processor.py:840} INFO - DAG(s) 'data_quality_check', 'update_db', 'produce_json' retrieved from /opt/airflow/dags/main.py
[2026-09-29T15:38:30.656+0000] {logging_mixin.py:188} INFO - [2026-09-29T15:38:30.655+0000] {dag.py:3096} INFO - Sync 3 DAGs
[2026-09-29T15:38:30.689+0000] {logging_mixin.py:188} INFO - [2026-09-29T15:38:30.689+0000] {dag.py:3954} INFO - Setting next_dagrun for data_quality_check to 2026-09-28 12:00:00+00:00, run_after=2026-09-29 12:00:00+00:00
[2026-09-29T15:38:30.695+0000] {logging_mixin.py:188} INFO - [2026-09-29T15:38:30.695+0000] {dag.py:3954} INFO - Setting next_dagrun for produce_json to 2026-09-29 12:00:00+00:00, run_after=2026-09-30 12:00:00+00:00
[2026-09-29T15:38:30.700+0000] {logging_mixin.py:188} INFO - [2026-09-29T15:38:30.699+0000] {dag.py:3954} INFO - Setting next_dagrun for update_db to 2026-09-28 12:00:00+00:00, run_after=2026-09-29 12:00:00+00:00
[2026-09-29T15:38:30.725+0000] {processor.py:183} INFO - Processing /opt/airflow/dags/main.py took 0.411 seconds
[2026-09-29T15:39:01.062+0000] {processor.py:161} INFO - Started process (PID=1334) to work on /opt/airflow/dags/main.py
[2026-09-29T15:39:01.067+0000] {processor.py:830} INFO - Processing file /opt/airflow/dags/main.py for tasks to queue
[2026-09-29T15:39:01.070+0000] {logging_mixin.py:188} INFO - [2026-09-29T15:39:01.070+0000] {dagbag.py:545} INFO - Filling up the DagBag from /opt/airflow/dags/main.py
[2026-09-29T15:39:01.452+0000] {processor.py:840} INFO - DAG(s) 'update_db', 'data_quality_check', 'produce_json' retrieved from /opt/airflow/dags/main.py
[2026-09-29T15:39:01.532+0000] {logging_mixin.py:188} INFO - [2026-09-29T15:39:01.532+0000] {dag.py:3096} INFO - Sync 3 DAGs
[2026-09-29T15:39:01.559+0000] {logging_mixin.py:188} INFO - [2026-09-29T15:39:01.558+0000] {dag.py:3954} INFO - Setting next_dagrun for data_quality_check to 2026-09-28 12:00:00+00:00, run_after=2026-09-29 12:00:00+00:00
[2026-09-29T15:39:01.568+0000] {logging_mixin.py:188} INFO - [2026-09-29T15:39:01.568+0000] {dag.py:3954} INFO - Setting next_dagrun for produce_json to 2026-09-29 12:00:00+00:00, run_after=2026-09-30 12:00:00+00:00
[2026-09-29T15:39:01.573+0000] {logging_mixin.py:188} INFO - [2026-09-29T15:39:01.573+0000] {dag.py:3954} INFO - Setting next_dagrun for update_db to 2026-09-28 12:00:00+00:00, run_after=2026-09-29 12:00:00+00:00
[2026-09-29T15:39:01.595+0000] {processor.py:183} INFO - Processing /opt/airflow/dags/main.py took 0.541 seconds
[2026-09-29T15:39:31.903+0000] {processor.py:161} INFO - Started process (PID=1341) to work on /opt/airflow/dags/main.py
[2026-09-29T15:39:31.907+0000] {processor.py:830} INFO - Processing file /opt/airflow/dags/main.py for tasks to queue
[2026-09-29T15:39:31.910+0000] {logging_mixin.py:188} INFO - [2026-09-29T15:39:31.910+0000] {dagbag.py:545} INFO - Filling up the DagBag from /opt/airflow/dags/main.py
[2026-09-29T15:39:32.315+0000] {processor.py:840} INFO - DAG(s) 'produce_json', 'update_db', 'data_quality_check' retrieved from /opt/airflow/dags/main.py
[2026-09-29T15:39:32.416+0000] {logging_mixin.py:188} INFO - [2026-09-29T15:39:32.415+0000] {dag.py:3096} INFO - Sync 3 DAGs
[2026-09-29T15:39:32.450+0000] {logging_mixin.py:188} INFO - [2026-09-29T15:39:32.450+0000] {dag.py:3954} INFO - Setting next_dagrun for data_quality_check to 2026-09-28 12:00:00+00:00, run_after=2026-09-29 12:00:00+00:00
[2026-09-29T15:39:32.469+0000] {logging_mixin.py:188} INFO - [2026-09-29T15:39:32.469+0000] {dag.py:3954} INFO - Setting next_dagrun for produce_json to 2026-09-29 12:00:00+00:00, run_after=2026-09-30 12:00:00+00:00
[2026-09-29T15:39:32.474+0000] {logging_mixin.py:188} INFO - [2026-09-29T15:39:32.474+0000] {dag.py:3954} INFO - Setting next_dagrun for update_db to 2026-09-28 12:00:00+00:00, run_after=2026-09-29 12:00:00+00:00
[2026-09-29T15:39:32.542+0000] {processor.py:183} INFO - Processing /opt/airflow/dags/main.py took 0.644 seconds
[2026-09-29T15:40:02.945+0000] {processor.py:161} INFO - Started process (PID=1348) to work on /opt/airflow/dags/main.py
[2026-09-29T15:40:02.947+0000] {processor.py:830} INFO - Processing file /opt/airflow/dags/main.py for tasks to queue
[2026-09-29T15:40:02.950+0000] {logging_mixin.py:188} INFO - [2026-09-29T15:40:02.950+0000] {dagbag.py:545} INFO - Filling up the DagBag from /opt/airflow/dags/main.py
[2026-09-29T15:40:03.245+0000] {processor.py:840} INFO - DAG(s) 'data_quality_check', 'produce_json', 'update_db' retrieved from /opt/airflow/dags/main.py
[2026-09-29T15:40:03.287+0000] {logging_mixin.py:188} INFO - [2026-09-29T15:40:03.287+0000] {dag.py:3096} INFO - Sync 3 DAGs
[2026-09-29T15:40:03.312+0000] {logging_mixin.py:188} INFO - [2026-09-29T15:40:03.312+0000] {dag.py:3954} INFO - Setting next_dagrun for data_quality_check to 2026-09-28 12:00:00+00:00, run_after=2026-09-29 12:00:00+00:00
[2026-09-29T15:40:03.319+0000] {logging_mixin.py:188} INFO - [2026-09-29T15:40:03.319+0000] {dag.py:3954} INFO - Setting next_dagrun for produce_json to 2026-09-29 12:00:00+00:00, run_after=2026-09-30 12:00:00+00:00
[2026-09-29T15:40:03.323+0000] {logging_mixin.py:188} INFO - [2026-09-29T15:40:03.323+0000] {dag.py:3954} INFO - Setting next_dagrun for update_db to 2026-09-28 12:00:00+00:00, run_after=2026-09-29 12:00:00+00:00
[2026-09-29T15:40:03.344+0000] {processor.py:183} INFO - Processing /opt/airflow/dags/main.py took 0.406 seconds
[2026-09-29T15:40:33.642+0000] {processor.py:161} INFO - Started process (PID=1355) to work on /opt/airflow/dags/main.py
[2026-09-29T15:40:33.645+0000] {processor.py:830} INFO - Processing file /opt/airflow/dags/main.py for tasks to queue
[2026-09-29T15:40:33.649+0000] {logging_mixin.py:188} INFO - [2026-09-29T15:40:33.648+0000] {dagbag.py:545} INFO - Filling up the DagBag from /opt/airflow/dags/main.py
[2026-09-29T15:40:33.997+0000] {processor.py:840} INFO - DAG(s) 'produce_json', 'update_db', 'data_quality_check' retrieved from /opt/airflow/dags/main.py
[2026-09-29T15:40:34.065+0000] {logging_mixin.py:188} INFO - [2026-09-29T15:40:34.065+0000] {dag.py:3096} INFO - Sync 3 DAGs
[2026-09-29T15:40:34.098+0000] {logging_mixin.py:188} INFO - [2026-09-29T15:40:34.098+0000] {dag.py:3954} INFO - Setting next_dagrun for data_quality_check to 2026-09-28 12:00:00+00:00, run_after=2026-09-29 12:00:00+00:00
[2026-09-29T15:40:34.109+0000] {logging_mixin.py:188} INFO - [2026-09-29T15:40:34.109+0000] {dag.py:3954} INFO - Setting next_dagrun for produce_json to 2026-09-29 12:00:00+00:00, run_after=2026-09-30 12:00:00+00:00
[2026-09-29T15:40:34.116+0000] {logging_mixin.py:188} INFO - [2026-09-29T15:40:34.116+0000] {dag.py:3954} INFO - Setting next_dagrun for update_db to 2026-09-28 12:00:00+00:00, run_after=2026-09-29 12:00:00+00:00
[2026-09-29T15:40:34.147+0000] {processor.py:183} INFO - Processing /opt/airflow/dags/main.py took 0.529 seconds
[2026-09-29T15:41:04.661+0000] {processor.py:161} INFO - Started process (PID=1362) to work on /opt/airflow/dags/main.py
[2026-09-29T15:41:04.663+0000] {processor.py:830} INFO - Processing file /opt/airflow/dags/main.py for tasks to queue
[2026-09-29T15:41:04.665+0000] {logging_mixin.py:188} INFO - [2026-09-29T15:41:04.665+0000] {dagbag.py:545} INFO - Filling up the DagBag from /opt/airflow/dags/main.py
[2026-09-29T15:41:04.936+0000] {processor.py:840} INFO - DAG(s) 'update_db', 'data_quality_check', 'produce_json' retrieved from /opt/airflow/dags/main.py
[2026-09-29T15:41:04.972+0000] {logging_mixin.py:188} INFO - [2026-09-29T15:41:04.972+0000] {dag.py:3096} INFO - Sync 3 DAGs
[2026-09-29T15:41:04.994+0000] {logging_mixin.py:188} INFO - [2026-09-29T15:41:04.994+0000] {dag.py:3954} INFO - Setting next_dagrun for data_quality_check to 2026-09-28 12:00:00+00:00, run_after=2026-09-29 12:00:00+00:00
[2026-09-29T15:41:05.000+0000] {logging_mixin.py:188} INFO - [2026-09-29T15:41:05.000+0000] {dag.py:3954} INFO - Setting next_dagrun for produce_json to 2026-09-29 12:00:00+00:00, run_after=2026-09-30 12:00:00+00:00
[2026-09-29T15:41:05.004+0000] {logging_mixin.py:188} INFO - [2026-09-29T15:41:05.004+0000] {dag.py:3954} INFO - Setting next_dagrun for update_db to 2026-09-28 12:00:00+00:00, run_after=2026-09-29 12:00:00+00:00
[2026-09-29T15:41:05.027+0000] {processor.py:183} INFO - Processing /opt/airflow/dags/main.py took 0.372 seconds
[2026-09-29T15:41:35.390+0000] {processor.py:161} INFO - Started process (PID=1369) to work on /opt/airflow/dags/main.py
[2026-09-29T15:41:35.393+0000] {processor.py:830} INFO - Processing file /opt/airflow/dags/main.py for tasks to queue
[2026-09-29T15:41:35.395+0000] {logging_mixin.py:188} INFO - [2026-09-29T15:41:35.395+0000] {dagbag.py:545} INFO - Filling up the DagBag from /opt/airflow/dags/main.py
[2026-09-29T15:41:35.672+0000] {processor.py:840} INFO - DAG(s) 'produce_json', 'update_db', 'data_quality_check' retrieved from /opt/airflow/dags/main.py
[2026-09-29T15:41:35.726+0000] {logging_mixin.py:188} INFO - [2026-09-29T15:41:35.725+0000] {dag.py:3096} INFO - Sync 3 DAGs
[2026-09-29T15:41:35.778+0000] {logging_mixin.py:188} INFO - [2026-09-29T15:41:35.778+0000] {dag.py:3954} INFO - Setting next_dagrun for data_quality_check to 2026-09-28 12:00:00+00:00, run_after=2026-09-29 12:00:00+00:00
[2026-09-29T15:41:35.787+0000] {logging_mixin.py:188} INFO - [2026-09-29T15:41:35.787+0000] {dag.py:3954} INFO - Setting next_dagrun for produce_json to 2026-09-29 12:00:00+00:00, run_after=2026-09-30 12:00:00+00:00
[2026-09-29T15:41:35.792+0000] {logging_mixin.py:188} INFO - [2026-09-29T15:41:35.792+0000] {dag.py:3954} INFO - Setting next_dagrun for update_db to 2026-09-28 12:00:00+00:00, run_after=2026-09-29 12:00:00+00:00
[2026-09-29T15:41:35.822+0000] {processor.py:183} INFO - Processing /opt/airflow/dags/main.py took 0.438 seconds
[2026-09-29T15:42:06.232+0000] {processor.py:161} INFO - Started process (PID=1376) to work on /opt/airflow/dags/main.py
[2026-09-29T15:42:06.236+0000] {processor.py:830} INFO - Processing file /opt/airflow/dags/main.py for tasks to queue
[2026-09-29T15:42:06.239+0000] {logging_mixin.py:188} INFO - [2026-09-29T15:42:06.239+0000] {dagbag.py:545} INFO - Filling up the DagBag from /opt/airflow/dags/main.py
[2026-09-29T15:42:06.603+0000] {processor.py:840} INFO - DAG(s) 'update_db', 'produce_json', 'data_quality_check' retrieved from /opt/airflow/dags/main.py
[2026-09-29T15:42:06.648+0000] {logging_mixin.py:188} INFO - [2026-09-29T15:42:06.648+0000] {dag.py:3096} INFO - Sync 3 DAGs
[2026-09-29T15:42:06.693+0000] {logging_mixin.py:188} INFO - [2026-09-29T15:42:06.693+0000] {dag.py:3954} INFO - Setting next_dagrun for data_quality_check to 2026-09-28 12:00:00+00:00, run_after=2026-09-29 12:00:00+00:00
[2026-09-29T15:42:06.710+0000] {logging_mixin.py:188} INFO - [2026-09-29T15:42:06.710+0000] {dag.py:3954} INFO - Setting next_dagrun for produce_json to 2026-09-29 12:00:00+00:00, run_after=2026-09-30 12:00:00+00:00
[2026-09-29T15:42:06.716+0000] {logging_mixin.py:188} INFO - [2026-09-29T15:42:06.715+0000] {dag.py:3954} INFO - Setting next_dagrun for update_db to 2026-09-28 12:00:00+00:00, run_after=2026-09-29 12:00:00+00:00
[2026-09-29T15:42:06.745+0000] {processor.py:183} INFO - Processing /opt/airflow/dags/main.py took 0.523 seconds
[2026-09-29T15:42:37.011+0000] {processor.py:161} INFO - Started process (PID=1384) to work on /opt/airflow/dags/main.py
[2026-09-29T15:42:37.014+0000] {processor.py:830} INFO - Processing file /opt/airflow/dags/main.py for tasks to queue
[2026-09-29T15:42:37.017+0000] {logging_mixin.py:188} INFO - [2026-09-29T15:42:37.016+0000] {dagbag.py:545} INFO - Filling up the DagBag from /opt/airflow/dags/main.py
[2026-09-29T15:42:37.313+0000] {processor.py:840} INFO - DAG(s) 'produce_json', 'update_db', 'data_quality_check' retrieved from /opt/airflow/dags/main.py
[2026-09-29T15:42:37.359+0000] {logging_mixin.py:188} INFO - [2026-09-29T15:42:37.359+0000] {dag.py:3096} INFO - Sync 3 DAGs
[2026-09-29T15:42:37.387+0000] {logging_mixin.py:188} INFO - [2026-09-29T15:42:37.387+0000] {dag.py:3954} INFO - Setting next_dagrun for data_quality_check to 2026-09-28 12:00:00+00:00, run_after=2026-09-29 12:00:00+00:00
[2026-09-29T15:42:37.397+0000] {logging_mixin.py:188} INFO - [2026-09-29T15:42:37.397+0000] {dag.py:3954} INFO - Setting next_dagrun for produce_json to 2026-09-29 12:00:00+00:00, run_after=2026-09-30 12:00:00+00:00
[2026-09-29T15:42:37.404+0000] {logging_mixin.py:188} INFO - [2026-09-29T15:42:37.403+0000] {dag.py:3954} INFO - Setting next_dagrun for update_db to 2026-09-28 12:00:00+00:00, run_after=2026-09-29 12:00:00+00:00
[2026-09-29T15:42:37.433+0000] {processor.py:183} INFO - Processing /opt/airflow/dags/main.py took 0.428 seconds
[2026-09-29T15:43:07.820+0000] {processor.py:161} INFO - Started process (PID=1392) to work on /opt/airflow/dags/main.py
[2026-09-29T15:43:07.824+0000] {processor.py:830} INFO - Processing file /opt/airflow/dags/main.py for tasks to queue
[2026-09-29T15:43:07.827+0000] {logging_mixin.py:188} INFO - [2026-09-29T15:43:07.827+0000] {dagbag.py:545} INFO - Filling up the DagBag from /opt/airflow/dags/main.py
[2026-09-29T15:43:08.192+0000] {processor.py:840} INFO - DAG(s) 'produce_json', 'update_db', 'data_quality_check' retrieved from /opt/airflow/dags/main.py
[2026-09-29T15:43:08.249+0000] {logging_mixin.py:188} INFO - [2026-09-29T15:43:08.249+0000] {dag.py:3096} INFO - Sync 3 DAGs
[2026-09-29T15:43:08.280+0000] {logging_mixin.py:188} INFO - [2026-09-29T15:43:08.280+0000] {dag.py:3954} INFO - Setting next_dagrun for data_quality_check to 2026-09-28 12:00:00+00:00, run_after=2026-09-29 12:00:00+00:00
[2026-09-29T15:43:08.287+0000] {logging_mixin.py:188} INFO - [2026-09-29T15:43:08.286+0000] {dag.py:3954} INFO - Setting next_dagrun for produce_json to 2026-09-29 12:00:00+00:00, run_after=2026-09-30 12:00:00+00:00
[2026-09-29T15:43:08.292+0000] {logging_mixin.py:188} INFO - [2026-09-29T15:43:08.292+0000] {dag.py:3954} INFO - Setting next_dagrun for update_db to 2026-09-28 12:00:00+00:00, run_after=2026-09-29 12:00:00+00:00
[2026-09-29T15:43:08.323+0000] {processor.py:183} INFO - Processing /opt/airflow/dags/main.py took 0.510 seconds
[2026-09-29T15:43:38.727+0000] {processor.py:161} INFO - Started process (PID=1399) to work on /opt/airflow/dags/main.py
[2026-09-29T15:43:38.730+0000] {processor.py:830} INFO - Processing file /opt/airflow/dags/main.py for tasks to queue
[2026-09-29T15:43:38.732+0000] {logging_mixin.py:188} INFO - [2026-09-29T15:43:38.731+0000] {dagbag.py:545} INFO - Filling up the DagBag from /opt/airflow/dags/main.py
[2026-09-29T15:43:39.203+0000] {processor.py:840} INFO - DAG(s) 'produce_json', 'data_quality_check', 'update_db' retrieved from /opt/airflow/dags/main.py
[2026-09-29T15:43:39.354+0000] {logging_mixin.py:188} INFO - [2026-09-29T15:43:39.352+0000] {dag.py:3096} INFO - Sync 3 DAGs
[2026-09-29T15:43:39.466+0000] {logging_mixin.py:188} INFO - [2026-09-29T15:43:39.465+0000] {dag.py:3954} INFO - Setting next_dagrun for data_quality_check to 2026-09-28 12:00:00+00:00, run_after=2026-09-29 12:00:00+00:00
[2026-09-29T15:43:39.516+0000] {logging_mixin.py:188} INFO - [2026-09-29T15:43:39.514+0000] {dag.py:3954} INFO - Setting next_dagrun for produce_json to 2026-09-29 12:00:00+00:00, run_after=2026-09-30 12:00:00+00:00
[2026-09-29T15:43:39.557+0000] {logging_mixin.py:188} INFO - [2026-09-29T15:43:39.555+0000] {dag.py:3954} INFO - Setting next_dagrun for update_db to 2026-09-28 12:00:00+00:00, run_after=2026-09-29 12:00:00+00:00
[2026-09-29T15:43:39.682+0000] {processor.py:183} INFO - Processing /opt/airflow/dags/main.py took 0.963 seconds
[2026-09-29T15:44:10.107+0000] {processor.py:161} INFO - Started process (PID=1406) to work on /opt/airflow/dags/main.py
[2026-09-29T15:44:10.111+0000] {processor.py:830} INFO - Processing file /opt/airflow/dags/main.py for tasks to queue
[2026-09-29T15:44:10.117+0000] {logging_mixin.py:188} INFO - [2026-09-29T15:44:10.116+0000] {dagbag.py:545} INFO - Filling up the DagBag from /opt/airflow/dags/main.py
[2026-09-29T15:44:10.489+0000] {processor.py:840} INFO - DAG(s) 'update_db', 'data_quality_check', 'produce_json' retrieved from /opt/airflow/dags/main.py
[2026-09-29T15:44:10.534+0000] {logging_mixin.py:188} INFO - [2026-09-29T15:44:10.534+0000] {dag.py:3096} INFO - Sync 3 DAGs
[2026-09-29T15:44:10.571+0000] {logging_mixin.py:188} INFO - [2026-09-29T15:44:10.571+0000] {dag.py:3954} INFO - Setting next_dagrun for data_quality_check to 2026-09-28 12:00:00+00:00, run_after=2026-09-29 12:00:00+00:00
[2026-09-29T15:44:10.585+0000] {logging_mixin.py:188} INFO - [2026-09-29T15:44:10.584+0000] {dag.py:3954} INFO - Setting next_dagrun for produce_json to 2026-09-29 12:00:00+00:00, run_after=2026-09-30 12:00:00+00:00
[2026-09-29T15:44:10.594+0000] {logging_mixin.py:188} INFO - [2026-09-29T15:44:10.593+0000] {dag.py:3954} INFO - Setting next_dagrun for update_db to 2026-09-28 12:00:00+00:00, run_after=2026-09-29 12:00:00+00:00
[2026-09-29T15:44:10.625+0000] {processor.py:183} INFO - Processing /opt/airflow/dags/main.py took 0.527 seconds
[2026-09-29T15:44:41.039+0000] {processor.py:161} INFO - Started process (PID=1413) to work on /opt/airflow/dags/main.py
[2026-09-29T15:44:41.045+0000] {processor.py:830} INFO - Processing file /opt/airflow/dags/main.py for tasks to queue
[2026-09-29T15:44:41.048+0000] {logging_mixin.py:188} INFO - [2026-09-29T15:44:41.048+0000] {dagbag.py:545} INFO - Filling up the DagBag from /opt/airflow/dags/main.py
[2026-09-29T15:44:41.394+0000] {processor.py:840} INFO - DAG(s) 'update_db', 'produce_json', 'data_quality_check' retrieved from /opt/airflow/dags/main.py
[2026-09-29T15:44:41.444+0000] {logging_mixin.py:188} INFO - [2026-09-29T15:44:41.444+0000] {dag.py:3096} INFO - Sync 3 DAGs
[2026-09-29T15:44:41.490+0000] {logging_mixin.py:188} INFO - [2026-09-29T15:44:41.490+0000] {dag.py:3954} INFO - Setting next_dagrun for data_quality_check to 2026-09-28 12:00:00+00:00, run_after=2026-09-29 12:00:00+00:00
[2026-09-29T15:44:41.501+0000] {logging_mixin.py:188} INFO - [2026-09-29T15:44:41.500+0000] {dag.py:3954} INFO - Setting next_dagrun for produce_json to 2026-09-29 12:00:00+00:00, run_after=2026-09-30 12:00:00+00:00
[2026-09-29T15:44:41.509+0000] {logging_mixin.py:188} INFO - [2026-09-29T15:44:41.509+0000] {dag.py:3954} INFO - Setting next_dagrun for update_db to 2026-09-28 12:00:00+00:00, run_after=2026-09-29 12:00:00+00:00
[2026-09-29T15:44:41.533+0000] {processor.py:183} INFO - Processing /opt/airflow/dags/main.py took 0.513 seconds
[2026-09-29T15:45:11.777+0000] {processor.py:161} INFO - Started process (PID=1420) to work on /opt/airflow/dags/main.py
[2026-09-29T15:45:11.780+0000] {processor.py:830} INFO - Processing file /opt/airflow/dags/main.py for tasks to queue
[2026-09-29T15:45:11.785+0000] {logging_mixin.py:188} INFO - [2026-09-29T15:45:11.784+0000] {dagbag.py:545} INFO - Filling up the DagBag from /opt/airflow/dags/main.py
[2026-09-29T15:45:12.175+0000] {processor.py:840} INFO - DAG(s) 'update_db', 'produce_json', 'data_quality_check' retrieved from /opt/airflow/dags/main.py
[2026-09-29T15:45:12.260+0000] {logging_mixin.py:188} INFO - [2026-09-29T15:45:12.260+0000] {dag.py:3096} INFO - Sync 3 DAGs
[2026-09-29T15:45:12.303+0000] {logging_mixin.py:188} INFO - [2026-09-29T15:45:12.302+0000] {dag.py:3954} INFO - Setting next_dagrun for data_quality_check to 2026-09-28 12:00:00+00:00, run_after=2026-09-29 12:00:00+00:00
[2026-09-29T15:45:12.313+0000] {logging_mixin.py:188} INFO - [2026-09-29T15:45:12.312+0000] {dag.py:3954} INFO - Setting next_dagrun for produce_json to 2026-09-29 12:00:00+00:00, run_after=2026-09-30 12:00:00+00:00
[2026-09-29T15:45:12.318+0000] {logging_mixin.py:188} INFO - [2026-09-29T15:45:12.317+0000] {dag.py:3954} INFO - Setting next_dagrun for update_db to 2026-09-28 12:00:00+00:00, run_after=2026-09-29 12:00:00+00:00
[2026-09-29T15:45:12.377+0000] {processor.py:183} INFO - Processing /opt/airflow/dags/main.py took 0.610 seconds
[2026-09-29T15:45:42.816+0000] {processor.py:161} INFO - Started process (PID=1427) to work on /opt/airflow/dags/main.py
[2026-09-29T15:45:42.826+0000] {processor.py:830} INFO - Processing file /opt/airflow/dags/main.py for tasks to queue
[2026-09-29T15:45:42.838+0000] {logging_mixin.py:188} INFO - [2026-09-29T15:45:42.836+0000] {dagbag.py:545} INFO - Filling up the DagBag from /opt/airflow/dags/main.py
[2026-09-29T15:45:43.146+0000] {processor.py:840} INFO - DAG(s) 'update_db', 'produce_json', 'data_quality_check' retrieved from /opt/airflow/dags/main.py
[2026-09-29T15:45:43.196+0000] {logging_mixin.py:188} INFO - [2026-09-29T15:45:43.195+0000] {dag.py:3096} INFO - Sync 3 DAGs
[2026-09-29T15:45:43.235+0000] {logging_mixin.py:188} INFO - [2026-09-29T15:45:43.235+0000] {dag.py:3954} INFO - Setting next_dagrun for data_quality_check to 2026-09-28 12:00:00+00:00, run_after=2026-09-29 12:00:00+00:00
[2026-09-29T15:45:43.242+0000] {logging_mixin.py:188} INFO - [2026-09-29T15:45:43.242+0000] {dag.py:3954} INFO - Setting next_dagrun for produce_json to 2026-09-29 12:00:00+00:00, run_after=2026-09-30 12:00:00+00:00
[2026-09-29T15:45:43.247+0000] {logging_mixin.py:188} INFO - [2026-09-29T15:45:43.247+0000] {dag.py:3954} INFO - Setting next_dagrun for update_db to 2026-09-28 12:00:00+00:00, run_after=2026-09-29 12:00:00+00:00
[2026-09-29T15:45:43.270+0000] {processor.py:183} INFO - Processing /opt/airflow/dags/main.py took 0.468 seconds
[2026-09-29T15:46:13.605+0000] {processor.py:161} INFO - Started process (PID=1440) to work on /opt/airflow/dags/main.py
[2026-09-29T15:46:13.608+0000] {processor.py:830} INFO - Processing file /opt/airflow/dags/main.py for tasks to queue
[2026-09-29T15:46:13.611+0000] {logging_mixin.py:188} INFO - [2026-09-29T15:46:13.611+0000] {dagbag.py:545} INFO - Filling up the DagBag from /opt/airflow/dags/main.py
[2026-09-29T15:46:13.909+0000] {processor.py:840} INFO - DAG(s) 'data_quality_check', 'produce_json', 'update_db' retrieved from /opt/airflow/dags/main.py
[2026-09-29T15:46:13.943+0000] {logging_mixin.py:188} INFO - [2026-09-29T15:46:13.943+0000] {dag.py:3096} INFO - Sync 3 DAGs
[2026-09-29T15:46:13.966+0000] {logging_mixin.py:188} INFO - [2026-09-29T15:46:13.966+0000] {dag.py:3954} INFO - Setting next_dagrun for data_quality_check to 2026-09-28 12:00:00+00:00, run_after=2026-09-29 12:00:00+00:00
[2026-09-29T15:46:13.972+0000] {logging_mixin.py:188} INFO - [2026-09-29T15:46:13.972+0000] {dag.py:3954} INFO - Setting next_dagrun for produce_json to 2026-09-29 12:00:00+00:00, run_after=2026-09-30 12:00:00+00:00
[2026-09-29T15:46:13.976+0000] {logging_mixin.py:188} INFO - [2026-09-29T15:46:13.976+0000] {dag.py:3954} INFO - Setting next_dagrun for update_db to 2026-09-28 12:00:00+00:00, run_after=2026-09-29 12:00:00+00:00
[2026-09-29T15:46:13.999+0000] {processor.py:183} INFO - Processing /opt/airflow/dags/main.py took 0.400 seconds
[2026-09-29T15:46:44.340+0000] {processor.py:161} INFO - Started process (PID=1447) to work on /opt/airflow/dags/main.py
[2026-09-29T15:46:44.343+0000] {processor.py:830} INFO - Processing file /opt/airflow/dags/main.py for tasks to queue
[2026-09-29T15:46:44.346+0000] {logging_mixin.py:188} INFO - [2026-09-29T15:46:44.346+0000] {dagbag.py:545} INFO - Filling up the DagBag from /opt/airflow/dags/main.py
[2026-09-29T15:46:44.670+0000] {processor.py:840} INFO - DAG(s) 'update_db', 'data_quality_check', 'produce_json' retrieved from /opt/airflow/dags/main.py
[2026-09-29T15:46:44.719+0000] {logging_mixin.py:188} INFO - [2026-09-29T15:46:44.719+0000] {dag.py:3096} INFO - Sync 3 DAGs
[2026-09-29T15:46:44.748+0000] {logging_mixin.py:188} INFO - [2026-09-29T15:46:44.748+0000] {dag.py:3954} INFO - Setting next_dagrun for data_quality_check to 2026-09-28 12:00:00+00:00, run_after=2026-09-29 12:00:00+00:00
[2026-09-29T15:46:44.758+0000] {logging_mixin.py:188} INFO - [2026-09-29T15:46:44.758+0000] {dag.py:3954} INFO - Setting next_dagrun for produce_json to 2026-09-29 12:00:00+00:00, run_after=2026-09-30 12:00:00+00:00
[2026-09-29T15:46:44.763+0000] {logging_mixin.py:188} INFO - [2026-09-29T15:46:44.763+0000] {dag.py:3954} INFO - Setting next_dagrun for update_db to 2026-09-28 12:00:00+00:00, run_after=2026-09-29 12:00:00+00:00
[2026-09-29T15:46:44.791+0000] {processor.py:183} INFO - Processing /opt/airflow/dags/main.py took 0.458 seconds
[2026-09-29T15:47:15.152+0000] {processor.py:161} INFO - Started process (PID=1454) to work on /opt/airflow/dags/main.py
[2026-09-29T15:47:15.154+0000] {processor.py:830} INFO - Processing file /opt/airflow/dags/main.py for tasks to queue
[2026-09-29T15:47:15.157+0000] {logging_mixin.py:188} INFO - [2026-09-29T15:47:15.157+0000] {dagbag.py:545} INFO - Filling up the DagBag from /opt/airflow/dags/main.py
[2026-09-29T15:47:15.436+0000] {processor.py:840} INFO - DAG(s) 'update_db', 'data_quality_check', 'produce_json' retrieved from /opt/airflow/dags/main.py
[2026-09-29T15:47:15.470+0000] {logging_mixin.py:188} INFO - [2026-09-29T15:47:15.470+0000] {dag.py:3096} INFO - Sync 3 DAGs
[2026-09-29T15:47:15.490+0000] {logging_mixin.py:188} INFO - [2026-09-29T15:47:15.490+0000] {dag.py:3954} INFO - Setting next_dagrun for data_quality_check to 2026-09-28 12:00:00+00:00, run_after=2026-09-29 12:00:00+00:00
[2026-09-29T15:47:15.496+0000] {logging_mixin.py:188} INFO - [2026-09-29T15:47:15.496+0000] {dag.py:3954} INFO - Setting next_dagrun for produce_json to 2026-09-29 12:00:00+00:00, run_after=2026-09-30 12:00:00+00:00
[2026-09-29T15:47:15.501+0000] {logging_mixin.py:188} INFO - [2026-09-29T15:47:15.501+0000] {dag.py:3954} INFO - Setting next_dagrun for update_db to 2026-09-28 12:00:00+00:00, run_after=2026-09-29 12:00:00+00:00
[2026-09-29T15:47:15.521+0000] {processor.py:183} INFO - Processing /opt/airflow/dags/main.py took 0.375 seconds
[2026-09-29T15:47:45.857+0000] {processor.py:161} INFO - Started process (PID=1461) to work on /opt/airflow/dags/main.py
[2026-09-29T15:47:45.860+0000] {processor.py:830} INFO - Processing file /opt/airflow/dags/main.py for tasks to queue
[2026-09-29T15:47:45.862+0000] {logging_mixin.py:188} INFO - [2026-09-29T15:47:45.862+0000] {dagbag.py:545} INFO - Filling up the DagBag from /opt/airflow/dags/main.py
[2026-09-29T15:47:46.118+0000] {processor.py:840} INFO - DAG(s) 'data_quality_check', 'produce_json', 'update_db' retrieved from /opt/airflow/dags/main.py
[2026-09-29T15:47:46.152+0000] {logging_mixin.py:188} INFO - [2026-09-29T15:47:46.151+0000] {dag.py:3096} INFO - Sync 3 DAGs
[2026-09-29T15:47:46.174+0000] {logging_mixin.py:188} INFO - [2026-09-29T15:47:46.173+0000] {dag.py:3954} INFO - Setting next_dagrun for data_quality_check to 2026-09-28 12:00:00+00:00, run_after=2026-09-29 12:00:00+00:00
[2026-09-29T15:47:46.179+0000] {logging_mixin.py:188} INFO - [2026-09-29T15:47:46.179+0000] {dag.py:3954} INFO - Setting next_dagrun for produce_json to 2026-09-29 12:00:00+00:00, run_after=2026-09-30 12:00:00+00:00
[2026-09-29T15:47:46.183+0000] {logging_mixin.py:188} INFO - [2026-09-29T15:47:46.183+0000] {dag.py:3954} INFO - Setting next_dagrun for update_db to 2026-09-28 12:00:00+00:00, run_after=2026-09-29 12:00:00+00:00
[2026-09-29T15:47:46.209+0000] {processor.py:183} INFO - Processing /opt/airflow/dags/main.py took 0.358 seconds
[2026-09-29T15:48:16.527+0000] {processor.py:161} INFO - Started process (PID=1468) to work on /opt/airflow/dags/main.py
[2026-09-29T15:48:16.530+0000] {processor.py:830} INFO - Processing file /opt/airflow/dags/main.py for tasks to queue
[2026-09-29T15:48:16.533+0000] {logging_mixin.py:188} INFO - [2026-09-29T15:48:16.532+0000] {dagbag.py:545} INFO - Filling up the DagBag from /opt/airflow/dags/main.py
[2026-09-29T15:48:16.830+0000] {processor.py:840} INFO - DAG(s) 'data_quality_check', 'update_db', 'produce_json' retrieved from /opt/airflow/dags/main.py
[2026-09-29T15:48:16.874+0000] {logging_mixin.py:188} INFO - [2026-09-29T15:48:16.874+0000] {dag.py:3096} INFO - Sync 3 DAGs
[2026-09-29T15:48:16.906+0000] {logging_mixin.py:188} INFO - [2026-09-29T15:48:16.906+0000] {dag.py:3954} INFO - Setting next_dagrun for data_quality_check to 2026-09-28 12:00:00+00:00, run_after=2026-09-29 12:00:00+00:00
[2026-09-29T15:48:16.915+0000] {logging_mixin.py:188} INFO - [2026-09-29T15:48:16.915+0000] {dag.py:3954} INFO - Setting next_dagrun for produce_json to 2026-09-29 12:00:00+00:00, run_after=2026-09-30 12:00:00+00:00
[2026-09-29T15:48:16.922+0000] {logging_mixin.py:188} INFO - [2026-09-29T15:48:16.922+0000] {dag.py:3954} INFO - Setting next_dagrun for update_db to 2026-09-28 12:00:00+00:00, run_after=2026-09-29 12:00:00+00:00
[2026-09-29T15:48:16.951+0000] {processor.py:183} INFO - Processing /opt/airflow/dags/main.py took 0.431 seconds
[2026-09-29T15:48:47.308+0000] {processor.py:161} INFO - Started process (PID=1475) to work on /opt/airflow/dags/main.py
[2026-09-29T15:48:47.311+0000] {processor.py:830} INFO - Processing file /opt/airflow/dags/main.py for tasks to queue
[2026-09-29T15:48:47.314+0000] {logging_mixin.py:188} INFO - [2026-09-29T15:48:47.313+0000] {dagbag.py:545} INFO - Filling up the DagBag from /opt/airflow/dags/main.py
[2026-09-29T15:48:47.580+0000] {processor.py:840} INFO - DAG(s) 'produce_json', 'update_db', 'data_quality_check' retrieved from /opt/airflow/dags/main.py
[2026-09-29T15:48:47.617+0000] {logging_mixin.py:188} INFO - [2026-09-29T15:48:47.617+0000] {dag.py:3096} INFO - Sync 3 DAGs
[2026-09-29T15:48:47.640+0000] {logging_mixin.py:188} INFO - [2026-09-29T15:48:47.639+0000] {dag.py:3954} INFO - Setting next_dagrun for data_quality_check to 2026-09-28 12:00:00+00:00, run_after=2026-09-29 12:00:00+00:00
[2026-09-29T15:48:47.646+0000] {logging_mixin.py:188} INFO - [2026-09-29T15:48:47.646+0000] {dag.py:3954} INFO - Setting next_dagrun for produce_json to 2026-09-29 12:00:00+00:00, run_after=2026-09-30 12:00:00+00:00
[2026-09-29T15:48:47.651+0000] {logging_mixin.py:188} INFO - [2026-09-29T15:48:47.651+0000] {dag.py:3954} INFO - Setting next_dagrun for update_db to 2026-09-28 12:00:00+00:00, run_after=2026-09-29 12:00:00+00:00
[2026-09-29T15:48:47.675+0000] {processor.py:183} INFO - Processing /opt/airflow/dags/main.py took 0.372 seconds
[2026-09-29T15:49:17.998+0000] {processor.py:161} INFO - Started process (PID=1482) to work on /opt/airflow/dags/main.py
[2026-09-29T15:49:18.001+0000] {processor.py:830} INFO - Processing file /opt/airflow/dags/main.py for tasks to queue
[2026-09-29T15:49:18.005+0000] {logging_mixin.py:188} INFO - [2026-09-29T15:49:18.004+0000] {dagbag.py:545} INFO - Filling up the DagBag from /opt/airflow/dags/main.py
[2026-09-29T15:49:18.320+0000] {processor.py:840} INFO - DAG(s) 'data_quality_check', 'update_db', 'produce_json' retrieved from /opt/airflow/dags/main.py
[2026-09-29T15:49:18.368+0000] {logging_mixin.py:188} INFO - [2026-09-29T15:49:18.368+0000] {dag.py:3096} INFO - Sync 3 DAGs
[2026-09-29T15:49:18.389+0000] {logging_mixin.py:188} INFO - [2026-09-29T15:49:18.389+0000] {dag.py:3954} INFO - Setting next_dagrun for data_quality_check to 2026-09-28 12:00:00+00:00, run_after=2026-09-29 12:00:00+00:00
[2026-09-29T15:49:18.398+0000] {logging_mixin.py:188} INFO - [2026-09-29T15:49:18.398+0000] {dag.py:3954} INFO - Setting next_dagrun for produce_json to 2026-09-29 12:00:00+00:00, run_after=2026-09-30 12:00:00+00:00
[2026-09-29T15:49:18.404+0000] {logging_mixin.py:188} INFO - [2026-09-29T15:49:18.404+0000] {dag.py:3954} INFO - Setting next_dagrun for update_db to 2026-09-28 12:00:00+00:00, run_after=2026-09-29 12:00:00+00:00
[2026-09-29T15:49:18.427+0000] {processor.py:183} INFO - Processing /opt/airflow/dags/main.py took 0.437 seconds
[2026-09-29T15:49:48.823+0000] {processor.py:161} INFO - Started process (PID=1489) to work on /opt/airflow/dags/main.py
[2026-09-29T15:49:48.827+0000] {processor.py:830} INFO - Processing file /opt/airflow/dags/main.py for tasks to queue
[2026-09-29T15:49:48.829+0000] {logging_mixin.py:188} INFO - [2026-09-29T15:49:48.829+0000] {dagbag.py:545} INFO - Filling up the DagBag from /opt/airflow/dags/main.py
[2026-09-29T15:49:49.143+0000] {processor.py:840} INFO - DAG(s) 'produce_json', 'data_quality_check', 'update_db' retrieved from /opt/airflow/dags/main.py
[2026-09-29T15:49:49.187+0000] {logging_mixin.py:188} INFO - [2026-09-29T15:49:49.187+0000] {dag.py:3096} INFO - Sync 3 DAGs
[2026-09-29T15:49:49.214+0000] {logging_mixin.py:188} INFO - [2026-09-29T15:49:49.213+0000] {dag.py:3954} INFO - Setting next_dagrun for data_quality_check to 2026-09-28 12:00:00+00:00, run_after=2026-09-29 12:00:00+00:00
[2026-09-29T15:49:49.222+0000] {logging_mixin.py:188} INFO - [2026-09-29T15:49:49.222+0000] {dag.py:3954} INFO - Setting next_dagrun for produce_json to 2026-09-29 12:00:00+00:00, run_after=2026-09-30 12:00:00+00:00
[2026-09-29T15:49:49.229+0000] {logging_mixin.py:188} INFO - [2026-09-29T15:49:49.228+0000] {dag.py:3954} INFO - Setting next_dagrun for update_db to 2026-09-28 12:00:00+00:00, run_after=2026-09-29 12:00:00+00:00
[2026-09-29T15:49:49.254+0000] {processor.py:183} INFO - Processing /opt/airflow/dags/main.py took 0.438 seconds
[2026-09-29T15:50:19.597+0000] {processor.py:161} INFO - Started process (PID=1496) to work on /opt/airflow/dags/main.py
[2026-09-29T15:50:19.600+0000] {processor.py:830} INFO - Processing file /opt/airflow/dags/main.py for tasks to queue
[2026-09-29T15:50:19.602+0000] {logging_mixin.py:188} INFO - [2026-09-29T15:50:19.602+0000] {dagbag.py:545} INFO - Filling up the DagBag from /opt/airflow/dags/main.py
[2026-09-29T15:50:19.912+0000] {processor.py:840} INFO - DAG(s) 'produce_json', 'update_db', 'data_quality_check' retrieved from /opt/airflow/dags/main.py
[2026-09-29T15:50:19.967+0000] {logging_mixin.py:188} INFO - [2026-09-29T15:50:19.967+0000] {dag.py:3096} INFO - Sync 3 DAGs
[2026-09-29T15:50:19.988+0000] {logging_mixin.py:188} INFO - [2026-09-29T15:50:19.988+0000] {dag.py:3954} INFO - Setting next_dagrun for data_quality_check to 2026-09-28 12:00:00+00:00, run_after=2026-09-29 12:00:00+00:00
[2026-09-29T15:50:19.994+0000] {logging_mixin.py:188} INFO - [2026-09-29T15:50:19.994+0000] {dag.py:3954} INFO - Setting next_dagrun for produce_json to 2026-09-29 12:00:00+00:00, run_after=2026-09-30 12:00:00+00:00
[2026-09-29T15:50:19.998+0000] {logging_mixin.py:188} INFO - [2026-09-29T15:50:19.998+0000] {dag.py:3954} INFO - Setting next_dagrun for update_db to 2026-09-28 12:00:00+00:00, run_after=2026-09-29 12:00:00+00:00
[2026-09-29T15:50:20.015+0000] {processor.py:183} INFO - Processing /opt/airflow/dags/main.py took 0.423 seconds
[2026-09-29T15:50:50.932+0000] {processor.py:161} INFO - Started process (PID=1503) to work on /opt/airflow/dags/main.py
[2026-09-29T15:50:50.934+0000] {processor.py:830} INFO - Processing file /opt/airflow/dags/main.py for tasks to queue
[2026-09-29T15:50:50.936+0000] {logging_mixin.py:188} INFO - [2026-09-29T15:50:50.936+0000] {dagbag.py:545} INFO - Filling up the DagBag from /opt/airflow/dags/main.py
[2026-09-29T15:50:51.230+0000] {processor.py:840} INFO - DAG(s) 'update_db', 'produce_json', 'data_quality_check' retrieved from /opt/airflow/dags/main.py
[2026-09-29T15:50:51.262+0000] {logging_mixin.py:188} INFO - [2026-09-29T15:50:51.262+0000] {dag.py:3096} INFO - Sync 3 DAGs
[2026-09-29T15:50:51.281+0000] {logging_mixin.py:188} INFO - [2026-09-29T15:50:51.281+0000] {dag.py:3954} INFO - Setting next_dagrun for data_quality_check to 2026-09-28 12:00:00+00:00, run_after=2026-09-29 12:00:00+00:00
[2026-09-29T15:50:51.288+0000] {logging_mixin.py:188} INFO - [2026-09-29T15:50:51.288+0000] {dag.py:3954} INFO - Setting next_dagrun for produce_json to 2026-09-29 12:00:00+00:00, run_after=2026-09-30 12:00:00+00:00
[2026-09-29T15:50:51.293+0000] {logging_mixin.py:188} INFO - [2026-09-29T15:50:51.293+0000] {dag.py:3954} INFO - Setting next_dagrun for update_db to 2026-09-28 12:00:00+00:00, run_after=2026-09-29 12:00:00+00:00
[2026-09-29T15:50:51.312+0000] {processor.py:183} INFO - Processing /opt/airflow/dags/main.py took 0.385 seconds
[2026-09-29T15:51:21.704+0000] {processor.py:161} INFO - Started process (PID=1510) to work on /opt/airflow/dags/main.py
[2026-09-29T15:51:21.706+0000] {processor.py:830} INFO - Processing file /opt/airflow/dags/main.py for tasks to queue
[2026-09-29T15:51:21.709+0000] {logging_mixin.py:188} INFO - [2026-09-29T15:51:21.709+0000] {dagbag.py:545} INFO - Filling up the DagBag from /opt/airflow/dags/main.py
[2026-09-29T15:51:22.055+0000] {processor.py:840} INFO - DAG(s) 'update_db', 'data_quality_check', 'produce_json' retrieved from /opt/airflow/dags/main.py
[2026-09-29T15:51:22.088+0000] {logging_mixin.py:188} INFO - [2026-09-29T15:51:22.088+0000] {dag.py:3096} INFO - Sync 3 DAGs
[2026-09-29T15:51:22.112+0000] {logging_mixin.py:188} INFO - [2026-09-29T15:51:22.112+0000] {dag.py:3954} INFO - Setting next_dagrun for data_quality_check to 2026-09-28 12:00:00+00:00, run_after=2026-09-29 12:00:00+00:00
[2026-09-29T15:51:22.118+0000] {logging_mixin.py:188} INFO - [2026-09-29T15:51:22.118+0000] {dag.py:3954} INFO - Setting next_dagrun for produce_json to 2026-09-29 12:00:00+00:00, run_after=2026-09-30 12:00:00+00:00
[2026-09-29T15:51:22.123+0000] {logging_mixin.py:188} INFO - [2026-09-29T15:51:22.122+0000] {dag.py:3954} INFO - Setting next_dagrun for update_db to 2026-09-28 12:00:00+00:00, run_after=2026-09-29 12:00:00+00:00
[2026-09-29T15:51:22.141+0000] {processor.py:183} INFO - Processing /opt/airflow/dags/main.py took 0.443 seconds
[2026-09-29T15:51:52.530+0000] {processor.py:161} INFO - Started process (PID=1517) to work on /opt/airflow/dags/main.py
[2026-09-29T15:51:52.533+0000] {processor.py:830} INFO - Processing file /opt/airflow/dags/main.py for tasks to queue
[2026-09-29T15:51:52.536+0000] {logging_mixin.py:188} INFO - [2026-09-29T15:51:52.536+0000] {dagbag.py:545} INFO - Filling up the DagBag from /opt/airflow/dags/main.py
[2026-09-29T15:51:52.858+0000] {processor.py:840} INFO - DAG(s) 'data_quality_check', 'produce_json', 'update_db' retrieved from /opt/airflow/dags/main.py
[2026-09-29T15:51:52.891+0000] {logging_mixin.py:188} INFO - [2026-09-29T15:51:52.891+0000] {dag.py:3096} INFO - Sync 3 DAGs
[2026-09-29T15:51:52.910+0000] {logging_mixin.py:188} INFO - [2026-09-29T15:51:52.910+0000] {dag.py:3954} INFO - Setting next_dagrun for data_quality_check to 2026-09-28 12:00:00+00:00, run_after=2026-09-29 12:00:00+00:00
[2026-09-29T15:51:52.916+0000] {logging_mixin.py:188} INFO - [2026-09-29T15:51:52.916+0000] {dag.py:3954} INFO - Setting next_dagrun for produce_json to 2026-09-29 12:00:00+00:00, run_after=2026-09-30 12:00:00+00:00
[2026-09-29T15:51:52.920+0000] {logging_mixin.py:188} INFO - [2026-09-29T15:51:52.920+0000] {dag.py:3954} INFO - Setting next_dagrun for update_db to 2026-09-28 12:00:00+00:00, run_after=2026-09-29 12:00:00+00:00
[2026-09-29T15:51:52.938+0000] {processor.py:183} INFO - Processing /opt/airflow/dags/main.py took 0.415 seconds
[2026-09-29T15:52:23.271+0000] {processor.py:161} INFO - Started process (PID=1524) to work on /opt/airflow/dags/main.py
[2026-09-29T15:52:23.273+0000] {processor.py:830} INFO - Processing file /opt/airflow/dags/main.py for tasks to queue
[2026-09-29T15:52:23.275+0000] {logging_mixin.py:188} INFO - [2026-09-29T15:52:23.275+0000] {dagbag.py:545} INFO - Filling up the DagBag from /opt/airflow/dags/main.py
[2026-09-29T15:52:23.528+0000] {processor.py:840} INFO - DAG(s) 'produce_json', 'update_db', 'data_quality_check' retrieved from /opt/airflow/dags/main.py
[2026-09-29T15:52:23.569+0000] {logging_mixin.py:188} INFO - [2026-09-29T15:52:23.569+0000] {dag.py:3096} INFO - Sync 3 DAGs
[2026-09-29T15:52:23.593+0000] {logging_mixin.py:188} INFO - [2026-09-29T15:52:23.593+0000] {dag.py:3954} INFO - Setting next_dagrun for data_quality_check to 2026-09-28 12:00:00+00:00, run_after=2026-09-29 12:00:00+00:00
[2026-09-29T15:52:23.600+0000] {logging_mixin.py:188} INFO - [2026-09-29T15:52:23.599+0000] {dag.py:3954} INFO - Setting next_dagrun for produce_json to 2026-09-29 12:00:00+00:00, run_after=2026-09-30 12:00:00+00:00
[2026-09-29T15:52:23.603+0000] {logging_mixin.py:188} INFO - [2026-09-29T15:52:23.603+0000] {dag.py:3954} INFO - Setting next_dagrun for update_db to 2026-09-28 12:00:00+00:00, run_after=2026-09-29 12:00:00+00:00
[2026-09-29T15:52:23.621+0000] {processor.py:183} INFO - Processing /opt/airflow/dags/main.py took 0.355 seconds
[2026-09-29T15:52:53.989+0000] {processor.py:161} INFO - Started process (PID=1531) to work on /opt/airflow/dags/main.py
[2026-09-29T15:52:53.992+0000] {processor.py:830} INFO - Processing file /opt/airflow/dags/main.py for tasks to queue
[2026-09-29T15:52:53.994+0000] {logging_mixin.py:188} INFO - [2026-09-29T15:52:53.994+0000] {dagbag.py:545} INFO - Filling up the DagBag from /opt/airflow/dags/main.py
[2026-09-29T15:52:54.273+0000] {processor.py:840} INFO - DAG(s) 'data_quality_check', 'update_db', 'produce_json' retrieved from /opt/airflow/dags/main.py
[2026-09-29T15:52:54.309+0000] {logging_mixin.py:188} INFO - [2026-09-29T15:52:54.309+0000] {dag.py:3096} INFO - Sync 3 DAGs
[2026-09-29T15:52:54.332+0000] {logging_mixin.py:188} INFO - [2026-09-29T15:52:54.332+0000] {dag.py:3954} INFO - Setting next_dagrun for data_quality_check to 2026-09-28 12:00:00+00:00, run_after=2026-09-29 12:00:00+00:00
[2026-09-29T15:52:54.339+0000] {logging_mixin.py:188} INFO - [2026-09-29T15:52:54.339+0000] {dag.py:3954} INFO - Setting next_dagrun for produce_json to 2026-09-29 12:00:00+00:00, run_after=2026-09-30 12:00:00+00:00
[2026-09-29T15:52:54.345+0000] {logging_mixin.py:188} INFO - [2026-09-29T15:52:54.344+0000] {dag.py:3954} INFO - Setting next_dagrun for update_db to 2026-09-28 12:00:00+00:00, run_after=2026-09-29 12:00:00+00:00
[2026-09-29T15:52:54.366+0000] {processor.py:183} INFO - Processing /opt/airflow/dags/main.py took 0.383 seconds
[2026-09-29T15:53:24.755+0000] {processor.py:161} INFO - Started process (PID=1538) to work on /opt/airflow/dags/main.py
[2026-09-29T15:53:24.758+0000] {processor.py:830} INFO - Processing file /opt/airflow/dags/main.py for tasks to queue
[2026-09-29T15:53:24.761+0000] {logging_mixin.py:188} INFO - [2026-09-29T15:53:24.761+0000] {dagbag.py:545} INFO - Filling up the DagBag from /opt/airflow/dags/main.py
[2026-09-29T15:53:25.099+0000] {processor.py:840} INFO - DAG(s) 'update_db', 'data_quality_check', 'produce_json' retrieved from /opt/airflow/dags/main.py
[2026-09-29T15:53:25.131+0000] {logging_mixin.py:188} INFO - [2026-09-29T15:53:25.131+0000] {dag.py:3096} INFO - Sync 3 DAGs
[2026-09-29T15:53:25.150+0000] {logging_mixin.py:188} INFO - [2026-09-29T15:53:25.150+0000] {dag.py:3954} INFO - Setting next_dagrun for data_quality_check to 2026-09-28 12:00:00+00:00, run_after=2026-09-29 12:00:00+00:00
[2026-09-29T15:53:25.156+0000] {logging_mixin.py:188} INFO - [2026-09-29T15:53:25.156+0000] {dag.py:3954} INFO - Setting next_dagrun for produce_json to 2026-09-29 12:00:00+00:00, run_after=2026-09-30 12:00:00+00:00
[2026-09-29T15:53:25.160+0000] {logging_mixin.py:188} INFO - [2026-09-29T15:53:25.160+0000] {dag.py:3954} INFO - Setting next_dagrun for update_db to 2026-09-28 12:00:00+00:00, run_after=2026-09-29 12:00:00+00:00
[2026-09-29T15:53:25.180+0000] {processor.py:183} INFO - Processing /opt/airflow/dags/main.py took 0.429 seconds
[2026-09-29T15:53:55.893+0000] {processor.py:161} INFO - Started process (PID=1545) to work on /opt/airflow/dags/main.py
[2026-09-29T15:53:55.904+0000] {processor.py:830} INFO - Processing file /opt/airflow/dags/main.py for tasks to queue
[2026-09-29T15:53:55.910+0000] {logging_mixin.py:188} INFO - [2026-09-29T15:53:55.909+0000] {dagbag.py:545} INFO - Filling up the DagBag from /opt/airflow/dags/main.py
[2026-09-29T15:53:56.211+0000] {processor.py:840} INFO - DAG(s) 'data_quality_check', 'produce_json', 'update_db' retrieved from /opt/airflow/dags/main.py
[2026-09-29T15:53:56.249+0000] {logging_mixin.py:188} INFO - [2026-09-29T15:53:56.249+0000] {dag.py:3096} INFO - Sync 3 DAGs
[2026-09-29T15:53:56.293+0000] {logging_mixin.py:188} INFO - [2026-09-29T15:53:56.293+0000] {dag.py:3954} INFO - Setting next_dagrun for data_quality_check to 2026-09-28 12:00:00+00:00, run_after=2026-09-29 12:00:00+00:00
[2026-09-29T15:53:56.303+0000] {logging_mixin.py:188} INFO - [2026-09-29T15:53:56.302+0000] {dag.py:3954} INFO - Setting next_dagrun for produce_json to 2026-09-29 12:00:00+00:00, run_after=2026-09-30 12:00:00+00:00
[2026-09-29T15:53:56.309+0000] {logging_mixin.py:188} INFO - [2026-09-29T15:53:56.308+0000] {dag.py:3954} INFO - Setting next_dagrun for update_db to 2026-09-28 12:00:00+00:00, run_after=2026-09-29 12:00:00+00:00
[2026-09-29T15:53:56.355+0000] {processor.py:183} INFO - Processing /opt/airflow/dags/main.py took 0.489 seconds
[2026-09-29T15:54:26.796+0000] {processor.py:161} INFO - Started process (PID=1552) to work on /opt/airflow/dags/main.py
[2026-09-29T15:54:26.799+0000] {processor.py:830} INFO - Processing file /opt/airflow/dags/main.py for tasks to queue
[2026-09-29T15:54:26.802+0000] {logging_mixin.py:188} INFO - [2026-09-29T15:54:26.801+0000] {dagbag.py:545} INFO - Filling up the DagBag from /opt/airflow/dags/main.py
[2026-09-29T15:54:27.218+0000] {processor.py:840} INFO - DAG(s) 'data_quality_check', 'update_db', 'produce_json' retrieved from /opt/airflow/dags/main.py
[2026-09-29T15:54:27.263+0000] {logging_mixin.py:188} INFO - [2026-09-29T15:54:27.263+0000] {dag.py:3096} INFO - Sync 3 DAGs
[2026-09-29T15:54:27.286+0000] {logging_mixin.py:188} INFO - [2026-09-29T15:54:27.285+0000] {dag.py:3954} INFO - Setting next_dagrun for data_quality_check to 2026-09-28 12:00:00+00:00, run_after=2026-09-29 12:00:00+00:00
[2026-09-29T15:54:27.292+0000] {logging_mixin.py:188} INFO - [2026-09-29T15:54:27.292+0000] {dag.py:3954} INFO - Setting next_dagrun for produce_json to 2026-09-29 12:00:00+00:00, run_after=2026-09-30 12:00:00+00:00
[2026-09-29T15:54:27.296+0000] {logging_mixin.py:188} INFO - [2026-09-29T15:54:27.296+0000] {dag.py:3954} INFO - Setting next_dagrun for update_db to 2026-09-28 12:00:00+00:00, run_after=2026-09-29 12:00:00+00:00
[2026-09-29T15:54:27.315+0000] {processor.py:183} INFO - Processing /opt/airflow/dags/main.py took 0.527 seconds
[2026-09-29T15:54:57.659+0000] {processor.py:161} INFO - Started process (PID=1559) to work on /opt/airflow/dags/main.py
[2026-09-29T15:54:57.663+0000] {processor.py:830} INFO - Processing file /opt/airflow/dags/main.py for tasks to queue
[2026-09-29T15:54:57.666+0000] {logging_mixin.py:188} INFO - [2026-09-29T15:54:57.665+0000] {dagbag.py:545} INFO - Filling up the DagBag from /opt/airflow/dags/main.py
[2026-09-29T15:54:57.933+0000] {processor.py:840} INFO - DAG(s) 'produce_json', 'update_db', 'data_quality_check' retrieved from /opt/airflow/dags/main.py
[2026-09-29T15:54:57.969+0000] {logging_mixin.py:188} INFO - [2026-09-29T15:54:57.969+0000] {dag.py:3096} INFO - Sync 3 DAGs
[2026-09-29T15:54:57.990+0000] {logging_mixin.py:188} INFO - [2026-09-29T15:54:57.990+0000] {dag.py:3954} INFO - Setting next_dagrun for data_quality_check to 2026-09-28 12:00:00+00:00, run_after=2026-09-29 12:00:00+00:00
[2026-09-29T15:54:57.997+0000] {logging_mixin.py:188} INFO - [2026-09-29T15:54:57.997+0000] {dag.py:3954} INFO - Setting next_dagrun for produce_json to 2026-09-29 12:00:00+00:00, run_after=2026-09-30 12:00:00+00:00
[2026-09-29T15:54:58.001+0000] {logging_mixin.py:188} INFO - [2026-09-29T15:54:58.001+0000] {dag.py:3954} INFO - Setting next_dagrun for update_db to 2026-09-28 12:00:00+00:00, run_after=2026-09-29 12:00:00+00:00
[2026-09-29T15:54:58.020+0000] {processor.py:183} INFO - Processing /opt/airflow/dags/main.py took 0.368 seconds
[2026-09-29T15:55:28.324+0000] {processor.py:161} INFO - Started process (PID=1566) to work on /opt/airflow/dags/main.py
[2026-09-29T15:55:28.326+0000] {processor.py:830} INFO - Processing file /opt/airflow/dags/main.py for tasks to queue
[2026-09-29T15:55:28.329+0000] {logging_mixin.py:188} INFO - [2026-09-29T15:55:28.329+0000] {dagbag.py:545} INFO - Filling up the DagBag from /opt/airflow/dags/main.py
[2026-09-29T15:55:28.713+0000] {processor.py:840} INFO - DAG(s) 'update_db', 'produce_json', 'data_quality_check' retrieved from /opt/airflow/dags/main.py
[2026-09-29T15:55:28.746+0000] {logging_mixin.py:188} INFO - [2026-09-29T15:55:28.746+0000] {dag.py:3096} INFO - Sync 3 DAGs
[2026-09-29T15:55:28.764+0000] {logging_mixin.py:188} INFO - [2026-09-29T15:55:28.764+0000] {dag.py:3954} INFO - Setting next_dagrun for data_quality_check to 2026-09-28 12:00:00+00:00, run_after=2026-09-29 12:00:00+00:00
[2026-09-29T15:55:28.770+0000] {logging_mixin.py:188} INFO - [2026-09-29T15:55:28.770+0000] {dag.py:3954} INFO - Setting next_dagrun for produce_json to 2026-09-29 12:00:00+00:00, run_after=2026-09-30 12:00:00+00:00
[2026-09-29T15:55:28.774+0000] {logging_mixin.py:188} INFO - [2026-09-29T15:55:28.774+0000] {dag.py:3954} INFO - Setting next_dagrun for update_db to 2026-09-28 12:00:00+00:00, run_after=2026-09-29 12:00:00+00:00
[2026-09-29T15:55:28.793+0000] {processor.py:183} INFO - Processing /opt/airflow/dags/main.py took 0.475 seconds
[2026-09-29T15:55:59.283+0000] {processor.py:161} INFO - Started process (PID=1573) to work on /opt/airflow/dags/main.py
[2026-09-29T15:55:59.285+0000] {processor.py:830} INFO - Processing file /opt/airflow/dags/main.py for tasks to queue
[2026-09-29T15:55:59.289+0000] {logging_mixin.py:188} INFO - [2026-09-29T15:55:59.288+0000] {dagbag.py:545} INFO - Filling up the DagBag from /opt/airflow/dags/main.py
[2026-09-29T15:55:59.598+0000] {processor.py:840} INFO - DAG(s) 'update_db', 'produce_json', 'data_quality_check' retrieved from /opt/airflow/dags/main.py
[2026-09-29T15:55:59.653+0000] {logging_mixin.py:188} INFO - [2026-09-29T15:55:59.653+0000] {dag.py:3096} INFO - Sync 3 DAGs
[2026-09-29T15:55:59.683+0000] {logging_mixin.py:188} INFO - [2026-09-29T15:55:59.683+0000] {dag.py:3954} INFO - Setting next_dagrun for data_quality_check to 2026-09-28 12:00:00+00:00, run_after=2026-09-29 12:00:00+00:00
[2026-09-29T15:55:59.691+0000] {logging_mixin.py:188} INFO - [2026-09-29T15:55:59.691+0000] {dag.py:3954} INFO - Setting next_dagrun for produce_json to 2026-09-29 12:00:00+00:00, run_after=2026-09-30 12:00:00+00:00
[2026-09-29T15:55:59.696+0000] {logging_mixin.py:188} INFO - [2026-09-29T15:55:59.696+0000] {dag.py:3954} INFO - Setting next_dagrun for update_db to 2026-09-28 12:00:00+00:00, run_after=2026-09-29 12:00:00+00:00
[2026-09-29T15:55:59.738+0000] {processor.py:183} INFO - Processing /opt/airflow/dags/main.py took 0.465 seconds
[2026-09-29T15:56:30.344+0000] {processor.py:161} INFO - Started process (PID=1580) to work on /opt/airflow/dags/main.py
[2026-09-29T15:56:30.361+0000] {processor.py:830} INFO - Processing file /opt/airflow/dags/main.py for tasks to queue
[2026-09-29T15:56:30.373+0000] {logging_mixin.py:188} INFO - [2026-09-29T15:56:30.372+0000] {dagbag.py:545} INFO - Filling up the DagBag from /opt/airflow/dags/main.py
[2026-09-29T15:56:30.972+0000] {processor.py:840} INFO - DAG(s) 'produce_json', 'update_db', 'data_quality_check' retrieved from /opt/airflow/dags/main.py
[2026-09-29T15:56:31.041+0000] {logging_mixin.py:188} INFO - [2026-09-29T15:56:31.040+0000] {dag.py:3096} INFO - Sync 3 DAGs
[2026-09-29T15:56:31.079+0000] {logging_mixin.py:188} INFO - [2026-09-29T15:56:31.079+0000] {dag.py:3954} INFO - Setting next_dagrun for data_quality_check to 2026-09-28 12:00:00+00:00, run_after=2026-09-29 12:00:00+00:00
[2026-09-29T15:56:31.090+0000] {logging_mixin.py:188} INFO - [2026-09-29T15:56:31.090+0000] {dag.py:3954} INFO - Setting next_dagrun for produce_json to 2026-09-29 12:00:00+00:00, run_after=2026-09-30 12:00:00+00:00
[2026-09-29T15:56:31.096+0000] {logging_mixin.py:188} INFO - [2026-09-29T15:56:31.095+0000] {dag.py:3954} INFO - Setting next_dagrun for update_db to 2026-09-28 12:00:00+00:00, run_after=2026-09-29 12:00:00+00:00
[2026-09-29T15:56:31.125+0000] {processor.py:183} INFO - Processing /opt/airflow/dags/main.py took 0.835 seconds
[2026-09-29T15:57:01.510+0000] {processor.py:161} INFO - Started process (PID=1587) to work on /opt/airflow/dags/main.py
[2026-09-29T15:57:01.512+0000] {processor.py:830} INFO - Processing file /opt/airflow/dags/main.py for tasks to queue
[2026-09-29T15:57:01.514+0000] {logging_mixin.py:188} INFO - [2026-09-29T15:57:01.514+0000] {dagbag.py:545} INFO - Filling up the DagBag from /opt/airflow/dags/main.py
[2026-09-29T15:57:01.818+0000] {processor.py:840} INFO - DAG(s) 'produce_json', 'update_db', 'data_quality_check' retrieved from /opt/airflow/dags/main.py
[2026-09-29T15:57:01.853+0000] {logging_mixin.py:188} INFO - [2026-09-29T15:57:01.853+0000] {dag.py:3096} INFO - Sync 3 DAGs
[2026-09-29T15:57:01.878+0000] {logging_mixin.py:188} INFO - [2026-09-29T15:57:01.877+0000] {dag.py:3954} INFO - Setting next_dagrun for data_quality_check to 2026-09-28 12:00:00+00:00, run_after=2026-09-29 12:00:00+00:00
[2026-09-29T15:57:01.884+0000] {logging_mixin.py:188} INFO - [2026-09-29T15:57:01.884+0000] {dag.py:3954} INFO - Setting next_dagrun for produce_json to 2026-09-29 12:00:00+00:00, run_after=2026-09-30 12:00:00+00:00
[2026-09-29T15:57:01.889+0000] {logging_mixin.py:188} INFO - [2026-09-29T15:57:01.889+0000] {dag.py:3954} INFO - Setting next_dagrun for update_db to 2026-09-28 12:00:00+00:00, run_after=2026-09-29 12:00:00+00:00
[2026-09-29T15:57:01.930+0000] {processor.py:183} INFO - Processing /opt/airflow/dags/main.py took 0.426 seconds
[2026-09-29T15:57:32.363+0000] {processor.py:161} INFO - Started process (PID=1594) to work on /opt/airflow/dags/main.py
[2026-09-29T15:57:32.367+0000] {processor.py:830} INFO - Processing file /opt/airflow/dags/main.py for tasks to queue
[2026-09-29T15:57:32.371+0000] {logging_mixin.py:188} INFO - [2026-09-29T15:57:32.370+0000] {dagbag.py:545} INFO - Filling up the DagBag from /opt/airflow/dags/main.py
[2026-09-29T15:57:32.676+0000] {processor.py:840} INFO - DAG(s) 'update_db', 'data_quality_check', 'produce_json' retrieved from /opt/airflow/dags/main.py
[2026-09-29T15:57:32.732+0000] {logging_mixin.py:188} INFO - [2026-09-29T15:57:32.731+0000] {dag.py:3096} INFO - Sync 3 DAGs
[2026-09-29T15:57:32.776+0000] {logging_mixin.py:188} INFO - [2026-09-29T15:57:32.775+0000] {dag.py:3954} INFO - Setting next_dagrun for data_quality_check to 2026-09-28 12:00:00+00:00, run_after=2026-09-29 12:00:00+00:00
[2026-09-29T15:57:32.784+0000] {logging_mixin.py:188} INFO - [2026-09-29T15:57:32.784+0000] {dag.py:3954} INFO - Setting next_dagrun for produce_json to 2026-09-29 12:00:00+00:00, run_after=2026-09-30 12:00:00+00:00
[2026-09-29T15:57:32.791+0000] {logging_mixin.py:188} INFO - [2026-09-29T15:57:32.790+0000] {dag.py:3954} INFO - Setting next_dagrun for update_db to 2026-09-28 12:00:00+00:00, run_after=2026-09-29 12:00:00+00:00
[2026-09-29T15:57:32.819+0000] {processor.py:183} INFO - Processing /opt/airflow/dags/main.py took 0.478 seconds
[2026-09-29T15:58:03.197+0000] {processor.py:161} INFO - Started process (PID=1601) to work on /opt/airflow/dags/main.py
[2026-09-29T15:58:03.201+0000] {processor.py:830} INFO - Processing file /opt/airflow/dags/main.py for tasks to queue
[2026-09-29T15:58:03.206+0000] {logging_mixin.py:188} INFO - [2026-09-29T15:58:03.205+0000] {dagbag.py:545} INFO - Filling up the DagBag from /opt/airflow/dags/main.py
[2026-09-29T15:58:03.608+0000] {processor.py:840} INFO - DAG(s) 'data_quality_check', 'produce_json', 'update_db' retrieved from /opt/airflow/dags/main.py
[2026-09-29T15:58:03.643+0000] {logging_mixin.py:188} INFO - [2026-09-29T15:58:03.642+0000] {dag.py:3096} INFO - Sync 3 DAGs
[2026-09-29T15:58:03.664+0000] {logging_mixin.py:188} INFO - [2026-09-29T15:58:03.664+0000] {dag.py:3954} INFO - Setting next_dagrun for data_quality_check to 2026-09-28 12:00:00+00:00, run_after=2026-09-29 12:00:00+00:00
[2026-09-29T15:58:03.671+0000] {logging_mixin.py:188} INFO - [2026-09-29T15:58:03.671+0000] {dag.py:3954} INFO - Setting next_dagrun for produce_json to 2026-09-29 12:00:00+00:00, run_after=2026-09-30 12:00:00+00:00
[2026-09-29T15:58:03.676+0000] {logging_mixin.py:188} INFO - [2026-09-29T15:58:03.676+0000] {dag.py:3954} INFO - Setting next_dagrun for update_db to 2026-09-28 12:00:00+00:00, run_after=2026-09-29 12:00:00+00:00
[2026-09-29T15:58:03.698+0000] {processor.py:183} INFO - Processing /opt/airflow/dags/main.py took 0.511 seconds
[2026-09-29T15:58:33.977+0000] {processor.py:161} INFO - Started process (PID=1608) to work on /opt/airflow/dags/main.py
[2026-09-29T15:58:33.983+0000] {processor.py:830} INFO - Processing file /opt/airflow/dags/main.py for tasks to queue
[2026-09-29T15:58:33.989+0000] {logging_mixin.py:188} INFO - [2026-09-29T15:58:33.988+0000] {dagbag.py:545} INFO - Filling up the DagBag from /opt/airflow/dags/main.py
[2026-09-29T15:58:34.407+0000] {processor.py:840} INFO - DAG(s) 'update_db', 'data_quality_check', 'produce_json' retrieved from /opt/airflow/dags/main.py
[2026-09-29T15:58:34.453+0000] {logging_mixin.py:188} INFO - [2026-09-29T15:58:34.453+0000] {dag.py:3096} INFO - Sync 3 DAGs
[2026-09-29T15:58:34.481+0000] {logging_mixin.py:188} INFO - [2026-09-29T15:58:34.481+0000] {dag.py:3954} INFO - Setting next_dagrun for data_quality_check to 2026-09-28 12:00:00+00:00, run_after=2026-09-29 12:00:00+00:00
[2026-09-29T15:58:34.492+0000] {logging_mixin.py:188} INFO - [2026-09-29T15:58:34.492+0000] {dag.py:3954} INFO - Setting next_dagrun for produce_json to 2026-09-29 12:00:00+00:00, run_after=2026-09-30 12:00:00+00:00
[2026-09-29T15:58:34.500+0000] {logging_mixin.py:188} INFO - [2026-09-29T15:58:34.500+0000] {dag.py:3954} INFO - Setting next_dagrun for update_db to 2026-09-28 12:00:00+00:00, run_after=2026-09-29 12:00:00+00:00
[2026-09-29T15:58:34.541+0000] {processor.py:183} INFO - Processing /opt/airflow/dags/main.py took 0.586 seconds
[2026-09-29T15:59:05.274+0000] {processor.py:161} INFO - Started process (PID=1615) to work on /opt/airflow/dags/main.py
[2026-09-29T15:59:05.282+0000] {processor.py:830} INFO - Processing file /opt/airflow/dags/main.py for tasks to queue
[2026-09-29T15:59:05.292+0000] {logging_mixin.py:188} INFO - [2026-09-29T15:59:05.290+0000] {dagbag.py:545} INFO - Filling up the DagBag from /opt/airflow/dags/main.py
[2026-09-29T15:59:05.686+0000] {processor.py:840} INFO - DAG(s) 'update_db', 'produce_json', 'data_quality_check' retrieved from /opt/airflow/dags/main.py
[2026-09-29T15:59:05.763+0000] {logging_mixin.py:188} INFO - [2026-09-29T15:59:05.762+0000] {dag.py:3096} INFO - Sync 3 DAGs
[2026-09-29T15:59:05.835+0000] {logging_mixin.py:188} INFO - [2026-09-29T15:59:05.834+0000] {dag.py:3954} INFO - Setting next_dagrun for data_quality_check to 2026-09-28 12:00:00+00:00, run_after=2026-09-29 12:00:00+00:00
[2026-09-29T15:59:05.863+0000] {logging_mixin.py:188} INFO - [2026-09-29T15:59:05.863+0000] {dag.py:3954} INFO - Setting next_dagrun for produce_json to 2026-09-29 12:00:00+00:00, run_after=2026-09-30 12:00:00+00:00
[2026-09-29T15:59:05.871+0000] {logging_mixin.py:188} INFO - [2026-09-29T15:59:05.871+0000] {dag.py:3954} INFO - Setting next_dagrun for update_db to 2026-09-28 12:00:00+00:00, run_after=2026-09-29 12:00:00+00:00
[2026-09-29T15:59:05.921+0000] {processor.py:183} INFO - Processing /opt/airflow/dags/main.py took 0.713 seconds
[2026-09-29T15:59:36.406+0000] {processor.py:161} INFO - Started process (PID=1622) to work on /opt/airflow/dags/main.py
[2026-09-29T15:59:36.409+0000] {processor.py:830} INFO - Processing file /opt/airflow/dags/main.py for tasks to queue
[2026-09-29T15:59:36.414+0000] {logging_mixin.py:188} INFO - [2026-09-29T15:59:36.413+0000] {dagbag.py:545} INFO - Filling up the DagBag from /opt/airflow/dags/main.py
[2026-09-29T15:59:36.825+0000] {processor.py:840} INFO - DAG(s) 'update_db', 'data_quality_check', 'produce_json' retrieved from /opt/airflow/dags/main.py
[2026-09-29T15:59:36.935+0000] {logging_mixin.py:188} INFO - [2026-09-29T15:59:36.934+0000] {dag.py:3096} INFO - Sync 3 DAGs
[2026-09-29T15:59:37.000+0000] {logging_mixin.py:188} INFO - [2026-09-29T15:59:37.000+0000] {dag.py:3954} INFO - Setting next_dagrun for data_quality_check to 2026-09-28 12:00:00+00:00, run_after=2026-09-29 12:00:00+00:00
[2026-09-29T15:59:37.016+0000] {logging_mixin.py:188} INFO - [2026-09-29T15:59:37.015+0000] {dag.py:3954} INFO - Setting next_dagrun for produce_json to 2026-09-29 12:00:00+00:00, run_after=2026-09-30 12:00:00+00:00
[2026-09-29T15:59:37.022+0000] {logging_mixin.py:188} INFO - [2026-09-29T15:59:37.022+0000] {dag.py:3954} INFO - Setting next_dagrun for update_db to 2026-09-28 12:00:00+00:00, run_after=2026-09-29 12:00:00+00:00
[2026-09-29T15:59:37.052+0000] {processor.py:183} INFO - Processing /opt/airflow/dags/main.py took 0.652 seconds
[2026-09-29T16:00:07.457+0000] {processor.py:161} INFO - Started process (PID=1629) to work on /opt/airflow/dags/main.py
[2026-09-29T16:00:07.459+0000] {processor.py:830} INFO - Processing file /opt/airflow/dags/main.py for tasks to queue
[2026-09-29T16:00:07.462+0000] {logging_mixin.py:188} INFO - [2026-09-29T16:00:07.462+0000] {dagbag.py:545} INFO - Filling up the DagBag from /opt/airflow/dags/main.py
[2026-09-29T16:00:07.770+0000] {processor.py:840} INFO - DAG(s) 'data_quality_check', 'update_db', 'produce_json' retrieved from /opt/airflow/dags/main.py
[2026-09-29T16:00:07.836+0000] {logging_mixin.py:188} INFO - [2026-09-29T16:00:07.835+0000] {dag.py:3096} INFO - Sync 3 DAGs
[2026-09-29T16:00:07.881+0000] {logging_mixin.py:188} INFO - [2026-09-29T16:00:07.880+0000] {dag.py:3954} INFO - Setting next_dagrun for data_quality_check to 2026-09-28 12:00:00+00:00, run_after=2026-09-29 12:00:00+00:00
[2026-09-29T16:00:07.892+0000] {logging_mixin.py:188} INFO - [2026-09-29T16:00:07.891+0000] {dag.py:3954} INFO - Setting next_dagrun for produce_json to 2026-09-29 12:00:00+00:00, run_after=2026-09-30 12:00:00+00:00
[2026-09-29T16:00:07.901+0000] {logging_mixin.py:188} INFO - [2026-09-29T16:00:07.900+0000] {dag.py:3954} INFO - Setting next_dagrun for update_db to 2026-09-28 12:00:00+00:00, run_after=2026-09-29 12:00:00+00:00
[2026-09-29T16:00:07.943+0000] {processor.py:183} INFO - Processing /opt/airflow/dags/main.py took 0.496 seconds
[2026-09-29T16:00:38.316+0000] {processor.py:161} INFO - Started process (PID=1636) to work on /opt/airflow/dags/main.py
[2026-09-29T16:00:38.320+0000] {processor.py:830} INFO - Processing file /opt/airflow/dags/main.py for tasks to queue
[2026-09-29T16:00:38.322+0000] {logging_mixin.py:188} INFO - [2026-09-29T16:00:38.322+0000] {dagbag.py:545} INFO - Filling up the DagBag from /opt/airflow/dags/main.py
[2026-09-29T16:00:38.664+0000] {processor.py:840} INFO - DAG(s) 'produce_json', 'update_db', 'data_quality_check' retrieved from /opt/airflow/dags/main.py
[2026-09-29T16:00:38.703+0000] {logging_mixin.py:188} INFO - [2026-09-29T16:00:38.702+0000] {dag.py:3096} INFO - Sync 3 DAGs
[2026-09-29T16:00:38.725+0000] {logging_mixin.py:188} INFO - [2026-09-29T16:00:38.725+0000] {dag.py:3954} INFO - Setting next_dagrun for data_quality_check to 2026-09-28 12:00:00+00:00, run_after=2026-09-29 12:00:00+00:00
[2026-09-29T16:00:38.733+0000] {logging_mixin.py:188} INFO - [2026-09-29T16:00:38.733+0000] {dag.py:3954} INFO - Setting next_dagrun for produce_json to 2026-09-29 12:00:00+00:00, run_after=2026-09-30 12:00:00+00:00
[2026-09-29T16:00:38.738+0000] {logging_mixin.py:188} INFO - [2026-09-29T16:00:38.738+0000] {dag.py:3954} INFO - Setting next_dagrun for update_db to 2026-09-28 12:00:00+00:00, run_after=2026-09-29 12:00:00+00:00
[2026-09-29T16:00:38.761+0000] {processor.py:183} INFO - Processing /opt/airflow/dags/main.py took 0.450 seconds
[2026-09-29T16:01:09.781+0000] {processor.py:161} INFO - Started process (PID=1643) to work on /opt/airflow/dags/main.py
[2026-09-29T16:01:09.784+0000] {processor.py:830} INFO - Processing file /opt/airflow/dags/main.py for tasks to queue
[2026-09-29T16:01:09.790+0000] {logging_mixin.py:188} INFO - [2026-09-29T16:01:09.790+0000] {dagbag.py:545} INFO - Filling up the DagBag from /opt/airflow/dags/main.py
[2026-09-29T16:01:10.153+0000] {processor.py:840} INFO - DAG(s) 'update_db', 'data_quality_check', 'produce_json' retrieved from /opt/airflow/dags/main.py
[2026-09-29T16:01:10.212+0000] {logging_mixin.py:188} INFO - [2026-09-29T16:01:10.212+0000] {dag.py:3096} INFO - Sync 3 DAGs
[2026-09-29T16:01:10.263+0000] {logging_mixin.py:188} INFO - [2026-09-29T16:01:10.263+0000] {dag.py:3954} INFO - Setting next_dagrun for data_quality_check to 2026-09-28 12:00:00+00:00, run_after=2026-09-29 12:00:00+00:00
[2026-09-29T16:01:10.291+0000] {logging_mixin.py:188} INFO - [2026-09-29T16:01:10.291+0000] {dag.py:3954} INFO - Setting next_dagrun for produce_json to 2026-09-29 12:00:00+00:00, run_after=2026-09-30 12:00:00+00:00
[2026-09-29T16:01:10.313+0000] {logging_mixin.py:188} INFO - [2026-09-29T16:01:10.313+0000] {dag.py:3954} INFO - Setting next_dagrun for update_db to 2026-09-28 12:00:00+00:00, run_after=2026-09-29 12:00:00+00:00
[2026-09-29T16:01:10.459+0000] {processor.py:183} INFO - Processing /opt/airflow/dags/main.py took 0.690 seconds
[2026-09-29T16:01:40.867+0000] {processor.py:161} INFO - Started process (PID=1650) to work on /opt/airflow/dags/main.py
[2026-09-29T16:01:40.870+0000] {processor.py:830} INFO - Processing file /opt/airflow/dags/main.py for tasks to queue
[2026-09-29T16:01:40.873+0000] {logging_mixin.py:188} INFO - [2026-09-29T16:01:40.873+0000] {dagbag.py:545} INFO - Filling up the DagBag from /opt/airflow/dags/main.py
[2026-09-29T16:01:41.276+0000] {processor.py:840} INFO - DAG(s) 'data_quality_check', 'produce_json', 'update_db' retrieved from /opt/airflow/dags/main.py
[2026-09-29T16:01:41.307+0000] {logging_mixin.py:188} INFO - [2026-09-29T16:01:41.307+0000] {dag.py:3096} INFO - Sync 3 DAGs
[2026-09-29T16:01:41.326+0000] {logging_mixin.py:188} INFO - [2026-09-29T16:01:41.326+0000] {dag.py:3954} INFO - Setting next_dagrun for data_quality_check to 2026-09-28 12:00:00+00:00, run_after=2026-09-29 12:00:00+00:00
[2026-09-29T16:01:41.333+0000] {logging_mixin.py:188} INFO - [2026-09-29T16:01:41.333+0000] {dag.py:3954} INFO - Setting next_dagrun for produce_json to 2026-09-29 12:00:00+00:00, run_after=2026-09-30 12:00:00+00:00
[2026-09-29T16:01:41.337+0000] {logging_mixin.py:188} INFO - [2026-09-29T16:01:41.337+0000] {dag.py:3954} INFO - Setting next_dagrun for update_db to 2026-09-28 12:00:00+00:00, run_after=2026-09-29 12:00:00+00:00
[2026-09-29T16:01:41.362+0000] {processor.py:183} INFO - Processing /opt/airflow/dags/main.py took 0.500 seconds
[2026-09-29T16:02:11.688+0000] {processor.py:161} INFO - Started process (PID=1657) to work on /opt/airflow/dags/main.py
[2026-09-29T16:02:11.692+0000] {processor.py:830} INFO - Processing file /opt/airflow/dags/main.py for tasks to queue
[2026-09-29T16:02:11.695+0000] {logging_mixin.py:188} INFO - [2026-09-29T16:02:11.694+0000] {dagbag.py:545} INFO - Filling up the DagBag from /opt/airflow/dags/main.py
[2026-09-29T16:02:11.983+0000] {processor.py:840} INFO - DAG(s) 'data_quality_check', 'update_db', 'produce_json' retrieved from /opt/airflow/dags/main.py
[2026-09-29T16:02:12.022+0000] {logging_mixin.py:188} INFO - [2026-09-29T16:02:12.022+0000] {dag.py:3096} INFO - Sync 3 DAGs
[2026-09-29T16:02:12.048+0000] {logging_mixin.py:188} INFO - [2026-09-29T16:02:12.048+0000] {dag.py:3954} INFO - Setting next_dagrun for data_quality_check to 2026-09-28 12:00:00+00:00, run_after=2026-09-29 12:00:00+00:00
[2026-09-29T16:02:12.056+0000] {logging_mixin.py:188} INFO - [2026-09-29T16:02:12.056+0000] {dag.py:3954} INFO - Setting next_dagrun for produce_json to 2026-09-29 12:00:00+00:00, run_after=2026-09-30 12:00:00+00:00
[2026-09-29T16:02:12.061+0000] {logging_mixin.py:188} INFO - [2026-09-29T16:02:12.061+0000] {dag.py:3954} INFO - Setting next_dagrun for update_db to 2026-09-28 12:00:00+00:00, run_after=2026-09-29 12:00:00+00:00
[2026-09-29T16:02:12.085+0000] {processor.py:183} INFO - Processing /opt/airflow/dags/main.py took 0.405 seconds
[2026-09-29T16:02:42.425+0000] {processor.py:161} INFO - Started process (PID=1664) to work on /opt/airflow/dags/main.py
[2026-09-29T16:02:42.428+0000] {processor.py:830} INFO - Processing file /opt/airflow/dags/main.py for tasks to queue
[2026-09-29T16:02:42.431+0000] {logging_mixin.py:188} INFO - [2026-09-29T16:02:42.431+0000] {dagbag.py:545} INFO - Filling up the DagBag from /opt/airflow/dags/main.py
[2026-09-29T16:02:42.776+0000] {processor.py:840} INFO - DAG(s) 'update_db', 'data_quality_check', 'produce_json' retrieved from /opt/airflow/dags/main.py
[2026-09-29T16:02:42.822+0000] {logging_mixin.py:188} INFO - [2026-09-29T16:02:42.821+0000] {dag.py:3096} INFO - Sync 3 DAGs
[2026-09-29T16:02:42.850+0000] {logging_mixin.py:188} INFO - [2026-09-29T16:02:42.850+0000] {dag.py:3954} INFO - Setting next_dagrun for data_quality_check to 2026-09-28 12:00:00+00:00, run_after=2026-09-29 12:00:00+00:00
[2026-09-29T16:02:42.864+0000] {logging_mixin.py:188} INFO - [2026-09-29T16:02:42.863+0000] {dag.py:3954} INFO - Setting next_dagrun for produce_json to 2026-09-29 12:00:00+00:00, run_after=2026-09-30 12:00:00+00:00
[2026-09-29T16:02:42.871+0000] {logging_mixin.py:188} INFO - [2026-09-29T16:02:42.871+0000] {dag.py:3954} INFO - Setting next_dagrun for update_db to 2026-09-28 12:00:00+00:00, run_after=2026-09-29 12:00:00+00:00
[2026-09-29T16:02:42.914+0000] {processor.py:183} INFO - Processing /opt/airflow/dags/main.py took 0.494 seconds
[2026-09-29T16:03:13.324+0000] {processor.py:161} INFO - Started process (PID=1671) to work on /opt/airflow/dags/main.py
[2026-09-29T16:03:13.327+0000] {processor.py:830} INFO - Processing file /opt/airflow/dags/main.py for tasks to queue
[2026-09-29T16:03:13.330+0000] {logging_mixin.py:188} INFO - [2026-09-29T16:03:13.330+0000] {dagbag.py:545} INFO - Filling up the DagBag from /opt/airflow/dags/main.py
[2026-09-29T16:03:13.663+0000] {processor.py:840} INFO - DAG(s) 'data_quality_check', 'update_db', 'produce_json' retrieved from /opt/airflow/dags/main.py
[2026-09-29T16:03:13.706+0000] {logging_mixin.py:188} INFO - [2026-09-29T16:03:13.705+0000] {dag.py:3096} INFO - Sync 3 DAGs
[2026-09-29T16:03:13.736+0000] {logging_mixin.py:188} INFO - [2026-09-29T16:03:13.736+0000] {dag.py:3954} INFO - Setting next_dagrun for data_quality_check to 2026-09-28 12:00:00+00:00, run_after=2026-09-29 12:00:00+00:00
[2026-09-29T16:03:13.742+0000] {logging_mixin.py:188} INFO - [2026-09-29T16:03:13.742+0000] {dag.py:3954} INFO - Setting next_dagrun for produce_json to 2026-09-29 12:00:00+00:00, run_after=2026-09-30 12:00:00+00:00
[2026-09-29T16:03:13.747+0000] {logging_mixin.py:188} INFO - [2026-09-29T16:03:13.747+0000] {dag.py:3954} INFO - Setting next_dagrun for update_db to 2026-09-28 12:00:00+00:00, run_after=2026-09-29 12:00:00+00:00
[2026-09-29T16:03:13.779+0000] {processor.py:183} INFO - Processing /opt/airflow/dags/main.py took 0.464 seconds
[2026-09-29T16:03:44.221+0000] {processor.py:161} INFO - Started process (PID=1678) to work on /opt/airflow/dags/main.py
[2026-09-29T16:03:44.230+0000] {processor.py:830} INFO - Processing file /opt/airflow/dags/main.py for tasks to queue
[2026-09-29T16:03:44.236+0000] {logging_mixin.py:188} INFO - [2026-09-29T16:03:44.235+0000] {dagbag.py:545} INFO - Filling up the DagBag from /opt/airflow/dags/main.py
[2026-09-29T16:03:44.833+0000] {processor.py:840} INFO - DAG(s) 'data_quality_check', 'produce_json', 'update_db' retrieved from /opt/airflow/dags/main.py
[2026-09-29T16:03:44.979+0000] {logging_mixin.py:188} INFO - [2026-09-29T16:03:44.978+0000] {dag.py:3096} INFO - Sync 3 DAGs
[2026-09-29T16:03:45.111+0000] {logging_mixin.py:188} INFO - [2026-09-29T16:03:45.111+0000] {dag.py:3954} INFO - Setting next_dagrun for data_quality_check to 2026-09-28 12:00:00+00:00, run_after=2026-09-29 12:00:00+00:00
[2026-09-29T16:03:45.145+0000] {logging_mixin.py:188} INFO - [2026-09-29T16:03:45.145+0000] {dag.py:3954} INFO - Setting next_dagrun for produce_json to 2026-09-29 12:00:00+00:00, run_after=2026-09-30 12:00:00+00:00
[2026-09-29T16:03:45.181+0000] {logging_mixin.py:188} INFO - [2026-09-29T16:03:45.180+0000] {dag.py:3954} INFO - Setting next_dagrun for update_db to 2026-09-28 12:00:00+00:00, run_after=2026-09-29 12:00:00+00:00
[2026-09-29T16:03:45.327+0000] {processor.py:183} INFO - Processing /opt/airflow/dags/main.py took 1.127 seconds
[2026-09-29T16:04:15.809+0000] {processor.py:161} INFO - Started process (PID=1685) to work on /opt/airflow/dags/main.py
[2026-09-29T16:04:15.815+0000] {processor.py:830} INFO - Processing file /opt/airflow/dags/main.py for tasks to queue
[2026-09-29T16:04:15.820+0000] {logging_mixin.py:188} INFO - [2026-09-29T16:04:15.819+0000] {dagbag.py:545} INFO - Filling up the DagBag from /opt/airflow/dags/main.py
[2026-09-29T16:04:16.211+0000] {processor.py:840} INFO - DAG(s) 'data_quality_check', 'update_db', 'produce_json' retrieved from /opt/airflow/dags/main.py
[2026-09-29T16:04:16.287+0000] {logging_mixin.py:188} INFO - [2026-09-29T16:04:16.286+0000] {dag.py:3096} INFO - Sync 3 DAGs
[2026-09-29T16:04:16.319+0000] {logging_mixin.py:188} INFO - [2026-09-29T16:04:16.319+0000] {dag.py:3954} INFO - Setting next_dagrun for data_quality_check to 2026-09-28 12:00:00+00:00, run_after=2026-09-29 12:00:00+00:00
[2026-09-29T16:04:16.328+0000] {logging_mixin.py:188} INFO - [2026-09-29T16:04:16.328+0000] {dag.py:3954} INFO - Setting next_dagrun for produce_json to 2026-09-29 12:00:00+00:00, run_after=2026-09-30 12:00:00+00:00
[2026-09-29T16:04:16.335+0000] {logging_mixin.py:188} INFO - [2026-09-29T16:04:16.335+0000] {dag.py:3954} INFO - Setting next_dagrun for update_db to 2026-09-28 12:00:00+00:00, run_after=2026-09-29 12:00:00+00:00
[2026-09-29T16:04:16.364+0000] {processor.py:183} INFO - Processing /opt/airflow/dags/main.py took 0.576 seconds
[2026-09-29T16:04:46.870+0000] {processor.py:161} INFO - Started process (PID=1698) to work on /opt/airflow/dags/main.py
[2026-09-29T16:04:46.873+0000] {processor.py:830} INFO - Processing file /opt/airflow/dags/main.py for tasks to queue
[2026-09-29T16:04:46.878+0000] {logging_mixin.py:188} INFO - [2026-09-29T16:04:46.877+0000] {dagbag.py:545} INFO - Filling up the DagBag from /opt/airflow/dags/main.py
[2026-09-29T16:04:47.272+0000] {processor.py:840} INFO - DAG(s) 'data_quality_check', 'update_db', 'produce_json' retrieved from /opt/airflow/dags/main.py
[2026-09-29T16:04:47.343+0000] {logging_mixin.py:188} INFO - [2026-09-29T16:04:47.342+0000] {dag.py:3096} INFO - Sync 3 DAGs
[2026-09-29T16:04:47.375+0000] {logging_mixin.py:188} INFO - [2026-09-29T16:04:47.374+0000] {dag.py:3954} INFO - Setting next_dagrun for data_quality_check to 2026-09-28 12:00:00+00:00, run_after=2026-09-29 12:00:00+00:00
[2026-09-29T16:04:47.383+0000] {logging_mixin.py:188} INFO - [2026-09-29T16:04:47.383+0000] {dag.py:3954} INFO - Setting next_dagrun for produce_json to 2026-09-29 12:00:00+00:00, run_after=2026-09-30 12:00:00+00:00
[2026-09-29T16:04:47.389+0000] {logging_mixin.py:188} INFO - [2026-09-29T16:04:47.389+0000] {dag.py:3954} INFO - Setting next_dagrun for update_db to 2026-09-28 12:00:00+00:00, run_after=2026-09-29 12:00:00+00:00
[2026-09-29T16:04:47.425+0000] {processor.py:183} INFO - Processing /opt/airflow/dags/main.py took 0.567 seconds
[2026-09-29T16:05:17.793+0000] {processor.py:161} INFO - Started process (PID=1705) to work on /opt/airflow/dags/main.py
[2026-09-29T16:05:17.798+0000] {processor.py:830} INFO - Processing file /opt/airflow/dags/main.py for tasks to queue
[2026-09-29T16:05:17.809+0000] {logging_mixin.py:188} INFO - [2026-09-29T16:05:17.806+0000] {dagbag.py:545} INFO - Filling up the DagBag from /opt/airflow/dags/main.py
[2026-09-29T16:05:18.225+0000] {processor.py:840} INFO - DAG(s) 'produce_json', 'update_db', 'data_quality_check' retrieved from /opt/airflow/dags/main.py
[2026-09-29T16:05:18.298+0000] {logging_mixin.py:188} INFO - [2026-09-29T16:05:18.298+0000] {dag.py:3096} INFO - Sync 3 DAGs
[2026-09-29T16:05:18.334+0000] {logging_mixin.py:188} INFO - [2026-09-29T16:05:18.334+0000] {dag.py:3954} INFO - Setting next_dagrun for data_quality_check to 2026-09-28 12:00:00+00:00, run_after=2026-09-29 12:00:00+00:00
[2026-09-29T16:05:18.348+0000] {logging_mixin.py:188} INFO - [2026-09-29T16:05:18.348+0000] {dag.py:3954} INFO - Setting next_dagrun for produce_json to 2026-09-29 12:00:00+00:00, run_after=2026-09-30 12:00:00+00:00
[2026-09-29T16:05:18.355+0000] {logging_mixin.py:188} INFO - [2026-09-29T16:05:18.355+0000] {dag.py:3954} INFO - Setting next_dagrun for update_db to 2026-09-28 12:00:00+00:00, run_after=2026-09-29 12:00:00+00:00
[2026-09-29T16:05:18.383+0000] {processor.py:183} INFO - Processing /opt/airflow/dags/main.py took 0.601 seconds
[2026-09-29T16:05:48.880+0000] {processor.py:161} INFO - Started process (PID=1713) to work on /opt/airflow/dags/main.py
[2026-09-29T16:05:48.883+0000] {processor.py:830} INFO - Processing file /opt/airflow/dags/main.py for tasks to queue
[2026-09-29T16:05:48.886+0000] {logging_mixin.py:188} INFO - [2026-09-29T16:05:48.885+0000] {dagbag.py:545} INFO - Filling up the DagBag from /opt/airflow/dags/main.py
[2026-09-29T16:05:49.203+0000] {processor.py:840} INFO - DAG(s) 'produce_json', 'data_quality_check', 'update_db' retrieved from /opt/airflow/dags/main.py
[2026-09-29T16:05:49.256+0000] {logging_mixin.py:188} INFO - [2026-09-29T16:05:49.256+0000] {dag.py:3096} INFO - Sync 3 DAGs
[2026-09-29T16:05:49.295+0000] {logging_mixin.py:188} INFO - [2026-09-29T16:05:49.295+0000] {dag.py:3954} INFO - Setting next_dagrun for data_quality_check to 2026-09-28 12:00:00+00:00, run_after=2026-09-29 12:00:00+00:00
[2026-09-29T16:05:49.303+0000] {logging_mixin.py:188} INFO - [2026-09-29T16:05:49.303+0000] {dag.py:3954} INFO - Setting next_dagrun for produce_json to 2026-09-29 12:00:00+00:00, run_after=2026-09-30 12:00:00+00:00
[2026-09-29T16:05:49.308+0000] {logging_mixin.py:188} INFO - [2026-09-29T16:05:49.307+0000] {dag.py:3954} INFO - Setting next_dagrun for update_db to 2026-09-28 12:00:00+00:00, run_after=2026-09-29 12:00:00+00:00
[2026-09-29T16:05:49.332+0000] {processor.py:183} INFO - Processing /opt/airflow/dags/main.py took 0.462 seconds
[2026-09-29T16:06:19.770+0000] {processor.py:161} INFO - Started process (PID=1721) to work on /opt/airflow/dags/main.py
[2026-09-29T16:06:19.774+0000] {processor.py:830} INFO - Processing file /opt/airflow/dags/main.py for tasks to queue
[2026-09-29T16:06:19.777+0000] {logging_mixin.py:188} INFO - [2026-09-29T16:06:19.777+0000] {dagbag.py:545} INFO - Filling up the DagBag from /opt/airflow/dags/main.py
[2026-09-29T16:06:20.331+0000] {processor.py:840} INFO - DAG(s) 'produce_json', 'data_quality_check', 'update_db' retrieved from /opt/airflow/dags/main.py
[2026-09-29T16:06:20.604+0000] {logging_mixin.py:188} INFO - [2026-09-29T16:06:20.602+0000] {dag.py:3096} INFO - Sync 3 DAGs
[2026-09-29T16:06:20.820+0000] {logging_mixin.py:188} INFO - [2026-09-29T16:06:20.819+0000] {dag.py:3954} INFO - Setting next_dagrun for data_quality_check to 2026-09-28 12:00:00+00:00, run_after=2026-09-29 12:00:00+00:00
[2026-09-29T16:06:20.876+0000] {logging_mixin.py:188} INFO - [2026-09-29T16:06:20.875+0000] {dag.py:3954} INFO - Setting next_dagrun for produce_json to 2026-09-29 12:00:00+00:00, run_after=2026-09-30 12:00:00+00:00
[2026-09-29T16:06:20.912+0000] {logging_mixin.py:188} INFO - [2026-09-29T16:06:20.910+0000] {dag.py:3954} INFO - Setting next_dagrun for update_db to 2026-09-28 12:00:00+00:00, run_after=2026-09-29 12:00:00+00:00
[2026-09-29T16:06:21.012+0000] {processor.py:183} INFO - Processing /opt/airflow/dags/main.py took 1.250 seconds
[2026-09-29T16:06:51.418+0000] {processor.py:161} INFO - Started process (PID=1728) to work on /opt/airflow/dags/main.py
[2026-09-29T16:06:51.422+0000] {processor.py:830} INFO - Processing file /opt/airflow/dags/main.py for tasks to queue
[2026-09-29T16:06:51.425+0000] {logging_mixin.py:188} INFO - [2026-09-29T16:06:51.424+0000] {dagbag.py:545} INFO - Filling up the DagBag from /opt/airflow/dags/main.py
[2026-09-29T16:06:51.739+0000] {processor.py:840} INFO - DAG(s) 'data_quality_check', 'produce_json', 'update_db' retrieved from /opt/airflow/dags/main.py
[2026-09-29T16:06:51.799+0000] {logging_mixin.py:188} INFO - [2026-09-29T16:06:51.798+0000] {dag.py:3096} INFO - Sync 3 DAGs
[2026-09-29T16:06:51.827+0000] {logging_mixin.py:188} INFO - [2026-09-29T16:06:51.826+0000] {dag.py:3954} INFO - Setting next_dagrun for data_quality_check to 2026-09-28 12:00:00+00:00, run_after=2026-09-29 12:00:00+00:00
[2026-09-29T16:06:51.833+0000] {logging_mixin.py:188} INFO - [2026-09-29T16:06:51.833+0000] {dag.py:3954} INFO - Setting next_dagrun for produce_json to 2026-09-29 12:00:00+00:00, run_after=2026-09-30 12:00:00+00:00
[2026-09-29T16:06:51.837+0000] {logging_mixin.py:188} INFO - [2026-09-29T16:06:51.837+0000] {dag.py:3954} INFO - Setting next_dagrun for update_db to 2026-09-28 12:00:00+00:00, run_after=2026-09-29 12:00:00+00:00
[2026-09-29T16:06:51.861+0000] {processor.py:183} INFO - Processing /opt/airflow/dags/main.py took 0.454 seconds
[2026-09-29T16:07:22.259+0000] {processor.py:161} INFO - Started process (PID=1735) to work on /opt/airflow/dags/main.py
[2026-09-29T16:07:22.261+0000] {processor.py:830} INFO - Processing file /opt/airflow/dags/main.py for tasks to queue
[2026-09-29T16:07:22.263+0000] {logging_mixin.py:188} INFO - [2026-09-29T16:07:22.263+0000] {dagbag.py:545} INFO - Filling up the DagBag from /opt/airflow/dags/main.py
[2026-09-29T16:07:22.620+0000] {processor.py:840} INFO - DAG(s) 'produce_json', 'data_quality_check', 'update_db' retrieved from /opt/airflow/dags/main.py
[2026-09-29T16:07:22.663+0000] {logging_mixin.py:188} INFO - [2026-09-29T16:07:22.662+0000] {dag.py:3096} INFO - Sync 3 DAGs
[2026-09-29T16:07:22.732+0000] {logging_mixin.py:188} INFO - [2026-09-29T16:07:22.730+0000] {dag.py:3954} INFO - Setting next_dagrun for data_quality_check to 2026-09-28 12:00:00+00:00, run_after=2026-09-29 12:00:00+00:00
[2026-09-29T16:07:22.751+0000] {logging_mixin.py:188} INFO - [2026-09-29T16:07:22.750+0000] {dag.py:3954} INFO - Setting next_dagrun for produce_json to 2026-09-29 12:00:00+00:00, run_after=2026-09-30 12:00:00+00:00
[2026-09-29T16:07:22.757+0000] {logging_mixin.py:188} INFO - [2026-09-29T16:07:22.757+0000] {dag.py:3954} INFO - Setting next_dagrun for update_db to 2026-09-28 12:00:00+00:00, run_after=2026-09-29 12:00:00+00:00
[2026-09-29T16:07:22.808+0000] {processor.py:183} INFO - Processing /opt/airflow/dags/main.py took 0.556 seconds
[2026-09-29T16:07:53.110+0000] {processor.py:161} INFO - Started process (PID=1742) to work on /opt/airflow/dags/main.py
[2026-09-29T16:07:53.113+0000] {processor.py:830} INFO - Processing file /opt/airflow/dags/main.py for tasks to queue
[2026-09-29T16:07:53.116+0000] {logging_mixin.py:188} INFO - [2026-09-29T16:07:53.116+0000] {dagbag.py:545} INFO - Filling up the DagBag from /opt/airflow/dags/main.py
[2026-09-29T16:07:53.549+0000] {processor.py:840} INFO - DAG(s) 'update_db', 'produce_json', 'data_quality_check' retrieved from /opt/airflow/dags/main.py
[2026-09-29T16:07:53.579+0000] {logging_mixin.py:188} INFO - [2026-09-29T16:07:53.579+0000] {dag.py:3096} INFO - Sync 3 DAGs
[2026-09-29T16:07:53.600+0000] {logging_mixin.py:188} INFO - [2026-09-29T16:07:53.600+0000] {dag.py:3954} INFO - Setting next_dagrun for data_quality_check to 2026-09-28 12:00:00+00:00, run_after=2026-09-29 12:00:00+00:00
[2026-09-29T16:07:53.606+0000] {logging_mixin.py:188} INFO - [2026-09-29T16:07:53.606+0000] {dag.py:3954} INFO - Setting next_dagrun for produce_json to 2026-09-29 12:00:00+00:00, run_after=2026-09-30 12:00:00+00:00
[2026-09-29T16:07:53.611+0000] {logging_mixin.py:188} INFO - [2026-09-29T16:07:53.610+0000] {dag.py:3954} INFO - Setting next_dagrun for update_db to 2026-09-28 12:00:00+00:00, run_after=2026-09-29 12:00:00+00:00
[2026-09-29T16:07:53.630+0000] {processor.py:183} INFO - Processing /opt/airflow/dags/main.py took 0.528 seconds
[2026-09-29T16:08:23.971+0000] {processor.py:161} INFO - Started process (PID=1750) to work on /opt/airflow/dags/main.py
[2026-09-29T16:08:23.975+0000] {processor.py:830} INFO - Processing file /opt/airflow/dags/main.py for tasks to queue
[2026-09-29T16:08:23.980+0000] {logging_mixin.py:188} INFO - [2026-09-29T16:08:23.979+0000] {dagbag.py:545} INFO - Filling up the DagBag from /opt/airflow/dags/main.py
[2026-09-29T16:08:24.293+0000] {processor.py:840} INFO - DAG(s) 'produce_json', 'data_quality_check', 'update_db' retrieved from /opt/airflow/dags/main.py
[2026-09-29T16:08:24.328+0000] {logging_mixin.py:188} INFO - [2026-09-29T16:08:24.328+0000] {dag.py:3096} INFO - Sync 3 DAGs
[2026-09-29T16:08:24.350+0000] {logging_mixin.py:188} INFO - [2026-09-29T16:08:24.350+0000] {dag.py:3954} INFO - Setting next_dagrun for data_quality_check to 2026-09-28 12:00:00+00:00, run_after=2026-09-29 12:00:00+00:00
[2026-09-29T16:08:24.357+0000] {logging_mixin.py:188} INFO - [2026-09-29T16:08:24.357+0000] {dag.py:3954} INFO - Setting next_dagrun for produce_json to 2026-09-29 12:00:00+00:00, run_after=2026-09-30 12:00:00+00:00
[2026-09-29T16:08:24.362+0000] {logging_mixin.py:188} INFO - [2026-09-29T16:08:24.361+0000] {dag.py:3954} INFO - Setting next_dagrun for update_db to 2026-09-28 12:00:00+00:00, run_after=2026-09-29 12:00:00+00:00
[2026-09-29T16:08:24.386+0000] {processor.py:183} INFO - Processing /opt/airflow/dags/main.py took 0.423 seconds
[2026-09-29T16:08:54.735+0000] {processor.py:161} INFO - Started process (PID=1757) to work on /opt/airflow/dags/main.py
[2026-09-29T16:08:54.738+0000] {processor.py:830} INFO - Processing file /opt/airflow/dags/main.py for tasks to queue
[2026-09-29T16:08:54.741+0000] {logging_mixin.py:188} INFO - [2026-09-29T16:08:54.740+0000] {dagbag.py:545} INFO - Filling up the DagBag from /opt/airflow/dags/main.py
[2026-09-29T16:08:55.131+0000] {processor.py:840} INFO - DAG(s) 'data_quality_check', 'produce_json', 'update_db' retrieved from /opt/airflow/dags/main.py
[2026-09-29T16:08:55.160+0000] {logging_mixin.py:188} INFO - [2026-09-29T16:08:55.160+0000] {dag.py:3096} INFO - Sync 3 DAGs
[2026-09-29T16:08:55.182+0000] {logging_mixin.py:188} INFO - [2026-09-29T16:08:55.182+0000] {dag.py:3954} INFO - Setting next_dagrun for data_quality_check to 2026-09-28 12:00:00+00:00, run_after=2026-09-29 12:00:00+00:00
[2026-09-29T16:08:55.188+0000] {logging_mixin.py:188} INFO - [2026-09-29T16:08:55.188+0000] {dag.py:3954} INFO - Setting next_dagrun for produce_json to 2026-09-29 12:00:00+00:00, run_after=2026-09-30 12:00:00+00:00
[2026-09-29T16:08:55.192+0000] {logging_mixin.py:188} INFO - [2026-09-29T16:08:55.192+0000] {dag.py:3954} INFO - Setting next_dagrun for update_db to 2026-09-28 12:00:00+00:00, run_after=2026-09-29 12:00:00+00:00
[2026-09-29T16:08:55.209+0000] {processor.py:183} INFO - Processing /opt/airflow/dags/main.py took 0.479 seconds
[2026-09-29T16:09:25.559+0000] {processor.py:161} INFO - Started process (PID=1764) to work on /opt/airflow/dags/main.py
[2026-09-29T16:09:25.563+0000] {processor.py:830} INFO - Processing file /opt/airflow/dags/main.py for tasks to queue
[2026-09-29T16:09:25.566+0000] {logging_mixin.py:188} INFO - [2026-09-29T16:09:25.565+0000] {dagbag.py:545} INFO - Filling up the DagBag from /opt/airflow/dags/main.py
[2026-09-29T16:09:25.942+0000] {processor.py:840} INFO - DAG(s) 'produce_json', 'data_quality_check', 'update_db' retrieved from /opt/airflow/dags/main.py
[2026-09-29T16:09:25.974+0000] {logging_mixin.py:188} INFO - [2026-09-29T16:09:25.974+0000] {dag.py:3096} INFO - Sync 3 DAGs
[2026-09-29T16:09:25.993+0000] {logging_mixin.py:188} INFO - [2026-09-29T16:09:25.993+0000] {dag.py:3954} INFO - Setting next_dagrun for data_quality_check to 2026-09-28 12:00:00+00:00, run_after=2026-09-29 12:00:00+00:00
[2026-09-29T16:09:25.999+0000] {logging_mixin.py:188} INFO - [2026-09-29T16:09:25.999+0000] {dag.py:3954} INFO - Setting next_dagrun for produce_json to 2026-09-29 12:00:00+00:00, run_after=2026-09-30 12:00:00+00:00
[2026-09-29T16:09:26.003+0000] {logging_mixin.py:188} INFO - [2026-09-29T16:09:26.003+0000] {dag.py:3954} INFO - Setting next_dagrun for update_db to 2026-09-28 12:00:00+00:00, run_after=2026-09-29 12:00:00+00:00
[2026-09-29T16:09:26.024+0000] {processor.py:183} INFO - Processing /opt/airflow/dags/main.py took 0.471 seconds
[2026-09-29T16:09:56.346+0000] {processor.py:161} INFO - Started process (PID=1771) to work on /opt/airflow/dags/main.py
[2026-09-29T16:09:56.349+0000] {processor.py:830} INFO - Processing file /opt/airflow/dags/main.py for tasks to queue
[2026-09-29T16:09:56.352+0000] {logging_mixin.py:188} INFO - [2026-09-29T16:09:56.351+0000] {dagbag.py:545} INFO - Filling up the DagBag from /opt/airflow/dags/main.py
[2026-09-29T16:09:56.651+0000] {processor.py:840} INFO - DAG(s) 'update_db', 'produce_json', 'data_quality_check' retrieved from /opt/airflow/dags/main.py
[2026-09-29T16:09:56.687+0000] {logging_mixin.py:188} INFO - [2026-09-29T16:09:56.686+0000] {dag.py:3096} INFO - Sync 3 DAGs
[2026-09-29T16:09:56.707+0000] {logging_mixin.py:188} INFO - [2026-09-29T16:09:56.707+0000] {dag.py:3954} INFO - Setting next_dagrun for data_quality_check to 2026-09-28 12:00:00+00:00, run_after=2026-09-29 12:00:00+00:00
[2026-09-29T16:09:56.713+0000] {logging_mixin.py:188} INFO - [2026-09-29T16:09:56.713+0000] {dag.py:3954} INFO - Setting next_dagrun for produce_json to 2026-09-29 12:00:00+00:00, run_after=2026-09-30 12:00:00+00:00
[2026-09-29T16:09:56.717+0000] {logging_mixin.py:188} INFO - [2026-09-29T16:09:56.717+0000] {dag.py:3954} INFO - Setting next_dagrun for update_db to 2026-09-28 12:00:00+00:00, run_after=2026-09-29 12:00:00+00:00
[2026-09-29T16:09:56.735+0000] {processor.py:183} INFO - Processing /opt/airflow/dags/main.py took 0.394 seconds
[2026-09-29T16:10:27.165+0000] {processor.py:161} INFO - Started process (PID=1778) to work on /opt/airflow/dags/main.py
[2026-09-29T16:10:27.169+0000] {processor.py:830} INFO - Processing file /opt/airflow/dags/main.py for tasks to queue
[2026-09-29T16:10:27.172+0000] {logging_mixin.py:188} INFO - [2026-09-29T16:10:27.172+0000] {dagbag.py:545} INFO - Filling up the DagBag from /opt/airflow/dags/main.py
[2026-09-29T16:10:27.513+0000] {processor.py:840} INFO - DAG(s) 'update_db', 'data_quality_check', 'produce_json' retrieved from /opt/airflow/dags/main.py
[2026-09-29T16:10:27.555+0000] {logging_mixin.py:188} INFO - [2026-09-29T16:10:27.555+0000] {dag.py:3096} INFO - Sync 3 DAGs
[2026-09-29T16:10:27.580+0000] {logging_mixin.py:188} INFO - [2026-09-29T16:10:27.580+0000] {dag.py:3954} INFO - Setting next_dagrun for data_quality_check to 2026-09-28 12:00:00+00:00, run_after=2026-09-29 12:00:00+00:00
[2026-09-29T16:10:27.587+0000] {logging_mixin.py:188} INFO - [2026-09-29T16:10:27.587+0000] {dag.py:3954} INFO - Setting next_dagrun for produce_json to 2026-09-29 12:00:00+00:00, run_after=2026-09-30 12:00:00+00:00
[2026-09-29T16:10:27.593+0000] {logging_mixin.py:188} INFO - [2026-09-29T16:10:27.593+0000] {dag.py:3954} INFO - Setting next_dagrun for update_db to 2026-09-28 12:00:00+00:00, run_after=2026-09-29 12:00:00+00:00
[2026-09-29T16:10:27.617+0000] {processor.py:183} INFO - Processing /opt/airflow/dags/main.py took 0.461 seconds
[2026-09-29T16:10:58.022+0000] {processor.py:161} INFO - Started process (PID=1785) to work on /opt/airflow/dags/main.py
[2026-09-29T16:10:58.028+0000] {processor.py:830} INFO - Processing file /opt/airflow/dags/main.py for tasks to queue
[2026-09-29T16:10:58.031+0000] {logging_mixin.py:188} INFO - [2026-09-29T16:10:58.031+0000] {dagbag.py:545} INFO - Filling up the DagBag from /opt/airflow/dags/main.py
[2026-09-29T16:10:58.369+0000] {processor.py:840} INFO - DAG(s) 'update_db', 'produce_json', 'data_quality_check' retrieved from /opt/airflow/dags/main.py
[2026-09-29T16:10:58.405+0000] {logging_mixin.py:188} INFO - [2026-09-29T16:10:58.405+0000] {dag.py:3096} INFO - Sync 3 DAGs
[2026-09-29T16:10:58.427+0000] {logging_mixin.py:188} INFO - [2026-09-29T16:10:58.427+0000] {dag.py:3954} INFO - Setting next_dagrun for data_quality_check to 2026-09-28 12:00:00+00:00, run_after=2026-09-29 12:00:00+00:00
[2026-09-29T16:10:58.435+0000] {logging_mixin.py:188} INFO - [2026-09-29T16:10:58.435+0000] {dag.py:3954} INFO - Setting next_dagrun for produce_json to 2026-09-29 12:00:00+00:00, run_after=2026-09-30 12:00:00+00:00
[2026-09-29T16:10:58.440+0000] {logging_mixin.py:188} INFO - [2026-09-29T16:10:58.440+0000] {dag.py:3954} INFO - Setting next_dagrun for update_db to 2026-09-28 12:00:00+00:00, run_after=2026-09-29 12:00:00+00:00
[2026-09-29T16:10:58.460+0000] {processor.py:183} INFO - Processing /opt/airflow/dags/main.py took 0.449 seconds
[2026-09-29T16:11:28.811+0000] {processor.py:161} INFO - Started process (PID=1792) to work on /opt/airflow/dags/main.py
[2026-09-29T16:11:28.814+0000] {processor.py:830} INFO - Processing file /opt/airflow/dags/main.py for tasks to queue
[2026-09-29T16:11:28.818+0000] {logging_mixin.py:188} INFO - [2026-09-29T16:11:28.817+0000] {dagbag.py:545} INFO - Filling up the DagBag from /opt/airflow/dags/main.py
[2026-09-29T16:11:29.129+0000] {processor.py:840} INFO - DAG(s) 'update_db', 'data_quality_check', 'produce_json' retrieved from /opt/airflow/dags/main.py
[2026-09-29T16:11:29.167+0000] {logging_mixin.py:188} INFO - [2026-09-29T16:11:29.167+0000] {dag.py:3096} INFO - Sync 3 DAGs
[2026-09-29T16:11:29.192+0000] {logging_mixin.py:188} INFO - [2026-09-29T16:11:29.192+0000] {dag.py:3954} INFO - Setting next_dagrun for data_quality_check to 2026-09-28 12:00:00+00:00, run_after=2026-09-29 12:00:00+00:00
[2026-09-29T16:11:29.199+0000] {logging_mixin.py:188} INFO - [2026-09-29T16:11:29.199+0000] {dag.py:3954} INFO - Setting next_dagrun for produce_json to 2026-09-29 12:00:00+00:00, run_after=2026-09-30 12:00:00+00:00
[2026-09-29T16:11:29.204+0000] {logging_mixin.py:188} INFO - [2026-09-29T16:11:29.204+0000] {dag.py:3954} INFO - Setting next_dagrun for update_db to 2026-09-28 12:00:00+00:00, run_after=2026-09-29 12:00:00+00:00
[2026-09-29T16:11:29.229+0000] {processor.py:183} INFO - Processing /opt/airflow/dags/main.py took 0.424 seconds
[2026-09-29T16:11:59.592+0000] {processor.py:161} INFO - Started process (PID=1799) to work on /opt/airflow/dags/main.py
[2026-09-29T16:11:59.595+0000] {processor.py:830} INFO - Processing file /opt/airflow/dags/main.py for tasks to queue
[2026-09-29T16:11:59.597+0000] {logging_mixin.py:188} INFO - [2026-09-29T16:11:59.597+0000] {dagbag.py:545} INFO - Filling up the DagBag from /opt/airflow/dags/main.py
[2026-09-29T16:11:59.921+0000] {processor.py:840} INFO - DAG(s) 'update_db', 'data_quality_check', 'produce_json' retrieved from /opt/airflow/dags/main.py
[2026-09-29T16:11:59.994+0000] {logging_mixin.py:188} INFO - [2026-09-29T16:11:59.994+0000] {dag.py:3096} INFO - Sync 3 DAGs
[2026-09-29T16:12:00.054+0000] {logging_mixin.py:188} INFO - [2026-09-29T16:12:00.053+0000] {dag.py:3954} INFO - Setting next_dagrun for data_quality_check to 2026-09-28 12:00:00+00:00, run_after=2026-09-29 12:00:00+00:00
[2026-09-29T16:12:00.065+0000] {logging_mixin.py:188} INFO - [2026-09-29T16:12:00.065+0000] {dag.py:3954} INFO - Setting next_dagrun for produce_json to 2026-09-29 12:00:00+00:00, run_after=2026-09-30 12:00:00+00:00
[2026-09-29T16:12:00.072+0000] {logging_mixin.py:188} INFO - [2026-09-29T16:12:00.071+0000] {dag.py:3954} INFO - Setting next_dagrun for update_db to 2026-09-28 12:00:00+00:00, run_after=2026-09-29 12:00:00+00:00
[2026-09-29T16:12:00.110+0000] {processor.py:183} INFO - Processing /opt/airflow/dags/main.py took 0.523 seconds
[2026-09-29T16:12:30.578+0000] {processor.py:161} INFO - Started process (PID=1806) to work on /opt/airflow/dags/main.py
[2026-09-29T16:12:30.581+0000] {processor.py:830} INFO - Processing file /opt/airflow/dags/main.py for tasks to queue
[2026-09-29T16:12:30.584+0000] {logging_mixin.py:188} INFO - [2026-09-29T16:12:30.583+0000] {dagbag.py:545} INFO - Filling up the DagBag from /opt/airflow/dags/main.py
[2026-09-29T16:12:30.900+0000] {processor.py:840} INFO - DAG(s) 'data_quality_check', 'update_db', 'produce_json' retrieved from /opt/airflow/dags/main.py
[2026-09-29T16:12:31.010+0000] {logging_mixin.py:188} INFO - [2026-09-29T16:12:31.009+0000] {dag.py:3096} INFO - Sync 3 DAGs
[2026-09-29T16:12:31.052+0000] {logging_mixin.py:188} INFO - [2026-09-29T16:12:31.052+0000] {dag.py:3954} INFO - Setting next_dagrun for data_quality_check to 2026-09-28 12:00:00+00:00, run_after=2026-09-29 12:00:00+00:00
[2026-09-29T16:12:31.062+0000] {logging_mixin.py:188} INFO - [2026-09-29T16:12:31.062+0000] {dag.py:3954} INFO - Setting next_dagrun for produce_json to 2026-09-29 12:00:00+00:00, run_after=2026-09-30 12:00:00+00:00
[2026-09-29T16:12:31.070+0000] {logging_mixin.py:188} INFO - [2026-09-29T16:12:31.070+0000] {dag.py:3954} INFO - Setting next_dagrun for update_db to 2026-09-28 12:00:00+00:00, run_after=2026-09-29 12:00:00+00:00
[2026-09-29T16:12:31.109+0000] {processor.py:183} INFO - Processing /opt/airflow/dags/main.py took 0.541 seconds
[2026-09-29T16:13:01.467+0000] {processor.py:161} INFO - Started process (PID=1813) to work on /opt/airflow/dags/main.py
[2026-09-29T16:13:01.472+0000] {processor.py:830} INFO - Processing file /opt/airflow/dags/main.py for tasks to queue
[2026-09-29T16:13:01.477+0000] {logging_mixin.py:188} INFO - [2026-09-29T16:13:01.476+0000] {dagbag.py:545} INFO - Filling up the DagBag from /opt/airflow/dags/main.py
[2026-09-29T16:13:01.829+0000] {processor.py:840} INFO - DAG(s) 'produce_json', 'update_db', 'data_quality_check' retrieved from /opt/airflow/dags/main.py
[2026-09-29T16:13:01.880+0000] {logging_mixin.py:188} INFO - [2026-09-29T16:13:01.879+0000] {dag.py:3096} INFO - Sync 3 DAGs
[2026-09-29T16:13:01.917+0000] {logging_mixin.py:188} INFO - [2026-09-29T16:13:01.917+0000] {dag.py:3954} INFO - Setting next_dagrun for data_quality_check to 2026-09-28 12:00:00+00:00, run_after=2026-09-29 12:00:00+00:00
[2026-09-29T16:13:01.926+0000] {logging_mixin.py:188} INFO - [2026-09-29T16:13:01.926+0000] {dag.py:3954} INFO - Setting next_dagrun for produce_json to 2026-09-29 12:00:00+00:00, run_after=2026-09-30 12:00:00+00:00
[2026-09-29T16:13:01.932+0000] {logging_mixin.py:188} INFO - [2026-09-29T16:13:01.931+0000] {dag.py:3954} INFO - Setting next_dagrun for update_db to 2026-09-28 12:00:00+00:00, run_after=2026-09-29 12:00:00+00:00
[2026-09-29T16:13:01.968+0000] {processor.py:183} INFO - Processing /opt/airflow/dags/main.py took 0.511 seconds
[2026-09-29T16:13:32.315+0000] {processor.py:161} INFO - Started process (PID=1820) to work on /opt/airflow/dags/main.py
[2026-09-29T16:13:32.318+0000] {processor.py:830} INFO - Processing file /opt/airflow/dags/main.py for tasks to queue
[2026-09-29T16:13:32.320+0000] {logging_mixin.py:188} INFO - [2026-09-29T16:13:32.320+0000] {dagbag.py:545} INFO - Filling up the DagBag from /opt/airflow/dags/main.py
[2026-09-29T16:13:32.603+0000] {processor.py:840} INFO - DAG(s) 'produce_json', 'data_quality_check', 'update_db' retrieved from /opt/airflow/dags/main.py
[2026-09-29T16:13:32.654+0000] {logging_mixin.py:188} INFO - [2026-09-29T16:13:32.654+0000] {dag.py:3096} INFO - Sync 3 DAGs
[2026-09-29T16:13:32.682+0000] {logging_mixin.py:188} INFO - [2026-09-29T16:13:32.682+0000] {dag.py:3954} INFO - Setting next_dagrun for data_quality_check to 2026-09-28 12:00:00+00:00, run_after=2026-09-29 12:00:00+00:00
[2026-09-29T16:13:32.689+0000] {logging_mixin.py:188} INFO - [2026-09-29T16:13:32.688+0000] {dag.py:3954} INFO - Setting next_dagrun for produce_json to 2026-09-29 12:00:00+00:00, run_after=2026-09-30 12:00:00+00:00
[2026-09-29T16:13:32.694+0000] {logging_mixin.py:188} INFO - [2026-09-29T16:13:32.693+0000] {dag.py:3954} INFO - Setting next_dagrun for update_db to 2026-09-28 12:00:00+00:00, run_after=2026-09-29 12:00:00+00:00
[2026-09-29T16:13:32.720+0000] {processor.py:183} INFO - Processing /opt/airflow/dags/main.py took 0.411 seconds
[2026-09-29T16:14:03.092+0000] {processor.py:161} INFO - Started process (PID=1827) to work on /opt/airflow/dags/main.py
[2026-09-29T16:14:03.098+0000] {processor.py:830} INFO - Processing file /opt/airflow/dags/main.py for tasks to queue
[2026-09-29T16:14:03.103+0000] {logging_mixin.py:188} INFO - [2026-09-29T16:14:03.102+0000] {dagbag.py:545} INFO - Filling up the DagBag from /opt/airflow/dags/main.py
[2026-09-29T16:14:03.445+0000] {processor.py:840} INFO - DAG(s) 'update_db', 'produce_json', 'data_quality_check' retrieved from /opt/airflow/dags/main.py
[2026-09-29T16:14:03.522+0000] {logging_mixin.py:188} INFO - [2026-09-29T16:14:03.521+0000] {dag.py:3096} INFO - Sync 3 DAGs
[2026-09-29T16:14:03.599+0000] {logging_mixin.py:188} INFO - [2026-09-29T16:14:03.598+0000] {dag.py:3954} INFO - Setting next_dagrun for data_quality_check to 2026-09-28 12:00:00+00:00, run_after=2026-09-29 12:00:00+00:00
[2026-09-29T16:14:03.616+0000] {logging_mixin.py:188} INFO - [2026-09-29T16:14:03.615+0000] {dag.py:3954} INFO - Setting next_dagrun for produce_json to 2026-09-29 12:00:00+00:00, run_after=2026-09-30 12:00:00+00:00
[2026-09-29T16:14:03.624+0000] {logging_mixin.py:188} INFO - [2026-09-29T16:14:03.624+0000] {dag.py:3954} INFO - Setting next_dagrun for update_db to 2026-09-28 12:00:00+00:00, run_after=2026-09-29 12:00:00+00:00
[2026-09-29T16:14:03.683+0000] {processor.py:183} INFO - Processing /opt/airflow/dags/main.py took 0.619 seconds
[2026-09-29T16:14:33.989+0000] {processor.py:161} INFO - Started process (PID=1834) to work on /opt/airflow/dags/main.py
[2026-09-29T16:14:33.994+0000] {processor.py:830} INFO - Processing file /opt/airflow/dags/main.py for tasks to queue
[2026-09-29T16:14:33.999+0000] {logging_mixin.py:188} INFO - [2026-09-29T16:14:33.998+0000] {dagbag.py:545} INFO - Filling up the DagBag from /opt/airflow/dags/main.py
[2026-09-29T16:14:34.400+0000] {processor.py:840} INFO - DAG(s) 'update_db', 'produce_json', 'data_quality_check' retrieved from /opt/airflow/dags/main.py
[2026-09-29T16:14:34.457+0000] {logging_mixin.py:188} INFO - [2026-09-29T16:14:34.456+0000] {dag.py:3096} INFO - Sync 3 DAGs
[2026-09-29T16:14:34.503+0000] {logging_mixin.py:188} INFO - [2026-09-29T16:14:34.501+0000] {dag.py:3954} INFO - Setting next_dagrun for data_quality_check to 2026-09-28 12:00:00+00:00, run_after=2026-09-29 12:00:00+00:00
[2026-09-29T16:14:34.514+0000] {logging_mixin.py:188} INFO - [2026-09-29T16:14:34.513+0000] {dag.py:3954} INFO - Setting next_dagrun for produce_json to 2026-09-29 12:00:00+00:00, run_after=2026-09-30 12:00:00+00:00
[2026-09-29T16:14:34.521+0000] {logging_mixin.py:188} INFO - [2026-09-29T16:14:34.521+0000] {dag.py:3954} INFO - Setting next_dagrun for update_db to 2026-09-28 12:00:00+00:00, run_after=2026-09-29 12:00:00+00:00
[2026-09-29T16:14:34.564+0000] {processor.py:183} INFO - Processing /opt/airflow/dags/main.py took 0.590 seconds
[2026-09-29T16:15:04.955+0000] {processor.py:161} INFO - Started process (PID=1841) to work on /opt/airflow/dags/main.py
[2026-09-29T16:15:04.958+0000] {processor.py:830} INFO - Processing file /opt/airflow/dags/main.py for tasks to queue
[2026-09-29T16:15:04.961+0000] {logging_mixin.py:188} INFO - [2026-09-29T16:15:04.961+0000] {dagbag.py:545} INFO - Filling up the DagBag from /opt/airflow/dags/main.py
[2026-09-29T16:15:05.308+0000] {processor.py:840} INFO - DAG(s) 'update_db', 'produce_json', 'data_quality_check' retrieved from /opt/airflow/dags/main.py
[2026-09-29T16:15:05.351+0000] {logging_mixin.py:188} INFO - [2026-09-29T16:15:05.350+0000] {dag.py:3096} INFO - Sync 3 DAGs
[2026-09-29T16:15:05.380+0000] {logging_mixin.py:188} INFO - [2026-09-29T16:15:05.380+0000] {dag.py:3954} INFO - Setting next_dagrun for data_quality_check to 2026-09-28 12:00:00+00:00, run_after=2026-09-29 12:00:00+00:00
[2026-09-29T16:15:05.387+0000] {logging_mixin.py:188} INFO - [2026-09-29T16:15:05.387+0000] {dag.py:3954} INFO - Setting next_dagrun for produce_json to 2026-09-29 12:00:00+00:00, run_after=2026-09-30 12:00:00+00:00
[2026-09-29T16:15:05.392+0000] {logging_mixin.py:188} INFO - [2026-09-29T16:15:05.392+0000] {dag.py:3954} INFO - Setting next_dagrun for update_db to 2026-09-28 12:00:00+00:00, run_after=2026-09-29 12:00:00+00:00
[2026-09-29T16:15:05.415+0000] {processor.py:183} INFO - Processing /opt/airflow/dags/main.py took 0.467 seconds
[2026-09-29T16:15:35.615+0000] {processor.py:161} INFO - Started process (PID=1848) to work on /opt/airflow/dags/main.py
[2026-09-29T16:15:35.619+0000] {processor.py:830} INFO - Processing file /opt/airflow/dags/main.py for tasks to queue
[2026-09-29T16:15:35.623+0000] {logging_mixin.py:188} INFO - [2026-09-29T16:15:35.622+0000] {dagbag.py:545} INFO - Filling up the DagBag from /opt/airflow/dags/main.py
[2026-09-29T16:15:35.929+0000] {processor.py:840} INFO - DAG(s) 'update_db', 'data_quality_check', 'produce_json' retrieved from /opt/airflow/dags/main.py
[2026-09-29T16:15:35.974+0000] {logging_mixin.py:188} INFO - [2026-09-29T16:15:35.974+0000] {dag.py:3096} INFO - Sync 3 DAGs
[2026-09-29T16:15:36.002+0000] {logging_mixin.py:188} INFO - [2026-09-29T16:15:36.001+0000] {dag.py:3954} INFO - Setting next_dagrun for data_quality_check to 2026-09-28 12:00:00+00:00, run_after=2026-09-29 12:00:00+00:00
[2026-09-29T16:15:36.008+0000] {logging_mixin.py:188} INFO - [2026-09-29T16:15:36.008+0000] {dag.py:3954} INFO - Setting next_dagrun for produce_json to 2026-09-29 12:00:00+00:00, run_after=2026-09-30 12:00:00+00:00
[2026-09-29T16:15:36.014+0000] {logging_mixin.py:188} INFO - [2026-09-29T16:15:36.013+0000] {dag.py:3954} INFO - Setting next_dagrun for update_db to 2026-09-28 12:00:00+00:00, run_after=2026-09-29 12:00:00+00:00
[2026-09-29T16:15:36.041+0000] {processor.py:183} INFO - Processing /opt/airflow/dags/main.py took 0.434 seconds
[2026-09-29T16:16:07.038+0000] {processor.py:161} INFO - Started process (PID=1855) to work on /opt/airflow/dags/main.py
[2026-09-29T16:16:07.040+0000] {processor.py:830} INFO - Processing file /opt/airflow/dags/main.py for tasks to queue
[2026-09-29T16:16:07.043+0000] {logging_mixin.py:188} INFO - [2026-09-29T16:16:07.043+0000] {dagbag.py:545} INFO - Filling up the DagBag from /opt/airflow/dags/main.py
[2026-09-29T16:16:07.341+0000] {processor.py:840} INFO - DAG(s) 'data_quality_check', 'update_db', 'produce_json' retrieved from /opt/airflow/dags/main.py
[2026-09-29T16:16:07.379+0000] {logging_mixin.py:188} INFO - [2026-09-29T16:16:07.379+0000] {dag.py:3096} INFO - Sync 3 DAGs
[2026-09-29T16:16:07.400+0000] {logging_mixin.py:188} INFO - [2026-09-29T16:16:07.400+0000] {dag.py:3954} INFO - Setting next_dagrun for data_quality_check to 2026-09-28 12:00:00+00:00, run_after=2026-09-29 12:00:00+00:00
[2026-09-29T16:16:07.406+0000] {logging_mixin.py:188} INFO - [2026-09-29T16:16:07.406+0000] {dag.py:3954} INFO - Setting next_dagrun for produce_json to 2026-09-29 12:00:00+00:00, run_after=2026-09-30 12:00:00+00:00
[2026-09-29T16:16:07.410+0000] {logging_mixin.py:188} INFO - [2026-09-29T16:16:07.410+0000] {dag.py:3954} INFO - Setting next_dagrun for update_db to 2026-09-28 12:00:00+00:00, run_after=2026-09-29 12:00:00+00:00
[2026-09-29T16:16:07.431+0000] {processor.py:183} INFO - Processing /opt/airflow/dags/main.py took 0.400 seconds
[2026-09-29T16:16:37.815+0000] {processor.py:161} INFO - Started process (PID=1862) to work on /opt/airflow/dags/main.py
[2026-09-29T16:16:37.818+0000] {processor.py:830} INFO - Processing file /opt/airflow/dags/main.py for tasks to queue
[2026-09-29T16:16:37.821+0000] {logging_mixin.py:188} INFO - [2026-09-29T16:16:37.820+0000] {dagbag.py:545} INFO - Filling up the DagBag from /opt/airflow/dags/main.py
[2026-09-29T16:16:38.122+0000] {processor.py:840} INFO - DAG(s) 'data_quality_check', 'update_db', 'produce_json' retrieved from /opt/airflow/dags/main.py
[2026-09-29T16:16:38.207+0000] {logging_mixin.py:188} INFO - [2026-09-29T16:16:38.207+0000] {dag.py:3096} INFO - Sync 3 DAGs
[2026-09-29T16:16:38.266+0000] {logging_mixin.py:188} INFO - [2026-09-29T16:16:38.266+0000] {dag.py:3954} INFO - Setting next_dagrun for data_quality_check to 2026-09-28 12:00:00+00:00, run_after=2026-09-29 12:00:00+00:00
[2026-09-29T16:16:38.286+0000] {logging_mixin.py:188} INFO - [2026-09-29T16:16:38.285+0000] {dag.py:3954} INFO - Setting next_dagrun for produce_json to 2026-09-29 12:00:00+00:00, run_after=2026-09-30 12:00:00+00:00
[2026-09-29T16:16:38.299+0000] {logging_mixin.py:188} INFO - [2026-09-29T16:16:38.299+0000] {dag.py:3954} INFO - Setting next_dagrun for update_db to 2026-09-28 12:00:00+00:00, run_after=2026-09-29 12:00:00+00:00
[2026-09-29T16:16:38.348+0000] {processor.py:183} INFO - Processing /opt/airflow/dags/main.py took 0.542 seconds
[2026-09-29T16:17:08.711+0000] {processor.py:161} INFO - Started process (PID=1869) to work on /opt/airflow/dags/main.py
[2026-09-29T16:17:08.716+0000] {processor.py:830} INFO - Processing file /opt/airflow/dags/main.py for tasks to queue
[2026-09-29T16:17:08.719+0000] {logging_mixin.py:188} INFO - [2026-09-29T16:17:08.719+0000] {dagbag.py:545} INFO - Filling up the DagBag from /opt/airflow/dags/main.py
[2026-09-29T16:17:09.006+0000] {processor.py:840} INFO - DAG(s) 'data_quality_check', 'produce_json', 'update_db' retrieved from /opt/airflow/dags/main.py
[2026-09-29T16:17:09.064+0000] {logging_mixin.py:188} INFO - [2026-09-29T16:17:09.064+0000] {dag.py:3096} INFO - Sync 3 DAGs
[2026-09-29T16:17:09.102+0000] {logging_mixin.py:188} INFO - [2026-09-29T16:17:09.101+0000] {dag.py:3954} INFO - Setting next_dagrun for data_quality_check to 2026-09-28 12:00:00+00:00, run_after=2026-09-29 12:00:00+00:00
[2026-09-29T16:17:09.112+0000] {logging_mixin.py:188} INFO - [2026-09-29T16:17:09.112+0000] {dag.py:3954} INFO - Setting next_dagrun for produce_json to 2026-09-29 12:00:00+00:00, run_after=2026-09-30 12:00:00+00:00
[2026-09-29T16:17:09.119+0000] {logging_mixin.py:188} INFO - [2026-09-29T16:17:09.119+0000] {dag.py:3954} INFO - Setting next_dagrun for update_db to 2026-09-28 12:00:00+00:00, run_after=2026-09-29 12:00:00+00:00
[2026-09-29T16:17:09.160+0000] {processor.py:183} INFO - Processing /opt/airflow/dags/main.py took 0.468 seconds
[2026-09-29T16:17:39.533+0000] {processor.py:161} INFO - Started process (PID=1876) to work on /opt/airflow/dags/main.py
[2026-09-29T16:17:39.536+0000] {processor.py:830} INFO - Processing file /opt/airflow/dags/main.py for tasks to queue
[2026-09-29T16:17:39.538+0000] {logging_mixin.py:188} INFO - [2026-09-29T16:17:39.538+0000] {dagbag.py:545} INFO - Filling up the DagBag from /opt/airflow/dags/main.py
[2026-09-29T16:17:39.851+0000] {processor.py:840} INFO - DAG(s) 'data_quality_check', 'produce_json', 'update_db' retrieved from /opt/airflow/dags/main.py
[2026-09-29T16:17:39.884+0000] {logging_mixin.py:188} INFO - [2026-09-29T16:17:39.884+0000] {dag.py:3096} INFO - Sync 3 DAGs
[2026-09-29T16:17:39.903+0000] {logging_mixin.py:188} INFO - [2026-09-29T16:17:39.903+0000] {dag.py:3954} INFO - Setting next_dagrun for data_quality_check to 2026-09-28 12:00:00+00:00, run_after=2026-09-29 12:00:00+00:00
[2026-09-29T16:17:39.910+0000] {logging_mixin.py:188} INFO - [2026-09-29T16:17:39.909+0000] {dag.py:3954} INFO - Setting next_dagrun for produce_json to 2026-09-29 12:00:00+00:00, run_after=2026-09-30 12:00:00+00:00
[2026-09-29T16:17:39.914+0000] {logging_mixin.py:188} INFO - [2026-09-29T16:17:39.914+0000] {dag.py:3954} INFO - Setting next_dagrun for update_db to 2026-09-28 12:00:00+00:00, run_after=2026-09-29 12:00:00+00:00
[2026-09-29T16:17:39.934+0000] {processor.py:183} INFO - Processing /opt/airflow/dags/main.py took 0.407 seconds
[2026-09-29T16:18:10.253+0000] {processor.py:161} INFO - Started process (PID=1883) to work on /opt/airflow/dags/main.py
[2026-09-29T16:18:10.255+0000] {processor.py:830} INFO - Processing file /opt/airflow/dags/main.py for tasks to queue
[2026-09-29T16:18:10.257+0000] {logging_mixin.py:188} INFO - [2026-09-29T16:18:10.257+0000] {dagbag.py:545} INFO - Filling up the DagBag from /opt/airflow/dags/main.py
[2026-09-29T16:18:10.551+0000] {processor.py:840} INFO - DAG(s) 'produce_json', 'data_quality_check', 'update_db' retrieved from /opt/airflow/dags/main.py
[2026-09-29T16:18:10.583+0000] {logging_mixin.py:188} INFO - [2026-09-29T16:18:10.583+0000] {dag.py:3096} INFO - Sync 3 DAGs
[2026-09-29T16:18:10.604+0000] {logging_mixin.py:188} INFO - [2026-09-29T16:18:10.604+0000] {dag.py:3954} INFO - Setting next_dagrun for data_quality_check to 2026-09-28 12:00:00+00:00, run_after=2026-09-29 12:00:00+00:00
[2026-09-29T16:18:10.611+0000] {logging_mixin.py:188} INFO - [2026-09-29T16:18:10.611+0000] {dag.py:3954} INFO - Setting next_dagrun for produce_json to 2026-09-29 12:00:00+00:00, run_after=2026-09-30 12:00:00+00:00
[2026-09-29T16:18:10.615+0000] {logging_mixin.py:188} INFO - [2026-09-29T16:18:10.615+0000] {dag.py:3954} INFO - Setting next_dagrun for update_db to 2026-09-28 12:00:00+00:00, run_after=2026-09-29 12:00:00+00:00
[2026-09-29T16:18:10.636+0000] {processor.py:183} INFO - Processing /opt/airflow/dags/main.py took 0.389 seconds
[2026-09-29T16:18:40.957+0000] {processor.py:161} INFO - Started process (PID=1890) to work on /opt/airflow/dags/main.py
[2026-09-29T16:18:40.960+0000] {processor.py:830} INFO - Processing file /opt/airflow/dags/main.py for tasks to queue
[2026-09-29T16:18:40.962+0000] {logging_mixin.py:188} INFO - [2026-09-29T16:18:40.961+0000] {dagbag.py:545} INFO - Filling up the DagBag from /opt/airflow/dags/main.py
[2026-09-29T16:18:41.371+0000] {processor.py:840} INFO - DAG(s) 'data_quality_check', 'update_db', 'produce_json' retrieved from /opt/airflow/dags/main.py
[2026-09-29T16:18:41.451+0000] {logging_mixin.py:188} INFO - [2026-09-29T16:18:41.451+0000] {dag.py:3096} INFO - Sync 3 DAGs
[2026-09-29T16:18:41.490+0000] {logging_mixin.py:188} INFO - [2026-09-29T16:18:41.490+0000] {dag.py:3954} INFO - Setting next_dagrun for data_quality_check to 2026-09-28 12:00:00+00:00, run_after=2026-09-29 12:00:00+00:00
[2026-09-29T16:18:41.499+0000] {logging_mixin.py:188} INFO - [2026-09-29T16:18:41.499+0000] {dag.py:3954} INFO - Setting next_dagrun for produce_json to 2026-09-29 12:00:00+00:00, run_after=2026-09-30 12:00:00+00:00
[2026-09-29T16:18:41.505+0000] {logging_mixin.py:188} INFO - [2026-09-29T16:18:41.505+0000] {dag.py:3954} INFO - Setting next_dagrun for update_db to 2026-09-28 12:00:00+00:00, run_after=2026-09-29 12:00:00+00:00
[2026-09-29T16:18:41.531+0000] {processor.py:183} INFO - Processing /opt/airflow/dags/main.py took 0.581 seconds
[2026-09-29T16:19:11.832+0000] {processor.py:161} INFO - Started process (PID=1897) to work on /opt/airflow/dags/main.py
[2026-09-29T16:19:11.836+0000] {processor.py:830} INFO - Processing file /opt/airflow/dags/main.py for tasks to queue
[2026-09-29T16:19:11.840+0000] {logging_mixin.py:188} INFO - [2026-09-29T16:19:11.840+0000] {dagbag.py:545} INFO - Filling up the DagBag from /opt/airflow/dags/main.py
[2026-09-29T16:19:12.160+0000] {processor.py:840} INFO - DAG(s) 'produce_json', 'update_db', 'data_quality_check' retrieved from /opt/airflow/dags/main.py
[2026-09-29T16:19:12.211+0000] {logging_mixin.py:188} INFO - [2026-09-29T16:19:12.211+0000] {dag.py:3096} INFO - Sync 3 DAGs
[2026-09-29T16:19:12.246+0000] {logging_mixin.py:188} INFO - [2026-09-29T16:19:12.246+0000] {dag.py:3954} INFO - Setting next_dagrun for data_quality_check to 2026-09-28 12:00:00+00:00, run_after=2026-09-29 12:00:00+00:00
[2026-09-29T16:19:12.254+0000] {logging_mixin.py:188} INFO - [2026-09-29T16:19:12.254+0000] {dag.py:3954} INFO - Setting next_dagrun for produce_json to 2026-09-29 12:00:00+00:00, run_after=2026-09-30 12:00:00+00:00
[2026-09-29T16:19:12.262+0000] {logging_mixin.py:188} INFO - [2026-09-29T16:19:12.261+0000] {dag.py:3954} INFO - Setting next_dagrun for update_db to 2026-09-28 12:00:00+00:00, run_after=2026-09-29 12:00:00+00:00
[2026-09-29T16:19:12.293+0000] {processor.py:183} INFO - Processing /opt/airflow/dags/main.py took 0.468 seconds
[2026-09-29T16:19:42.667+0000] {processor.py:161} INFO - Started process (PID=1904) to work on /opt/airflow/dags/main.py
[2026-09-29T16:19:42.670+0000] {processor.py:830} INFO - Processing file /opt/airflow/dags/main.py for tasks to queue
[2026-09-29T16:19:42.672+0000] {logging_mixin.py:188} INFO - [2026-09-29T16:19:42.672+0000] {dagbag.py:545} INFO - Filling up the DagBag from /opt/airflow/dags/main.py
[2026-09-29T16:19:42.953+0000] {processor.py:840} INFO - DAG(s) 'produce_json', 'update_db', 'data_quality_check' retrieved from /opt/airflow/dags/main.py
[2026-09-29T16:19:42.985+0000] {logging_mixin.py:188} INFO - [2026-09-29T16:19:42.985+0000] {dag.py:3096} INFO - Sync 3 DAGs
[2026-09-29T16:19:43.009+0000] {logging_mixin.py:188} INFO - [2026-09-29T16:19:43.009+0000] {dag.py:3954} INFO - Setting next_dagrun for data_quality_check to 2026-09-29 12:00:00+00:00, run_after=2026-09-30 12:00:00+00:00
[2026-09-29T16:19:43.015+0000] {logging_mixin.py:188} INFO - [2026-09-29T16:19:43.015+0000] {dag.py:3954} INFO - Setting next_dagrun for produce_json to 2026-09-29 12:00:00+00:00, run_after=2026-09-30 12:00:00+00:00
[2026-09-29T16:19:43.020+0000] {logging_mixin.py:188} INFO - [2026-09-29T16:19:43.020+0000] {dag.py:3954} INFO - Setting next_dagrun for update_db to 2026-09-29 12:00:00+00:00, run_after=2026-09-30 12:00:00+00:00
[2026-09-29T16:19:43.043+0000] {processor.py:183} INFO - Processing /opt/airflow/dags/main.py took 0.385 seconds
[2026-09-29T16:20:13.475+0000] {processor.py:161} INFO - Started process (PID=1911) to work on /opt/airflow/dags/main.py
[2026-09-29T16:20:13.479+0000] {processor.py:830} INFO - Processing file /opt/airflow/dags/main.py for tasks to queue
[2026-09-29T16:20:13.489+0000] {logging_mixin.py:188} INFO - [2026-09-29T16:20:13.488+0000] {dagbag.py:545} INFO - Filling up the DagBag from /opt/airflow/dags/main.py
[2026-09-29T16:20:13.842+0000] {processor.py:840} INFO - DAG(s) 'produce_json', 'update_db', 'data_quality_check' retrieved from /opt/airflow/dags/main.py
[2026-09-29T16:20:13.886+0000] {logging_mixin.py:188} INFO - [2026-09-29T16:20:13.886+0000] {dag.py:3096} INFO - Sync 3 DAGs
[2026-09-29T16:20:13.921+0000] {logging_mixin.py:188} INFO - [2026-09-29T16:20:13.920+0000] {dag.py:3954} INFO - Setting next_dagrun for data_quality_check to 2026-09-29 12:00:00+00:00, run_after=2026-09-30 12:00:00+00:00
[2026-09-29T16:20:13.929+0000] {logging_mixin.py:188} INFO - [2026-09-29T16:20:13.928+0000] {dag.py:3954} INFO - Setting next_dagrun for produce_json to 2026-09-29 12:00:00+00:00, run_after=2026-09-30 12:00:00+00:00
[2026-09-29T16:20:13.934+0000] {logging_mixin.py:188} INFO - [2026-09-29T16:20:13.934+0000] {dag.py:3954} INFO - Setting next_dagrun for update_db to 2026-09-29 12:00:00+00:00, run_after=2026-09-30 12:00:00+00:00
[2026-09-29T16:20:13.961+0000] {processor.py:183} INFO - Processing /opt/airflow/dags/main.py took 0.501 seconds
[2026-09-29T16:20:44.803+0000] {processor.py:161} INFO - Started process (PID=1918) to work on /opt/airflow/dags/main.py
[2026-09-29T16:20:44.806+0000] {processor.py:830} INFO - Processing file /opt/airflow/dags/main.py for tasks to queue
[2026-09-29T16:20:44.809+0000] {logging_mixin.py:188} INFO - [2026-09-29T16:20:44.809+0000] {dagbag.py:545} INFO - Filling up the DagBag from /opt/airflow/dags/main.py
[2026-09-29T16:20:45.112+0000] {processor.py:840} INFO - DAG(s) 'update_db', 'produce_json', 'data_quality_check' retrieved from /opt/airflow/dags/main.py
[2026-09-29T16:20:45.149+0000] {logging_mixin.py:188} INFO - [2026-09-29T16:20:45.149+0000] {dag.py:3096} INFO - Sync 3 DAGs
[2026-09-29T16:20:45.176+0000] {logging_mixin.py:188} INFO - [2026-09-29T16:20:45.175+0000] {dag.py:3954} INFO - Setting next_dagrun for data_quality_check to 2026-09-29 12:00:00+00:00, run_after=2026-09-30 12:00:00+00:00
[2026-09-29T16:20:45.183+0000] {logging_mixin.py:188} INFO - [2026-09-29T16:20:45.183+0000] {dag.py:3954} INFO - Setting next_dagrun for produce_json to 2026-09-29 12:00:00+00:00, run_after=2026-09-30 12:00:00+00:00
[2026-09-29T16:20:45.190+0000] {logging_mixin.py:188} INFO - [2026-09-29T16:20:45.190+0000] {dag.py:3954} INFO - Setting next_dagrun for update_db to 2026-09-29 12:00:00+00:00, run_after=2026-09-30 12:00:00+00:00
[2026-09-29T16:20:45.219+0000] {processor.py:183} INFO - Processing /opt/airflow/dags/main.py took 0.428 seconds
[2026-09-29T16:21:15.559+0000] {processor.py:161} INFO - Started process (PID=1925) to work on /opt/airflow/dags/main.py
[2026-09-29T16:21:15.563+0000] {processor.py:830} INFO - Processing file /opt/airflow/dags/main.py for tasks to queue
[2026-09-29T16:21:15.565+0000] {logging_mixin.py:188} INFO - [2026-09-29T16:21:15.565+0000] {dagbag.py:545} INFO - Filling up the DagBag from /opt/airflow/dags/main.py
[2026-09-29T16:21:15.890+0000] {processor.py:840} INFO - DAG(s) 'produce_json', 'update_db', 'data_quality_check' retrieved from /opt/airflow/dags/main.py
[2026-09-29T16:21:15.930+0000] {logging_mixin.py:188} INFO - [2026-09-29T16:21:15.929+0000] {dag.py:3096} INFO - Sync 3 DAGs
[2026-09-29T16:21:15.955+0000] {logging_mixin.py:188} INFO - [2026-09-29T16:21:15.955+0000] {dag.py:3954} INFO - Setting next_dagrun for data_quality_check to 2026-09-29 12:00:00+00:00, run_after=2026-09-30 12:00:00+00:00
[2026-09-29T16:21:15.964+0000] {logging_mixin.py:188} INFO - [2026-09-29T16:21:15.964+0000] {dag.py:3954} INFO - Setting next_dagrun for produce_json to 2026-09-29 12:00:00+00:00, run_after=2026-09-30 12:00:00+00:00
[2026-09-29T16:21:15.969+0000] {logging_mixin.py:188} INFO - [2026-09-29T16:21:15.969+0000] {dag.py:3954} INFO - Setting next_dagrun for update_db to 2026-09-29 12:00:00+00:00, run_after=2026-09-30 12:00:00+00:00
[2026-09-29T16:21:15.996+0000] {processor.py:183} INFO - Processing /opt/airflow/dags/main.py took 0.443 seconds
[2026-09-29T16:21:35.831+0000] {processor.py:161} INFO - Started process (PID=1932) to work on /opt/airflow/dags/main.py
[2026-09-29T16:21:35.835+0000] {processor.py:830} INFO - Processing file /opt/airflow/dags/main.py for tasks to queue
[2026-09-29T16:21:35.838+0000] {logging_mixin.py:188} INFO - [2026-09-29T16:21:35.837+0000] {dagbag.py:545} INFO - Filling up the DagBag from /opt/airflow/dags/main.py
[2026-09-29T16:21:36.215+0000] {processor.py:840} INFO - DAG(s) 'update_db', 'produce_json', 'data_quality_check' retrieved from /opt/airflow/dags/main.py
[2026-09-29T16:21:36.254+0000] {logging_mixin.py:188} INFO - [2026-09-29T16:21:36.253+0000] {dag.py:3096} INFO - Sync 3 DAGs
[2026-09-29T16:21:36.276+0000] {logging_mixin.py:188} INFO - [2026-09-29T16:21:36.276+0000] {dag.py:3954} INFO - Setting next_dagrun for data_quality_check to 2026-09-29 12:00:00+00:00, run_after=2026-09-30 12:00:00+00:00
[2026-09-29T16:21:36.283+0000] {logging_mixin.py:188} INFO - [2026-09-29T16:21:36.283+0000] {dag.py:3954} INFO - Setting next_dagrun for produce_json to 2026-09-29 12:00:00+00:00, run_after=2026-09-30 12:00:00+00:00
[2026-09-29T16:21:36.288+0000] {logging_mixin.py:188} INFO - [2026-09-29T16:21:36.287+0000] {dag.py:3954} INFO - Setting next_dagrun for update_db to 2026-09-29 12:00:00+00:00, run_after=2026-09-30 12:00:00+00:00
[2026-09-29T16:21:36.317+0000] {processor.py:183} INFO - Processing /opt/airflow/dags/main.py took 0.492 seconds
[2026-09-29T16:21:44.359+0000] {processor.py:161} INFO - Started process (PID=1933) to work on /opt/airflow/dags/main.py
[2026-09-29T16:21:44.363+0000] {processor.py:830} INFO - Processing file /opt/airflow/dags/main.py for tasks to queue
[2026-09-29T16:21:44.365+0000] {logging_mixin.py:188} INFO - [2026-09-29T16:21:44.365+0000] {dagbag.py:545} INFO - Filling up the DagBag from /opt/airflow/dags/main.py
[2026-09-29T16:21:44.434+0000] {logging_mixin.py:188} INFO - [2026-09-29T16:21:44.425+0000] {dagbag.py:355} ERROR - Failed to import: /opt/airflow/dags/main.py
Traceback (most recent call last):
  File "/home/airflow/.local/lib/python3.10/site-packages/airflow/models/dagbag.py", line 351, in parse
    loader.exec_module(new_module)
  File "<frozen importlib._bootstrap_external>", line 879, in exec_module
  File "<frozen importlib._bootstrap_external>", line 1017, in get_code
  File "<frozen importlib._bootstrap_external>", line 947, in source_to_code
  File "<frozen importlib._bootstrap>", line 241, in _call_with_frames_removed
  File "/opt/airflow/dags/main.py", line 6
    from air
            ^
SyntaxError: invalid syntax
[2026-09-29T16:21:44.439+0000] {processor.py:842} WARNING - No viable dags retrieved from /opt/airflow/dags/main.py
[2026-09-29T16:21:44.479+0000] {processor.py:183} INFO - Processing /opt/airflow/dags/main.py took 0.129 seconds
[2026-09-29T16:21:49.516+0000] {processor.py:161} INFO - Started process (PID=1940) to work on /opt/airflow/dags/main.py
[2026-09-29T16:21:49.518+0000] {processor.py:830} INFO - Processing file /opt/airflow/dags/main.py for tasks to queue
[2026-09-29T16:21:49.520+0000] {logging_mixin.py:188} INFO - [2026-09-29T16:21:49.520+0000] {dagbag.py:545} INFO - Filling up the DagBag from /opt/airflow/dags/main.py
[2026-09-29T16:21:49.561+0000] {logging_mixin.py:188} INFO - [2026-09-29T16:21:49.560+0000] {dagbag.py:355} ERROR - Failed to import: /opt/airflow/dags/main.py
Traceback (most recent call last):
  File "/home/airflow/.local/lib/python3.10/site-packages/airflow/models/dagbag.py", line 351, in parse
    loader.exec_module(new_module)
  File "<frozen importlib._bootstrap_external>", line 879, in exec_module
  File "<frozen importlib._bootstrap_external>", line 1017, in get_code
  File "<frozen importlib._bootstrap_external>", line 947, in source_to_code
  File "<frozen importlib._bootstrap>", line 241, in _call_with_frames_removed
  File "/opt/airflow/dags/main.py", line 6
    from airflow.operator
                         ^
SyntaxError: invalid syntax
[2026-09-29T16:21:49.562+0000] {processor.py:842} WARNING - No viable dags retrieved from /opt/airflow/dags/main.py
[2026-09-29T16:21:49.580+0000] {processor.py:183} INFO - Processing /opt/airflow/dags/main.py took 0.070 seconds
[2026-09-29T16:21:53.647+0000] {processor.py:161} INFO - Started process (PID=1941) to work on /opt/airflow/dags/main.py
[2026-09-29T16:21:53.649+0000] {processor.py:830} INFO - Processing file /opt/airflow/dags/main.py for tasks to queue
[2026-09-29T16:21:53.652+0000] {logging_mixin.py:188} INFO - [2026-09-29T16:21:53.651+0000] {dagbag.py:545} INFO - Filling up the DagBag from /opt/airflow/dags/main.py
[2026-09-29T16:21:53.696+0000] {logging_mixin.py:188} INFO - [2026-09-29T16:21:53.695+0000] {dagbag.py:355} ERROR - Failed to import: /opt/airflow/dags/main.py
Traceback (most recent call last):
  File "/home/airflow/.local/lib/python3.10/site-packages/airflow/models/dagbag.py", line 351, in parse
    loader.exec_module(new_module)
  File "<frozen importlib._bootstrap_external>", line 879, in exec_module
  File "<frozen importlib._bootstrap_external>", line 1017, in get_code
  File "<frozen importlib._bootstrap_external>", line 947, in source_to_code
  File "<frozen importlib._bootstrap>", line 241, in _call_with_frames_removed
  File "/opt/airflow/dags/main.py", line 6
    from airflow.operators.trigger
                                  ^
SyntaxError: invalid syntax
[2026-09-29T16:21:53.698+0000] {processor.py:842} WARNING - No viable dags retrieved from /opt/airflow/dags/main.py
[2026-09-29T16:21:53.720+0000] {processor.py:183} INFO - Processing /opt/airflow/dags/main.py took 0.079 seconds
[2026-09-29T16:21:57.780+0000] {processor.py:161} INFO - Started process (PID=1942) to work on /opt/airflow/dags/main.py
[2026-09-29T16:21:57.786+0000] {processor.py:830} INFO - Processing file /opt/airflow/dags/main.py for tasks to queue
[2026-09-29T16:21:57.790+0000] {logging_mixin.py:188} INFO - [2026-09-29T16:21:57.789+0000] {dagbag.py:545} INFO - Filling up the DagBag from /opt/airflow/dags/main.py
[2026-09-29T16:21:57.856+0000] {logging_mixin.py:188} INFO - [2026-09-29T16:21:57.851+0000] {dagbag.py:355} ERROR - Failed to import: /opt/airflow/dags/main.py
Traceback (most recent call last):
  File "/home/airflow/.local/lib/python3.10/site-packages/airflow/models/dagbag.py", line 351, in parse
    loader.exec_module(new_module)
  File "<frozen importlib._bootstrap_external>", line 879, in exec_module
  File "<frozen importlib._bootstrap_external>", line 1017, in get_code
  File "<frozen importlib._bootstrap_external>", line 947, in source_to_code
  File "<frozen importlib._bootstrap>", line 241, in _call_with_frames_removed
  File "/opt/airflow/dags/main.py", line 6
    from airflow.operators.trigger_dag
                                      ^
SyntaxError: invalid syntax
[2026-09-29T16:21:57.860+0000] {processor.py:842} WARNING - No viable dags retrieved from /opt/airflow/dags/main.py
[2026-09-29T16:21:57.961+0000] {processor.py:183} INFO - Processing /opt/airflow/dags/main.py took 0.208 seconds
[2026-09-29T16:21:59.881+0000] {processor.py:161} INFO - Started process (PID=1943) to work on /opt/airflow/dags/main.py
[2026-09-29T16:21:59.884+0000] {processor.py:830} INFO - Processing file /opt/airflow/dags/main.py for tasks to queue
[2026-09-29T16:21:59.889+0000] {logging_mixin.py:188} INFO - [2026-09-29T16:21:59.888+0000] {dagbag.py:545} INFO - Filling up the DagBag from /opt/airflow/dags/main.py
[2026-09-29T16:22:00.008+0000] {logging_mixin.py:188} INFO - [2026-09-29T16:22:00.005+0000] {dagbag.py:355} ERROR - Failed to import: /opt/airflow/dags/main.py
Traceback (most recent call last):
  File "/home/airflow/.local/lib/python3.10/site-packages/airflow/models/dagbag.py", line 351, in parse
    loader.exec_module(new_module)
  File "<frozen importlib._bootstrap_external>", line 879, in exec_module
  File "<frozen importlib._bootstrap_external>", line 1017, in get_code
  File "<frozen importlib._bootstrap_external>", line 947, in source_to_code
  File "<frozen importlib._bootstrap>", line 241, in _call_with_frames_removed
  File "/opt/airflow/dags/main.py", line 6
    from airflow.operators.trigger_dagrun import 
                                                 ^
SyntaxError: invalid syntax
[2026-09-29T16:22:00.013+0000] {processor.py:842} WARNING - No viable dags retrieved from /opt/airflow/dags/main.py
[2026-09-29T16:22:00.086+0000] {processor.py:183} INFO - Processing /opt/airflow/dags/main.py took 0.215 seconds
[2026-09-29T16:22:02.140+0000] {processor.py:161} INFO - Started process (PID=1944) to work on /opt/airflow/dags/main.py
[2026-09-29T16:22:02.143+0000] {processor.py:830} INFO - Processing file /opt/airflow/dags/main.py for tasks to queue
[2026-09-29T16:22:02.145+0000] {logging_mixin.py:188} INFO - [2026-09-29T16:22:02.145+0000] {dagbag.py:545} INFO - Filling up the DagBag from /opt/airflow/dags/main.py
[2026-09-29T16:22:02.422+0000] {logging_mixin.py:188} INFO - [2026-09-29T16:22:02.412+0000] {dagbag.py:355} ERROR - Failed to import: /opt/airflow/dags/main.py
Traceback (most recent call last):
  File "/home/airflow/.local/lib/python3.10/site-packages/airflow/models/dagbag.py", line 351, in parse
    loader.exec_module(new_module)
  File "<frozen importlib._bootstrap_external>", line 883, in exec_module
  File "<frozen importlib._bootstrap>", line 241, in _call_with_frames_removed
  File "/opt/airflow/dags/main.py", line 6, in <module>
    from airflow.operators.trigger_dagrun import Trigger
ImportError: cannot import name 'Trigger' from 'airflow.operators.trigger_dagrun' (/home/airflow/.local/lib/python3.10/site-packages/airflow/operators/trigger_dagrun.py)
[2026-09-29T16:22:02.426+0000] {processor.py:842} WARNING - No viable dags retrieved from /opt/airflow/dags/main.py
[2026-09-29T16:22:02.451+0000] {processor.py:183} INFO - Processing /opt/airflow/dags/main.py took 0.317 seconds
[2026-09-29T16:22:04.188+0000] {processor.py:161} INFO - Started process (PID=1945) to work on /opt/airflow/dags/main.py
[2026-09-29T16:22:04.190+0000] {processor.py:830} INFO - Processing file /opt/airflow/dags/main.py for tasks to queue
[2026-09-29T16:22:04.193+0000] {logging_mixin.py:188} INFO - [2026-09-29T16:22:04.193+0000] {dagbag.py:545} INFO - Filling up the DagBag from /opt/airflow/dags/main.py
[2026-09-29T16:22:04.451+0000] {logging_mixin.py:188} INFO - [2026-09-29T16:22:04.441+0000] {dagbag.py:355} ERROR - Failed to import: /opt/airflow/dags/main.py
Traceback (most recent call last):
  File "/home/airflow/.local/lib/python3.10/site-packages/airflow/models/dagbag.py", line 351, in parse
    loader.exec_module(new_module)
  File "<frozen importlib._bootstrap_external>", line 883, in exec_module
  File "<frozen importlib._bootstrap>", line 241, in _call_with_frames_removed
  File "/opt/airflow/dags/main.py", line 6, in <module>
    from airflow.operators.trigger_dagrun import TriggerDag
ImportError: cannot import name 'TriggerDag' from 'airflow.operators.trigger_dagrun' (/home/airflow/.local/lib/python3.10/site-packages/airflow/operators/trigger_dagrun.py)
[2026-09-29T16:22:04.454+0000] {processor.py:842} WARNING - No viable dags retrieved from /opt/airflow/dags/main.py
[2026-09-29T16:22:04.490+0000] {processor.py:183} INFO - Processing /opt/airflow/dags/main.py took 0.308 seconds
[2026-09-29T16:22:06.576+0000] {processor.py:161} INFO - Started process (PID=1946) to work on /opt/airflow/dags/main.py
[2026-09-29T16:22:06.579+0000] {processor.py:830} INFO - Processing file /opt/airflow/dags/main.py for tasks to queue
[2026-09-29T16:22:06.581+0000] {logging_mixin.py:188} INFO - [2026-09-29T16:22:06.581+0000] {dagbag.py:545} INFO - Filling up the DagBag from /opt/airflow/dags/main.py
[2026-09-29T16:22:06.881+0000] {logging_mixin.py:188} INFO - [2026-09-29T16:22:06.872+0000] {dagbag.py:355} ERROR - Failed to import: /opt/airflow/dags/main.py
Traceback (most recent call last):
  File "/home/airflow/.local/lib/python3.10/site-packages/airflow/models/dagbag.py", line 351, in parse
    loader.exec_module(new_module)
  File "<frozen importlib._bootstrap_external>", line 883, in exec_module
  File "<frozen importlib._bootstrap>", line 241, in _call_with_frames_removed
  File "/opt/airflow/dags/main.py", line 6, in <module>
    from airflow.operators.trigger_dagrun import TriggerDagRun
ImportError: cannot import name 'TriggerDagRun' from 'airflow.operators.trigger_dagrun' (/home/airflow/.local/lib/python3.10/site-packages/airflow/operators/trigger_dagrun.py)
[2026-09-29T16:22:06.885+0000] {processor.py:842} WARNING - No viable dags retrieved from /opt/airflow/dags/main.py
[2026-09-29T16:22:06.904+0000] {processor.py:183} INFO - Processing /opt/airflow/dags/main.py took 0.333 seconds
[2026-09-29T16:22:09.632+0000] {processor.py:161} INFO - Started process (PID=1947) to work on /opt/airflow/dags/main.py
[2026-09-29T16:22:09.634+0000] {processor.py:830} INFO - Processing file /opt/airflow/dags/main.py for tasks to queue
[2026-09-29T16:22:09.636+0000] {logging_mixin.py:188} INFO - [2026-09-29T16:22:09.636+0000] {dagbag.py:545} INFO - Filling up the DagBag from /opt/airflow/dags/main.py
[2026-09-29T16:22:09.916+0000] {logging_mixin.py:188} INFO - [2026-09-29T16:22:09.905+0000] {dagbag.py:355} ERROR - Failed to import: /opt/airflow/dags/main.py
Traceback (most recent call last):
  File "/home/airflow/.local/lib/python3.10/site-packages/airflow/models/dagbag.py", line 351, in parse
    loader.exec_module(new_module)
  File "<frozen importlib._bootstrap_external>", line 883, in exec_module
  File "<frozen importlib._bootstrap>", line 241, in _call_with_frames_removed
  File "/opt/airflow/dags/main.py", line 6, in <module>
    from airflow.operators.trigger_dagrun import TriggerDagRunOpera
ImportError: cannot import name 'TriggerDagRunOpera' from 'airflow.operators.trigger_dagrun' (/home/airflow/.local/lib/python3.10/site-packages/airflow/operators/trigger_dagrun.py)
[2026-09-29T16:22:09.920+0000] {processor.py:842} WARNING - No viable dags retrieved from /opt/airflow/dags/main.py
[2026-09-29T16:22:09.942+0000] {processor.py:183} INFO - Processing /opt/airflow/dags/main.py took 0.316 seconds
[2026-09-29T16:22:12.038+0000] {processor.py:161} INFO - Started process (PID=1948) to work on /opt/airflow/dags/main.py
[2026-09-29T16:22:12.041+0000] {processor.py:830} INFO - Processing file /opt/airflow/dags/main.py for tasks to queue
[2026-09-29T16:22:12.043+0000] {logging_mixin.py:188} INFO - [2026-09-29T16:22:12.042+0000] {dagbag.py:545} INFO - Filling up the DagBag from /opt/airflow/dags/main.py
[2026-09-29T16:22:12.386+0000] {processor.py:840} INFO - DAG(s) 'update_db', 'data_quality_check', 'produce_json' retrieved from /opt/airflow/dags/main.py
[2026-09-29T16:22:12.432+0000] {logging_mixin.py:188} INFO - [2026-09-29T16:22:12.431+0000] {dag.py:3096} INFO - Sync 3 DAGs
[2026-09-29T16:22:12.466+0000] {logging_mixin.py:188} INFO - [2026-09-29T16:22:12.466+0000] {dag.py:3954} INFO - Setting next_dagrun for data_quality_check to 2026-09-29 12:00:00+00:00, run_after=2026-09-30 12:00:00+00:00
[2026-09-29T16:22:12.475+0000] {logging_mixin.py:188} INFO - [2026-09-29T16:22:12.475+0000] {dag.py:3954} INFO - Setting next_dagrun for produce_json to 2026-09-29 12:00:00+00:00, run_after=2026-09-30 12:00:00+00:00
[2026-09-29T16:22:12.480+0000] {logging_mixin.py:188} INFO - [2026-09-29T16:22:12.480+0000] {dag.py:3954} INFO - Setting next_dagrun for update_db to 2026-09-29 12:00:00+00:00, run_after=2026-09-30 12:00:00+00:00
[2026-09-29T16:22:12.516+0000] {processor.py:183} INFO - Processing /opt/airflow/dags/main.py took 0.483 seconds
[2026-09-29T16:22:42.939+0000] {processor.py:161} INFO - Started process (PID=1955) to work on /opt/airflow/dags/main.py
[2026-09-29T16:22:42.942+0000] {processor.py:830} INFO - Processing file /opt/airflow/dags/main.py for tasks to queue
[2026-09-29T16:22:42.945+0000] {logging_mixin.py:188} INFO - [2026-09-29T16:22:42.944+0000] {dagbag.py:545} INFO - Filling up the DagBag from /opt/airflow/dags/main.py
[2026-09-29T16:22:43.261+0000] {processor.py:840} INFO - DAG(s) 'produce_json', 'data_quality_check', 'update_db' retrieved from /opt/airflow/dags/main.py
[2026-09-29T16:22:43.297+0000] {logging_mixin.py:188} INFO - [2026-09-29T16:22:43.297+0000] {dag.py:3096} INFO - Sync 3 DAGs
[2026-09-29T16:22:43.327+0000] {logging_mixin.py:188} INFO - [2026-09-29T16:22:43.327+0000] {dag.py:3954} INFO - Setting next_dagrun for data_quality_check to 2026-09-29 12:00:00+00:00, run_after=2026-09-30 12:00:00+00:00
[2026-09-29T16:22:43.334+0000] {logging_mixin.py:188} INFO - [2026-09-29T16:22:43.334+0000] {dag.py:3954} INFO - Setting next_dagrun for produce_json to 2026-09-29 12:00:00+00:00, run_after=2026-09-30 12:00:00+00:00
[2026-09-29T16:22:43.339+0000] {logging_mixin.py:188} INFO - [2026-09-29T16:22:43.339+0000] {dag.py:3954} INFO - Setting next_dagrun for update_db to 2026-09-29 12:00:00+00:00, run_after=2026-09-30 12:00:00+00:00
[2026-09-29T16:22:43.363+0000] {processor.py:183} INFO - Processing /opt/airflow/dags/main.py took 0.432 seconds
[2026-09-29T16:22:57.683+0000] {processor.py:161} INFO - Started process (PID=1963) to work on /opt/airflow/dags/main.py
[2026-09-29T16:22:57.688+0000] {processor.py:830} INFO - Processing file /opt/airflow/dags/main.py for tasks to queue
[2026-09-29T16:22:57.695+0000] {logging_mixin.py:188} INFO - [2026-09-29T16:22:57.694+0000] {dagbag.py:545} INFO - Filling up the DagBag from /opt/airflow/dags/main.py
[2026-09-29T16:22:58.077+0000] {processor.py:840} INFO - DAG(s) 'update_db', 'data_quality_check', 'produce_json' retrieved from /opt/airflow/dags/main.py
[2026-09-29T16:22:58.109+0000] {logging_mixin.py:188} INFO - [2026-09-29T16:22:58.109+0000] {dag.py:3096} INFO - Sync 3 DAGs
[2026-09-29T16:22:58.150+0000] {logging_mixin.py:188} INFO - [2026-09-29T16:22:58.149+0000] {dag.py:3954} INFO - Setting next_dagrun for data_quality_check to 2026-09-29 12:00:00+00:00, run_after=2026-09-30 12:00:00+00:00
[2026-09-29T16:22:58.158+0000] {logging_mixin.py:188} INFO - [2026-09-29T16:22:58.158+0000] {dag.py:3954} INFO - Setting next_dagrun for produce_json to 2026-09-29 12:00:00+00:00, run_after=2026-09-30 12:00:00+00:00
[2026-09-29T16:22:58.165+0000] {logging_mixin.py:188} INFO - [2026-09-29T16:22:58.164+0000] {dag.py:3954} INFO - Setting next_dagrun for update_db to 2026-09-29 12:00:00+00:00, run_after=2026-09-30 12:00:00+00:00
[2026-09-29T16:22:58.201+0000] {processor.py:183} INFO - Processing /opt/airflow/dags/main.py took 0.535 seconds
[2026-09-29T16:23:03.862+0000] {processor.py:161} INFO - Started process (PID=1964) to work on /opt/airflow/dags/main.py
[2026-09-29T16:23:03.867+0000] {processor.py:830} INFO - Processing file /opt/airflow/dags/main.py for tasks to queue
[2026-09-29T16:23:03.871+0000] {logging_mixin.py:188} INFO - [2026-09-29T16:23:03.870+0000] {dagbag.py:545} INFO - Filling up the DagBag from /opt/airflow/dags/main.py
[2026-09-29T16:23:04.243+0000] {processor.py:840} INFO - DAG(s) 'data_quality_check', 'produce_json', 'update_db' retrieved from /opt/airflow/dags/main.py
[2026-09-29T16:23:04.308+0000] {logging_mixin.py:188} INFO - [2026-09-29T16:23:04.307+0000] {dag.py:3096} INFO - Sync 3 DAGs
[2026-09-29T16:23:04.404+0000] {logging_mixin.py:188} INFO - [2026-09-29T16:23:04.403+0000] {dag.py:3954} INFO - Setting next_dagrun for data_quality_check to 2026-09-29 12:00:00+00:00, run_after=2026-09-30 12:00:00+00:00
[2026-09-29T16:23:04.413+0000] {logging_mixin.py:188} INFO - [2026-09-29T16:23:04.413+0000] {dag.py:3954} INFO - Setting next_dagrun for produce_json to 2026-09-29 12:00:00+00:00, run_after=2026-09-30 12:00:00+00:00
[2026-09-29T16:23:04.419+0000] {logging_mixin.py:188} INFO - [2026-09-29T16:23:04.418+0000] {dag.py:3954} INFO - Setting next_dagrun for update_db to 2026-09-29 12:00:00+00:00, run_after=2026-09-30 12:00:00+00:00
[2026-09-29T16:23:04.491+0000] {processor.py:183} INFO - Processing /opt/airflow/dags/main.py took 0.644 seconds
[2026-09-29T16:23:33.684+0000] {processor.py:161} INFO - Started process (PID=1971) to work on /opt/airflow/dags/main.py
[2026-09-29T16:23:33.687+0000] {processor.py:830} INFO - Processing file /opt/airflow/dags/main.py for tasks to queue
[2026-09-29T16:23:33.689+0000] {logging_mixin.py:188} INFO - [2026-09-29T16:23:33.689+0000] {dagbag.py:545} INFO - Filling up the DagBag from /opt/airflow/dags/main.py
[2026-09-29T16:23:34.074+0000] {processor.py:840} INFO - DAG(s) 'produce_json', 'update_db', 'data_quality_check' retrieved from /opt/airflow/dags/main.py
[2026-09-29T16:23:34.124+0000] {logging_mixin.py:188} INFO - [2026-09-29T16:23:34.123+0000] {dag.py:3096} INFO - Sync 3 DAGs
[2026-09-29T16:23:34.149+0000] {logging_mixin.py:188} INFO - [2026-09-29T16:23:34.149+0000] {dag.py:3954} INFO - Setting next_dagrun for data_quality_check to 2026-09-29 12:00:00+00:00, run_after=2026-09-30 12:00:00+00:00
[2026-09-29T16:23:34.155+0000] {logging_mixin.py:188} INFO - [2026-09-29T16:23:34.155+0000] {dag.py:3954} INFO - Setting next_dagrun for produce_json to 2026-09-29 12:00:00+00:00, run_after=2026-09-30 12:00:00+00:00
[2026-09-29T16:23:34.160+0000] {logging_mixin.py:188} INFO - [2026-09-29T16:23:34.159+0000] {dag.py:3954} INFO - Setting next_dagrun for update_db to 2026-09-29 12:00:00+00:00, run_after=2026-09-30 12:00:00+00:00
[2026-09-29T16:23:34.190+0000] {processor.py:183} INFO - Processing /opt/airflow/dags/main.py took 0.511 seconds
[2026-09-29T16:23:35.889+0000] {processor.py:161} INFO - Started process (PID=1972) to work on /opt/airflow/dags/main.py
[2026-09-29T16:23:35.892+0000] {processor.py:830} INFO - Processing file /opt/airflow/dags/main.py for tasks to queue
[2026-09-29T16:23:35.895+0000] {logging_mixin.py:188} INFO - [2026-09-29T16:23:35.894+0000] {dagbag.py:545} INFO - Filling up the DagBag from /opt/airflow/dags/main.py
[2026-09-29T16:23:36.329+0000] {logging_mixin.py:188} INFO - [2026-09-29T16:23:36.315+0000] {dagbag.py:355} ERROR - Failed to import: /opt/airflow/dags/main.py
Traceback (most recent call last):
  File "/home/airflow/.local/lib/python3.10/site-packages/airflow/models/dagbag.py", line 351, in parse
    loader.exec_module(new_module)
  File "<frozen importlib._bootstrap_external>", line 883, in exec_module
  File "<frozen importlib._bootstrap>", line 241, in _call_with_frames_removed
  File "/opt/airflow/dags/main.py", line 34, in <module>
    trigger
NameError: name 'trigger' is not defined
[2026-09-29T16:23:36.341+0000] {processor.py:842} WARNING - No viable dags retrieved from /opt/airflow/dags/main.py
[2026-09-29T16:23:36.380+0000] {processor.py:183} INFO - Processing /opt/airflow/dags/main.py took 0.497 seconds
[2026-09-29T16:23:39.312+0000] {processor.py:161} INFO - Started process (PID=1973) to work on /opt/airflow/dags/main.py
[2026-09-29T16:23:39.316+0000] {processor.py:830} INFO - Processing file /opt/airflow/dags/main.py for tasks to queue
[2026-09-29T16:23:39.318+0000] {logging_mixin.py:188} INFO - [2026-09-29T16:23:39.318+0000] {dagbag.py:545} INFO - Filling up the DagBag from /opt/airflow/dags/main.py
[2026-09-29T16:23:39.672+0000] {logging_mixin.py:188} INFO - [2026-09-29T16:23:39.663+0000] {dagbag.py:355} ERROR - Failed to import: /opt/airflow/dags/main.py
Traceback (most recent call last):
  File "/home/airflow/.local/lib/python3.10/site-packages/airflow/models/dagbag.py", line 351, in parse
    loader.exec_module(new_module)
  File "<frozen importlib._bootstrap_external>", line 883, in exec_module
  File "<frozen importlib._bootstrap>", line 241, in _call_with_frames_removed
  File "/opt/airflow/dags/main.py", line 34, in <module>
    trigger_update
NameError: name 'trigger_update' is not defined
[2026-09-29T16:23:39.679+0000] {processor.py:842} WARNING - No viable dags retrieved from /opt/airflow/dags/main.py
[2026-09-29T16:23:39.703+0000] {processor.py:183} INFO - Processing /opt/airflow/dags/main.py took 0.396 seconds
[2026-09-29T16:23:43.513+0000] {processor.py:161} INFO - Started process (PID=1974) to work on /opt/airflow/dags/main.py
[2026-09-29T16:23:43.516+0000] {processor.py:830} INFO - Processing file /opt/airflow/dags/main.py for tasks to queue
[2026-09-29T16:23:43.518+0000] {logging_mixin.py:188} INFO - [2026-09-29T16:23:43.518+0000] {dagbag.py:545} INFO - Filling up the DagBag from /opt/airflow/dags/main.py
[2026-09-29T16:23:43.937+0000] {logging_mixin.py:188} INFO - [2026-09-29T16:23:43.920+0000] {dagbag.py:355} ERROR - Failed to import: /opt/airflow/dags/main.py
Traceback (most recent call last):
  File "/home/airflow/.local/lib/python3.10/site-packages/airflow/models/dagbag.py", line 351, in parse
    loader.exec_module(new_module)
  File "<frozen importlib._bootstrap_external>", line 883, in exec_module
  File "<frozen importlib._bootstrap>", line 241, in _call_with_frames_removed
  File "/opt/airflow/dags/main.py", line 34, in <module>
    trigger_update_db = Tr
NameError: name 'Tr' is not defined
[2026-09-29T16:23:43.945+0000] {processor.py:842} WARNING - No viable dags retrieved from /opt/airflow/dags/main.py
[2026-09-29T16:23:43.988+0000] {processor.py:183} INFO - Processing /opt/airflow/dags/main.py took 0.481 seconds
[2026-09-29T16:23:45.868+0000] {processor.py:161} INFO - Started process (PID=1975) to work on /opt/airflow/dags/main.py
[2026-09-29T16:23:45.871+0000] {processor.py:830} INFO - Processing file /opt/airflow/dags/main.py for tasks to queue
[2026-09-29T16:23:45.875+0000] {logging_mixin.py:188} INFO - [2026-09-29T16:23:45.875+0000] {dagbag.py:545} INFO - Filling up the DagBag from /opt/airflow/dags/main.py
[2026-09-29T16:23:46.439+0000] {logging_mixin.py:188} INFO - [2026-09-29T16:23:46.409+0000] {dagbag.py:355} ERROR - Failed to import: /opt/airflow/dags/main.py
Traceback (most recent call last):
  File "/home/airflow/.local/lib/python3.10/site-packages/airflow/models/dagbag.py", line 351, in parse
    loader.exec_module(new_module)
  File "<frozen importlib._bootstrap_external>", line 883, in exec_module
  File "<frozen importlib._bootstrap>", line 241, in _call_with_frames_removed
  File "/opt/airflow/dags/main.py", line 34, in <module>
    trigger_update_db = TriggerDagRunOperator(
  File "/home/airflow/.local/lib/python3.10/site-packages/airflow/models/baseoperator.py", line 468, in apply_defaults
    raise AirflowException(f"missing keyword argument {missing_args.pop()!r}")
airflow.exceptions.AirflowException: missing keyword argument 'trigger_dag_id'
[2026-09-29T16:23:46.445+0000] {processor.py:842} WARNING - No viable dags retrieved from /opt/airflow/dags/main.py
[2026-09-29T16:23:46.496+0000] {processor.py:183} INFO - Processing /opt/airflow/dags/main.py took 0.635 seconds
[2026-09-29T16:23:54.693+0000] {processor.py:161} INFO - Started process (PID=1982) to work on /opt/airflow/dags/main.py
[2026-09-29T16:23:54.697+0000] {processor.py:830} INFO - Processing file /opt/airflow/dags/main.py for tasks to queue
[2026-09-29T16:23:54.702+0000] {logging_mixin.py:188} INFO - [2026-09-29T16:23:54.701+0000] {dagbag.py:545} INFO - Filling up the DagBag from /opt/airflow/dags/main.py
[2026-09-29T16:23:55.097+0000] {logging_mixin.py:188} INFO - [2026-09-29T16:23:55.082+0000] {dagbag.py:355} ERROR - Failed to import: /opt/airflow/dags/main.py
Traceback (most recent call last):
  File "/home/airflow/.local/lib/python3.10/site-packages/airflow/models/dagbag.py", line 351, in parse
    loader.exec_module(new_module)
  File "<frozen importlib._bootstrap_external>", line 883, in exec_module
  File "<frozen importlib._bootstrap>", line 241, in _call_with_frames_removed
  File "/opt/airflow/dags/main.py", line 34, in <module>
    trigger_update_db = TriggerDagRunOperator(
  File "/home/airflow/.local/lib/python3.10/site-packages/airflow/models/baseoperator.py", line 468, in apply_defaults
    raise AirflowException(f"missing keyword argument {missing_args.pop()!r}")
airflow.exceptions.AirflowException: missing keyword argument 'trigger_dag_id'
[2026-09-29T16:23:55.115+0000] {processor.py:842} WARNING - No viable dags retrieved from /opt/airflow/dags/main.py
[2026-09-29T16:23:55.178+0000] {processor.py:183} INFO - Processing /opt/airflow/dags/main.py took 0.497 seconds
[2026-09-29T16:23:56.224+0000] {processor.py:161} INFO - Started process (PID=1983) to work on /opt/airflow/dags/main.py
[2026-09-29T16:23:56.227+0000] {processor.py:830} INFO - Processing file /opt/airflow/dags/main.py for tasks to queue
[2026-09-29T16:23:56.229+0000] {logging_mixin.py:188} INFO - [2026-09-29T16:23:56.229+0000] {dagbag.py:545} INFO - Filling up the DagBag from /opt/airflow/dags/main.py
[2026-09-29T16:23:56.621+0000] {logging_mixin.py:188} INFO - [2026-09-29T16:23:56.605+0000] {dagbag.py:355} ERROR - Failed to import: /opt/airflow/dags/main.py
Traceback (most recent call last):
  File "/home/airflow/.local/lib/python3.10/site-packages/airflow/models/dagbag.py", line 351, in parse
    loader.exec_module(new_module)
  File "<frozen importlib._bootstrap_external>", line 883, in exec_module
  File "<frozen importlib._bootstrap>", line 241, in _call_with_frames_removed
  File "/opt/airflow/dags/main.py", line 34, in <module>
    trigger_update_db = TriggerDagRunOperator(
  File "/home/airflow/.local/lib/python3.10/site-packages/airflow/models/baseoperator.py", line 468, in apply_defaults
    raise AirflowException(f"missing keyword argument {missing_args.pop()!r}")
airflow.exceptions.AirflowException: missing keyword argument 'trigger_dag_id'
[2026-09-29T16:23:56.626+0000] {processor.py:842} WARNING - No viable dags retrieved from /opt/airflow/dags/main.py
[2026-09-29T16:23:56.693+0000] {processor.py:183} INFO - Processing /opt/airflow/dags/main.py took 0.477 seconds
[2026-09-29T16:23:58.340+0000] {processor.py:161} INFO - Started process (PID=1984) to work on /opt/airflow/dags/main.py
[2026-09-29T16:23:58.345+0000] {processor.py:830} INFO - Processing file /opt/airflow/dags/main.py for tasks to queue
[2026-09-29T16:23:58.348+0000] {logging_mixin.py:188} INFO - [2026-09-29T16:23:58.348+0000] {dagbag.py:545} INFO - Filling up the DagBag from /opt/airflow/dags/main.py
[2026-09-29T16:23:58.701+0000] {logging_mixin.py:188} INFO - [2026-09-29T16:23:58.692+0000] {dagbag.py:355} ERROR - Failed to import: /opt/airflow/dags/main.py
Traceback (most recent call last):
  File "/home/airflow/.local/lib/python3.10/site-packages/airflow/models/dagbag.py", line 351, in parse
    loader.exec_module(new_module)
  File "<frozen importlib._bootstrap_external>", line 883, in exec_module
  File "<frozen importlib._bootstrap>", line 241, in _call_with_frames_removed
  File "/opt/airflow/dags/main.py", line 34, in <module>
    trigger_update_db = TriggerDagRunOperator(
  File "/home/airflow/.local/lib/python3.10/site-packages/airflow/models/baseoperator.py", line 468, in apply_defaults
    raise AirflowException(f"missing keyword argument {missing_args.pop()!r}")
airflow.exceptions.AirflowException: missing keyword argument 'trigger_dag_id'
[2026-09-29T16:23:58.706+0000] {processor.py:842} WARNING - No viable dags retrieved from /opt/airflow/dags/main.py
[2026-09-29T16:23:58.765+0000] {processor.py:183} INFO - Processing /opt/airflow/dags/main.py took 0.439 seconds
[2026-09-29T16:24:00.855+0000] {processor.py:161} INFO - Started process (PID=1985) to work on /opt/airflow/dags/main.py
[2026-09-29T16:24:00.858+0000] {processor.py:830} INFO - Processing file /opt/airflow/dags/main.py for tasks to queue
[2026-09-29T16:24:00.861+0000] {logging_mixin.py:188} INFO - [2026-09-29T16:24:00.861+0000] {dagbag.py:545} INFO - Filling up the DagBag from /opt/airflow/dags/main.py
[2026-09-29T16:24:00.909+0000] {logging_mixin.py:188} INFO - [2026-09-29T16:24:00.908+0000] {dagbag.py:355} ERROR - Failed to import: /opt/airflow/dags/main.py
Traceback (most recent call last):
  File "/home/airflow/.local/lib/python3.10/site-packages/airflow/models/dagbag.py", line 351, in parse
    loader.exec_module(new_module)
  File "<frozen importlib._bootstrap_external>", line 879, in exec_module
  File "<frozen importlib._bootstrap_external>", line 1017, in get_code
  File "<frozen importlib._bootstrap_external>", line 947, in source_to_code
  File "<frozen importlib._bootstrap>", line 241, in _call_with_frames_removed
  File "/opt/airflow/dags/main.py", line 37
    )
    ^
SyntaxError: positional argument follows keyword argument
[2026-09-29T16:24:00.911+0000] {processor.py:842} WARNING - No viable dags retrieved from /opt/airflow/dags/main.py
[2026-09-29T16:24:00.933+0000] {processor.py:183} INFO - Processing /opt/airflow/dags/main.py took 0.084 seconds
[2026-09-29T16:24:03.942+0000] {processor.py:161} INFO - Started process (PID=1986) to work on /opt/airflow/dags/main.py
[2026-09-29T16:24:03.945+0000] {processor.py:830} INFO - Processing file /opt/airflow/dags/main.py for tasks to queue
[2026-09-29T16:24:03.948+0000] {logging_mixin.py:188} INFO - [2026-09-29T16:24:03.948+0000] {dagbag.py:545} INFO - Filling up the DagBag from /opt/airflow/dags/main.py
[2026-09-29T16:24:03.996+0000] {logging_mixin.py:188} INFO - [2026-09-29T16:24:03.995+0000] {dagbag.py:355} ERROR - Failed to import: /opt/airflow/dags/main.py
Traceback (most recent call last):
  File "/home/airflow/.local/lib/python3.10/site-packages/airflow/models/dagbag.py", line 351, in parse
    loader.exec_module(new_module)
  File "<frozen importlib._bootstrap_external>", line 879, in exec_module
  File "<frozen importlib._bootstrap_external>", line 1017, in get_code
  File "<frozen importlib._bootstrap_external>", line 947, in source_to_code
  File "<frozen importlib._bootstrap>", line 241, in _call_with_frames_removed
  File "/opt/airflow/dags/main.py", line 37
    )
    ^
SyntaxError: positional argument follows keyword argument
[2026-09-29T16:24:03.997+0000] {processor.py:842} WARNING - No viable dags retrieved from /opt/airflow/dags/main.py
[2026-09-29T16:24:04.020+0000] {processor.py:183} INFO - Processing /opt/airflow/dags/main.py took 0.084 seconds
[2026-09-29T16:24:07.082+0000] {processor.py:161} INFO - Started process (PID=1987) to work on /opt/airflow/dags/main.py
[2026-09-29T16:24:07.085+0000] {processor.py:830} INFO - Processing file /opt/airflow/dags/main.py for tasks to queue
[2026-09-29T16:24:07.089+0000] {logging_mixin.py:188} INFO - [2026-09-29T16:24:07.088+0000] {dagbag.py:545} INFO - Filling up the DagBag from /opt/airflow/dags/main.py
[2026-09-29T16:24:07.447+0000] {processor.py:840} INFO - DAG(s) 'update_db', 'data_quality_check', 'produce_json' retrieved from /opt/airflow/dags/main.py
[2026-09-29T16:24:07.586+0000] {logging_mixin.py:188} INFO - [2026-09-29T16:24:07.586+0000] {dag.py:3096} INFO - Sync 3 DAGs
[2026-09-29T16:24:07.610+0000] {logging_mixin.py:188} INFO - [2026-09-29T16:24:07.610+0000] {dag.py:3954} INFO - Setting next_dagrun for data_quality_check to 2026-09-29 12:00:00+00:00, run_after=2026-09-30 12:00:00+00:00
[2026-09-29T16:24:07.616+0000] {logging_mixin.py:188} INFO - [2026-09-29T16:24:07.616+0000] {dag.py:3954} INFO - Setting next_dagrun for produce_json to 2026-09-29 12:00:00+00:00, run_after=2026-09-30 12:00:00+00:00
[2026-09-29T16:24:07.621+0000] {logging_mixin.py:188} INFO - [2026-09-29T16:24:07.621+0000] {dag.py:3954} INFO - Setting next_dagrun for update_db to 2026-09-29 12:00:00+00:00, run_after=2026-09-30 12:00:00+00:00
[2026-09-29T16:24:07.662+0000] {processor.py:183} INFO - Processing /opt/airflow/dags/main.py took 0.587 seconds
[2026-09-29T16:24:08.759+0000] {processor.py:161} INFO - Started process (PID=1988) to work on /opt/airflow/dags/main.py
[2026-09-29T16:24:08.763+0000] {processor.py:830} INFO - Processing file /opt/airflow/dags/main.py for tasks to queue
[2026-09-29T16:24:08.766+0000] {logging_mixin.py:188} INFO - [2026-09-29T16:24:08.766+0000] {dagbag.py:545} INFO - Filling up the DagBag from /opt/airflow/dags/main.py
[2026-09-29T16:24:09.113+0000] {processor.py:840} INFO - DAG(s) 'update_db', 'data_quality_check', 'produce_json' retrieved from /opt/airflow/dags/main.py
[2026-09-29T16:24:09.136+0000] {logging_mixin.py:188} INFO - [2026-09-29T16:24:09.136+0000] {dag.py:3096} INFO - Sync 3 DAGs
[2026-09-29T16:24:09.157+0000] {logging_mixin.py:188} INFO - [2026-09-29T16:24:09.156+0000] {dag.py:3954} INFO - Setting next_dagrun for data_quality_check to 2026-09-29 12:00:00+00:00, run_after=2026-09-30 12:00:00+00:00
[2026-09-29T16:24:09.165+0000] {logging_mixin.py:188} INFO - [2026-09-29T16:24:09.165+0000] {dag.py:3954} INFO - Setting next_dagrun for produce_json to 2026-09-29 12:00:00+00:00, run_after=2026-09-30 12:00:00+00:00
[2026-09-29T16:24:09.171+0000] {logging_mixin.py:188} INFO - [2026-09-29T16:24:09.171+0000] {dag.py:3954} INFO - Setting next_dagrun for update_db to 2026-09-29 12:00:00+00:00, run_after=2026-09-30 12:00:00+00:00
[2026-09-29T16:24:09.203+0000] {processor.py:183} INFO - Processing /opt/airflow/dags/main.py took 0.454 seconds
[2026-09-29T16:24:12.179+0000] {processor.py:161} INFO - Started process (PID=1989) to work on /opt/airflow/dags/main.py
[2026-09-29T16:24:12.182+0000] {processor.py:830} INFO - Processing file /opt/airflow/dags/main.py for tasks to queue
[2026-09-29T16:24:12.184+0000] {logging_mixin.py:188} INFO - [2026-09-29T16:24:12.184+0000] {dagbag.py:545} INFO - Filling up the DagBag from /opt/airflow/dags/main.py
[2026-09-29T16:24:12.529+0000] {processor.py:840} INFO - DAG(s) 'produce_json', 'update_db', 'data_quality_check' retrieved from /opt/airflow/dags/main.py
[2026-09-29T16:24:12.574+0000] {logging_mixin.py:188} INFO - [2026-09-29T16:24:12.574+0000] {dag.py:3096} INFO - Sync 3 DAGs
[2026-09-29T16:24:12.602+0000] {logging_mixin.py:188} INFO - [2026-09-29T16:24:12.602+0000] {dag.py:3954} INFO - Setting next_dagrun for data_quality_check to 2026-09-29 12:00:00+00:00, run_after=2026-09-30 12:00:00+00:00
[2026-09-29T16:24:12.609+0000] {logging_mixin.py:188} INFO - [2026-09-29T16:24:12.609+0000] {dag.py:3954} INFO - Setting next_dagrun for produce_json to 2026-09-29 12:00:00+00:00, run_after=2026-09-30 12:00:00+00:00
[2026-09-29T16:24:12.613+0000] {logging_mixin.py:188} INFO - [2026-09-29T16:24:12.612+0000] {dag.py:3954} INFO - Setting next_dagrun for update_db to 2026-09-29 12:00:00+00:00, run_after=2026-09-30 12:00:00+00:00
[2026-09-29T16:24:12.637+0000] {processor.py:183} INFO - Processing /opt/airflow/dags/main.py took 0.464 seconds
[2026-09-29T16:24:14.454+0000] {processor.py:161} INFO - Started process (PID=1990) to work on /opt/airflow/dags/main.py
[2026-09-29T16:24:14.459+0000] {processor.py:830} INFO - Processing file /opt/airflow/dags/main.py for tasks to queue
[2026-09-29T16:24:14.468+0000] {logging_mixin.py:188} INFO - [2026-09-29T16:24:14.465+0000] {dagbag.py:545} INFO - Filling up the DagBag from /opt/airflow/dags/main.py
[2026-09-29T16:24:15.007+0000] {processor.py:840} INFO - DAG(s) 'produce_json', 'data_quality_check', 'update_db' retrieved from /opt/airflow/dags/main.py
[2026-09-29T16:24:15.047+0000] {logging_mixin.py:188} INFO - [2026-09-29T16:24:15.047+0000] {dag.py:3096} INFO - Sync 3 DAGs
[2026-09-29T16:24:15.079+0000] {logging_mixin.py:188} INFO - [2026-09-29T16:24:15.079+0000] {dag.py:3954} INFO - Setting next_dagrun for data_quality_check to 2026-09-29 12:00:00+00:00, run_after=2026-09-30 12:00:00+00:00
[2026-09-29T16:24:15.089+0000] {logging_mixin.py:188} INFO - [2026-09-29T16:24:15.088+0000] {dag.py:3954} INFO - Setting next_dagrun for produce_json to 2026-09-29 12:00:00+00:00, run_after=2026-09-30 12:00:00+00:00
[2026-09-29T16:24:15.094+0000] {logging_mixin.py:188} INFO - [2026-09-29T16:24:15.094+0000] {dag.py:3954} INFO - Setting next_dagrun for update_db to 2026-09-29 12:00:00+00:00, run_after=2026-09-30 12:00:00+00:00
[2026-09-29T16:24:15.130+0000] {processor.py:183} INFO - Processing /opt/airflow/dags/main.py took 0.694 seconds
[2026-09-29T16:24:34.404+0000] {processor.py:161} INFO - Started process (PID=1997) to work on /opt/airflow/dags/main.py
[2026-09-29T16:24:34.407+0000] {processor.py:830} INFO - Processing file /opt/airflow/dags/main.py for tasks to queue
[2026-09-29T16:24:34.411+0000] {logging_mixin.py:188} INFO - [2026-09-29T16:24:34.410+0000] {dagbag.py:545} INFO - Filling up the DagBag from /opt/airflow/dags/main.py
[2026-09-29T16:24:34.761+0000] {processor.py:840} INFO - DAG(s) 'produce_json', 'data_quality_check', 'update_db' retrieved from /opt/airflow/dags/main.py
[2026-09-29T16:24:34.824+0000] {logging_mixin.py:188} INFO - [2026-09-29T16:24:34.824+0000] {dag.py:3096} INFO - Sync 3 DAGs
[2026-09-29T16:24:34.845+0000] {logging_mixin.py:188} INFO - [2026-09-29T16:24:34.845+0000] {dag.py:3954} INFO - Setting next_dagrun for data_quality_check to 2026-09-29 12:00:00+00:00, run_after=2026-09-30 12:00:00+00:00
[2026-09-29T16:24:34.852+0000] {logging_mixin.py:188} INFO - [2026-09-29T16:24:34.852+0000] {dag.py:3954} INFO - Setting next_dagrun for produce_json to 2026-09-29 12:00:00+00:00, run_after=2026-09-30 12:00:00+00:00
[2026-09-29T16:24:34.858+0000] {logging_mixin.py:188} INFO - [2026-09-29T16:24:34.858+0000] {dag.py:3954} INFO - Setting next_dagrun for update_db to 2026-09-29 12:00:00+00:00, run_after=2026-09-30 12:00:00+00:00
[2026-09-29T16:24:34.891+0000] {processor.py:183} INFO - Processing /opt/airflow/dags/main.py took 0.493 seconds
[2026-09-29T16:24:37.436+0000] {processor.py:161} INFO - Started process (PID=1998) to work on /opt/airflow/dags/main.py
[2026-09-29T16:24:37.438+0000] {processor.py:830} INFO - Processing file /opt/airflow/dags/main.py for tasks to queue
[2026-09-29T16:24:37.442+0000] {logging_mixin.py:188} INFO - [2026-09-29T16:24:37.441+0000] {dagbag.py:545} INFO - Filling up the DagBag from /opt/airflow/dags/main.py
[2026-09-29T16:24:37.497+0000] {logging_mixin.py:188} INFO - [2026-09-29T16:24:37.495+0000] {dagbag.py:355} ERROR - Failed to import: /opt/airflow/dags/main.py
Traceback (most recent call last):
  File "/home/airflow/.local/lib/python3.10/site-packages/airflow/models/dagbag.py", line 351, in parse
    loader.exec_module(new_module)
  File "<frozen importlib._bootstrap_external>", line 879, in exec_module
  File "<frozen importlib._bootstrap_external>", line 1017, in get_code
  File "<frozen importlib._bootstrap_external>", line 947, in source_to_code
  File "<frozen importlib._bootstrap>", line 241, in _call_with_frames_removed
  File "/opt/airflow/dags/main.py", line 39
    playlist_id >> videos_id >> extract_data >> save_to_json_task >> 
                                                                     ^
SyntaxError: invalid syntax
[2026-09-29T16:24:37.501+0000] {processor.py:842} WARNING - No viable dags retrieved from /opt/airflow/dags/main.py
[2026-09-29T16:24:37.548+0000] {processor.py:183} INFO - Processing /opt/airflow/dags/main.py took 0.118 seconds
[2026-09-29T16:24:39.490+0000] {processor.py:161} INFO - Started process (PID=1999) to work on /opt/airflow/dags/main.py
[2026-09-29T16:24:39.492+0000] {processor.py:830} INFO - Processing file /opt/airflow/dags/main.py for tasks to queue
[2026-09-29T16:24:39.495+0000] {logging_mixin.py:188} INFO - [2026-09-29T16:24:39.495+0000] {dagbag.py:545} INFO - Filling up the DagBag from /opt/airflow/dags/main.py
[2026-09-29T16:24:39.808+0000] {logging_mixin.py:188} INFO - [2026-09-29T16:24:39.798+0000] {dagbag.py:355} ERROR - Failed to import: /opt/airflow/dags/main.py
Traceback (most recent call last):
  File "/home/airflow/.local/lib/python3.10/site-packages/airflow/models/dagbag.py", line 351, in parse
    loader.exec_module(new_module)
  File "<frozen importlib._bootstrap_external>", line 883, in exec_module
  File "<frozen importlib._bootstrap>", line 241, in _call_with_frames_removed
  File "/opt/airflow/dags/main.py", line 39, in <module>
    playlist_id >> videos_id >> extract_data >> save_to_json_task >> tr
NameError: name 'tr' is not defined
[2026-09-29T16:24:39.813+0000] {processor.py:842} WARNING - No viable dags retrieved from /opt/airflow/dags/main.py
[2026-09-29T16:24:39.833+0000] {processor.py:183} INFO - Processing /opt/airflow/dags/main.py took 0.349 seconds
[2026-09-29T16:24:40.761+0000] {processor.py:161} INFO - Started process (PID=2000) to work on /opt/airflow/dags/main.py
[2026-09-29T16:24:40.766+0000] {processor.py:830} INFO - Processing file /opt/airflow/dags/main.py for tasks to queue
[2026-09-29T16:24:40.772+0000] {logging_mixin.py:188} INFO - [2026-09-29T16:24:40.772+0000] {dagbag.py:545} INFO - Filling up the DagBag from /opt/airflow/dags/main.py
[2026-09-29T16:24:41.203+0000] {processor.py:840} INFO - DAG(s) 'data_quality_check', 'update_db', 'produce_json' retrieved from /opt/airflow/dags/main.py
[2026-09-29T16:24:41.359+0000] {logging_mixin.py:188} INFO - [2026-09-29T16:24:41.357+0000] {dag.py:3096} INFO - Sync 3 DAGs
[2026-09-29T16:24:41.474+0000] {logging_mixin.py:188} INFO - [2026-09-29T16:24:41.473+0000] {dag.py:3954} INFO - Setting next_dagrun for data_quality_check to 2026-09-29 12:00:00+00:00, run_after=2026-09-30 12:00:00+00:00
[2026-09-29T16:24:41.508+0000] {logging_mixin.py:188} INFO - [2026-09-29T16:24:41.507+0000] {dag.py:3954} INFO - Setting next_dagrun for produce_json to 2026-09-29 12:00:00+00:00, run_after=2026-09-30 12:00:00+00:00
[2026-09-29T16:24:41.525+0000] {logging_mixin.py:188} INFO - [2026-09-29T16:24:41.524+0000] {dag.py:3954} INFO - Setting next_dagrun for update_db to 2026-09-29 12:00:00+00:00, run_after=2026-09-30 12:00:00+00:00
[2026-09-29T16:24:41.610+0000] {processor.py:183} INFO - Processing /opt/airflow/dags/main.py took 0.877 seconds
[2026-09-29T16:25:12.096+0000] {processor.py:161} INFO - Started process (PID=2007) to work on /opt/airflow/dags/main.py
[2026-09-29T16:25:12.099+0000] {processor.py:830} INFO - Processing file /opt/airflow/dags/main.py for tasks to queue
[2026-09-29T16:25:12.102+0000] {logging_mixin.py:188} INFO - [2026-09-29T16:25:12.102+0000] {dagbag.py:545} INFO - Filling up the DagBag from /opt/airflow/dags/main.py
[2026-09-29T16:25:12.509+0000] {processor.py:840} INFO - DAG(s) 'data_quality_check', 'produce_json', 'update_db' retrieved from /opt/airflow/dags/main.py
[2026-09-29T16:25:12.593+0000] {logging_mixin.py:188} INFO - [2026-09-29T16:25:12.592+0000] {dag.py:3096} INFO - Sync 3 DAGs
[2026-09-29T16:25:12.631+0000] {logging_mixin.py:188} INFO - [2026-09-29T16:25:12.631+0000] {dag.py:3954} INFO - Setting next_dagrun for data_quality_check to 2026-09-29 12:00:00+00:00, run_after=2026-09-30 12:00:00+00:00
[2026-09-29T16:25:12.638+0000] {logging_mixin.py:188} INFO - [2026-09-29T16:25:12.638+0000] {dag.py:3954} INFO - Setting next_dagrun for produce_json to 2026-09-29 12:00:00+00:00, run_after=2026-09-30 12:00:00+00:00
[2026-09-29T16:25:12.642+0000] {logging_mixin.py:188} INFO - [2026-09-29T16:25:12.642+0000] {dag.py:3954} INFO - Setting next_dagrun for update_db to 2026-09-29 12:00:00+00:00, run_after=2026-09-30 12:00:00+00:00
[2026-09-29T16:25:12.665+0000] {processor.py:183} INFO - Processing /opt/airflow/dags/main.py took 0.579 seconds
[2026-09-29T16:25:15.275+0000] {processor.py:161} INFO - Started process (PID=2008) to work on /opt/airflow/dags/main.py
[2026-09-29T16:25:15.278+0000] {processor.py:830} INFO - Processing file /opt/airflow/dags/main.py for tasks to queue
[2026-09-29T16:25:15.281+0000] {logging_mixin.py:188} INFO - [2026-09-29T16:25:15.280+0000] {dagbag.py:545} INFO - Filling up the DagBag from /opt/airflow/dags/main.py
[2026-09-29T16:25:15.605+0000] {processor.py:840} INFO - DAG(s) 'produce_json', 'data_quality_check', 'update_db' retrieved from /opt/airflow/dags/main.py
[2026-09-29T16:25:15.633+0000] {logging_mixin.py:188} INFO - [2026-09-29T16:25:15.633+0000] {dag.py:3096} INFO - Sync 3 DAGs
[2026-09-29T16:25:15.656+0000] {logging_mixin.py:188} INFO - [2026-09-29T16:25:15.656+0000] {dag.py:3954} INFO - Setting next_dagrun for data_quality_check to 2026-09-29 12:00:00+00:00, run_after=2026-09-30 12:00:00+00:00
[2026-09-29T16:25:15.662+0000] {logging_mixin.py:188} INFO - [2026-09-29T16:25:15.662+0000] {dag.py:3954} INFO - Setting next_dagrun for produce_json to 2026-09-29 12:00:00+00:00, run_after=2026-09-30 12:00:00+00:00
[2026-09-29T16:25:15.666+0000] {logging_mixin.py:188} INFO - [2026-09-29T16:25:15.666+0000] {dag.py:3954} INFO - Setting next_dagrun for update_db to 2026-09-29 12:00:00+00:00, run_after=2026-09-30 12:00:00+00:00
[2026-09-29T16:25:15.700+0000] {processor.py:183} INFO - Processing /opt/airflow/dags/main.py took 0.431 seconds
[2026-09-29T16:25:18.802+0000] {processor.py:161} INFO - Started process (PID=2009) to work on /opt/airflow/dags/main.py
[2026-09-29T16:25:18.804+0000] {processor.py:830} INFO - Processing file /opt/airflow/dags/main.py for tasks to queue
[2026-09-29T16:25:18.807+0000] {logging_mixin.py:188} INFO - [2026-09-29T16:25:18.806+0000] {dagbag.py:545} INFO - Filling up the DagBag from /opt/airflow/dags/main.py
[2026-09-29T16:25:19.165+0000] {logging_mixin.py:188} INFO - [2026-09-29T16:25:19.151+0000] {dagbag.py:355} ERROR - Failed to import: /opt/airflow/dags/main.py
Traceback (most recent call last):
  File "/home/airflow/.local/lib/python3.10/site-packages/airflow/models/dagbag.py", line 351, in parse
    loader.exec_module(new_module)
  File "<frozen importlib._bootstrap_external>", line 883, in exec_module
  File "<frozen importlib._bootstrap>", line 241, in _call_with_frames_removed
  File "/opt/airflow/dags/main.py", line 54, in <module>
    trigger
NameError: name 'trigger' is not defined
[2026-09-29T16:25:19.173+0000] {processor.py:842} WARNING - No viable dags retrieved from /opt/airflow/dags/main.py
[2026-09-29T16:25:19.233+0000] {processor.py:183} INFO - Processing /opt/airflow/dags/main.py took 0.438 seconds
[2026-09-29T16:25:32.515+0000] {processor.py:161} INFO - Started process (PID=2016) to work on /opt/airflow/dags/main.py
[2026-09-29T16:25:32.518+0000] {processor.py:830} INFO - Processing file /opt/airflow/dags/main.py for tasks to queue
[2026-09-29T16:25:32.521+0000] {logging_mixin.py:188} INFO - [2026-09-29T16:25:32.520+0000] {dagbag.py:545} INFO - Filling up the DagBag from /opt/airflow/dags/main.py
[2026-09-29T16:25:32.873+0000] {logging_mixin.py:188} INFO - [2026-09-29T16:25:32.859+0000] {dagbag.py:355} ERROR - Failed to import: /opt/airflow/dags/main.py
Traceback (most recent call last):
  File "/home/airflow/.local/lib/python3.10/site-packages/airflow/models/dagbag.py", line 351, in parse
    loader.exec_module(new_module)
  File "<frozen importlib._bootstrap_external>", line 883, in exec_module
  File "<frozen importlib._bootstrap>", line 241, in _call_with_frames_removed
  File "/opt/airflow/dags/main.py", line 55, in <module>
    task_id
NameError: name 'task_id' is not defined
[2026-09-29T16:25:32.881+0000] {processor.py:842} WARNING - No viable dags retrieved from /opt/airflow/dags/main.py
[2026-09-29T16:25:32.909+0000] {processor.py:183} INFO - Processing /opt/airflow/dags/main.py took 0.400 seconds
[2026-09-29T16:25:35.570+0000] {processor.py:161} INFO - Started process (PID=2017) to work on /opt/airflow/dags/main.py
[2026-09-29T16:25:35.574+0000] {processor.py:830} INFO - Processing file /opt/airflow/dags/main.py for tasks to queue
[2026-09-29T16:25:35.582+0000] {logging_mixin.py:188} INFO - [2026-09-29T16:25:35.578+0000] {dagbag.py:545} INFO - Filling up the DagBag from /opt/airflow/dags/main.py
[2026-09-29T16:25:36.009+0000] {logging_mixin.py:188} INFO - [2026-09-29T16:25:36.000+0000] {dagbag.py:355} ERROR - Failed to import: /opt/airflow/dags/main.py
Traceback (most recent call last):
  File "/home/airflow/.local/lib/python3.10/site-packages/airflow/models/dagbag.py", line 351, in parse
    loader.exec_module(new_module)
  File "<frozen importlib._bootstrap_external>", line 883, in exec_module
  File "<frozen importlib._bootstrap>", line 241, in _call_with_frames_removed
  File "/opt/airflow/dags/main.py", line 54, in <module>
    trigger_data_quality = TriggerDagRunOperator(
  File "/home/airflow/.local/lib/python3.10/site-packages/airflow/models/baseoperator.py", line 468, in apply_defaults
    raise AirflowException(f"missing keyword argument {missing_args.pop()!r}")
airflow.exceptions.AirflowException: missing keyword argument 'trigger_dag_id'
[2026-09-29T16:25:36.013+0000] {processor.py:842} WARNING - No viable dags retrieved from /opt/airflow/dags/main.py
[2026-09-29T16:25:36.031+0000] {processor.py:183} INFO - Processing /opt/airflow/dags/main.py took 0.483 seconds
[2026-09-29T16:25:37.058+0000] {processor.py:161} INFO - Started process (PID=2018) to work on /opt/airflow/dags/main.py
[2026-09-29T16:25:37.061+0000] {processor.py:830} INFO - Processing file /opt/airflow/dags/main.py for tasks to queue
[2026-09-29T16:25:37.065+0000] {logging_mixin.py:188} INFO - [2026-09-29T16:25:37.064+0000] {dagbag.py:545} INFO - Filling up the DagBag from /opt/airflow/dags/main.py
[2026-09-29T16:25:37.460+0000] {logging_mixin.py:188} INFO - [2026-09-29T16:25:37.443+0000] {dagbag.py:355} ERROR - Failed to import: /opt/airflow/dags/main.py
Traceback (most recent call last):
  File "/home/airflow/.local/lib/python3.10/site-packages/airflow/models/dagbag.py", line 351, in parse
    loader.exec_module(new_module)
  File "<frozen importlib._bootstrap_external>", line 883, in exec_module
  File "<frozen importlib._bootstrap>", line 241, in _call_with_frames_removed
  File "/opt/airflow/dags/main.py", line 54, in <module>
    trigger_data_quality = TriggerDagRunOperator(
  File "/home/airflow/.local/lib/python3.10/site-packages/airflow/models/baseoperator.py", line 468, in apply_defaults
    raise AirflowException(f"missing keyword argument {missing_args.pop()!r}")
airflow.exceptions.AirflowException: missing keyword argument 'trigger_dag_id'
[2026-09-29T16:25:37.467+0000] {processor.py:842} WARNING - No viable dags retrieved from /opt/airflow/dags/main.py
[2026-09-29T16:25:37.505+0000] {processor.py:183} INFO - Processing /opt/airflow/dags/main.py took 0.454 seconds
[2026-09-29T16:25:41.170+0000] {processor.py:161} INFO - Started process (PID=2019) to work on /opt/airflow/dags/main.py
[2026-09-29T16:25:41.174+0000] {processor.py:830} INFO - Processing file /opt/airflow/dags/main.py for tasks to queue
[2026-09-29T16:25:41.177+0000] {logging_mixin.py:188} INFO - [2026-09-29T16:25:41.176+0000] {dagbag.py:545} INFO - Filling up the DagBag from /opt/airflow/dags/main.py
[2026-09-29T16:25:41.537+0000] {logging_mixin.py:188} INFO - [2026-09-29T16:25:41.525+0000] {dagbag.py:355} ERROR - Failed to import: /opt/airflow/dags/main.py
Traceback (most recent call last):
  File "/home/airflow/.local/lib/python3.10/site-packages/airflow/models/dagbag.py", line 351, in parse
    loader.exec_module(new_module)
  File "<frozen importlib._bootstrap_external>", line 883, in exec_module
  File "<frozen importlib._bootstrap>", line 241, in _call_with_frames_removed
  File "/opt/airflow/dags/main.py", line 54, in <module>
    trigger_data_quality = TriggerDagRunOperator(
  File "/home/airflow/.local/lib/python3.10/site-packages/airflow/models/baseoperator.py", line 468, in apply_defaults
    raise AirflowException(f"missing keyword argument {missing_args.pop()!r}")
airflow.exceptions.AirflowException: missing keyword argument 'trigger_dag_id'
[2026-09-29T16:25:41.559+0000] {processor.py:842} WARNING - No viable dags retrieved from /opt/airflow/dags/main.py
[2026-09-29T16:25:41.652+0000] {processor.py:183} INFO - Processing /opt/airflow/dags/main.py took 0.496 seconds
[2026-09-29T16:25:43.295+0000] {processor.py:161} INFO - Started process (PID=2020) to work on /opt/airflow/dags/main.py
[2026-09-29T16:25:43.301+0000] {processor.py:830} INFO - Processing file /opt/airflow/dags/main.py for tasks to queue
[2026-09-29T16:25:43.317+0000] {logging_mixin.py:188} INFO - [2026-09-29T16:25:43.315+0000] {dagbag.py:545} INFO - Filling up the DagBag from /opt/airflow/dags/main.py
[2026-09-29T16:25:43.657+0000] {logging_mixin.py:188} INFO - [2026-09-29T16:25:43.643+0000] {dagbag.py:355} ERROR - Failed to import: /opt/airflow/dags/main.py
Traceback (most recent call last):
  File "/home/airflow/.local/lib/python3.10/site-packages/airflow/models/dagbag.py", line 351, in parse
    loader.exec_module(new_module)
  File "<frozen importlib._bootstrap_external>", line 883, in exec_module
  File "<frozen importlib._bootstrap>", line 241, in _call_with_frames_removed
  File "/opt/airflow/dags/main.py", line 54, in <module>
    trigger_data_quality = TriggerDagRunOperator(
  File "/home/airflow/.local/lib/python3.10/site-packages/airflow/models/baseoperator.py", line 468, in apply_defaults
    raise AirflowException(f"missing keyword argument {missing_args.pop()!r}")
airflow.exceptions.AirflowException: missing keyword argument 'trigger_dag_id'
[2026-09-29T16:25:43.664+0000] {processor.py:842} WARNING - No viable dags retrieved from /opt/airflow/dags/main.py
[2026-09-29T16:25:43.692+0000] {processor.py:183} INFO - Processing /opt/airflow/dags/main.py took 0.423 seconds
[2026-09-29T16:25:44.820+0000] {processor.py:161} INFO - Started process (PID=2021) to work on /opt/airflow/dags/main.py
[2026-09-29T16:25:44.823+0000] {processor.py:830} INFO - Processing file /opt/airflow/dags/main.py for tasks to queue
[2026-09-29T16:25:44.829+0000] {logging_mixin.py:188} INFO - [2026-09-29T16:25:44.828+0000] {dagbag.py:545} INFO - Filling up the DagBag from /opt/airflow/dags/main.py
[2026-09-29T16:25:44.897+0000] {logging_mixin.py:188} INFO - [2026-09-29T16:25:44.893+0000] {dagbag.py:355} ERROR - Failed to import: /opt/airflow/dags/main.py
Traceback (most recent call last):
  File "/home/airflow/.local/lib/python3.10/site-packages/airflow/models/dagbag.py", line 351, in parse
    loader.exec_module(new_module)
  File "<frozen importlib._bootstrap_external>", line 879, in exec_module
  File "<frozen importlib._bootstrap_external>", line 1017, in get_code
  File "<frozen importlib._bootstrap_external>", line 947, in source_to_code
  File "<frozen importlib._bootstrap>", line 241, in _call_with_frames_removed
  File "/opt/airflow/dags/main.py", line 57
    )
    ^
SyntaxError: positional argument follows keyword argument
[2026-09-29T16:25:44.900+0000] {processor.py:842} WARNING - No viable dags retrieved from /opt/airflow/dags/main.py
[2026-09-29T16:25:44.953+0000] {processor.py:183} INFO - Processing /opt/airflow/dags/main.py took 0.142 seconds
[2026-09-29T16:25:47.851+0000] {processor.py:161} INFO - Started process (PID=2022) to work on /opt/airflow/dags/main.py
[2026-09-29T16:25:47.854+0000] {processor.py:830} INFO - Processing file /opt/airflow/dags/main.py for tasks to queue
[2026-09-29T16:25:47.856+0000] {logging_mixin.py:188} INFO - [2026-09-29T16:25:47.856+0000] {dagbag.py:545} INFO - Filling up the DagBag from /opt/airflow/dags/main.py
[2026-09-29T16:25:47.912+0000] {logging_mixin.py:188} INFO - [2026-09-29T16:25:47.910+0000] {dagbag.py:355} ERROR - Failed to import: /opt/airflow/dags/main.py
Traceback (most recent call last):
  File "/home/airflow/.local/lib/python3.10/site-packages/airflow/models/dagbag.py", line 351, in parse
    loader.exec_module(new_module)
  File "<frozen importlib._bootstrap_external>", line 879, in exec_module
  File "<frozen importlib._bootstrap_external>", line 1017, in get_code
  File "<frozen importlib._bootstrap_external>", line 947, in source_to_code
  File "<frozen importlib._bootstrap>", line 241, in _call_with_frames_removed
  File "/opt/airflow/dags/main.py", line 57
    )
    ^
SyntaxError: positional argument follows keyword argument
[2026-09-29T16:25:47.914+0000] {processor.py:842} WARNING - No viable dags retrieved from /opt/airflow/dags/main.py
[2026-09-29T16:25:47.962+0000] {processor.py:183} INFO - Processing /opt/airflow/dags/main.py took 0.116 seconds
[2026-09-29T16:25:50.991+0000] {processor.py:161} INFO - Started process (PID=2029) to work on /opt/airflow/dags/main.py
[2026-09-29T16:25:51.018+0000] {processor.py:830} INFO - Processing file /opt/airflow/dags/main.py for tasks to queue
[2026-09-29T16:25:51.035+0000] {logging_mixin.py:188} INFO - [2026-09-29T16:25:51.034+0000] {dagbag.py:545} INFO - Filling up the DagBag from /opt/airflow/dags/main.py
[2026-09-29T16:25:51.522+0000] {processor.py:840} INFO - DAG(s) 'data_quality_check', 'update_db', 'produce_json' retrieved from /opt/airflow/dags/main.py
[2026-09-29T16:25:52.063+0000] {logging_mixin.py:188} INFO - [2026-09-29T16:25:52.062+0000] {dag.py:3096} INFO - Sync 3 DAGs
[2026-09-29T16:25:52.097+0000] {logging_mixin.py:188} INFO - [2026-09-29T16:25:52.097+0000] {dag.py:3954} INFO - Setting next_dagrun for data_quality_check to 2026-09-29 12:00:00+00:00, run_after=2026-09-30 12:00:00+00:00
[2026-09-29T16:25:52.104+0000] {logging_mixin.py:188} INFO - [2026-09-29T16:25:52.104+0000] {dag.py:3954} INFO - Setting next_dagrun for produce_json to 2026-09-29 12:00:00+00:00, run_after=2026-09-30 12:00:00+00:00
[2026-09-29T16:25:52.109+0000] {logging_mixin.py:188} INFO - [2026-09-29T16:25:52.109+0000] {dag.py:3954} INFO - Setting next_dagrun for update_db to 2026-09-29 12:00:00+00:00, run_after=2026-09-30 12:00:00+00:00
[2026-09-29T16:25:52.148+0000] {processor.py:183} INFO - Processing /opt/airflow/dags/main.py took 1.170 seconds
[2026-09-29T16:25:55.135+0000] {processor.py:161} INFO - Started process (PID=2030) to work on /opt/airflow/dags/main.py
[2026-09-29T16:25:55.141+0000] {processor.py:830} INFO - Processing file /opt/airflow/dags/main.py for tasks to queue
[2026-09-29T16:25:55.145+0000] {logging_mixin.py:188} INFO - [2026-09-29T16:25:55.144+0000] {dagbag.py:545} INFO - Filling up the DagBag from /opt/airflow/dags/main.py
[2026-09-29T16:25:55.432+0000] {processor.py:840} INFO - DAG(s) 'update_db', 'produce_json', 'data_quality_check' retrieved from /opt/airflow/dags/main.py
[2026-09-29T16:25:55.475+0000] {logging_mixin.py:188} INFO - [2026-09-29T16:25:55.474+0000] {dag.py:3096} INFO - Sync 3 DAGs
[2026-09-29T16:25:55.505+0000] {logging_mixin.py:188} INFO - [2026-09-29T16:25:55.505+0000] {dag.py:3954} INFO - Setting next_dagrun for data_quality_check to 2026-09-29 12:00:00+00:00, run_after=2026-09-30 12:00:00+00:00
[2026-09-29T16:25:55.513+0000] {logging_mixin.py:188} INFO - [2026-09-29T16:25:55.513+0000] {dag.py:3954} INFO - Setting next_dagrun for produce_json to 2026-09-29 12:00:00+00:00, run_after=2026-09-30 12:00:00+00:00
[2026-09-29T16:25:55.521+0000] {logging_mixin.py:188} INFO - [2026-09-29T16:25:55.521+0000] {dag.py:3954} INFO - Setting next_dagrun for update_db to 2026-09-29 12:00:00+00:00, run_after=2026-09-30 12:00:00+00:00
[2026-09-29T16:25:55.555+0000] {processor.py:183} INFO - Processing /opt/airflow/dags/main.py took 0.431 seconds
[2026-09-29T16:25:57.301+0000] {processor.py:161} INFO - Started process (PID=2031) to work on /opt/airflow/dags/main.py
[2026-09-29T16:25:57.304+0000] {processor.py:830} INFO - Processing file /opt/airflow/dags/main.py for tasks to queue
[2026-09-29T16:25:57.308+0000] {logging_mixin.py:188} INFO - [2026-09-29T16:25:57.307+0000] {dagbag.py:545} INFO - Filling up the DagBag from /opt/airflow/dags/main.py
[2026-09-29T16:25:57.664+0000] {processor.py:840} INFO - DAG(s) 'update_db', 'produce_json', 'data_quality_check' retrieved from /opt/airflow/dags/main.py
[2026-09-29T16:25:57.704+0000] {logging_mixin.py:188} INFO - [2026-09-29T16:25:57.703+0000] {dag.py:3096} INFO - Sync 3 DAGs
[2026-09-29T16:25:57.733+0000] {logging_mixin.py:188} INFO - [2026-09-29T16:25:57.733+0000] {dag.py:3954} INFO - Setting next_dagrun for data_quality_check to 2026-09-29 12:00:00+00:00, run_after=2026-09-30 12:00:00+00:00
[2026-09-29T16:25:57.741+0000] {logging_mixin.py:188} INFO - [2026-09-29T16:25:57.741+0000] {dag.py:3954} INFO - Setting next_dagrun for produce_json to 2026-09-29 12:00:00+00:00, run_after=2026-09-30 12:00:00+00:00
[2026-09-29T16:25:57.747+0000] {logging_mixin.py:188} INFO - [2026-09-29T16:25:57.747+0000] {dag.py:3954} INFO - Setting next_dagrun for update_db to 2026-09-29 12:00:00+00:00, run_after=2026-09-30 12:00:00+00:00
[2026-09-29T16:25:57.788+0000] {processor.py:183} INFO - Processing /opt/airflow/dags/main.py took 0.499 seconds
[2026-09-29T16:26:03.721+0000] {processor.py:161} INFO - Started process (PID=2032) to work on /opt/airflow/dags/main.py
[2026-09-29T16:26:03.724+0000] {processor.py:830} INFO - Processing file /opt/airflow/dags/main.py for tasks to queue
[2026-09-29T16:26:03.727+0000] {logging_mixin.py:188} INFO - [2026-09-29T16:26:03.726+0000] {dagbag.py:545} INFO - Filling up the DagBag from /opt/airflow/dags/main.py
[2026-09-29T16:26:04.048+0000] {logging_mixin.py:188} INFO - [2026-09-29T16:26:04.039+0000] {dagbag.py:355} ERROR - Failed to import: /opt/airflow/dags/main.py
Traceback (most recent call last):
  File "/home/airflow/.local/lib/python3.10/site-packages/airflow/models/dagbag.py", line 351, in parse
    loader.exec_module(new_module)
  File "<frozen importlib._bootstrap_external>", line 883, in exec_module
  File "<frozen importlib._bootstrap>", line 241, in _call_with_frames_removed
  File "/opt/airflow/dags/main.py", line 58, in <module>
    update_staging >> update_core >> t
NameError: name 't' is not defined
[2026-09-29T16:26:04.051+0000] {processor.py:842} WARNING - No viable dags retrieved from /opt/airflow/dags/main.py
[2026-09-29T16:26:04.071+0000] {processor.py:183} INFO - Processing /opt/airflow/dags/main.py took 0.355 seconds
[2026-09-29T16:26:07.197+0000] {processor.py:161} INFO - Started process (PID=2033) to work on /opt/airflow/dags/main.py
[2026-09-29T16:26:07.200+0000] {processor.py:830} INFO - Processing file /opt/airflow/dags/main.py for tasks to queue
[2026-09-29T16:26:07.203+0000] {logging_mixin.py:188} INFO - [2026-09-29T16:26:07.202+0000] {dagbag.py:545} INFO - Filling up the DagBag from /opt/airflow/dags/main.py
[2026-09-29T16:26:07.531+0000] {logging_mixin.py:188} INFO - [2026-09-29T16:26:07.522+0000] {dagbag.py:355} ERROR - Failed to import: /opt/airflow/dags/main.py
Traceback (most recent call last):
  File "/home/airflow/.local/lib/python3.10/site-packages/airflow/models/dagbag.py", line 351, in parse
    loader.exec_module(new_module)
  File "<frozen importlib._bootstrap_external>", line 883, in exec_module
  File "<frozen importlib._bootstrap>", line 241, in _call_with_frames_removed
  File "/opt/airflow/dags/main.py", line 58, in <module>
    update_staging >> update_core >> tr
NameError: name 'tr' is not defined
[2026-09-29T16:26:07.534+0000] {processor.py:842} WARNING - No viable dags retrieved from /opt/airflow/dags/main.py
[2026-09-29T16:26:07.554+0000] {processor.py:183} INFO - Processing /opt/airflow/dags/main.py took 0.364 seconds
[2026-09-29T16:26:08.225+0000] {processor.py:161} INFO - Started process (PID=2034) to work on /opt/airflow/dags/main.py
[2026-09-29T16:26:08.228+0000] {processor.py:830} INFO - Processing file /opt/airflow/dags/main.py for tasks to queue
[2026-09-29T16:26:08.231+0000] {logging_mixin.py:188} INFO - [2026-09-29T16:26:08.230+0000] {dagbag.py:545} INFO - Filling up the DagBag from /opt/airflow/dags/main.py
[2026-09-29T16:26:08.558+0000] {logging_mixin.py:188} INFO - [2026-09-29T16:26:08.546+0000] {dagbag.py:355} ERROR - Failed to import: /opt/airflow/dags/main.py
Traceback (most recent call last):
  File "/home/airflow/.local/lib/python3.10/site-packages/airflow/models/dagbag.py", line 351, in parse
    loader.exec_module(new_module)
  File "<frozen importlib._bootstrap_external>", line 883, in exec_module
  File "<frozen importlib._bootstrap>", line 241, in _call_with_frames_removed
  File "/opt/airflow/dags/main.py", line 58, in <module>
    update_staging >> update_core >> trigger_update_db
  File "/home/airflow/.local/lib/python3.10/site-packages/airflow/models/taskmixin.py", line 104, in __rshift__
    self.set_downstream(other)
  File "/home/airflow/.local/lib/python3.10/site-packages/airflow/models/xcom_arg.py", line 157, in set_downstream
    operator.set_downstream(task_or_task_list, edge_modifier)
  File "/home/airflow/.local/lib/python3.10/site-packages/airflow/models/taskmixin.py", line 262, in set_downstream
    self._set_relatives(task_or_task_list, upstream=False, edge_modifier=edge_modifier)
  File "/home/airflow/.local/lib/python3.10/site-packages/airflow/models/taskmixin.py", line 228, in _set_relatives
    raise AirflowException(f"Tried to set relationships between tasks in more than one DAG: {dags}")
airflow.exceptions.AirflowException: Tried to set relationships between tasks in more than one DAG: {<DAG: produce_json>, <DAG: update_db>}
[2026-09-29T16:26:08.561+0000] {processor.py:842} WARNING - No viable dags retrieved from /opt/airflow/dags/main.py
[2026-09-29T16:26:08.616+0000] {processor.py:183} INFO - Processing /opt/airflow/dags/main.py took 0.396 seconds
[2026-09-29T16:26:32.938+0000] {processor.py:161} INFO - Started process (PID=2041) to work on /opt/airflow/dags/main.py
[2026-09-29T16:26:32.943+0000] {processor.py:830} INFO - Processing file /opt/airflow/dags/main.py for tasks to queue
[2026-09-29T16:26:32.949+0000] {logging_mixin.py:188} INFO - [2026-09-29T16:26:32.948+0000] {dagbag.py:545} INFO - Filling up the DagBag from /opt/airflow/dags/main.py
[2026-09-29T16:26:33.258+0000] {logging_mixin.py:188} INFO - [2026-09-29T16:26:33.245+0000] {dagbag.py:355} ERROR - Failed to import: /opt/airflow/dags/main.py
Traceback (most recent call last):
  File "/home/airflow/.local/lib/python3.10/site-packages/airflow/models/dagbag.py", line 351, in parse
    loader.exec_module(new_module)
  File "<frozen importlib._bootstrap_external>", line 883, in exec_module
  File "<frozen importlib._bootstrap>", line 241, in _call_with_frames_removed
  File "/opt/airflow/dags/main.py", line 58, in <module>
    update_staging >> update_core >> trigger_update_db
  File "/home/airflow/.local/lib/python3.10/site-packages/airflow/models/taskmixin.py", line 104, in __rshift__
    self.set_downstream(other)
  File "/home/airflow/.local/lib/python3.10/site-packages/airflow/models/xcom_arg.py", line 157, in set_downstream
    operator.set_downstream(task_or_task_list, edge_modifier)
  File "/home/airflow/.local/lib/python3.10/site-packages/airflow/models/taskmixin.py", line 262, in set_downstream
    self._set_relatives(task_or_task_list, upstream=False, edge_modifier=edge_modifier)
  File "/home/airflow/.local/lib/python3.10/site-packages/airflow/models/taskmixin.py", line 228, in _set_relatives
    raise AirflowException(f"Tried to set relationships between tasks in more than one DAG: {dags}")
airflow.exceptions.AirflowException: Tried to set relationships between tasks in more than one DAG: {<DAG: update_db>, <DAG: produce_json>}
[2026-09-29T16:26:33.265+0000] {processor.py:842} WARNING - No viable dags retrieved from /opt/airflow/dags/main.py
[2026-09-29T16:26:33.372+0000] {processor.py:183} INFO - Processing /opt/airflow/dags/main.py took 0.445 seconds
[2026-09-29T16:26:44.097+0000] {processor.py:161} INFO - Started process (PID=2042) to work on /opt/airflow/dags/main.py
[2026-09-29T16:26:44.100+0000] {processor.py:830} INFO - Processing file /opt/airflow/dags/main.py for tasks to queue
[2026-09-29T16:26:44.103+0000] {logging_mixin.py:188} INFO - [2026-09-29T16:26:44.103+0000] {dagbag.py:545} INFO - Filling up the DagBag from /opt/airflow/dags/main.py
[2026-09-29T16:26:44.480+0000] {logging_mixin.py:188} INFO - [2026-09-29T16:26:44.468+0000] {dagbag.py:355} ERROR - Failed to import: /opt/airflow/dags/main.py
Traceback (most recent call last):
  File "/home/airflow/.local/lib/python3.10/site-packages/airflow/models/dagbag.py", line 351, in parse
    loader.exec_module(new_module)
  File "<frozen importlib._bootstrap_external>", line 883, in exec_module
  File "<frozen importlib._bootstrap>", line 241, in _call_with_frames_removed
  File "/opt/airflow/dags/main.py", line 58, in <module>
    update_staging >> update_core >> tri
NameError: name 'tri' is not defined
[2026-09-29T16:26:44.486+0000] {processor.py:842} WARNING - No viable dags retrieved from /opt/airflow/dags/main.py
[2026-09-29T16:26:44.507+0000] {processor.py:183} INFO - Processing /opt/airflow/dags/main.py took 0.415 seconds
[2026-09-29T16:26:46.141+0000] {processor.py:161} INFO - Started process (PID=2043) to work on /opt/airflow/dags/main.py
[2026-09-29T16:26:46.144+0000] {processor.py:830} INFO - Processing file /opt/airflow/dags/main.py for tasks to queue
[2026-09-29T16:26:46.146+0000] {logging_mixin.py:188} INFO - [2026-09-29T16:26:46.145+0000] {dagbag.py:545} INFO - Filling up the DagBag from /opt/airflow/dags/main.py
[2026-09-29T16:26:46.514+0000] {processor.py:840} INFO - DAG(s) 'data_quality_check', 'update_db', 'produce_json' retrieved from /opt/airflow/dags/main.py
[2026-09-29T16:26:46.658+0000] {logging_mixin.py:188} INFO - [2026-09-29T16:26:46.658+0000] {dag.py:3096} INFO - Sync 3 DAGs
[2026-09-29T16:26:46.676+0000] {logging_mixin.py:188} INFO - [2026-09-29T16:26:46.676+0000] {dag.py:3954} INFO - Setting next_dagrun for data_quality_check to 2026-09-29 12:00:00+00:00, run_after=2026-09-30 12:00:00+00:00
[2026-09-29T16:26:46.681+0000] {logging_mixin.py:188} INFO - [2026-09-29T16:26:46.681+0000] {dag.py:3954} INFO - Setting next_dagrun for produce_json to 2026-09-29 12:00:00+00:00, run_after=2026-09-30 12:00:00+00:00
[2026-09-29T16:26:46.685+0000] {logging_mixin.py:188} INFO - [2026-09-29T16:26:46.685+0000] {dag.py:3954} INFO - Setting next_dagrun for update_db to 2026-09-29 12:00:00+00:00, run_after=2026-09-30 12:00:00+00:00
[2026-09-29T16:26:46.718+0000] {processor.py:183} INFO - Processing /opt/airflow/dags/main.py took 0.582 seconds
[2026-09-29T16:27:16.894+0000] {processor.py:161} INFO - Started process (PID=2050) to work on /opt/airflow/dags/main.py
[2026-09-29T16:27:16.897+0000] {processor.py:830} INFO - Processing file /opt/airflow/dags/main.py for tasks to queue
[2026-09-29T16:27:16.900+0000] {logging_mixin.py:188} INFO - [2026-09-29T16:27:16.899+0000] {dagbag.py:545} INFO - Filling up the DagBag from /opt/airflow/dags/main.py
[2026-09-29T16:27:17.240+0000] {processor.py:840} INFO - DAG(s) 'produce_json', 'update_db', 'data_quality_check' retrieved from /opt/airflow/dags/main.py
[2026-09-29T16:27:17.281+0000] {logging_mixin.py:188} INFO - [2026-09-29T16:27:17.281+0000] {dag.py:3096} INFO - Sync 3 DAGs
[2026-09-29T16:27:17.310+0000] {logging_mixin.py:188} INFO - [2026-09-29T16:27:17.310+0000] {dag.py:3954} INFO - Setting next_dagrun for data_quality_check to 2026-09-29 12:00:00+00:00, run_after=2026-09-30 12:00:00+00:00
[2026-09-29T16:27:17.318+0000] {logging_mixin.py:188} INFO - [2026-09-29T16:27:17.317+0000] {dag.py:3954} INFO - Setting next_dagrun for produce_json to 2026-09-29 12:00:00+00:00, run_after=2026-09-30 12:00:00+00:00
[2026-09-29T16:27:17.325+0000] {logging_mixin.py:188} INFO - [2026-09-29T16:27:17.325+0000] {dag.py:3954} INFO - Setting next_dagrun for update_db to 2026-09-29 12:00:00+00:00, run_after=2026-09-30 12:00:00+00:00
[2026-09-29T16:27:17.348+0000] {processor.py:183} INFO - Processing /opt/airflow/dags/main.py took 0.460 seconds
[2026-09-29T16:27:46.334+0000] {processor.py:161} INFO - Started process (PID=2057) to work on /opt/airflow/dags/main.py
[2026-09-29T16:27:46.337+0000] {processor.py:830} INFO - Processing file /opt/airflow/dags/main.py for tasks to queue
[2026-09-29T16:27:46.340+0000] {logging_mixin.py:188} INFO - [2026-09-29T16:27:46.340+0000] {dagbag.py:545} INFO - Filling up the DagBag from /opt/airflow/dags/main.py
[2026-09-29T16:27:46.674+0000] {processor.py:840} INFO - DAG(s) 'update_db', 'data_quality_check', 'produce_json' retrieved from /opt/airflow/dags/main.py
[2026-09-29T16:27:46.785+0000] {logging_mixin.py:188} INFO - [2026-09-29T16:27:46.784+0000] {dag.py:3096} INFO - Sync 3 DAGs
[2026-09-29T16:27:46.810+0000] {logging_mixin.py:188} INFO - [2026-09-29T16:27:46.809+0000] {dag.py:3954} INFO - Setting next_dagrun for data_quality_check to 2026-09-29 12:00:00+00:00, run_after=2026-09-30 12:00:00+00:00
[2026-09-29T16:27:46.815+0000] {logging_mixin.py:188} INFO - [2026-09-29T16:27:46.815+0000] {dag.py:3954} INFO - Setting next_dagrun for produce_json to 2026-09-29 12:00:00+00:00, run_after=2026-09-30 12:00:00+00:00
[2026-09-29T16:27:46.820+0000] {logging_mixin.py:188} INFO - [2026-09-29T16:27:46.820+0000] {dag.py:3954} INFO - Setting next_dagrun for update_db to 2026-09-29 12:00:00+00:00, run_after=2026-09-30 12:00:00+00:00
[2026-09-29T16:27:46.851+0000] {processor.py:183} INFO - Processing /opt/airflow/dags/main.py took 0.524 seconds
[2026-09-29T16:27:48.724+0000] {processor.py:161} INFO - Started process (PID=2058) to work on /opt/airflow/dags/main.py
[2026-09-29T16:27:48.727+0000] {processor.py:830} INFO - Processing file /opt/airflow/dags/main.py for tasks to queue
[2026-09-29T16:27:48.729+0000] {logging_mixin.py:188} INFO - [2026-09-29T16:27:48.729+0000] {dagbag.py:545} INFO - Filling up the DagBag from /opt/airflow/dags/main.py
[2026-09-29T16:27:49.056+0000] {processor.py:840} INFO - DAG(s) 'update_db', 'produce_json', 'data_quality_check' retrieved from /opt/airflow/dags/main.py
[2026-09-29T16:27:49.141+0000] {logging_mixin.py:188} INFO - [2026-09-29T16:27:49.141+0000] {dag.py:3096} INFO - Sync 3 DAGs
[2026-09-29T16:27:49.165+0000] {logging_mixin.py:188} INFO - [2026-09-29T16:27:49.165+0000] {dag.py:3954} INFO - Setting next_dagrun for data_quality_check to 2026-09-29 12:00:00+00:00, run_after=2026-09-30 12:00:00+00:00
[2026-09-29T16:27:49.173+0000] {logging_mixin.py:188} INFO - [2026-09-29T16:27:49.172+0000] {dag.py:3954} INFO - Setting next_dagrun for produce_json to 2026-09-29 12:00:00+00:00, run_after=2026-09-30 12:00:00+00:00
[2026-09-29T16:27:49.177+0000] {logging_mixin.py:188} INFO - [2026-09-29T16:27:49.177+0000] {dag.py:3954} INFO - Setting next_dagrun for update_db to 2026-09-29 12:00:00+00:00, run_after=2026-09-30 12:00:00+00:00
[2026-09-29T16:27:49.241+0000] {processor.py:183} INFO - Processing /opt/airflow/dags/main.py took 0.523 seconds
[2026-09-29T16:28:19.618+0000] {processor.py:161} INFO - Started process (PID=2065) to work on /opt/airflow/dags/main.py
[2026-09-29T16:28:19.621+0000] {processor.py:830} INFO - Processing file /opt/airflow/dags/main.py for tasks to queue
[2026-09-29T16:28:19.624+0000] {logging_mixin.py:188} INFO - [2026-09-29T16:28:19.624+0000] {dagbag.py:545} INFO - Filling up the DagBag from /opt/airflow/dags/main.py
[2026-09-29T16:28:19.927+0000] {processor.py:840} INFO - DAG(s) 'update_db', 'data_quality_check', 'produce_json' retrieved from /opt/airflow/dags/main.py
[2026-09-29T16:28:19.961+0000] {logging_mixin.py:188} INFO - [2026-09-29T16:28:19.960+0000] {dag.py:3096} INFO - Sync 3 DAGs
[2026-09-29T16:28:19.988+0000] {logging_mixin.py:188} INFO - [2026-09-29T16:28:19.987+0000] {dag.py:3954} INFO - Setting next_dagrun for data_quality_check to 2026-09-29 12:00:00+00:00, run_after=2026-09-30 12:00:00+00:00
[2026-09-29T16:28:19.995+0000] {logging_mixin.py:188} INFO - [2026-09-29T16:28:19.995+0000] {dag.py:3954} INFO - Setting next_dagrun for produce_json to 2026-09-29 12:00:00+00:00, run_after=2026-09-30 12:00:00+00:00
[2026-09-29T16:28:19.998+0000] {logging_mixin.py:188} INFO - [2026-09-29T16:28:19.998+0000] {dag.py:3954} INFO - Setting next_dagrun for update_db to 2026-09-29 12:00:00+00:00, run_after=2026-09-30 12:00:00+00:00
[2026-09-29T16:28:20.022+0000] {processor.py:183} INFO - Processing /opt/airflow/dags/main.py took 0.409 seconds
[2026-09-29T16:28:50.349+0000] {processor.py:161} INFO - Started process (PID=2072) to work on /opt/airflow/dags/main.py
[2026-09-29T16:28:50.352+0000] {processor.py:830} INFO - Processing file /opt/airflow/dags/main.py for tasks to queue
[2026-09-29T16:28:50.354+0000] {logging_mixin.py:188} INFO - [2026-09-29T16:28:50.354+0000] {dagbag.py:545} INFO - Filling up the DagBag from /opt/airflow/dags/main.py
[2026-09-29T16:28:50.649+0000] {processor.py:840} INFO - DAG(s) 'update_db', 'produce_json', 'data_quality_check' retrieved from /opt/airflow/dags/main.py
[2026-09-29T16:28:50.682+0000] {logging_mixin.py:188} INFO - [2026-09-29T16:28:50.682+0000] {dag.py:3096} INFO - Sync 3 DAGs
[2026-09-29T16:28:50.703+0000] {logging_mixin.py:188} INFO - [2026-09-29T16:28:50.703+0000] {dag.py:3954} INFO - Setting next_dagrun for data_quality_check to 2026-09-29 12:00:00+00:00, run_after=2026-09-30 12:00:00+00:00
[2026-09-29T16:28:50.709+0000] {logging_mixin.py:188} INFO - [2026-09-29T16:28:50.709+0000] {dag.py:3954} INFO - Setting next_dagrun for produce_json to 2026-09-29 12:00:00+00:00, run_after=2026-09-30 12:00:00+00:00
[2026-09-29T16:28:50.714+0000] {logging_mixin.py:188} INFO - [2026-09-29T16:28:50.714+0000] {dag.py:3954} INFO - Setting next_dagrun for update_db to 2026-09-29 12:00:00+00:00, run_after=2026-09-30 12:00:00+00:00
[2026-09-29T16:28:50.735+0000] {processor.py:183} INFO - Processing /opt/airflow/dags/main.py took 0.392 seconds
[2026-09-29T16:28:52.422+0000] {processor.py:161} INFO - Started process (PID=2079) to work on /opt/airflow/dags/main.py
[2026-09-29T16:28:52.426+0000] {processor.py:830} INFO - Processing file /opt/airflow/dags/main.py for tasks to queue
[2026-09-29T16:28:52.429+0000] {logging_mixin.py:188} INFO - [2026-09-29T16:28:52.429+0000] {dagbag.py:545} INFO - Filling up the DagBag from /opt/airflow/dags/main.py
[2026-09-29T16:28:52.810+0000] {processor.py:840} INFO - DAG(s) 'produce_json', 'update_db', 'data_quality_check' retrieved from /opt/airflow/dags/main.py
[2026-09-29T16:28:52.847+0000] {logging_mixin.py:188} INFO - [2026-09-29T16:28:52.846+0000] {dag.py:3096} INFO - Sync 3 DAGs
[2026-09-29T16:28:52.871+0000] {logging_mixin.py:188} INFO - [2026-09-29T16:28:52.871+0000] {dag.py:3954} INFO - Setting next_dagrun for data_quality_check to 2026-09-29 12:00:00+00:00, run_after=2026-09-30 12:00:00+00:00
[2026-09-29T16:28:52.877+0000] {logging_mixin.py:188} INFO - [2026-09-29T16:28:52.877+0000] {dag.py:3954} INFO - Setting next_dagrun for produce_json to 2026-09-29 12:00:00+00:00, run_after=2026-09-30 12:00:00+00:00
[2026-09-29T16:28:52.882+0000] {logging_mixin.py:188} INFO - [2026-09-29T16:28:52.882+0000] {dag.py:3954} INFO - Setting next_dagrun for update_db to 2026-09-29 12:00:00+00:00, run_after=2026-09-30 12:00:00+00:00
[2026-09-29T16:28:52.919+0000] {processor.py:183} INFO - Processing /opt/airflow/dags/main.py took 0.505 seconds
[2026-09-29T16:29:23.125+0000] {processor.py:161} INFO - Started process (PID=2086) to work on /opt/airflow/dags/main.py
[2026-09-29T16:29:23.129+0000] {processor.py:830} INFO - Processing file /opt/airflow/dags/main.py for tasks to queue
[2026-09-29T16:29:23.133+0000] {logging_mixin.py:188} INFO - [2026-09-29T16:29:23.132+0000] {dagbag.py:545} INFO - Filling up the DagBag from /opt/airflow/dags/main.py
[2026-09-29T16:29:23.444+0000] {processor.py:840} INFO - DAG(s) 'produce_json', 'data_quality_check', 'update_db' retrieved from /opt/airflow/dags/main.py
[2026-09-29T16:29:23.478+0000] {logging_mixin.py:188} INFO - [2026-09-29T16:29:23.478+0000] {dag.py:3096} INFO - Sync 3 DAGs
[2026-09-29T16:29:23.502+0000] {logging_mixin.py:188} INFO - [2026-09-29T16:29:23.502+0000] {dag.py:3954} INFO - Setting next_dagrun for data_quality_check to 2026-09-29 12:00:00+00:00, run_after=2026-09-30 12:00:00+00:00
[2026-09-29T16:29:23.509+0000] {logging_mixin.py:188} INFO - [2026-09-29T16:29:23.508+0000] {dag.py:3954} INFO - Setting next_dagrun for update_db to 2026-09-29 12:00:00+00:00, run_after=2026-09-30 12:00:00+00:00
[2026-09-29T16:29:23.531+0000] {processor.py:183} INFO - Processing /opt/airflow/dags/main.py took 0.417 seconds
[2026-09-29T16:29:53.889+0000] {processor.py:161} INFO - Started process (PID=2093) to work on /opt/airflow/dags/main.py
[2026-09-29T16:29:53.894+0000] {processor.py:830} INFO - Processing file /opt/airflow/dags/main.py for tasks to queue
[2026-09-29T16:29:53.901+0000] {logging_mixin.py:188} INFO - [2026-09-29T16:29:53.899+0000] {dagbag.py:545} INFO - Filling up the DagBag from /opt/airflow/dags/main.py
[2026-09-29T16:29:54.348+0000] {processor.py:840} INFO - DAG(s) 'data_quality_check', 'update_db', 'produce_json' retrieved from /opt/airflow/dags/main.py
[2026-09-29T16:29:54.396+0000] {logging_mixin.py:188} INFO - [2026-09-29T16:29:54.395+0000] {dag.py:3096} INFO - Sync 3 DAGs
[2026-09-29T16:29:54.419+0000] {logging_mixin.py:188} INFO - [2026-09-29T16:29:54.419+0000] {dag.py:3954} INFO - Setting next_dagrun for data_quality_check to 2026-09-29 12:00:00+00:00, run_after=2026-09-30 12:00:00+00:00
[2026-09-29T16:29:54.426+0000] {logging_mixin.py:188} INFO - [2026-09-29T16:29:54.425+0000] {dag.py:3954} INFO - Setting next_dagrun for produce_json to 2026-09-29 12:00:00+00:00, run_after=2026-09-30 12:00:00+00:00
[2026-09-29T16:29:54.429+0000] {logging_mixin.py:188} INFO - [2026-09-29T16:29:54.429+0000] {dag.py:3954} INFO - Setting next_dagrun for update_db to 2026-09-29 12:00:00+00:00, run_after=2026-09-30 12:00:00+00:00
[2026-09-29T16:29:54.450+0000] {processor.py:183} INFO - Processing /opt/airflow/dags/main.py took 0.582 seconds
[2026-09-29T16:30:24.771+0000] {processor.py:161} INFO - Started process (PID=2100) to work on /opt/airflow/dags/main.py
[2026-09-29T16:30:24.774+0000] {processor.py:830} INFO - Processing file /opt/airflow/dags/main.py for tasks to queue
[2026-09-29T16:30:24.776+0000] {logging_mixin.py:188} INFO - [2026-09-29T16:30:24.776+0000] {dagbag.py:545} INFO - Filling up the DagBag from /opt/airflow/dags/main.py
[2026-09-29T16:30:25.145+0000] {processor.py:840} INFO - DAG(s) 'update_db', 'data_quality_check', 'produce_json' retrieved from /opt/airflow/dags/main.py
[2026-09-29T16:30:25.226+0000] {logging_mixin.py:188} INFO - [2026-09-29T16:30:25.226+0000] {dag.py:3096} INFO - Sync 3 DAGs
[2026-09-29T16:30:25.300+0000] {logging_mixin.py:188} INFO - [2026-09-29T16:30:25.298+0000] {dag.py:3954} INFO - Setting next_dagrun for data_quality_check to 2026-09-29 12:00:00+00:00, run_after=2026-09-30 12:00:00+00:00
[2026-09-29T16:30:25.324+0000] {logging_mixin.py:188} INFO - [2026-09-29T16:30:25.323+0000] {dag.py:3954} INFO - Setting next_dagrun for produce_json to 2026-09-29 12:00:00+00:00, run_after=2026-09-30 12:00:00+00:00
[2026-09-29T16:30:25.330+0000] {logging_mixin.py:188} INFO - [2026-09-29T16:30:25.330+0000] {dag.py:3954} INFO - Setting next_dagrun for update_db to 2026-09-29 12:00:00+00:00, run_after=2026-09-30 12:00:00+00:00
[2026-09-29T16:30:25.377+0000] {processor.py:183} INFO - Processing /opt/airflow/dags/main.py took 0.612 seconds
[2026-09-29T16:30:55.554+0000] {processor.py:161} INFO - Started process (PID=2107) to work on /opt/airflow/dags/main.py
[2026-09-29T16:30:55.557+0000] {processor.py:830} INFO - Processing file /opt/airflow/dags/main.py for tasks to queue
[2026-09-29T16:30:55.559+0000] {logging_mixin.py:188} INFO - [2026-09-29T16:30:55.559+0000] {dagbag.py:545} INFO - Filling up the DagBag from /opt/airflow/dags/main.py
[2026-09-29T16:30:55.860+0000] {processor.py:840} INFO - DAG(s) 'update_db', 'produce_json', 'data_quality_check' retrieved from /opt/airflow/dags/main.py
[2026-09-29T16:30:55.898+0000] {logging_mixin.py:188} INFO - [2026-09-29T16:30:55.897+0000] {dag.py:3096} INFO - Sync 3 DAGs
[2026-09-29T16:30:55.923+0000] {logging_mixin.py:188} INFO - [2026-09-29T16:30:55.922+0000] {dag.py:3954} INFO - Setting next_dagrun for data_quality_check to 2026-09-29 12:00:00+00:00, run_after=2026-09-30 12:00:00+00:00
[2026-09-29T16:30:55.930+0000] {logging_mixin.py:188} INFO - [2026-09-29T16:30:55.930+0000] {dag.py:3954} INFO - Setting next_dagrun for produce_json to 2026-09-29 12:00:00+00:00, run_after=2026-09-30 12:00:00+00:00
[2026-09-29T16:30:55.935+0000] {logging_mixin.py:188} INFO - [2026-09-29T16:30:55.935+0000] {dag.py:3954} INFO - Setting next_dagrun for update_db to 2026-09-29 12:00:00+00:00, run_after=2026-09-30 12:00:00+00:00
[2026-09-29T16:30:55.962+0000] {processor.py:183} INFO - Processing /opt/airflow/dags/main.py took 0.416 seconds
[2026-09-29T16:31:26.349+0000] {processor.py:161} INFO - Started process (PID=2114) to work on /opt/airflow/dags/main.py
[2026-09-29T16:31:26.351+0000] {processor.py:830} INFO - Processing file /opt/airflow/dags/main.py for tasks to queue
[2026-09-29T16:31:26.355+0000] {logging_mixin.py:188} INFO - [2026-09-29T16:31:26.354+0000] {dagbag.py:545} INFO - Filling up the DagBag from /opt/airflow/dags/main.py
[2026-09-29T16:31:26.685+0000] {processor.py:840} INFO - DAG(s) 'data_quality_check', 'update_db', 'produce_json' retrieved from /opt/airflow/dags/main.py
[2026-09-29T16:31:26.714+0000] {logging_mixin.py:188} INFO - [2026-09-29T16:31:26.713+0000] {dag.py:3096} INFO - Sync 3 DAGs
[2026-09-29T16:31:26.734+0000] {logging_mixin.py:188} INFO - [2026-09-29T16:31:26.734+0000] {dag.py:3954} INFO - Setting next_dagrun for data_quality_check to 2026-09-29 12:00:00+00:00, run_after=2026-09-30 12:00:00+00:00
[2026-09-29T16:31:26.742+0000] {logging_mixin.py:188} INFO - [2026-09-29T16:31:26.742+0000] {dag.py:3954} INFO - Setting next_dagrun for produce_json to 2026-09-29 12:00:00+00:00, run_after=2026-09-30 12:00:00+00:00
[2026-09-29T16:31:26.750+0000] {logging_mixin.py:188} INFO - [2026-09-29T16:31:26.749+0000] {dag.py:3954} INFO - Setting next_dagrun for update_db to 2026-09-29 12:00:00+00:00, run_after=2026-09-30 12:00:00+00:00
[2026-09-29T16:31:26.773+0000] {processor.py:183} INFO - Processing /opt/airflow/dags/main.py took 0.431 seconds
[2026-09-29T16:31:57.144+0000] {processor.py:161} INFO - Started process (PID=2121) to work on /opt/airflow/dags/main.py
[2026-09-29T16:31:57.152+0000] {processor.py:830} INFO - Processing file /opt/airflow/dags/main.py for tasks to queue
[2026-09-29T16:31:57.157+0000] {logging_mixin.py:188} INFO - [2026-09-29T16:31:57.155+0000] {dagbag.py:545} INFO - Filling up the DagBag from /opt/airflow/dags/main.py
[2026-09-29T16:31:57.571+0000] {processor.py:840} INFO - DAG(s) 'data_quality_check', 'update_db', 'produce_json' retrieved from /opt/airflow/dags/main.py
[2026-09-29T16:31:57.599+0000] {logging_mixin.py:188} INFO - [2026-09-29T16:31:57.598+0000] {dag.py:3096} INFO - Sync 3 DAGs
[2026-09-29T16:31:57.618+0000] {logging_mixin.py:188} INFO - [2026-09-29T16:31:57.618+0000] {dag.py:3954} INFO - Setting next_dagrun for data_quality_check to 2026-09-29 12:00:00+00:00, run_after=2026-09-30 12:00:00+00:00
[2026-09-29T16:31:57.626+0000] {logging_mixin.py:188} INFO - [2026-09-29T16:31:57.626+0000] {dag.py:3954} INFO - Setting next_dagrun for produce_json to 2026-09-29 12:00:00+00:00, run_after=2026-09-30 12:00:00+00:00
[2026-09-29T16:31:57.629+0000] {logging_mixin.py:188} INFO - [2026-09-29T16:31:57.629+0000] {dag.py:3954} INFO - Setting next_dagrun for update_db to 2026-09-29 12:00:00+00:00, run_after=2026-09-30 12:00:00+00:00
[2026-09-29T16:31:57.651+0000] {processor.py:183} INFO - Processing /opt/airflow/dags/main.py took 0.518 seconds
[2026-09-29T16:32:27.976+0000] {processor.py:161} INFO - Started process (PID=2128) to work on /opt/airflow/dags/main.py
[2026-09-29T16:32:27.979+0000] {processor.py:830} INFO - Processing file /opt/airflow/dags/main.py for tasks to queue
[2026-09-29T16:32:27.981+0000] {logging_mixin.py:188} INFO - [2026-09-29T16:32:27.981+0000] {dagbag.py:545} INFO - Filling up the DagBag from /opt/airflow/dags/main.py
[2026-09-29T16:32:28.281+0000] {processor.py:840} INFO - DAG(s) 'data_quality_check', 'update_db', 'produce_json' retrieved from /opt/airflow/dags/main.py
[2026-09-29T16:32:28.322+0000] {logging_mixin.py:188} INFO - [2026-09-29T16:32:28.322+0000] {dag.py:3096} INFO - Sync 3 DAGs
[2026-09-29T16:32:28.349+0000] {logging_mixin.py:188} INFO - [2026-09-29T16:32:28.349+0000] {dag.py:3954} INFO - Setting next_dagrun for data_quality_check to 2026-09-29 12:00:00+00:00, run_after=2026-09-30 12:00:00+00:00
[2026-09-29T16:32:28.356+0000] {logging_mixin.py:188} INFO - [2026-09-29T16:32:28.356+0000] {dag.py:3954} INFO - Setting next_dagrun for produce_json to 2026-09-29 12:00:00+00:00, run_after=2026-09-30 12:00:00+00:00
[2026-09-29T16:32:28.360+0000] {logging_mixin.py:188} INFO - [2026-09-29T16:32:28.360+0000] {dag.py:3954} INFO - Setting next_dagrun for update_db to 2026-09-29 12:00:00+00:00, run_after=2026-09-30 12:00:00+00:00
[2026-09-29T16:32:28.391+0000] {processor.py:183} INFO - Processing /opt/airflow/dags/main.py took 0.424 seconds
[2026-09-29T16:32:58.783+0000] {processor.py:161} INFO - Started process (PID=2136) to work on /opt/airflow/dags/main.py
[2026-09-29T16:32:58.787+0000] {processor.py:830} INFO - Processing file /opt/airflow/dags/main.py for tasks to queue
[2026-09-29T16:32:58.790+0000] {logging_mixin.py:188} INFO - [2026-09-29T16:32:58.790+0000] {dagbag.py:545} INFO - Filling up the DagBag from /opt/airflow/dags/main.py
[2026-09-29T16:32:59.117+0000] {processor.py:840} INFO - DAG(s) 'data_quality_check', 'produce_json', 'update_db' retrieved from /opt/airflow/dags/main.py
[2026-09-29T16:32:59.157+0000] {logging_mixin.py:188} INFO - [2026-09-29T16:32:59.157+0000] {dag.py:3096} INFO - Sync 3 DAGs
[2026-09-29T16:32:59.176+0000] {logging_mixin.py:188} INFO - [2026-09-29T16:32:59.176+0000] {dag.py:3954} INFO - Setting next_dagrun for data_quality_check to 2026-09-29 12:00:00+00:00, run_after=2026-09-30 12:00:00+00:00
[2026-09-29T16:32:59.183+0000] {logging_mixin.py:188} INFO - [2026-09-29T16:32:59.183+0000] {dag.py:3954} INFO - Setting next_dagrun for produce_json to 2026-09-29 12:00:00+00:00, run_after=2026-09-30 12:00:00+00:00
[2026-09-29T16:32:59.186+0000] {logging_mixin.py:188} INFO - [2026-09-29T16:32:59.186+0000] {dag.py:3954} INFO - Setting next_dagrun for update_db to 2026-09-29 12:00:00+00:00, run_after=2026-09-30 12:00:00+00:00
[2026-09-29T16:32:59.206+0000] {processor.py:183} INFO - Processing /opt/airflow/dags/main.py took 0.430 seconds
