[2026-09-24T14:32:03.243+0000] {local_task_job_runner.py:120} INFO - ::group::Pre task execution logs
[2026-09-24T14:32:03.263+0000] {taskinstance.py:2076} INFO - Dependencies all met for dep_context=non-requeueable deps ti=<TaskInstance: update_db.staging_table manual__2026-09-24T14:32:02.234690+00:00 [queued]>
[2026-09-24T14:32:03.273+0000] {taskinstance.py:2076} INFO - Dependencies all met for dep_context=requeueable deps ti=<TaskInstance: update_db.staging_table manual__2026-09-24T14:32:02.234690+00:00 [queued]>
[2026-09-24T14:32:03.276+0000] {taskinstance.py:2306} INFO - Starting attempt 1 of 1
[2026-09-24T14:32:03.290+0000] {taskinstance.py:2330} INFO - Executing <Task(_PythonDecoratedOperator): staging_table> on 2026-09-24 14:32:02.234690+00:00
[2026-09-24T14:32:03.296+0000] {standard_task_runner.py:63} INFO - Started process 415 to run task
[2026-09-24T14:32:03.300+0000] {standard_task_runner.py:90} INFO - Running: ['airflow', 'tasks', 'run', 'update_db', 'staging_table', 'manual__2026-09-24T14:32:02.234690+00:00', '--job-id', '28', '--raw', '--subdir', 'DAGS_FOLDER/main.py', '--cfg-path', '/tmp/tmpclpg4i8k']
[2026-09-24T14:32:03.303+0000] {standard_task_runner.py:91} INFO - Job 28: Subtask staging_table
[2026-09-24T14:32:03.376+0000] {task_command.py:426} INFO - Running <TaskInstance: update_db.staging_table manual__2026-09-24T14:32:02.234690+00:00 [running]> on host 98315ec93f23
[2026-09-24T14:32:03.489+0000] {taskinstance.py:2648} INFO - Exporting env vars: AIRFLOW_CTX_DAG_EMAIL='data@engineer.com' AIRFLOW_CTX_DAG_OWNER='data engineer' AIRFLOW_CTX_DAG_ID='update_db' AIRFLOW_CTX_TASK_ID='staging_table' AIRFLOW_CTX_EXECUTION_DATE='2026-09-24T14:32:02.234690+00:00' AIRFLOW_CTX_TRY_NUMBER='1' AIRFLOW_CTX_DAG_RUN_ID='manual__2026-09-24T14:32:02.234690+00:00'
[2026-09-24T14:32:03.491+0000] {taskinstance.py:430} INFO - ::endgroup::
[2026-09-24T14:32:03.507+0000] {base.py:84} INFO - Using connection ID 'postgres_db_yt_elt' for task execution.
[2026-09-24T14:32:03.517+0000] {data_loading.py:10} INFO - Processing file: YT_data2026-09-24
[2026-09-24T14:32:03.553+0000] {data_modification.py:23} INFO - Inserted row with Video ID: v9QtM6qnG50
[2026-09-24T14:32:03.559+0000] {data_modification.py:23} INFO - Inserted row with Video ID: T_SMf9j50uc
[2026-09-24T14:32:03.565+0000] {data_modification.py:23} INFO - Inserted row with Video ID: gTKS8SAwUzE
[2026-09-24T14:32:03.571+0000] {data_modification.py:23} INFO - Inserted row with Video ID: 5mU6SRS2Bxo
[2026-09-24T14:32:03.575+0000] {data_modification.py:23} INFO - Inserted row with Video ID: Qtl8lJwbd4g
[2026-09-24T14:32:03.580+0000] {data_modification.py:23} INFO - Inserted row with Video ID: LiH-P4rSkLI
[2026-09-24T14:32:03.584+0000] {data_modification.py:23} INFO - Inserted row with Video ID: Af6i6ChAVTw
[2026-09-24T14:32:03.590+0000] {data_modification.py:23} INFO - Inserted row with Video ID: NMR32p4kwAQ
[2026-09-24T14:32:03.595+0000] {data_modification.py:23} INFO - Inserted row with Video ID: f7y2XikE7sY
[2026-09-24T14:32:03.600+0000] {data_modification.py:23} INFO - Inserted row with Video ID: lVylRtlPOIE
[2026-09-24T14:32:03.604+0000] {data_modification.py:23} INFO - Inserted row with Video ID: Df5Y-2ndQyU
[2026-09-24T14:32:03.608+0000] {data_modification.py:23} INFO - Inserted row with Video ID: egvLKQe6I4I
[2026-09-24T14:32:03.613+0000] {data_modification.py:23} INFO - Inserted row with Video ID: LgbyEFILLJI
[2026-09-24T14:32:03.616+0000] {data_modification.py:23} INFO - Inserted row with Video ID: iYlODtkyw_I
[2026-09-24T14:32:03.622+0000] {data_modification.py:23} INFO - Inserted row with Video ID: YA_kX8hu1gg
[2026-09-24T14:32:03.626+0000] {data_modification.py:23} INFO - Inserted row with Video ID: XCGVurja73c
[2026-09-24T14:32:03.630+0000] {data_modification.py:23} INFO - Inserted row with Video ID: r9aWeGqp43s
[2026-09-24T14:32:03.634+0000] {data_modification.py:23} INFO - Inserted row with Video ID: xDuuM3ERr5Q
[2026-09-24T14:32:03.639+0000] {data_modification.py:23} INFO - Inserted row with Video ID: __fmDj0ZJ1Q
[2026-09-24T14:32:03.642+0000] {data_modification.py:23} INFO - Inserted row with Video ID: xCl2gndzFqE
[2026-09-24T14:32:03.648+0000] {data_modification.py:23} INFO - Inserted row with Video ID: GpQSUjNsNm0
[2026-09-24T14:32:03.653+0000] {data_modification.py:23} INFO - Inserted row with Video ID: y1UVAtHALaA
[2026-09-24T14:32:03.656+0000] {data_modification.py:23} INFO - Inserted row with Video ID: hYahU_Cqwp8
[2026-09-24T14:32:03.659+0000] {data_modification.py:23} INFO - Inserted row with Video ID: SllXaJiQjBA
[2026-09-24T14:32:03.662+0000] {data_modification.py:23} INFO - Inserted row with Video ID: dqpCvSU-ECE
[2026-09-24T14:32:03.666+0000] {data_modification.py:23} INFO - Inserted row with Video ID: AaMdXZMvT3w
[2026-09-24T14:32:03.671+0000] {data_modification.py:23} INFO - Inserted row with Video ID: QAkEMtJpq3c
[2026-09-24T14:32:03.675+0000] {data_modification.py:23} INFO - Inserted row with Video ID: hCuqh2NU2Yg
[2026-09-24T14:32:03.679+0000] {data_modification.py:23} INFO - Inserted row with Video ID: B9LizOAAoLg
[2026-09-24T14:32:03.682+0000] {data_modification.py:23} INFO - Inserted row with Video ID: rqsRdfdN4uI
[2026-09-24T14:32:03.686+0000] {data_modification.py:23} INFO - Inserted row with Video ID: feu5PQvoCiA
[2026-09-24T14:32:03.690+0000] {data_modification.py:23} INFO - Inserted row with Video ID: 6Zy5VLcEbZc
[2026-09-24T14:32:03.694+0000] {data_modification.py:23} INFO - Inserted row with Video ID: EdT5Z16Y5WE
[2026-09-24T14:32:03.698+0000] {data_modification.py:23} INFO - Inserted row with Video ID: ScjQAcbA9e4
[2026-09-24T14:32:03.702+0000] {data_modification.py:23} INFO - Inserted row with Video ID: hRBpDdWbUpI
[2026-09-24T14:32:03.706+0000] {data_modification.py:23} INFO - Inserted row with Video ID: pzxtGL9kzPs
[2026-09-24T14:32:03.709+0000] {data_modification.py:23} INFO - Inserted row with Video ID: yy-Nt0dRhNI
[2026-09-24T14:32:03.713+0000] {data_modification.py:23} INFO - Inserted row with Video ID: zRtGL0-5rg4
[2026-09-24T14:32:03.715+0000] {data_modification.py:23} INFO - Inserted row with Video ID: mFWpUx3FiyU
[2026-09-24T14:32:03.718+0000] {data_modification.py:23} INFO - Inserted row with Video ID: 6W_841xoprg
[2026-09-24T14:32:03.722+0000] {data_modification.py:23} INFO - Inserted row with Video ID: VIJLIo5yT1I
[2026-09-24T14:32:03.725+0000] {data_modification.py:23} INFO - Inserted row with Video ID: uNu6XEPTy5g
[2026-09-24T14:32:03.729+0000] {data_modification.py:23} INFO - Inserted row with Video ID: DXVHmGoCTco
[2026-09-24T14:32:03.733+0000] {data_modification.py:23} INFO - Inserted row with Video ID: _JUlWtSCNbs
[2026-09-24T14:32:03.738+0000] {data_modification.py:23} INFO - Inserted row with Video ID: AKC50SZQFN8
[2026-09-24T14:32:03.741+0000] {data_modification.py:23} INFO - Inserted row with Video ID: 897gvApD6V4
[2026-09-24T14:32:03.745+0000] {data_modification.py:23} INFO - Inserted row with Video ID: Z9NxQdQ8Rpg
[2026-09-24T14:32:03.749+0000] {data_modification.py:23} INFO - Inserted row with Video ID: JFtlf8RoPZY
[2026-09-24T14:32:03.752+0000] {data_modification.py:23} INFO - Inserted row with Video ID: jCE1Ol3PYDs
[2026-09-24T14:32:03.756+0000] {data_modification.py:23} INFO - Inserted row with Video ID: IqL-ZunFfpk
[2026-09-24T14:32:03.760+0000] {data_modification.py:23} INFO - Inserted row with Video ID: purAsH7pXTQ
[2026-09-24T14:32:03.764+0000] {data_modification.py:23} INFO - Inserted row with Video ID: IEuDUhGIJ5c
[2026-09-24T14:32:03.768+0000] {data_modification.py:23} INFO - Inserted row with Video ID: AoN1K4c7VKE
[2026-09-24T14:32:03.772+0000] {data_modification.py:23} INFO - Inserted row with Video ID: IcuJ3vO_t3k
[2026-09-24T14:32:03.775+0000] {data_modification.py:23} INFO - Inserted row with Video ID: c9VS_cgInT4
[2026-09-24T14:32:03.779+0000] {data_modification.py:23} INFO - Inserted row with Video ID: KaUuPNYHFNg
[2026-09-24T14:32:03.782+0000] {data_modification.py:23} INFO - Inserted row with Video ID: 5OLs1GWB4OA
[2026-09-24T14:32:03.785+0000] {data_modification.py:23} INFO - Inserted row with Video ID: hjkbqeWQAM8
[2026-09-24T14:32:03.789+0000] {data_modification.py:23} INFO - Inserted row with Video ID: XbaZ45LVzzM
[2026-09-24T14:32:03.792+0000] {data_modification.py:23} INFO - Inserted row with Video ID: gar4U3n-ILY
[2026-09-24T14:32:03.797+0000] {data_modification.py:23} INFO - Inserted row with Video ID: 9WEQts7b8Pw
[2026-09-24T14:32:03.800+0000] {data_modification.py:23} INFO - Inserted row with Video ID: toIeUtplfWQ
[2026-09-24T14:32:03.803+0000] {data_modification.py:23} INFO - Inserted row with Video ID: _sBRk9ADpK8
[2026-09-24T14:32:03.807+0000] {data_modification.py:23} INFO - Inserted row with Video ID: kNLr-cduzuo
[2026-09-24T14:32:03.811+0000] {data_modification.py:23} INFO - Inserted row with Video ID: pAnGwRiQ4-4
[2026-09-24T14:32:03.815+0000] {data_modification.py:23} INFO - Inserted row with Video ID: wSh8fAFWEWs
[2026-09-24T14:32:03.818+0000] {data_modification.py:23} INFO - Inserted row with Video ID: 3GNyw4uaAqU
[2026-09-24T14:32:03.822+0000] {data_modification.py:23} INFO - Inserted row with Video ID: ywIcdSNJolo
[2026-09-24T14:32:03.825+0000] {data_modification.py:23} INFO - Inserted row with Video ID: QJI0an6irrA
[2026-09-24T14:32:03.828+0000] {data_modification.py:23} INFO - Inserted row with Video ID: mktYW177p6U
[2026-09-24T14:32:03.832+0000] {data_modification.py:23} INFO - Inserted row with Video ID: 7aE4EhHXzlA
[2026-09-24T14:32:03.834+0000] {data_modification.py:23} INFO - Inserted row with Video ID: IJkB-oapuks
[2026-09-24T14:32:03.838+0000] {data_modification.py:23} INFO - Inserted row with Video ID: ZFoNBxpXen4
[2026-09-24T14:32:03.841+0000] {data_modification.py:23} INFO - Inserted row with Video ID: RB71Z-vVvCc
[2026-09-24T14:32:03.845+0000] {data_modification.py:23} INFO - Inserted row with Video ID: fO5FwBcCJBY
[2026-09-24T14:32:03.850+0000] {data_modification.py:23} INFO - Inserted row with Video ID: U-x6KxH1kB4
[2026-09-24T14:32:03.855+0000] {data_modification.py:23} INFO - Inserted row with Video ID: 8bMh8azh3CY
[2026-09-24T14:32:03.860+0000] {data_modification.py:23} INFO - Inserted row with Video ID: SE9xF1l3ZwE
[2026-09-24T14:32:03.865+0000] {data_modification.py:23} INFO - Inserted row with Video ID: rF00lQ_upzg
[2026-09-24T14:32:03.870+0000] {data_modification.py:23} INFO - Inserted row with Video ID: uZY9xr-QAk0
[2026-09-24T14:32:03.873+0000] {data_modification.py:23} INFO - Inserted row with Video ID: AWBsoArakNY
[2026-09-24T14:32:03.877+0000] {data_modification.py:23} INFO - Inserted row with Video ID: Ah_uuTwGOYU
[2026-09-24T14:32:03.881+0000] {data_modification.py:23} INFO - Inserted row with Video ID: HISfrcjiNPM
[2026-09-24T14:32:03.884+0000] {data_modification.py:23} INFO - Inserted row with Video ID: WROMyJAJmp4
[2026-09-24T14:32:03.888+0000] {data_modification.py:23} INFO - Inserted row with Video ID: tAwzBYE18Us
[2026-09-24T14:32:03.891+0000] {data_modification.py:23} INFO - Inserted row with Video ID: LyFMbY-c_Lc
[2026-09-24T14:32:03.894+0000] {data_modification.py:23} INFO - Inserted row with Video ID: 3RmOvxilbPM
[2026-09-24T14:32:03.897+0000] {data_modification.py:23} INFO - Inserted row with Video ID: R7MkZL5i3FQ
[2026-09-24T14:32:03.900+0000] {data_modification.py:23} INFO - Inserted row with Video ID: 26QQE7EsnLA
[2026-09-24T14:32:03.904+0000] {data_modification.py:23} INFO - Inserted row with Video ID: PryTbmudhS8
[2026-09-24T14:32:03.907+0000] {data_modification.py:23} INFO - Inserted row with Video ID: Oo9EbArcQ1c
[2026-09-24T14:32:03.910+0000] {data_modification.py:23} INFO - Inserted row with Video ID: yWEUL3crU_E
[2026-09-24T14:32:03.914+0000] {data_modification.py:23} INFO - Inserted row with Video ID: JgJrQnDIRgg
[2026-09-24T14:32:03.916+0000] {data_modification.py:23} INFO - Inserted row with Video ID: gtkqnhN0VkU
[2026-09-24T14:32:03.919+0000] {data_modification.py:23} INFO - Inserted row with Video ID: oBXSvS2QKxU
[2026-09-24T14:32:03.922+0000] {data_modification.py:23} INFO - Inserted row with Video ID: UTdcX1e0cMA
[2026-09-24T14:32:03.925+0000] {data_modification.py:23} INFO - Inserted row with Video ID: oiZvK6MY7tI
[2026-09-24T14:32:03.928+0000] {data_modification.py:23} INFO - Inserted row with Video ID: F0OkwXKcPSE
[2026-09-24T14:32:03.932+0000] {data_modification.py:23} INFO - Inserted row with Video ID: 686PL7rt654
[2026-09-24T14:32:03.934+0000] {data_modification.py:23} INFO - Inserted row with Video ID: zo7i8VTpfNM
[2026-09-24T14:32:03.938+0000] {data_modification.py:23} INFO - Inserted row with Video ID: NfhuGUyWYfQ
[2026-09-24T14:32:03.941+0000] {data_modification.py:23} INFO - Inserted row with Video ID: wIpWCJKfRXs
[2026-09-24T14:32:03.944+0000] {data_modification.py:23} INFO - Inserted row with Video ID: 9Xeepzg1B8I
[2026-09-24T14:32:03.948+0000] {data_modification.py:23} INFO - Inserted row with Video ID: 50G0kIty7Cg
[2026-09-24T14:32:03.950+0000] {data_modification.py:23} INFO - Inserted row with Video ID: 4l97aNza_Zc
[2026-09-24T14:32:03.954+0000] {data_modification.py:23} INFO - Inserted row with Video ID: 3ih2bPKSWsQ
[2026-09-24T14:32:03.957+0000] {data_modification.py:23} INFO - Inserted row with Video ID: uA9Zcg3vHvo
[2026-09-24T14:32:03.959+0000] {data_modification.py:23} INFO - Inserted row with Video ID: _AbFXuGDRTs
[2026-09-24T14:32:03.962+0000] {data_modification.py:23} INFO - Inserted row with Video ID: MOGW3v3pJ5Y
[2026-09-24T14:32:03.965+0000] {data_modification.py:23} INFO - Inserted row with Video ID: XNtTO_339kU
[2026-09-24T14:32:03.967+0000] {data_modification.py:23} INFO - Inserted row with Video ID: rB9NynBZ4go
[2026-09-24T14:32:03.971+0000] {data_modification.py:23} INFO - Inserted row with Video ID: TDv56whosPQ
[2026-09-24T14:32:03.974+0000] {data_modification.py:23} INFO - Inserted row with Video ID: R_BmT1OJw98
[2026-09-24T14:32:03.977+0000] {data_modification.py:23} INFO - Inserted row with Video ID: vpRW4JhzfSE
[2026-09-24T14:32:03.981+0000] {data_modification.py:23} INFO - Inserted row with Video ID: qXW93Cois2s
[2026-09-24T14:32:03.983+0000] {data_modification.py:23} INFO - Inserted row with Video ID: r7f0L48dHpc
[2026-09-24T14:32:03.987+0000] {data_modification.py:23} INFO - Inserted row with Video ID: Z4hVGCWH1Kc
[2026-09-24T14:32:03.990+0000] {data_modification.py:23} INFO - Inserted row with Video ID: zxuICI0kL3s
[2026-09-24T14:32:03.992+0000] {data_modification.py:23} INFO - Inserted row with Video ID: R1SFXJo-FlE
[2026-09-24T14:32:03.996+0000] {data_modification.py:23} INFO - Inserted row with Video ID: lQz5aqjZ3lQ
[2026-09-24T14:32:03.999+0000] {data_modification.py:23} INFO - Inserted row with Video ID: EiFcNbXBqeo
[2026-09-24T14:32:04.001+0000] {data_modification.py:23} INFO - Inserted row with Video ID: pzBi1nwDn8U
[2026-09-24T14:32:04.005+0000] {data_modification.py:23} INFO - Inserted row with Video ID: R7oW0LwS_e4
[2026-09-24T14:32:04.008+0000] {data_modification.py:23} INFO - Inserted row with Video ID: BfKI_TQnQvo
[2026-09-24T14:32:04.012+0000] {data_modification.py:23} INFO - Inserted row with Video ID: FWAdfuPpLOc
[2026-09-24T14:32:04.015+0000] {data_modification.py:23} INFO - Inserted row with Video ID: NjlP2_l1Wr0
[2026-09-24T14:32:04.018+0000] {data_modification.py:23} INFO - Inserted row with Video ID: gGcaGdHlt60
[2026-09-24T14:32:04.022+0000] {data_modification.py:23} INFO - Inserted row with Video ID: pe_ejTiIcSs
[2026-09-24T14:32:04.024+0000] {data_modification.py:23} INFO - Inserted row with Video ID: V6In4tmd-w8
[2026-09-24T14:32:04.028+0000] {data_modification.py:23} INFO - Inserted row with Video ID: ZGvn9ywXjpY
[2026-09-24T14:32:04.031+0000] {data_modification.py:23} INFO - Inserted row with Video ID: hTSaweR8qMI
[2026-09-24T14:32:04.033+0000] {data_modification.py:23} INFO - Inserted row with Video ID: KCRLP-zBacU
[2026-09-24T14:32:04.036+0000] {data_modification.py:23} INFO - Inserted row with Video ID: c2ukL_zjFCk
[2026-09-24T14:32:04.039+0000] {data_modification.py:23} INFO - Inserted row with Video ID: DZIASl9q90s
[2026-09-24T14:32:04.041+0000] {data_modification.py:23} INFO - Inserted row with Video ID: 7qY-qalCI2Y
[2026-09-24T14:32:04.044+0000] {data_modification.py:23} INFO - Inserted row with Video ID: N0pwLtonPdg
[2026-09-24T14:32:04.047+0000] {data_modification.py:23} INFO - Inserted row with Video ID: -4GmbBoYQjE
[2026-09-24T14:32:04.050+0000] {data_modification.py:23} INFO - Inserted row with Video ID: 0yPgljFcTR4
[2026-09-24T14:32:04.053+0000] {data_modification.py:23} INFO - Inserted row with Video ID: TN1wErFGTzM
[2026-09-24T14:32:04.056+0000] {data_modification.py:23} INFO - Inserted row with Video ID: 3dxksf0CzS8
[2026-09-24T14:32:04.059+0000] {data_modification.py:23} INFO - Inserted row with Video ID: x7yv72s8h0o
[2026-09-24T14:32:04.062+0000] {data_modification.py:23} INFO - Inserted row with Video ID: uyiG6uw-6pA
[2026-09-24T14:32:04.064+0000] {data_modification.py:23} INFO - Inserted row with Video ID: M1STzb7k9L8
[2026-09-24T14:32:04.067+0000] {data_modification.py:23} INFO - Inserted row with Video ID: 7K-yxGWYsnk
[2026-09-24T14:32:04.071+0000] {data_modification.py:23} INFO - Inserted row with Video ID: Tbn4cYCaZCk
[2026-09-24T14:32:04.073+0000] {data_modification.py:23} INFO - Inserted row with Video ID: figrl0aOULs
[2026-09-24T14:32:04.075+0000] {data_modification.py:23} INFO - Inserted row with Video ID: Uxc84UUrVHk
[2026-09-24T14:32:04.078+0000] {data_modification.py:23} INFO - Inserted row with Video ID: BzKaMelDzqo
[2026-09-24T14:32:04.081+0000] {data_modification.py:23} INFO - Inserted row with Video ID: 4yx9ZJDfyKk
[2026-09-24T14:32:04.084+0000] {data_modification.py:23} INFO - Inserted row with Video ID: kPa_S6jN9ls
[2026-09-24T14:32:04.087+0000] {data_modification.py:23} INFO - Inserted row with Video ID: 69g-YcbmgQA
[2026-09-24T14:32:04.090+0000] {data_modification.py:23} INFO - Inserted row with Video ID: aKq8bkY5eTU
[2026-09-24T14:32:04.094+0000] {data_modification.py:23} INFO - Inserted row with Video ID: TNtpUQbW4mg
[2026-09-24T14:32:04.097+0000] {data_modification.py:23} INFO - Inserted row with Video ID: TgCm8oDmxOk
[2026-09-24T14:32:04.100+0000] {data_modification.py:23} INFO - Inserted row with Video ID: 954wJ3uHVAk
[2026-09-24T14:32:04.105+0000] {data_modification.py:23} INFO - Inserted row with Video ID: zajUgQLviwk
[2026-09-24T14:32:04.108+0000] {data_modification.py:23} INFO - Inserted row with Video ID: PXevNM0awlI
[2026-09-24T14:32:04.111+0000] {data_modification.py:23} INFO - Inserted row with Video ID: PuQ5UxKUY48
[2026-09-24T14:32:04.114+0000] {data_modification.py:23} INFO - Inserted row with Video ID: L5ihmu87xTE
[2026-09-24T14:32:04.116+0000] {data_modification.py:23} INFO - Inserted row with Video ID: nAiKLoCP-kU
[2026-09-24T14:32:04.119+0000] {data_modification.py:23} INFO - Inserted row with Video ID: NDsO1LT_0lw
[2026-09-24T14:32:04.122+0000] {data_modification.py:23} INFO - Inserted row with Video ID: sF5LYGgKbUA
[2026-09-24T14:32:04.124+0000] {data_modification.py:23} INFO - Inserted row with Video ID: MFpWEKN9c6Y
[2026-09-24T14:32:04.128+0000] {data_modification.py:23} INFO - Inserted row with Video ID: TRxMLLuWIhw
[2026-09-24T14:32:04.131+0000] {data_modification.py:23} INFO - Inserted row with Video ID: SM66GDRyIVY
[2026-09-24T14:32:04.134+0000] {data_modification.py:23} INFO - Inserted row with Video ID: EvqtfK_RaRg
[2026-09-24T14:32:04.137+0000] {data_modification.py:23} INFO - Inserted row with Video ID: 3cWm9B_0_kI
[2026-09-24T14:32:04.140+0000] {data_modification.py:23} INFO - Inserted row with Video ID: qtWqHIx8Z-o
[2026-09-24T14:32:04.142+0000] {data_modification.py:23} INFO - Inserted row with Video ID: gs8qfL9PNac
[2026-09-24T14:32:04.145+0000] {data_modification.py:23} INFO - Inserted row with Video ID: DBPYB8WkkDc
[2026-09-24T14:32:04.148+0000] {data_modification.py:23} INFO - Inserted row with Video ID: zvBXpoBegwE
[2026-09-24T14:32:04.151+0000] {data_modification.py:23} INFO - Inserted row with Video ID: SWc8fI_9iqA
[2026-09-24T14:32:04.154+0000] {data_modification.py:23} INFO - Inserted row with Video ID: 0BjlBnfHcHM
[2026-09-24T14:32:04.157+0000] {data_modification.py:23} INFO - Inserted row with Video ID: HcL1EQ5qD_g
[2026-09-24T14:32:04.159+0000] {data_modification.py:23} INFO - Inserted row with Video ID: dc089EZRGcg
[2026-09-24T14:32:04.163+0000] {data_modification.py:23} INFO - Inserted row with Video ID: vXNtju4VFm4
[2026-09-24T14:32:04.165+0000] {data_modification.py:23} INFO - Inserted row with Video ID: I9mw5UlDyPI
[2026-09-24T14:32:04.168+0000] {data_modification.py:23} INFO - Inserted row with Video ID: pS-fFdvyHLE
[2026-09-24T14:32:04.171+0000] {data_modification.py:23} INFO - Inserted row with Video ID: Xj0Jtjg3lHQ
[2026-09-24T14:32:04.175+0000] {data_modification.py:23} INFO - Inserted row with Video ID: 9UtcHPCEBgg
[2026-09-24T14:32:04.180+0000] {data_modification.py:23} INFO - Inserted row with Video ID: ZNt_GoOBHq8
[2026-09-24T14:32:04.184+0000] {data_modification.py:23} INFO - Inserted row with Video ID: bn0Kh9c4Zv4
[2026-09-24T14:32:04.188+0000] {data_modification.py:23} INFO - Inserted row with Video ID: dDVFnfCwjHA
[2026-09-24T14:32:04.192+0000] {data_modification.py:23} INFO - Inserted row with Video ID: Kt2HvqRruHQ
[2026-09-24T14:32:04.196+0000] {data_modification.py:23} INFO - Inserted row with Video ID: vDrSCXFMAKk
[2026-09-24T14:32:04.199+0000] {data_modification.py:23} INFO - Inserted row with Video ID: snX5YyflrGw
[2026-09-24T14:32:04.202+0000] {data_modification.py:23} INFO - Inserted row with Video ID: nbzQdlWrcnk
[2026-09-24T14:32:04.205+0000] {data_modification.py:23} INFO - Inserted row with Video ID: 8krJy31Diow
[2026-09-24T14:32:04.208+0000] {data_modification.py:23} INFO - Inserted row with Video ID: aRcUVhVlSHg
[2026-09-24T14:32:04.211+0000] {data_modification.py:23} INFO - Inserted row with Video ID: Jo7sfpeWqwE
[2026-09-24T14:32:04.214+0000] {data_modification.py:23} INFO - Inserted row with Video ID: QtD-CeUdRUQ
[2026-09-24T14:32:04.217+0000] {data_modification.py:23} INFO - Inserted row with Video ID: ndAQfTzlVjc
[2026-09-24T14:32:04.221+0000] {data_modification.py:23} INFO - Inserted row with Video ID: AydS-vA3qa4
[2026-09-24T14:32:04.224+0000] {data_modification.py:23} INFO - Inserted row with Video ID: UPrkC1LdlLY
[2026-09-24T14:32:04.227+0000] {data_modification.py:23} INFO - Inserted row with Video ID: 8bTQMDM4qvY
[2026-09-24T14:32:04.231+0000] {data_modification.py:23} INFO - Inserted row with Video ID: DBw0oD38z0Q
[2026-09-24T14:32:04.234+0000] {data_modification.py:23} INFO - Inserted row with Video ID: 4SNThp0YiU4
[2026-09-24T14:32:04.239+0000] {data_modification.py:23} INFO - Inserted row with Video ID: XhuisK0bTSA
[2026-09-24T14:32:04.242+0000] {data_modification.py:23} INFO - Inserted row with Video ID: lkCRPp7cnP8
[2026-09-24T14:32:04.247+0000] {data_modification.py:23} INFO - Inserted row with Video ID: KkCXLABwHP0
[2026-09-24T14:32:04.251+0000] {data_modification.py:23} INFO - Inserted row with Video ID: PWirijQkH4M
[2026-09-24T14:32:04.255+0000] {data_modification.py:23} INFO - Inserted row with Video ID: U_LlX4t0A9I
[2026-09-24T14:32:04.259+0000] {data_modification.py:23} INFO - Inserted row with Video ID: T8I165Qxeo8
[2026-09-24T14:32:04.262+0000] {data_modification.py:23} INFO - Inserted row with Video ID: i-9V21MqlhY
[2026-09-24T14:32:04.265+0000] {data_modification.py:23} INFO - Inserted row with Video ID: YyNz4--6fro
[2026-09-24T14:32:04.269+0000] {data_modification.py:23} INFO - Inserted row with Video ID: f0cXJ6mJxGc
[2026-09-24T14:32:04.272+0000] {data_modification.py:23} INFO - Inserted row with Video ID: F6PqxbvOCUI
[2026-09-24T14:32:04.275+0000] {data_modification.py:23} INFO - Inserted row with Video ID: oA4LSZvX4iE
[2026-09-24T14:32:04.279+0000] {data_modification.py:23} INFO - Inserted row with Video ID: ZKxnjszkZto
[2026-09-24T14:32:04.282+0000] {data_modification.py:23} INFO - Inserted row with Video ID: 8_gdcaX9Xqk
[2026-09-24T14:32:04.286+0000] {data_modification.py:23} INFO - Inserted row with Video ID: snUyLbGx6U4
[2026-09-24T14:32:04.289+0000] {data_modification.py:23} INFO - Inserted row with Video ID: Pv0iVoSZzN8
[2026-09-24T14:32:04.293+0000] {data_modification.py:23} INFO - Inserted row with Video ID: CWbV3NItSdY
[2026-09-24T14:32:04.296+0000] {data_modification.py:23} INFO - Inserted row with Video ID: l-nMKJ5J3Uc
[2026-09-24T14:32:04.299+0000] {data_modification.py:23} INFO - Inserted row with Video ID: XE1Qyss8GIY
[2026-09-24T14:32:04.304+0000] {data_modification.py:23} INFO - Inserted row with Video ID: 6GzHPS0rEgc
[2026-09-24T14:32:04.306+0000] {data_modification.py:23} INFO - Inserted row with Video ID: imhY0pe-Sd8
[2026-09-24T14:32:04.309+0000] {data_modification.py:23} INFO - Inserted row with Video ID: erLbbextvlY
[2026-09-24T14:32:04.312+0000] {data_modification.py:23} INFO - Inserted row with Video ID: OnTTThIzuNU
[2026-09-24T14:32:04.315+0000] {data_modification.py:23} INFO - Inserted row with Video ID: mKdjycj-7eE
[2026-09-24T14:32:04.319+0000] {data_modification.py:23} INFO - Inserted row with Video ID: tWYsfOSY9vY
[2026-09-24T14:32:04.323+0000] {data_modification.py:23} INFO - Inserted row with Video ID: sH48lKbayNU
[2026-09-24T14:32:04.328+0000] {data_modification.py:23} INFO - Inserted row with Video ID: AFXoSFNMwIA
[2026-09-24T14:32:04.331+0000] {data_modification.py:23} INFO - Inserted row with Video ID: k194wHZHjB0
[2026-09-24T14:32:04.334+0000] {data_modification.py:23} INFO - Inserted row with Video ID: AjwAdtlRKf8
[2026-09-24T14:32:04.338+0000] {data_modification.py:23} INFO - Inserted row with Video ID: KOEfDvr4DcQ
[2026-09-24T14:32:04.342+0000] {data_modification.py:23} INFO - Inserted row with Video ID: krsBRQbOPQ4
[2026-09-24T14:32:04.346+0000] {data_modification.py:23} INFO - Inserted row with Video ID: 7ESeQBeikKs
[2026-09-24T14:32:04.350+0000] {data_modification.py:23} INFO - Inserted row with Video ID: K_CbgLpvH9E
[2026-09-24T14:32:04.354+0000] {data_modification.py:23} INFO - Inserted row with Video ID: lOKASgtr6kU
[2026-09-24T14:32:04.357+0000] {data_modification.py:23} INFO - Inserted row with Video ID: 9RhWXPcKBI8
[2026-09-24T14:32:04.360+0000] {data_modification.py:23} INFO - Inserted row with Video ID: ZVt9ZJfWV1c
[2026-09-24T14:32:04.363+0000] {data_modification.py:23} INFO - Inserted row with Video ID: rWBOITBjitE
[2026-09-24T14:32:04.367+0000] {data_modification.py:23} INFO - Inserted row with Video ID: tnTPaLOaHz8
[2026-09-24T14:32:04.371+0000] {data_modification.py:23} INFO - Inserted row with Video ID: Wdjh81uH6FU
[2026-09-24T14:32:04.374+0000] {data_modification.py:23} INFO - Inserted row with Video ID: 7dYTw-jAYkY
[2026-09-24T14:32:04.378+0000] {data_modification.py:23} INFO - Inserted row with Video ID: AjZDwxt7S8w
[2026-09-24T14:32:04.381+0000] {data_modification.py:23} INFO - Inserted row with Video ID: aZnqqXaT02g
[2026-09-24T14:32:04.384+0000] {data_modification.py:23} INFO - Inserted row with Video ID: mwKJfNYwvm8
[2026-09-24T14:32:04.388+0000] {data_modification.py:23} INFO - Inserted row with Video ID: l9_8_pDTmis
[2026-09-24T14:32:04.391+0000] {data_modification.py:23} INFO - Inserted row with Video ID: n7x4Jj9pdH8
[2026-09-24T14:32:04.396+0000] {data_modification.py:23} INFO - Inserted row with Video ID: QjvpjXdgugA
[2026-09-24T14:32:04.400+0000] {data_modification.py:23} INFO - Inserted row with Video ID: jGAJCAuV3pQ
[2026-09-24T14:32:04.404+0000] {data_modification.py:23} INFO - Inserted row with Video ID: c0v8OPItCOg
[2026-09-24T14:32:04.407+0000] {data_modification.py:23} INFO - Inserted row with Video ID: 3ryID_SwU5E
[2026-09-24T14:32:04.412+0000] {data_modification.py:23} INFO - Inserted row with Video ID: IemzxkkzI5s
[2026-09-24T14:32:04.415+0000] {data_modification.py:23} INFO - Inserted row with Video ID: 3OFj6l2tQ9s
[2026-09-24T14:32:04.420+0000] {data_modification.py:23} INFO - Inserted row with Video ID: bvlFjrcpD6s
[2026-09-24T14:32:04.423+0000] {data_modification.py:23} INFO - Inserted row with Video ID: AZlBZuS4hr0
[2026-09-24T14:32:04.427+0000] {data_modification.py:23} INFO - Inserted row with Video ID: Gx6VeIIbWwM
[2026-09-24T14:32:04.431+0000] {data_modification.py:23} INFO - Inserted row with Video ID: CAOY8EKH1qU
[2026-09-24T14:32:04.435+0000] {data_modification.py:23} INFO - Inserted row with Video ID: IQxea9UB1nQ
[2026-09-24T14:32:04.663+0000] {data_modification.py:23} INFO - Inserted row with Video ID: KrLj6nc516A
[2026-09-24T14:32:04.668+0000] {data_modification.py:23} INFO - Inserted row with Video ID: zgLhCT7aFCA
[2026-09-24T14:32:04.675+0000] {data_modification.py:23} INFO - Inserted row with Video ID: L5kIXRdwGAI
[2026-09-24T14:32:04.680+0000] {data_modification.py:23} INFO - Inserted row with Video ID: 19NmWqv4Alk
[2026-09-24T14:32:04.685+0000] {data_modification.py:23} INFO - Inserted row with Video ID: vBpQ1SlfVtU
[2026-09-24T14:32:04.691+0000] {data_modification.py:23} INFO - Inserted row with Video ID: SGzWIoLAzmY
[2026-09-24T14:32:04.696+0000] {data_modification.py:23} INFO - Inserted row with Video ID: NnNZLCl78Ao
[2026-09-24T14:32:04.702+0000] {data_modification.py:23} INFO - Inserted row with Video ID: NTZhwAldqwg
[2026-09-24T14:32:04.709+0000] {data_modification.py:23} INFO - Inserted row with Video ID: J_z-W4UVHkw
[2026-09-24T14:32:04.715+0000] {data_modification.py:23} INFO - Inserted row with Video ID: mKIhHNznt4s
[2026-09-24T14:32:04.721+0000] {data_modification.py:23} INFO - Inserted row with Video ID: jObOjhUkf50
[2026-09-24T14:32:04.726+0000] {data_modification.py:23} INFO - Inserted row with Video ID: O3YVBJ2n5xg
[2026-09-24T14:32:04.734+0000] {data_modification.py:23} INFO - Inserted row with Video ID: yhB3BgJyGl8
[2026-09-24T14:32:04.740+0000] {data_modification.py:23} INFO - Inserted row with Video ID: CP82DAKzL1U
[2026-09-24T14:32:04.746+0000] {data_modification.py:23} INFO - Inserted row with Video ID: fuhE6PYnRMc
[2026-09-24T14:32:04.754+0000] {data_modification.py:23} INFO - Inserted row with Video ID: stUofW3whpE
[2026-09-24T14:32:04.760+0000] {data_modification.py:23} INFO - Inserted row with Video ID: 48h57PspBec
[2026-09-24T14:32:04.766+0000] {data_modification.py:23} INFO - Inserted row with Video ID: ooAwCOP67GQ
[2026-09-24T14:32:04.774+0000] {data_modification.py:23} INFO - Inserted row with Video ID: FM7Z-Xq8Drc
[2026-09-24T14:32:04.780+0000] {data_modification.py:23} INFO - Inserted row with Video ID: ykRq_rp7NhM
[2026-09-24T14:32:04.785+0000] {data_modification.py:23} INFO - Inserted row with Video ID: WTOm65IZneg
[2026-09-24T14:32:04.791+0000] {data_modification.py:23} INFO - Inserted row with Video ID: 8kggT2ej-lo
[2026-09-24T14:32:04.797+0000] {data_modification.py:23} INFO - Inserted row with Video ID: GGBy50KtvRk
[2026-09-24T14:32:04.805+0000] {data_modification.py:23} INFO - Inserted row with Video ID: Y4-gFIfGXiQ
[2026-09-24T14:32:04.813+0000] {data_modification.py:23} INFO - Inserted row with Video ID: 1WEAJ-DFkHE
[2026-09-24T14:32:04.818+0000] {data_modification.py:23} INFO - Inserted row with Video ID: Y0cBiGUuB1Y
[2026-09-24T14:32:04.825+0000] {data_modification.py:23} INFO - Inserted row with Video ID: YLt73w6criQ
[2026-09-24T14:32:04.831+0000] {data_modification.py:23} INFO - Inserted row with Video ID: NPYPXWJBTWM
[2026-09-24T14:32:04.834+0000] {data_modification.py:23} INFO - Inserted row with Video ID: lglIQkCHO0g
[2026-09-24T14:32:04.840+0000] {data_modification.py:23} INFO - Inserted row with Video ID: TJ2ifmkGGus
[2026-09-24T14:32:04.844+0000] {data_modification.py:23} INFO - Inserted row with Video ID: 7IKab3HcfFk
[2026-09-24T14:32:04.849+0000] {data_modification.py:23} INFO - Inserted row with Video ID: h5NvTTOlOtI
[2026-09-24T14:32:04.854+0000] {data_modification.py:23} INFO - Inserted row with Video ID: se50viFJ0AQ
[2026-09-24T14:32:04.859+0000] {data_modification.py:23} INFO - Inserted row with Video ID: 0CTp1a-aCUM
[2026-09-24T14:32:04.864+0000] {data_modification.py:23} INFO - Inserted row with Video ID: FD-0KG-h2-c
[2026-09-24T14:32:04.867+0000] {data_modification.py:23} INFO - Inserted row with Video ID: kX3nB4PpJko
[2026-09-24T14:32:04.872+0000] {data_modification.py:23} INFO - Inserted row with Video ID: YlvcFJOE-OE
[2026-09-24T14:32:04.876+0000] {data_modification.py:23} INFO - Inserted row with Video ID: iogcY_4xGjo
[2026-09-24T14:32:04.883+0000] {data_modification.py:23} INFO - Inserted row with Video ID: S_CUEOBZ0P4
[2026-09-24T14:32:04.890+0000] {data_modification.py:23} INFO - Inserted row with Video ID: gHzuabZUd6c
[2026-09-24T14:32:04.896+0000] {data_modification.py:23} INFO - Inserted row with Video ID: 65fN_OUawjk
[2026-09-24T14:32:04.902+0000] {data_modification.py:23} INFO - Inserted row with Video ID: jdMNoQE3mIQ
[2026-09-24T14:32:04.908+0000] {data_modification.py:23} INFO - Inserted row with Video ID: 2isYuQZMbdU
[2026-09-24T14:32:04.914+0000] {data_modification.py:23} INFO - Inserted row with Video ID: tVWWp1PqDus
[2026-09-24T14:32:04.917+0000] {data_modification.py:23} INFO - Inserted row with Video ID: vaIgyRoUkQI
[2026-09-24T14:32:04.922+0000] {data_modification.py:23} INFO - Inserted row with Video ID: Hwybp38GnZw
[2026-09-24T14:32:04.926+0000] {data_modification.py:23} INFO - Inserted row with Video ID: hD1YtmKXNb4
[2026-09-24T14:32:04.931+0000] {data_modification.py:23} INFO - Inserted row with Video ID: LnlKwzc_TNA
[2026-09-24T14:32:04.937+0000] {data_modification.py:23} INFO - Inserted row with Video ID: 3jS_yEK8qVI
[2026-09-24T14:32:04.942+0000] {data_modification.py:23} INFO - Inserted row with Video ID: 00NgUctWoLQ
[2026-09-24T14:32:04.947+0000] {data_modification.py:23} INFO - Inserted row with Video ID: x9TQ6culXIA
[2026-09-24T14:32:04.951+0000] {data_modification.py:23} INFO - Inserted row with Video ID: QbJJwaVdgIs
[2026-09-24T14:32:04.957+0000] {data_modification.py:23} INFO - Inserted row with Video ID: 0e3GPea1Tyg
[2026-09-24T14:32:04.961+0000] {data_modification.py:23} INFO - Inserted row with Video ID: cV2gBU6hKfY
[2026-09-24T14:32:04.965+0000] {data_modification.py:23} INFO - Inserted row with Video ID: qIsgdOVGA04
[2026-09-24T14:32:04.971+0000] {data_modification.py:23} INFO - Inserted row with Video ID: cExLQ1o2pDw
[2026-09-24T14:32:04.975+0000] {data_modification.py:23} INFO - Inserted row with Video ID: uocETPj4Jx4
[2026-09-24T14:32:04.980+0000] {data_modification.py:23} INFO - Inserted row with Video ID: zxYjTTXc-J8
[2026-09-24T14:32:04.984+0000] {data_modification.py:23} INFO - Inserted row with Video ID: hxwpkM5w3Cc
[2026-09-24T14:32:04.989+0000] {data_modification.py:23} INFO - Inserted row with Video ID: ktyJIj6i4Qw
[2026-09-24T14:32:04.993+0000] {data_modification.py:23} INFO - Inserted row with Video ID: urtFrxDUV6c
[2026-09-24T14:32:04.998+0000] {data_modification.py:23} INFO - Inserted row with Video ID: nM89Wl03Q4g
[2026-09-24T14:32:05.002+0000] {data_modification.py:23} INFO - Inserted row with Video ID: NZlClr_ivb4
[2026-09-24T14:32:05.006+0000] {data_modification.py:23} INFO - Inserted row with Video ID: E6E22XQPhhg
[2026-09-24T14:32:05.010+0000] {data_modification.py:23} INFO - Inserted row with Video ID: TQHEJj68Jew
[2026-09-24T14:32:05.015+0000] {data_modification.py:23} INFO - Inserted row with Video ID: WcwGleN38zE
[2026-09-24T14:32:05.020+0000] {data_modification.py:23} INFO - Inserted row with Video ID: fMfipiV_17o
[2026-09-24T14:32:05.024+0000] {data_modification.py:23} INFO - Inserted row with Video ID: ayXxwJJId_c
[2026-09-24T14:32:05.029+0000] {data_modification.py:23} INFO - Inserted row with Video ID: 9bqk6ZUsKyA
[2026-09-24T14:32:05.033+0000] {data_modification.py:23} INFO - Inserted row with Video ID: DuQbOQwVaNE
[2026-09-24T14:32:05.039+0000] {data_modification.py:23} INFO - Inserted row with Video ID: vJH28ICkCdU
[2026-09-24T14:32:05.042+0000] {data_modification.py:23} INFO - Inserted row with Video ID: _uwNDiU04zE
[2026-09-24T14:32:05.048+0000] {data_modification.py:23} INFO - Inserted row with Video ID: C680oxL__ck
[2026-09-24T14:32:05.052+0000] {data_modification.py:23} INFO - Inserted row with Video ID: 5Fg9oZk-5uA
[2026-09-24T14:32:05.058+0000] {data_modification.py:23} INFO - Inserted row with Video ID: PKtnafFtfEo
[2026-09-24T14:32:05.064+0000] {data_modification.py:23} INFO - Inserted row with Video ID: f0c7pSCoZqE
[2026-09-24T14:32:05.068+0000] {data_modification.py:23} INFO - Inserted row with Video ID: dg2Ag3e8W-Q
[2026-09-24T14:32:05.076+0000] {data_modification.py:23} INFO - Inserted row with Video ID: LeYsRMZFUq0
[2026-09-24T14:32:05.086+0000] {data_modification.py:23} INFO - Inserted row with Video ID: Dc2ZRmuH5OM
[2026-09-24T14:32:05.092+0000] {data_modification.py:23} INFO - Inserted row with Video ID: GLoeAJUcz38
[2026-09-24T14:32:05.099+0000] {data_modification.py:23} INFO - Inserted row with Video ID: SZQhgExjBvQ
[2026-09-24T14:32:05.106+0000] {data_modification.py:23} INFO - Inserted row with Video ID: IoZri9hq7z4
[2026-09-24T14:32:05.115+0000] {data_modification.py:23} INFO - Inserted row with Video ID: vp5sSqyZ5Go
[2026-09-24T14:32:05.124+0000] {data_modification.py:23} INFO - Inserted row with Video ID: AKJfakEsgy0
[2026-09-24T14:32:05.130+0000] {data_modification.py:23} INFO - Inserted row with Video ID: Vl3swga-Xrk
[2026-09-24T14:32:05.138+0000] {data_modification.py:23} INFO - Inserted row with Video ID: UE5AHE2Ypr8
[2026-09-24T14:32:05.142+0000] {data_modification.py:23} INFO - Inserted row with Video ID: TDiXxsQ0w2Q
[2026-09-24T14:32:05.149+0000] {data_modification.py:23} INFO - Inserted row with Video ID: oD155zWANQg
[2026-09-24T14:32:05.155+0000] {data_modification.py:23} INFO - Inserted row with Video ID: s1ax8Tx_Jz0
[2026-09-24T14:32:05.162+0000] {data_modification.py:23} INFO - Inserted row with Video ID: NkE0AMGzpJY
[2026-09-24T14:32:05.174+0000] {data_modification.py:23} INFO - Inserted row with Video ID: FbM1yi4mMMc
[2026-09-24T14:32:05.182+0000] {data_modification.py:23} INFO - Inserted row with Video ID: 5V2B28OqfqM
[2026-09-24T14:32:05.187+0000] {data_modification.py:23} INFO - Inserted row with Video ID: Rj_vssRaZlQ
[2026-09-24T14:32:05.191+0000] {data_modification.py:23} INFO - Inserted row with Video ID: YQDDm9HLkV4
[2026-09-24T14:32:05.198+0000] {data_modification.py:23} INFO - Inserted row with Video ID: erQ_9yEz0ls
[2026-09-24T14:32:05.204+0000] {data_modification.py:23} INFO - Inserted row with Video ID: OAbP-V6fEVc
[2026-09-24T14:32:05.209+0000] {data_modification.py:23} INFO - Inserted row with Video ID: _qAJMXfL6o0
[2026-09-24T14:32:05.215+0000] {data_modification.py:23} INFO - Inserted row with Video ID: 59AYXzCa-Cs
[2026-09-24T14:32:05.221+0000] {data_modification.py:23} INFO - Inserted row with Video ID: r7zJ8srwwjk
[2026-09-24T14:32:05.226+0000] {data_modification.py:23} INFO - Inserted row with Video ID: YSoJPA8-oHc
[2026-09-24T14:32:05.232+0000] {data_modification.py:23} INFO - Inserted row with Video ID: 5Hg_QSIJm8I
[2026-09-24T14:32:05.237+0000] {data_modification.py:23} INFO - Inserted row with Video ID: gsWPpE4Rid0
[2026-09-24T14:32:05.242+0000] {data_modification.py:23} INFO - Inserted row with Video ID: HBMmK1c44sE
[2026-09-24T14:32:05.248+0000] {data_modification.py:23} INFO - Inserted row with Video ID: oBYbxw8f5OI
[2026-09-24T14:32:05.254+0000] {data_modification.py:23} INFO - Inserted row with Video ID: AiGKBNGlzHo
[2026-09-24T14:32:05.259+0000] {data_modification.py:23} INFO - Inserted row with Video ID: _mdKvblL_8s
[2026-09-24T14:32:05.265+0000] {data_modification.py:23} INFO - Inserted row with Video ID: yXWw0_UfSFg
[2026-09-24T14:32:05.271+0000] {data_modification.py:23} INFO - Inserted row with Video ID: F4Y3Pkn95GI
[2026-09-24T14:32:05.275+0000] {data_modification.py:23} INFO - Inserted row with Video ID: KSKJKLmAqpI
[2026-09-24T14:32:05.281+0000] {data_modification.py:23} INFO - Inserted row with Video ID: IYVjOfoU3uI
[2026-09-24T14:32:05.288+0000] {data_modification.py:23} INFO - Inserted row with Video ID: oI6aXhowFDY
[2026-09-24T14:32:05.294+0000] {data_modification.py:23} INFO - Inserted row with Video ID: LdMx2U5tby0
[2026-09-24T14:32:05.300+0000] {data_modification.py:23} INFO - Inserted row with Video ID: fY-LA3YaZ_M
[2026-09-24T14:32:05.306+0000] {data_modification.py:23} INFO - Inserted row with Video ID: 0hVZOJCYBBM
[2026-09-24T14:32:05.313+0000] {data_modification.py:23} INFO - Inserted row with Video ID: Z9WQy9jEY8M
[2026-09-24T14:32:05.318+0000] {data_modification.py:23} INFO - Inserted row with Video ID: bs0SWXbty18
[2026-09-24T14:32:05.324+0000] {data_modification.py:23} INFO - Inserted row with Video ID: yeqARWqjkps
[2026-09-24T14:32:05.330+0000] {data_modification.py:23} INFO - Inserted row with Video ID: wMuYiLby3-s
[2026-09-24T14:32:05.334+0000] {data_modification.py:23} INFO - Inserted row with Video ID: NbaWrbJDr48
[2026-09-24T14:32:05.339+0000] {data_modification.py:23} INFO - Inserted row with Video ID: sfv1QaRzJg8
[2026-09-24T14:32:05.343+0000] {data_modification.py:23} INFO - Inserted row with Video ID: RwnN2FVaHmw
[2026-09-24T14:32:05.348+0000] {data_modification.py:23} INFO - Inserted row with Video ID: X1jMMFOqxEw
[2026-09-24T14:32:05.351+0000] {data_modification.py:23} INFO - Inserted row with Video ID: ORUX1lHbOa8
[2026-09-24T14:32:05.357+0000] {data_modification.py:23} INFO - Inserted row with Video ID: LU_xVr4b2qM
[2026-09-24T14:32:05.361+0000] {data_modification.py:23} INFO - Inserted row with Video ID: tQ4m4zD7BBA
[2026-09-24T14:32:05.365+0000] {data_modification.py:23} INFO - Inserted row with Video ID: D9lVNzyhYnc
[2026-09-24T14:32:05.368+0000] {data_modification.py:23} INFO - Inserted row with Video ID: jokVbbLqV_E
[2026-09-24T14:32:05.373+0000] {data_modification.py:23} INFO - Inserted row with Video ID: HPJKxAhLw5I
[2026-09-24T14:32:05.377+0000] {data_modification.py:23} INFO - Inserted row with Video ID: Ims5p6wjW9s
[2026-09-24T14:32:05.382+0000] {data_modification.py:23} INFO - Inserted row with Video ID: anFxsa5jXrE
[2026-09-24T14:32:05.386+0000] {data_modification.py:23} INFO - Inserted row with Video ID: QxGVgXf_LNk
[2026-09-24T14:32:05.390+0000] {data_modification.py:23} INFO - Inserted row with Video ID: al6130OD1Ck
[2026-09-24T14:32:05.393+0000] {data_modification.py:23} INFO - Inserted row with Video ID: d1010B3sKNQ
[2026-09-24T14:32:05.397+0000] {data_modification.py:23} INFO - Inserted row with Video ID: NS3hse9ezik
[2026-09-24T14:32:05.400+0000] {data_modification.py:23} INFO - Inserted row with Video ID: npDey6_9YRs
[2026-09-24T14:32:05.404+0000] {data_modification.py:23} INFO - Inserted row with Video ID: 0NGWT9COcEI
[2026-09-24T14:32:05.407+0000] {data_modification.py:23} INFO - Inserted row with Video ID: 3LLnjRLrvLU
[2026-09-24T14:32:05.411+0000] {data_modification.py:23} INFO - Inserted row with Video ID: bTrV5v7GLcQ
[2026-09-24T14:32:05.415+0000] {data_modification.py:23} INFO - Inserted row with Video ID: lBYC4_Lccjw
[2026-09-24T14:32:05.420+0000] {data_modification.py:23} INFO - Inserted row with Video ID: gL6iSCSHjco
[2026-09-24T14:32:05.423+0000] {data_modification.py:23} INFO - Inserted row with Video ID: UQtltNZ_pjs
[2026-09-24T14:32:05.427+0000] {data_modification.py:23} INFO - Inserted row with Video ID: 0DaMUhgcAqo
[2026-09-24T14:32:05.430+0000] {data_modification.py:23} INFO - Inserted row with Video ID: TOcGSwJBPMQ
[2026-09-24T14:32:05.434+0000] {data_modification.py:23} INFO - Inserted row with Video ID: ws694xrKopA
[2026-09-24T14:32:05.437+0000] {data_modification.py:23} INFO - Inserted row with Video ID: UtnsWzaoRtg
[2026-09-24T14:32:05.441+0000] {data_modification.py:23} INFO - Inserted row with Video ID: 6wsFjjhZPJI
[2026-09-24T14:32:05.445+0000] {data_modification.py:23} INFO - Inserted row with Video ID: Rmf6T_Ewt38
[2026-09-24T14:32:05.448+0000] {data_modification.py:23} INFO - Inserted row with Video ID: n6qc4LHN2KQ
[2026-09-24T14:32:05.451+0000] {data_modification.py:23} INFO - Inserted row with Video ID: 2eFSU7TFOnk
[2026-09-24T14:32:05.456+0000] {data_modification.py:23} INFO - Inserted row with Video ID: RCvnytndd9c
[2026-09-24T14:32:05.459+0000] {data_modification.py:23} INFO - Inserted row with Video ID: AA-VpIj8F5Y
[2026-09-24T14:32:05.463+0000] {data_modification.py:23} INFO - Inserted row with Video ID: fWcSBWadolA
[2026-09-24T14:32:05.466+0000] {data_modification.py:23} INFO - Inserted row with Video ID: YyhKdOCwD7s
[2026-09-24T14:32:05.471+0000] {data_modification.py:23} INFO - Inserted row with Video ID: ha4tRQwKIUg
[2026-09-24T14:32:05.475+0000] {data_modification.py:23} INFO - Inserted row with Video ID: xRwy_rKc7gI
[2026-09-24T14:32:05.479+0000] {data_modification.py:23} INFO - Inserted row with Video ID: H1WBdh56Vq4
[2026-09-24T14:32:05.483+0000] {data_modification.py:23} INFO - Inserted row with Video ID: xhIYirjB4Yc
[2026-09-24T14:32:05.489+0000] {data_modification.py:23} INFO - Inserted row with Video ID: HfJMs4mrSJM
[2026-09-24T14:32:05.492+0000] {data_modification.py:23} INFO - Inserted row with Video ID: tYHTVjfShOA
[2026-09-24T14:32:05.498+0000] {data_modification.py:23} INFO - Inserted row with Video ID: JTQcIR2ZxU4
[2026-09-24T14:32:05.501+0000] {data_modification.py:23} INFO - Inserted row with Video ID: xpNeg0hPZIs
[2026-09-24T14:32:05.506+0000] {data_modification.py:23} INFO - Inserted row with Video ID: 9yrdFAJUSaU
[2026-09-24T14:32:05.511+0000] {data_modification.py:23} INFO - Inserted row with Video ID: i2O6GMpNWGo
[2026-09-24T14:32:05.515+0000] {data_modification.py:23} INFO - Inserted row with Video ID: Y6jC6VaO3j0
[2026-09-24T14:32:05.520+0000] {data_modification.py:23} INFO - Inserted row with Video ID: Ooke4YZv8Ts
[2026-09-24T14:32:05.525+0000] {data_modification.py:23} INFO - Inserted row with Video ID: ZV7rU6lnAKQ
[2026-09-24T14:32:05.529+0000] {data_modification.py:23} INFO - Inserted row with Video ID: iUzi5JmJNWc
[2026-09-24T14:32:05.533+0000] {data_modification.py:23} INFO - Inserted row with Video ID: 9cCpZl8euLI
[2026-09-24T14:32:05.537+0000] {data_modification.py:23} INFO - Inserted row with Video ID: I046_n20d3s
[2026-09-24T14:32:05.541+0000] {data_modification.py:23} INFO - Inserted row with Video ID: 2nd73lyvq4w
[2026-09-24T14:32:05.545+0000] {data_modification.py:23} INFO - Inserted row with Video ID: nuM0Z4a7kMs
[2026-09-24T14:32:05.549+0000] {data_modification.py:23} INFO - Inserted row with Video ID: qPBtTPJHS0Q
[2026-09-24T14:32:05.554+0000] {data_modification.py:23} INFO - Inserted row with Video ID: A-vX1AGBGsc
[2026-09-24T14:32:05.557+0000] {data_modification.py:23} INFO - Inserted row with Video ID: IiW2smvEcBM
[2026-09-24T14:32:05.561+0000] {data_modification.py:23} INFO - Inserted row with Video ID: q6Qw8mUVTrE
[2026-09-24T14:32:05.564+0000] {data_modification.py:23} INFO - Inserted row with Video ID: dBxOYE2j55U
[2026-09-24T14:32:05.567+0000] {data_modification.py:23} INFO - Inserted row with Video ID: 984NGLLYDUg
[2026-09-24T14:32:05.571+0000] {data_modification.py:23} INFO - Inserted row with Video ID: 7zi0bi-RDj4
[2026-09-24T14:32:05.574+0000] {data_modification.py:23} INFO - Inserted row with Video ID: XaxhLbxZ13k
[2026-09-24T14:32:05.578+0000] {data_modification.py:23} INFO - Inserted row with Video ID: L8nh1wuXTbI
[2026-09-24T14:32:05.581+0000] {data_modification.py:23} INFO - Inserted row with Video ID: 9-HphHIJS9c
[2026-09-24T14:32:05.584+0000] {data_modification.py:23} INFO - Inserted row with Video ID: rPXmbM2UEbU
[2026-09-24T14:32:05.589+0000] {data_modification.py:23} INFO - Inserted row with Video ID: sESRuTyfsEk
[2026-09-24T14:32:05.592+0000] {data_modification.py:23} INFO - Inserted row with Video ID: QapO3maXd9k
[2026-09-24T14:32:05.596+0000] {data_modification.py:23} INFO - Inserted row with Video ID: 71VpdDb8e6U
[2026-09-24T14:32:05.599+0000] {data_modification.py:23} INFO - Inserted row with Video ID: Su34c5Z8DW4
[2026-09-24T14:32:05.603+0000] {data_modification.py:23} INFO - Inserted row with Video ID: e5DqdX-7_g4
[2026-09-24T14:32:05.607+0000] {data_modification.py:23} INFO - Inserted row with Video ID: 9vB-48kHbBU
[2026-09-24T14:32:05.609+0000] {data_modification.py:23} INFO - Inserted row with Video ID: 3ix_gbcubTo
[2026-09-24T14:32:05.613+0000] {data_modification.py:23} INFO - Inserted row with Video ID: mGIpOtncmSM
[2026-09-24T14:32:05.616+0000] {data_modification.py:23} INFO - Inserted row with Video ID: VqnQ-0q2gb4
[2026-09-24T14:32:05.621+0000] {data_modification.py:23} INFO - Inserted row with Video ID: 3TflpIllQHY
[2026-09-24T14:32:05.624+0000] {data_modification.py:23} INFO - Inserted row with Video ID: 1SwVSTKFCsc
[2026-09-24T14:32:05.627+0000] {data_modification.py:23} INFO - Inserted row with Video ID: ZPuEUe_8SRM
[2026-09-24T14:32:05.630+0000] {data_modification.py:23} INFO - Inserted row with Video ID: gKVZz4kcuns
[2026-09-24T14:32:05.633+0000] {data_modification.py:23} INFO - Inserted row with Video ID: nywT2SenPIo
[2026-09-24T14:32:05.637+0000] {data_modification.py:23} INFO - Inserted row with Video ID: xBP9EUQIkNs
[2026-09-24T14:32:05.640+0000] {data_modification.py:23} INFO - Inserted row with Video ID: qZNxvnQv0h4
[2026-09-24T14:32:05.643+0000] {data_modification.py:23} INFO - Inserted row with Video ID: uE6gud1voDs
[2026-09-24T14:32:05.647+0000] {data_modification.py:23} INFO - Inserted row with Video ID: f0M64XpmTz8
[2026-09-24T14:32:05.650+0000] {data_modification.py:23} INFO - Inserted row with Video ID: Gz3yak1cl-8
[2026-09-24T14:32:05.654+0000] {data_modification.py:23} INFO - Inserted row with Video ID: 9GD6hbqu2oM
[2026-09-24T14:32:05.657+0000] {data_modification.py:23} INFO - Inserted row with Video ID: GUWGsIVEMSQ
[2026-09-24T14:32:05.661+0000] {data_modification.py:23} INFO - Inserted row with Video ID: wDqJZ_2ZA3A
[2026-09-24T14:32:05.664+0000] {data_modification.py:23} INFO - Inserted row with Video ID: RywkkwO78m8
[2026-09-24T14:32:05.667+0000] {data_modification.py:23} INFO - Inserted row with Video ID: P4qWhSZ7_WA
[2026-09-24T14:32:05.671+0000] {data_modification.py:23} INFO - Inserted row with Video ID: UlUcwJc5nBs
[2026-09-24T14:32:05.675+0000] {data_modification.py:23} INFO - Inserted row with Video ID: qAW6CE7_bFM
[2026-09-24T14:32:05.680+0000] {data_modification.py:23} INFO - Inserted row with Video ID: tBEBc4KQVsU
[2026-09-24T14:32:05.684+0000] {data_modification.py:23} INFO - Inserted row with Video ID: q0OK-zHnvnA
[2026-09-24T14:32:05.689+0000] {data_modification.py:23} INFO - Inserted row with Video ID: bFZdU9dr4OM
[2026-09-24T14:32:05.693+0000] {data_modification.py:23} INFO - Inserted row with Video ID: nd-bwvNB7YA
[2026-09-24T14:32:05.698+0000] {data_modification.py:23} INFO - Inserted row with Video ID: 6_im_hGxGRk
[2026-09-24T14:32:05.702+0000] {data_modification.py:23} INFO - Inserted row with Video ID: b91vrgVY-ZQ
[2026-09-24T14:32:05.706+0000] {data_modification.py:23} INFO - Inserted row with Video ID: 52ubXjlVzUY
[2026-09-24T14:32:05.710+0000] {data_modification.py:23} INFO - Inserted row with Video ID: XHb7g6yuGgE
[2026-09-24T14:32:05.714+0000] {data_modification.py:23} INFO - Inserted row with Video ID: rH1D_3G56DY
[2026-09-24T14:32:05.717+0000] {data_modification.py:23} INFO - Inserted row with Video ID: -0zoWMSEOGg
[2026-09-24T14:32:05.721+0000] {data_modification.py:23} INFO - Inserted row with Video ID: WRzIuC2MKOU
[2026-09-24T14:32:05.724+0000] {data_modification.py:23} INFO - Inserted row with Video ID: foLlul8Tl3E
[2026-09-24T14:32:05.728+0000] {data_modification.py:23} INFO - Inserted row with Video ID: 3iaDrpKdaIc
[2026-09-24T14:32:05.731+0000] {data_modification.py:23} INFO - Inserted row with Video ID: qrIh-ZHN4-E
[2026-09-24T14:32:05.734+0000] {data_modification.py:23} INFO - Inserted row with Video ID: mpZWt5pGKZ8
[2026-09-24T14:32:05.737+0000] {data_modification.py:23} INFO - Inserted row with Video ID: vbph9F_pRNI
[2026-09-24T14:32:05.740+0000] {data_modification.py:23} INFO - Inserted row with Video ID: XE9pUM9MEFA
[2026-09-24T14:32:05.743+0000] {data_modification.py:23} INFO - Inserted row with Video ID: wbzD04leeLI
[2026-09-24T14:32:05.747+0000] {data_modification.py:23} INFO - Inserted row with Video ID: MC5h-ShR-S8
[2026-09-24T14:32:05.750+0000] {data_modification.py:23} INFO - Inserted row with Video ID: dp8IaLrZpGs
[2026-09-24T14:32:05.754+0000] {data_modification.py:23} INFO - Inserted row with Video ID: 97Gh93Daio0
[2026-09-24T14:32:05.757+0000] {data_modification.py:23} INFO - Inserted row with Video ID: t4OumncEiKo
[2026-09-24T14:32:05.760+0000] {data_modification.py:23} INFO - Inserted row with Video ID: Ejou8aa5eZk
[2026-09-24T14:32:05.764+0000] {data_modification.py:23} INFO - Inserted row with Video ID: ehEuczQUh8E
[2026-09-24T14:32:05.767+0000] {data_modification.py:23} INFO - Inserted row with Video ID: uBC7805Smsg
[2026-09-24T14:32:05.771+0000] {data_modification.py:23} INFO - Inserted row with Video ID: d8pJkuSp1iI
[2026-09-24T14:32:05.774+0000] {data_modification.py:23} INFO - Inserted row with Video ID: dFr5YQaQQdo
[2026-09-24T14:32:05.777+0000] {data_modification.py:23} INFO - Inserted row with Video ID: xBLxMfO3pDw
[2026-09-24T14:32:05.780+0000] {data_modification.py:23} INFO - Inserted row with Video ID: d7QmQtNwhcU
[2026-09-24T14:32:05.783+0000] {data_modification.py:23} INFO - Inserted row with Video ID: NZR4WEjpOQg
[2026-09-24T14:32:05.787+0000] {data_modification.py:23} INFO - Inserted row with Video ID: vETSAZgfDP4
[2026-09-24T14:32:05.790+0000] {data_modification.py:23} INFO - Inserted row with Video ID: zE3FLbpu9-Q
[2026-09-24T14:32:05.794+0000] {data_modification.py:23} INFO - Inserted row with Video ID: Izmibu7dxcs
[2026-09-24T14:32:05.800+0000] {data_modification.py:23} INFO - Inserted row with Video ID: 2Pvt8awds44
[2026-09-24T14:32:05.806+0000] {data_modification.py:23} INFO - Inserted row with Video ID: n9BbAfbsyj0
[2026-09-24T14:32:05.811+0000] {data_modification.py:23} INFO - Inserted row with Video ID: WZ2rYlVxt4g
[2026-09-24T14:32:05.818+0000] {data_modification.py:23} INFO - Inserted row with Video ID: CWK6an4mYL0
[2026-09-24T14:32:05.824+0000] {data_modification.py:23} INFO - Inserted row with Video ID: VwWV4JelEzY
[2026-09-24T14:32:05.829+0000] {data_modification.py:23} INFO - Inserted row with Video ID: koRKIlRQj4g
[2026-09-24T14:32:05.834+0000] {data_modification.py:23} INFO - Inserted row with Video ID: XKFKPQHdWRI
[2026-09-24T14:32:05.840+0000] {data_modification.py:23} INFO - Inserted row with Video ID: yuGEB4ZZdUQ
[2026-09-24T14:32:05.845+0000] {data_modification.py:23} INFO - Inserted row with Video ID: sg_XFT4K3N4
[2026-09-24T14:32:05.850+0000] {data_modification.py:23} INFO - Inserted row with Video ID: szt8xabJoSo
[2026-09-24T14:32:05.855+0000] {data_modification.py:23} INFO - Inserted row with Video ID: Fbl3E_XCQfA
[2026-09-24T14:32:05.860+0000] {data_modification.py:23} INFO - Inserted row with Video ID: Pe3pGsCeYXg
[2026-09-24T14:32:05.865+0000] {data_modification.py:23} INFO - Inserted row with Video ID: yzGmnjDFuZE
[2026-09-24T14:32:05.870+0000] {data_modification.py:23} INFO - Inserted row with Video ID: op0N7axawJA
[2026-09-24T14:32:05.874+0000] {data_modification.py:23} INFO - Inserted row with Video ID: l_huIWJBhJM
[2026-09-24T14:32:05.880+0000] {data_modification.py:23} INFO - Inserted row with Video ID: 7ALCsEyn3mg
[2026-09-24T14:32:05.886+0000] {data_modification.py:23} INFO - Inserted row with Video ID: CvMRiR4k49Y
[2026-09-24T14:32:05.891+0000] {data_modification.py:23} INFO - Inserted row with Video ID: g2rbhIB-ITM
[2026-09-24T14:32:05.897+0000] {data_modification.py:23} INFO - Inserted row with Video ID: nLpqZEAFnkE
[2026-09-24T14:32:05.901+0000] {data_modification.py:23} INFO - Inserted row with Video ID: sirrTXiPFmw
[2026-09-24T14:32:05.907+0000] {data_modification.py:23} INFO - Inserted row with Video ID: nRkwuTOESCc
[2026-09-24T14:32:05.914+0000] {data_modification.py:23} INFO - Inserted row with Video ID: AS6WMS_Bemg
[2026-09-24T14:32:05.920+0000] {data_modification.py:23} INFO - Inserted row with Video ID: wMn8d7IeCYM
[2026-09-24T14:32:05.926+0000] {data_modification.py:23} INFO - Inserted row with Video ID: BMZP4CtphaU
[2026-09-24T14:32:05.930+0000] {data_modification.py:23} INFO - Inserted row with Video ID: ln9aLVd__8w
[2026-09-24T14:32:05.935+0000] {data_modification.py:23} INFO - Inserted row with Video ID: 93s1JECSy60
[2026-09-24T14:32:05.940+0000] {data_modification.py:23} INFO - Inserted row with Video ID: YR6Wh2Zy9jE
[2026-09-24T14:32:05.944+0000] {data_modification.py:23} INFO - Inserted row with Video ID: 5PCxQSMOl3o
[2026-09-24T14:32:05.948+0000] {data_modification.py:23} INFO - Inserted row with Video ID: 5qzAVMe_SnM
[2026-09-24T14:32:05.952+0000] {data_modification.py:23} INFO - Inserted row with Video ID: zAAXW7ySu1k
[2026-09-24T14:32:05.956+0000] {data_modification.py:23} INFO - Inserted row with Video ID: sx5k8xd_VoU
[2026-09-24T14:32:05.959+0000] {data_modification.py:23} INFO - Inserted row with Video ID: uotb9ZHnI2g
[2026-09-24T14:32:05.963+0000] {data_modification.py:23} INFO - Inserted row with Video ID: nPlqRbVFBHI
[2026-09-24T14:32:05.965+0000] {data_modification.py:23} INFO - Inserted row with Video ID: _FX6rml2Yjs
[2026-09-24T14:32:05.969+0000] {data_modification.py:23} INFO - Inserted row with Video ID: kupaqq-xJ_8
[2026-09-24T14:32:05.972+0000] {data_modification.py:23} INFO - Inserted row with Video ID: Er6QUQZbv0w
[2026-09-24T14:32:05.975+0000] {data_modification.py:23} INFO - Inserted row with Video ID: 4KVmSG6KS2k
[2026-09-24T14:32:05.978+0000] {data_modification.py:23} INFO - Inserted row with Video ID: Lx9fRu5ehFo
[2026-09-24T14:32:05.981+0000] {data_modification.py:23} INFO - Inserted row with Video ID: KcsRxHwGz7A
[2026-09-24T14:32:05.983+0000] {data_modification.py:23} INFO - Inserted row with Video ID: ZJwX2jTXWwQ
[2026-09-24T14:32:05.987+0000] {data_modification.py:23} INFO - Inserted row with Video ID: N_GMakKf7G4
[2026-09-24T14:32:05.991+0000] {data_modification.py:23} INFO - Inserted row with Video ID: 63gyUQ_JeOE
[2026-09-24T14:32:05.996+0000] {data_modification.py:23} INFO - Inserted row with Video ID: IZVbzNRUlQI
[2026-09-24T14:32:05.999+0000] {data_modification.py:23} INFO - Inserted row with Video ID: 8D3vI1615K4
[2026-09-24T14:32:06.003+0000] {data_modification.py:23} INFO - Inserted row with Video ID: igVcy5dtN80
[2026-09-24T14:32:06.006+0000] {data_modification.py:23} INFO - Inserted row with Video ID: dEOlvTqYUNo
[2026-09-24T14:32:06.008+0000] {data_modification.py:23} INFO - Inserted row with Video ID: AS5CxLCWq-Q
[2026-09-24T14:32:06.012+0000] {data_modification.py:23} INFO - Inserted row with Video ID: jtOalDNVrKM
[2026-09-24T14:32:06.014+0000] {data_modification.py:23} INFO - Inserted row with Video ID: dDYP56hEYF0
[2026-09-24T14:32:06.018+0000] {data_modification.py:23} INFO - Inserted row with Video ID: pJSbLk-Iixc
[2026-09-24T14:32:06.022+0000] {data_modification.py:23} INFO - Inserted row with Video ID: iengNekeTNo
[2026-09-24T14:32:06.025+0000] {data_modification.py:23} INFO - Inserted row with Video ID: rqUvnLPvbrM
[2026-09-24T14:32:06.028+0000] {data_modification.py:23} INFO - Inserted row with Video ID: 9CVwXBYVqVk
[2026-09-24T14:32:06.032+0000] {data_modification.py:23} INFO - Inserted row with Video ID: i8pmk5xnO2s
[2026-09-24T14:32:06.035+0000] {data_modification.py:23} INFO - Inserted row with Video ID: xWcldHxHFpo
[2026-09-24T14:32:06.039+0000] {data_modification.py:23} INFO - Inserted row with Video ID: YH1-fDzHHpo
[2026-09-24T14:32:06.041+0000] {data_modification.py:23} INFO - Inserted row with Video ID: ntlG5XgYg4k
[2026-09-24T14:32:06.045+0000] {data_modification.py:23} INFO - Inserted row with Video ID: Qy17S3g8ZuY
[2026-09-24T14:32:06.048+0000] {data_modification.py:23} INFO - Inserted row with Video ID: PJyWmlWNor8
[2026-09-24T14:32:06.051+0000] {data_modification.py:23} INFO - Inserted row with Video ID: KzwTYZ2W3ZA
[2026-09-24T14:32:06.054+0000] {data_modification.py:23} INFO - Inserted row with Video ID: 9fa_JYTPZ2Y
[2026-09-24T14:32:06.056+0000] {data_modification.py:23} INFO - Inserted row with Video ID: t1BWMa8btIw
[2026-09-24T14:32:06.060+0000] {data_modification.py:23} INFO - Inserted row with Video ID: 2O8wta4FsD4
[2026-09-24T14:32:06.064+0000] {data_modification.py:23} INFO - Inserted row with Video ID: dSDBr0WjrwQ
[2026-09-24T14:32:06.067+0000] {data_modification.py:23} INFO - Inserted row with Video ID: DbC9CauTXoM
[2026-09-24T14:32:06.071+0000] {data_modification.py:23} INFO - Inserted row with Video ID: yhNcDBnQsEY
[2026-09-24T14:32:06.075+0000] {data_modification.py:23} INFO - Inserted row with Video ID: Wyyqz3OxB5c
[2026-09-24T14:32:06.079+0000] {data_modification.py:23} INFO - Inserted row with Video ID: KO8B2kw_Jxs
[2026-09-24T14:32:06.083+0000] {data_modification.py:23} INFO - Inserted row with Video ID: NEDPgQYhbqs
[2026-09-24T14:32:06.087+0000] {data_modification.py:23} INFO - Inserted row with Video ID: DpIvW6av0pI
[2026-09-24T14:32:06.090+0000] {data_modification.py:23} INFO - Inserted row with Video ID: RPcXg2-0ejw
[2026-09-24T14:32:06.093+0000] {data_modification.py:23} INFO - Inserted row with Video ID: jhYG5BStQSk
[2026-09-24T14:32:06.097+0000] {data_modification.py:23} INFO - Inserted row with Video ID: wTIPpjUgAFE
[2026-09-24T14:32:06.100+0000] {data_modification.py:23} INFO - Inserted row with Video ID: Fzh65vCyHWQ
[2026-09-24T14:32:06.103+0000] {data_modification.py:23} INFO - Inserted row with Video ID: vBp0bzVr09s
[2026-09-24T14:32:06.106+0000] {data_modification.py:23} INFO - Inserted row with Video ID: AXjdI_LHWJU
[2026-09-24T14:32:06.108+0000] {data_modification.py:23} INFO - Inserted row with Video ID: dJCsc_Cq9i4
[2026-09-24T14:32:06.111+0000] {data_modification.py:23} INFO - Inserted row with Video ID: bqpKlkPpT10
[2026-09-24T14:32:06.114+0000] {data_modification.py:23} INFO - Inserted row with Video ID: TIIU1ivhLKs
[2026-09-24T14:32:06.117+0000] {data_modification.py:23} INFO - Inserted row with Video ID: G4qOiwIE_o0
[2026-09-24T14:32:06.120+0000] {data_modification.py:23} INFO - Inserted row with Video ID: yozl6enFC-w
[2026-09-24T14:32:06.122+0000] {data_modification.py:23} INFO - Inserted row with Video ID: LP_mGU3CgXk
[2026-09-24T14:32:06.125+0000] {data_modification.py:23} INFO - Inserted row with Video ID: DoIQMkoYSzw
[2026-09-24T14:32:06.128+0000] {data_modification.py:23} INFO - Inserted row with Video ID: e-If_d_bzfI
[2026-09-24T14:32:06.131+0000] {data_modification.py:23} INFO - Inserted row with Video ID: 5J6-5g2alp8
[2026-09-24T14:32:06.133+0000] {data_modification.py:23} INFO - Inserted row with Video ID: qjGNBluF6_I
[2026-09-24T14:32:06.136+0000] {data_modification.py:23} INFO - Inserted row with Video ID: TLoDwqQF5ug
[2026-09-24T14:32:06.139+0000] {data_modification.py:23} INFO - Inserted row with Video ID: uAFGIQPWL54
[2026-09-24T14:32:06.141+0000] {data_modification.py:23} INFO - Inserted row with Video ID: SaDDjW9Rw-M
[2026-09-24T14:32:06.145+0000] {data_modification.py:23} INFO - Inserted row with Video ID: CHdy9wND1jo
[2026-09-24T14:32:06.148+0000] {data_modification.py:23} INFO - Inserted row with Video ID: 9LiS_3HEErU
[2026-09-24T14:32:06.151+0000] {data_modification.py:23} INFO - Inserted row with Video ID: hRj5qNfkdO0
[2026-09-24T14:32:06.154+0000] {data_modification.py:23} INFO - Inserted row with Video ID: ocruJKe2tFk
[2026-09-24T14:32:06.157+0000] {data_modification.py:23} INFO - Inserted row with Video ID: MgRMNzKknto
[2026-09-24T14:32:06.159+0000] {data_modification.py:23} INFO - Inserted row with Video ID: tqO3_AKC5Ks
[2026-09-24T14:32:06.162+0000] {data_modification.py:23} INFO - Inserted row with Video ID: XW1TsAVdXsw
[2026-09-24T14:32:06.165+0000] {data_modification.py:23} INFO - Inserted row with Video ID: Qhdj_Umh1IE
[2026-09-24T14:32:06.168+0000] {data_modification.py:23} INFO - Inserted row with Video ID: fN_RQFqaGHI
[2026-09-24T14:32:06.171+0000] {data_modification.py:23} INFO - Inserted row with Video ID: hC3xW8xeCDs
[2026-09-24T14:32:06.173+0000] {data_modification.py:23} INFO - Inserted row with Video ID: xGJEPTCw9GU
[2026-09-24T14:32:06.176+0000] {data_modification.py:23} INFO - Inserted row with Video ID: FmjsePPBbdU
[2026-09-24T14:32:06.179+0000] {data_modification.py:23} INFO - Inserted row with Video ID: lMLEcUXz6T8
[2026-09-24T14:32:06.181+0000] {data_modification.py:23} INFO - Inserted row with Video ID: BKJy7BFP3Is
[2026-09-24T14:32:06.184+0000] {data_modification.py:23} INFO - Inserted row with Video ID: 1gfgZhW3YgU
[2026-09-24T14:32:06.187+0000] {data_modification.py:23} INFO - Inserted row with Video ID: VXmKt_1T0QM
[2026-09-24T14:32:06.190+0000] {data_modification.py:23} INFO - Inserted row with Video ID: 6XCUHLhdnEY
[2026-09-24T14:32:06.192+0000] {data_modification.py:23} INFO - Inserted row with Video ID: ttWTSskmxTA
[2026-09-24T14:32:06.195+0000] {data_modification.py:23} INFO - Inserted row with Video ID: 5bCyFf8lSfk
[2026-09-24T14:32:06.197+0000] {data_modification.py:23} INFO - Inserted row with Video ID: ngVEpJs5A5s
[2026-09-24T14:32:06.200+0000] {data_modification.py:23} INFO - Inserted row with Video ID: zjC48c3ptt0
[2026-09-24T14:32:06.203+0000] {data_modification.py:23} INFO - Inserted row with Video ID: rS2sntC-lJI
[2026-09-24T14:32:06.206+0000] {data_modification.py:23} INFO - Inserted row with Video ID: fG1N5kzeAhM
[2026-09-24T14:32:06.208+0000] {data_modification.py:23} INFO - Inserted row with Video ID: vT_gRRMjDi0
[2026-09-24T14:32:06.211+0000] {data_modification.py:23} INFO - Inserted row with Video ID: dfcPUqiivDY
[2026-09-24T14:32:06.214+0000] {data_modification.py:23} INFO - Inserted row with Video ID: zCR6DJX7Kak
[2026-09-24T14:32:06.217+0000] {data_modification.py:23} INFO - Inserted row with Video ID: 4cX-w-ia0RU
[2026-09-24T14:32:06.220+0000] {data_modification.py:23} INFO - Inserted row with Video ID: 2nVjy-zd65Q
[2026-09-24T14:32:06.223+0000] {data_modification.py:23} INFO - Inserted row with Video ID: xlzpD4GeBW0
[2026-09-24T14:32:06.225+0000] {data_modification.py:23} INFO - Inserted row with Video ID: 8ZTy3K2QgOY
[2026-09-24T14:32:06.228+0000] {data_modification.py:23} INFO - Inserted row with Video ID: k9zko79_3_I
[2026-09-24T14:32:06.231+0000] {data_modification.py:23} INFO - Inserted row with Video ID: fYnPyLfxSJg
[2026-09-24T14:32:06.234+0000] {data_modification.py:23} INFO - Inserted row with Video ID: pBH_QL4JGcI
[2026-09-24T14:32:06.237+0000] {data_modification.py:23} INFO - Inserted row with Video ID: 1wtFD9zSQO8
[2026-09-24T14:32:06.240+0000] {data_modification.py:23} INFO - Inserted row with Video ID: VqhjiwmGNKA
[2026-09-24T14:32:06.243+0000] {data_modification.py:23} INFO - Inserted row with Video ID: EhZ9gHZOZT8
[2026-09-24T14:32:06.246+0000] {data_modification.py:23} INFO - Inserted row with Video ID: LHtkve6-O0g
[2026-09-24T14:32:06.248+0000] {data_modification.py:23} INFO - Inserted row with Video ID: m3Ol8zn7brk
[2026-09-24T14:32:06.251+0000] {data_modification.py:23} INFO - Inserted row with Video ID: qBiZA4QDsj0
[2026-09-24T14:32:06.254+0000] {data_modification.py:23} INFO - Inserted row with Video ID: NeOrh4GnPZ4
[2026-09-24T14:32:06.256+0000] {data_modification.py:23} INFO - Inserted row with Video ID: fWhfOAuOqjY
[2026-09-24T14:32:06.259+0000] {data_modification.py:23} INFO - Inserted row with Video ID: 9Ax56oRhcZc
[2026-09-24T14:32:06.262+0000] {data_modification.py:23} INFO - Inserted row with Video ID: -cWVrFABWHw
[2026-09-24T14:32:06.264+0000] {data_modification.py:23} INFO - Inserted row with Video ID: z7qtJAAV5d0
[2026-09-24T14:32:06.267+0000] {data_modification.py:23} INFO - Inserted row with Video ID: 9pk-neTrDoM
[2026-09-24T14:32:06.270+0000] {data_modification.py:23} INFO - Inserted row with Video ID: JQscW6DfNZY
[2026-09-24T14:32:06.272+0000] {data_modification.py:23} INFO - Inserted row with Video ID: 9smE_EiKJ8Q
[2026-09-24T14:32:06.275+0000] {data_modification.py:23} INFO - Inserted row with Video ID: hfaPkoXeYfU
[2026-09-24T14:32:06.279+0000] {data_modification.py:23} INFO - Inserted row with Video ID: u0hHxeWkB_o
[2026-09-24T14:32:06.282+0000] {data_modification.py:23} INFO - Inserted row with Video ID: 64WGWubQO3I
[2026-09-24T14:32:06.285+0000] {data_modification.py:23} INFO - Inserted row with Video ID: QJUs6CSRCFU
[2026-09-24T14:32:06.288+0000] {data_modification.py:23} INFO - Inserted row with Video ID: Om4c4ilT_6g
[2026-09-24T14:32:06.291+0000] {data_modification.py:23} INFO - Inserted row with Video ID: GbOfxRfHdeg
[2026-09-24T14:32:06.295+0000] {data_modification.py:23} INFO - Inserted row with Video ID: yzxYCRDcGDs
[2026-09-24T14:32:06.298+0000] {data_modification.py:23} INFO - Inserted row with Video ID: PCakYf_PnT0
[2026-09-24T14:32:06.301+0000] {data_modification.py:23} INFO - Inserted row with Video ID: 8nv_ltg4RAg
[2026-09-24T14:32:06.304+0000] {data_modification.py:23} INFO - Inserted row with Video ID: VvphlSvCyj8
[2026-09-24T14:32:06.307+0000] {data_modification.py:23} INFO - Inserted row with Video ID: JP3v6UxI124
[2026-09-24T14:32:06.309+0000] {data_modification.py:23} INFO - Inserted row with Video ID: jRURlbRAUhI
[2026-09-24T14:32:06.312+0000] {data_modification.py:23} INFO - Inserted row with Video ID: I_3R9YGFlHE
[2026-09-24T14:32:06.314+0000] {data_modification.py:23} INFO - Inserted row with Video ID: xjJJ_wDlc1E
[2026-09-24T14:32:06.317+0000] {data_modification.py:23} INFO - Inserted row with Video ID: cqirhwhq_qM
[2026-09-24T14:32:06.320+0000] {data_modification.py:23} INFO - Inserted row with Video ID: 3IQdDBwc42o
[2026-09-24T14:32:06.323+0000] {data_modification.py:23} INFO - Inserted row with Video ID: 4YHnf3YepwU
[2026-09-24T14:32:06.326+0000] {data_modification.py:23} INFO - Inserted row with Video ID: uxzBq4Y_fNw
[2026-09-24T14:32:06.329+0000] {data_modification.py:23} INFO - Inserted row with Video ID: HIhUkvAG0o4
[2026-09-24T14:32:06.332+0000] {data_modification.py:23} INFO - Inserted row with Video ID: cpI5lCaqZcQ
[2026-09-24T14:32:06.335+0000] {data_modification.py:23} INFO - Inserted row with Video ID: 6zQhLOw1nw8
[2026-09-24T14:32:06.339+0000] {data_modification.py:23} INFO - Inserted row with Video ID: mfvi_jgdVqE
[2026-09-24T14:32:06.342+0000] {data_modification.py:23} INFO - Inserted row with Video ID: zExxMxcoJ6A
[2026-09-24T14:32:06.345+0000] {data_modification.py:23} INFO - Inserted row with Video ID: hD_Af6W2qug
[2026-09-24T14:32:06.348+0000] {data_modification.py:23} INFO - Inserted row with Video ID: XOtTKQujlkI
[2026-09-24T14:32:06.351+0000] {data_modification.py:23} INFO - Inserted row with Video ID: dRqthQ2Mc_0
[2026-09-24T14:32:06.354+0000] {data_modification.py:23} INFO - Inserted row with Video ID: 8TFq_vvO_Wg
[2026-09-24T14:32:06.357+0000] {data_modification.py:23} INFO - Inserted row with Video ID: oo8ve4Ldpck
[2026-09-24T14:32:06.360+0000] {data_modification.py:23} INFO - Inserted row with Video ID: sKn8Tbp2a-4
[2026-09-24T14:32:06.363+0000] {data_modification.py:23} INFO - Inserted row with Video ID: g0IrVKXIbmE
[2026-09-24T14:32:06.366+0000] {data_modification.py:23} INFO - Inserted row with Video ID: 2Om2M4_Kyd0
[2026-09-24T14:32:06.369+0000] {data_modification.py:23} INFO - Inserted row with Video ID: KaaEivIqX6M
[2026-09-24T14:32:06.372+0000] {data_modification.py:23} INFO - Inserted row with Video ID: W4gBpws7Ug8
[2026-09-24T14:32:06.375+0000] {data_modification.py:23} INFO - Inserted row with Video ID: NT3EkjxO8hs
[2026-09-24T14:32:06.378+0000] {data_modification.py:23} INFO - Inserted row with Video ID: syMozMiJneM
[2026-09-24T14:32:06.380+0000] {data_modification.py:23} INFO - Inserted row with Video ID: Wt6cMjn3YLg
[2026-09-24T14:32:06.383+0000] {data_modification.py:23} INFO - Inserted row with Video ID: OEuS7fjMlMc
[2026-09-24T14:32:06.386+0000] {data_modification.py:23} INFO - Inserted row with Video ID: 1Pr-R2nKTY4
[2026-09-24T14:32:06.389+0000] {data_modification.py:23} INFO - Inserted row with Video ID: QqdUhn99E-s
[2026-09-24T14:32:06.392+0000] {data_modification.py:23} INFO - Inserted row with Video ID: 1UygJmcHUdQ
[2026-09-24T14:32:06.395+0000] {data_modification.py:23} INFO - Inserted row with Video ID: g4DAFnZcCcQ
[2026-09-24T14:32:06.397+0000] {data_modification.py:23} INFO - Inserted row with Video ID: LTr8cXAxy1I
[2026-09-24T14:32:06.400+0000] {data_modification.py:23} INFO - Inserted row with Video ID: Ow3xqv7ahXo
[2026-09-24T14:32:06.403+0000] {data_modification.py:23} INFO - Inserted row with Video ID: TRiF8PdrIP8
[2026-09-24T14:32:06.406+0000] {data_modification.py:23} INFO - Inserted row with Video ID: NFZ_MtTvwm0
[2026-09-24T14:32:06.408+0000] {data_modification.py:23} INFO - Inserted row with Video ID: Pgxi8dsUW-o
[2026-09-24T14:32:06.411+0000] {data_modification.py:23} INFO - Inserted row with Video ID: YY2-jJojnOA
[2026-09-24T14:32:06.414+0000] {data_modification.py:23} INFO - Inserted row with Video ID: 7Pogam71094
[2026-09-24T14:32:06.417+0000] {data_modification.py:23} INFO - Inserted row with Video ID: DL0OPJ2hahc
[2026-09-24T14:32:06.420+0000] {data_modification.py:23} INFO - Inserted row with Video ID: WwE0tR08OTU
[2026-09-24T14:32:06.423+0000] {data_modification.py:23} INFO - Inserted row with Video ID: 2LIJtcI4dbg
[2026-09-24T14:32:06.426+0000] {data_modification.py:23} INFO - Inserted row with Video ID: rXnaD7PU9kY
[2026-09-24T14:32:06.430+0000] {data_modification.py:23} INFO - Inserted row with Video ID: Ng_qwlvhrJo
[2026-09-24T14:32:06.433+0000] {data_modification.py:23} INFO - Inserted row with Video ID: bzIPun3cVsw
[2026-09-24T14:32:06.437+0000] {data_modification.py:23} INFO - Inserted row with Video ID: miKQkeq5sbU
[2026-09-24T14:32:06.440+0000] {data_modification.py:23} INFO - Inserted row with Video ID: Lwt_VThQIdM
[2026-09-24T14:32:06.443+0000] {data_modification.py:23} INFO - Inserted row with Video ID: P2oPACr4uuU
[2026-09-24T14:32:06.447+0000] {data_modification.py:23} INFO - Inserted row with Video ID: h-D6ukDcS9o
[2026-09-24T14:32:06.449+0000] {data_modification.py:23} INFO - Inserted row with Video ID: mY77HA20MzA
[2026-09-24T14:32:06.453+0000] {data_modification.py:23} INFO - Inserted row with Video ID: 4krBgDFycgY
[2026-09-24T14:32:06.456+0000] {data_modification.py:23} INFO - Inserted row with Video ID: dpUxRIqbNlc
[2026-09-24T14:32:06.459+0000] {data_modification.py:23} INFO - Inserted row with Video ID: Cp431S5z8PE
[2026-09-24T14:32:06.463+0000] {data_modification.py:23} INFO - Inserted row with Video ID: ttLYXcza4j4
[2026-09-24T14:32:06.466+0000] {data_modification.py:23} INFO - Inserted row with Video ID: 3-f9DEFsh4w
[2026-09-24T14:32:06.472+0000] {data_modification.py:23} INFO - Inserted row with Video ID: vuOTP206zWM
[2026-09-24T14:32:06.474+0000] {data_modification.py:23} INFO - Inserted row with Video ID: J590MYm0SY8
[2026-09-24T14:32:06.479+0000] {data_modification.py:23} INFO - Inserted row with Video ID: vGB2d5cQJpY
[2026-09-24T14:32:06.482+0000] {data_modification.py:23} INFO - Inserted row with Video ID: M94G0iKYiSM
[2026-09-24T14:32:06.487+0000] {data_modification.py:23} INFO - Inserted row with Video ID: pGYyUssWLTA
[2026-09-24T14:32:06.490+0000] {data_modification.py:23} INFO - Inserted row with Video ID: j7kM8G_AjuY
[2026-09-24T14:32:06.492+0000] {data_modification.py:23} INFO - Inserted row with Video ID: deK-My3Of0o
[2026-09-24T14:32:06.497+0000] {data_modification.py:23} INFO - Inserted row with Video ID: oB8kFFvJdhE
[2026-09-24T14:32:06.500+0000] {data_modification.py:23} INFO - Inserted row with Video ID: X9eXa-Uzuj0
[2026-09-24T14:32:06.504+0000] {data_modification.py:23} INFO - Inserted row with Video ID: GxTVDClFXuc
[2026-09-24T14:32:06.507+0000] {data_modification.py:23} INFO - Inserted row with Video ID: kGaq-Qi9hoE
[2026-09-24T14:32:06.511+0000] {data_modification.py:23} INFO - Inserted row with Video ID: 9zFfp3gzZ88
[2026-09-24T14:32:06.515+0000] {data_modification.py:23} INFO - Inserted row with Video ID: mM2KwBYa-u4
[2026-09-24T14:32:06.519+0000] {data_modification.py:23} INFO - Inserted row with Video ID: WAcmsAISniQ
[2026-09-24T14:32:06.524+0000] {data_modification.py:23} INFO - Inserted row with Video ID: kqUT-s3a6tU
[2026-09-24T14:32:06.528+0000] {data_modification.py:23} INFO - Inserted row with Video ID: NUVglXbGBfs
[2026-09-24T14:32:06.531+0000] {data_modification.py:23} INFO - Inserted row with Video ID: T-v4b3WtPAg
[2026-09-24T14:32:06.535+0000] {data_modification.py:23} INFO - Inserted row with Video ID: m8qGlpcfAIw
[2026-09-24T14:32:06.539+0000] {data_modification.py:23} INFO - Inserted row with Video ID: uZPkMnv8b-o
[2026-09-24T14:32:06.543+0000] {data_modification.py:23} INFO - Inserted row with Video ID: qVLr6SMxvJw
[2026-09-24T14:32:06.547+0000] {data_modification.py:23} INFO - Inserted row with Video ID: 4AigP5OY8JE
[2026-09-24T14:32:06.550+0000] {data_modification.py:23} INFO - Inserted row with Video ID: RMoFUeBVefA
[2026-09-24T14:32:06.553+0000] {data_modification.py:23} INFO - Inserted row with Video ID: ep7S1XnuQLU
[2026-09-24T14:32:06.557+0000] {data_modification.py:23} INFO - Inserted row with Video ID: p6bzNpgbX8Y
[2026-09-24T14:32:06.560+0000] {data_modification.py:23} INFO - Inserted row with Video ID: 6T17licWsQ4
[2026-09-24T14:32:06.564+0000] {data_modification.py:23} INFO - Inserted row with Video ID: 1s6UOlWdpw4
[2026-09-24T14:32:06.567+0000] {data_modification.py:23} INFO - Inserted row with Video ID: 3LuchpUc7PU
[2026-09-24T14:32:06.571+0000] {data_modification.py:23} INFO - Inserted row with Video ID: _f6xCA0-gAo
[2026-09-24T14:32:06.574+0000] {data_modification.py:23} INFO - Inserted row with Video ID: lfD7kMZKuNg
[2026-09-24T14:32:06.577+0000] {data_modification.py:23} INFO - Inserted row with Video ID: ejlkNGm82w4
[2026-09-24T14:32:06.580+0000] {data_modification.py:23} INFO - Inserted row with Video ID: Jtj9rUqlB1Y
[2026-09-24T14:32:06.583+0000] {data_modification.py:23} INFO - Inserted row with Video ID: ZqzFRGH_tMQ
[2026-09-24T14:32:06.588+0000] {data_modification.py:23} INFO - Inserted row with Video ID: 94A-bsumX9A
[2026-09-24T14:32:06.593+0000] {data_modification.py:23} INFO - Inserted row with Video ID: gYaxI_allkQ
[2026-09-24T14:32:06.596+0000] {data_modification.py:23} INFO - Inserted row with Video ID: AjXbO2XfBkE
[2026-09-24T14:32:06.600+0000] {data_modification.py:23} INFO - Inserted row with Video ID: ZQZzR0DUujc
[2026-09-24T14:32:06.604+0000] {data_modification.py:23} INFO - Inserted row with Video ID: -V3-fhJQZkk
[2026-09-24T14:32:06.607+0000] {data_modification.py:23} INFO - Inserted row with Video ID: QX0wvWGW2qg
[2026-09-24T14:32:06.610+0000] {data_modification.py:23} INFO - Inserted row with Video ID: oODUkNQAzXU
[2026-09-24T14:32:06.614+0000] {data_modification.py:23} INFO - Inserted row with Video ID: 2jWZtKTN6jU
[2026-09-24T14:32:06.617+0000] {data_modification.py:23} INFO - Inserted row with Video ID: zsADECFHY8w
[2026-09-24T14:32:06.621+0000] {data_modification.py:23} INFO - Inserted row with Video ID: Feh8o-HmthM
[2026-09-24T14:32:06.625+0000] {data_modification.py:23} INFO - Inserted row with Video ID: 6Xv-LVYZQxk
[2026-09-24T14:32:06.629+0000] {data_modification.py:23} INFO - Inserted row with Video ID: 8-0ZHJHp9g4
[2026-09-24T14:32:06.631+0000] {data_modification.py:23} INFO - Inserted row with Video ID: QqIG0R-KpGk
[2026-09-24T14:32:06.635+0000] {data_modification.py:23} INFO - Inserted row with Video ID: qENpZBzgaUM
[2026-09-24T14:32:06.638+0000] {data_modification.py:23} INFO - Inserted row with Video ID: 4DYBVA4884Y
[2026-09-24T14:32:06.641+0000] {data_modification.py:23} INFO - Inserted row with Video ID: skEf9R0TXkM
[2026-09-24T14:32:06.645+0000] {data_modification.py:23} INFO - Inserted row with Video ID: CnMv_zTXZ38
[2026-09-24T14:32:06.648+0000] {data_modification.py:23} INFO - Inserted row with Video ID: bEIK5ni_Pzs
[2026-09-24T14:32:06.651+0000] {data_modification.py:23} INFO - Inserted row with Video ID: _oZyp4mTzSQ
[2026-09-24T14:32:06.655+0000] {data_modification.py:23} INFO - Inserted row with Video ID: is1LSWbssuA
[2026-09-24T14:32:06.657+0000] {data_modification.py:23} INFO - Inserted row with Video ID: XR_q9_LEKuc
[2026-09-24T14:32:06.661+0000] {data_modification.py:23} INFO - Inserted row with Video ID: X9UiBpDHW3w
[2026-09-24T14:32:06.665+0000] {data_modification.py:23} INFO - Inserted row with Video ID: PRU47AuQF2M
[2026-09-24T14:32:06.670+0000] {data_modification.py:23} INFO - Inserted row with Video ID: Y3Rxgf5_R_I
[2026-09-24T14:32:06.674+0000] {data_modification.py:23} INFO - Inserted row with Video ID: R6zuvKbvKyU
[2026-09-24T14:32:06.679+0000] {data_modification.py:23} INFO - Inserted row with Video ID: yCKe65Nvp0Q
[2026-09-24T14:32:06.873+0000] {data_modification.py:23} INFO - Inserted row with Video ID: XBe57FyB2xU
[2026-09-24T14:32:06.879+0000] {data_modification.py:23} INFO - Inserted row with Video ID: zpCwHwWgbsI
[2026-09-24T14:32:06.883+0000] {data_modification.py:23} INFO - Inserted row with Video ID: lh61MVUxJt0
[2026-09-24T14:32:06.888+0000] {data_modification.py:23} INFO - Inserted row with Video ID: yWnmEPgLroQ
[2026-09-24T14:32:06.892+0000] {data_modification.py:23} INFO - Inserted row with Video ID: eBklqeeIu10
[2026-09-24T14:32:06.896+0000] {data_modification.py:23} INFO - Inserted row with Video ID: SgMydsOucFg
[2026-09-24T14:32:06.899+0000] {data_modification.py:23} INFO - Inserted row with Video ID: jPm3hRiMKuU
[2026-09-24T14:32:06.904+0000] {data_modification.py:23} INFO - Inserted row with Video ID: OweuuinkVZI
[2026-09-24T14:32:06.907+0000] {data_modification.py:23} INFO - Inserted row with Video ID: 7Pr0HP-Trgk
[2026-09-24T14:32:06.912+0000] {data_modification.py:23} INFO - Inserted row with Video ID: UEK0fYAqMss
[2026-09-24T14:32:06.915+0000] {data_modification.py:23} INFO - Inserted row with Video ID: lRznKN2oPUc
[2026-09-24T14:32:06.919+0000] {data_modification.py:23} INFO - Inserted row with Video ID: IDrS_TrjuK4
[2026-09-24T14:32:06.923+0000] {data_modification.py:23} INFO - Inserted row with Video ID: J1lhxfZtR3M
[2026-09-24T14:32:06.929+0000] {data_modification.py:23} INFO - Inserted row with Video ID: b_o8cz0ZNdk
[2026-09-24T14:32:06.932+0000] {data_modification.py:23} INFO - Inserted row with Video ID: i5dhcAxO25Q
[2026-09-24T14:32:06.935+0000] {data_modification.py:23} INFO - Inserted row with Video ID: -o_8CDbFMJ0
[2026-09-24T14:32:06.939+0000] {data_modification.py:23} INFO - Inserted row with Video ID: v5J1Cycn3s8
[2026-09-24T14:32:06.941+0000] {data_modification.py:23} INFO - Inserted row with Video ID: YJiqYG-Mylk
[2026-09-24T14:32:06.945+0000] {data_modification.py:23} INFO - Inserted row with Video ID: jGE1sUTeR5g
[2026-09-24T14:32:06.949+0000] {data_modification.py:23} INFO - Inserted row with Video ID: 0tZCQ25fsoI
[2026-09-24T14:32:06.954+0000] {data_modification.py:23} INFO - Inserted row with Video ID: N9jTogPwqVY
[2026-09-24T14:32:06.957+0000] {data_modification.py:23} INFO - Inserted row with Video ID: yyJ7xEcENNI
[2026-09-24T14:32:06.962+0000] {data_modification.py:23} INFO - Inserted row with Video ID: 3rJgCGMPEqA
[2026-09-24T14:32:06.966+0000] {data_modification.py:23} INFO - Inserted row with Video ID: 7isfkomGg7o
[2026-09-24T14:32:06.971+0000] {data_modification.py:23} INFO - Inserted row with Video ID: UCYefSGBP00
[2026-09-24T14:32:06.974+0000] {data_modification.py:23} INFO - Inserted row with Video ID: dvdGkRK5a_0
[2026-09-24T14:32:06.980+0000] {data_modification.py:23} INFO - Inserted row with Video ID: X7doE4h6W64
[2026-09-24T14:32:06.986+0000] {data_modification.py:23} INFO - Inserted row with Video ID: GhppzOzN3MM
[2026-09-24T14:32:06.990+0000] {data_modification.py:23} INFO - Inserted row with Video ID: QkXDatNdL4U
[2026-09-24T14:32:06.996+0000] {data_modification.py:23} INFO - Inserted row with Video ID: hyt2t4r8lQ4
[2026-09-24T14:32:06.999+0000] {data_modification.py:23} INFO - Inserted row with Video ID: -mlok5iT3GE
[2026-09-24T14:32:07.006+0000] {data_modification.py:23} INFO - Inserted row with Video ID: STvOHHgJ1sQ
[2026-09-24T14:32:07.011+0000] {data_modification.py:23} INFO - Inserted row with Video ID: 2-ErX5oDzwM
[2026-09-24T14:32:07.015+0000] {data_modification.py:23} INFO - Inserted row with Video ID: 7ytYV-tVIvg
[2026-09-24T14:32:07.020+0000] {data_modification.py:23} INFO - Inserted row with Video ID: ELIoOUKSOJQ
[2026-09-24T14:32:07.024+0000] {data_modification.py:23} INFO - Inserted row with Video ID: uAoayezOaug
[2026-09-24T14:32:07.029+0000] {data_modification.py:23} INFO - Inserted row with Video ID: Vr2337tCLCI
[2026-09-24T14:32:07.033+0000] {data_modification.py:23} INFO - Inserted row with Video ID: NV7qmqbS8tM
[2026-09-24T14:32:07.037+0000] {data_modification.py:23} INFO - Inserted row with Video ID: U9c-ycvw02A
[2026-09-24T14:32:07.040+0000] {data_modification.py:23} INFO - Inserted row with Video ID: GfgcVOuHLAo
[2026-09-24T14:32:07.045+0000] {data_modification.py:23} INFO - Inserted row with Video ID: zi7tZ-2PhLk
[2026-09-24T14:32:07.048+0000] {data_modification.py:23} INFO - Inserted row with Video ID: TacjQmKCiZg
[2026-09-24T14:32:07.050+0000] {data_modification.py:23} INFO - Inserted row with Video ID: AIytwdufwW8
[2026-09-24T14:32:07.054+0000] {data_modification.py:23} INFO - Inserted row with Video ID: KLAI0c0Spog
[2026-09-24T14:32:07.057+0000] {data_modification.py:23} INFO - Inserted row with Video ID: UVin8WtE5eU
[2026-09-24T14:32:07.061+0000] {data_modification.py:23} INFO - Inserted row with Video ID: wNuxirsrwBk
[2026-09-24T14:32:07.064+0000] {data_modification.py:23} INFO - Inserted row with Video ID: 6bxZpS0cm5o
[2026-09-24T14:32:07.067+0000] {data_modification.py:23} INFO - Inserted row with Video ID: ajJbMGq9AS4
[2026-09-24T14:32:07.071+0000] {data_modification.py:23} INFO - Inserted row with Video ID: UXw9jqgJNNc
[2026-09-24T14:32:07.075+0000] {data_modification.py:23} INFO - Inserted row with Video ID: E3CqKvlzl-I
[2026-09-24T14:32:07.079+0000] {data_modification.py:23} INFO - Inserted row with Video ID: zfDr05ax0gM
[2026-09-24T14:32:07.083+0000] {data_modification.py:23} INFO - Inserted row with Video ID: 56OkH6ocYZU
[2026-09-24T14:32:07.088+0000] {data_modification.py:23} INFO - Inserted row with Video ID: w40Z8aT5fpQ
[2026-09-24T14:32:07.091+0000] {data_modification.py:23} INFO - Inserted row with Video ID: zgDezsMQyyU
[2026-09-24T14:32:07.095+0000] {data_modification.py:23} INFO - Inserted row with Video ID: UEwnitHoSDw
[2026-09-24T14:32:07.099+0000] {data_modification.py:23} INFO - Inserted row with Video ID: __SaaKSW9iE
[2026-09-24T14:32:07.104+0000] {data_modification.py:23} INFO - Inserted row with Video ID: qWnyJ55KBKo
[2026-09-24T14:32:07.107+0000] {data_modification.py:23} INFO - Inserted row with Video ID: 52awie9G00A
[2026-09-24T14:32:07.113+0000] {data_modification.py:23} INFO - Inserted row with Video ID: bB99NdUoxEQ
[2026-09-24T14:32:07.118+0000] {data_modification.py:23} INFO - Inserted row with Video ID: 7GjSaNi8Epg
[2026-09-24T14:32:07.123+0000] {data_modification.py:23} INFO - Inserted row with Video ID: h5uE4ERMiTk
[2026-09-24T14:32:07.129+0000] {data_modification.py:23} INFO - Inserted row with Video ID: umRLkCrmwcs
[2026-09-24T14:32:07.133+0000] {data_modification.py:23} INFO - Inserted row with Video ID: rHoLyltYDtQ
[2026-09-24T14:32:07.138+0000] {data_modification.py:23} INFO - Inserted row with Video ID: yeHjsYQ076A
[2026-09-24T14:32:07.141+0000] {data_modification.py:23} INFO - Inserted row with Video ID: pqrdPu2ESFo
[2026-09-24T14:32:07.145+0000] {data_modification.py:23} INFO - Inserted row with Video ID: ywZy_Fo2ydo
[2026-09-24T14:32:07.149+0000] {data_modification.py:23} INFO - Inserted row with Video ID: qr4v9pdfVlU
[2026-09-24T14:32:07.154+0000] {data_modification.py:23} INFO - Inserted row with Video ID: hgiPX33AHas
[2026-09-24T14:32:07.158+0000] {data_modification.py:23} INFO - Inserted row with Video ID: oZ-Mn5p1xMw
[2026-09-24T14:32:07.164+0000] {data_modification.py:23} INFO - Inserted row with Video ID: 5UPa_hu5opg
[2026-09-24T14:32:07.167+0000] {data_modification.py:23} INFO - Inserted row with Video ID: zv_oq5UNDAo
[2026-09-24T14:32:07.173+0000] {data_modification.py:23} INFO - Inserted row with Video ID: NiqkH7qVW0U
[2026-09-24T14:32:07.179+0000] {data_modification.py:23} INFO - Inserted row with Video ID: boBokLXe5o8
[2026-09-24T14:32:07.183+0000] {data_modification.py:23} INFO - Inserted row with Video ID: 7YOzgk-U4EU
[2026-09-24T14:32:07.188+0000] {data_modification.py:23} INFO - Inserted row with Video ID: prdSftLj9-g
[2026-09-24T14:32:07.191+0000] {data_modification.py:23} INFO - Inserted row with Video ID: pzlPJmNyepA
[2026-09-24T14:32:07.197+0000] {data_modification.py:23} INFO - Inserted row with Video ID: QNoqAnJOSqU
[2026-09-24T14:32:07.200+0000] {data_modification.py:23} INFO - Inserted row with Video ID: kzIA4vKyhRQ
[2026-09-24T14:32:07.204+0000] {data_modification.py:23} INFO - Inserted row with Video ID: DfonKqMENrg
[2026-09-24T14:32:07.207+0000] {data_modification.py:23} INFO - Inserted row with Video ID: MUQCwdkEbq0
[2026-09-24T14:32:07.212+0000] {data_modification.py:23} INFO - Inserted row with Video ID: JlUzoQN9FWw
[2026-09-24T14:32:07.215+0000] {data_modification.py:23} INFO - Inserted row with Video ID: 0VjLq-go1fg
[2026-09-24T14:32:07.220+0000] {data_modification.py:23} INFO - Inserted row with Video ID: uCIpW9zOmgI
[2026-09-24T14:32:07.223+0000] {data_modification.py:23} INFO - Inserted row with Video ID: Z0Poefgrs4w
[2026-09-24T14:32:07.227+0000] {data_modification.py:23} INFO - Inserted row with Video ID: MLN6TRB9Jxw
[2026-09-24T14:32:07.230+0000] {data_modification.py:23} INFO - Inserted row with Video ID: vZrL_FFITgs
[2026-09-24T14:32:07.233+0000] {data_modification.py:23} INFO - Inserted row with Video ID: L7lGD_anC00
[2026-09-24T14:32:07.237+0000] {data_modification.py:23} INFO - Inserted row with Video ID: xu1nhAfnMGA
[2026-09-24T14:32:07.240+0000] {data_modification.py:23} INFO - Inserted row with Video ID: D1livXdFGkQ
[2026-09-24T14:32:07.243+0000] {data_modification.py:23} INFO - Inserted row with Video ID: bwp_3qLgWpQ
[2026-09-24T14:32:07.247+0000] {data_modification.py:23} INFO - Inserted row with Video ID: tZpnfF0-7Ls
[2026-09-24T14:32:07.249+0000] {data_modification.py:23} INFO - Inserted row with Video ID: BwAMltY3-c0
[2026-09-24T14:32:07.254+0000] {data_modification.py:23} INFO - Inserted row with Video ID: 7HBR3Ea72CY
[2026-09-24T14:32:07.257+0000] {data_modification.py:23} INFO - Inserted row with Video ID: Ds9H2UnUHL0
[2026-09-24T14:32:07.260+0000] {data_modification.py:23} INFO - Inserted row with Video ID: iqUFeWAVp-0
[2026-09-24T14:32:07.263+0000] {data_modification.py:23} INFO - Inserted row with Video ID: W2skFWRk6qo
[2026-09-24T14:32:07.266+0000] {data_modification.py:23} INFO - Inserted row with Video ID: X_qd-1xSTFA
[2026-09-24T14:32:07.270+0000] {data_modification.py:23} INFO - Inserted row with Video ID: VWa0ImMY2bQ
[2026-09-24T14:32:07.273+0000] {data_modification.py:23} INFO - Inserted row with Video ID: fEcASr38n2E
[2026-09-24T14:32:07.275+0000] {data_modification.py:23} INFO - Inserted row with Video ID: udmf5MQLNGA
[2026-09-24T14:32:07.280+0000] {data_modification.py:23} INFO - Inserted row with Video ID: 0dg2eR2NSQ0
[2026-09-24T14:32:07.283+0000] {data_modification.py:23} INFO - Inserted row with Video ID: 6BNOWeYFyP8
[2026-09-24T14:32:07.287+0000] {data_modification.py:23} INFO - Inserted row with Video ID: LDegY-H60_U
[2026-09-24T14:32:07.290+0000] {data_modification.py:23} INFO - Inserted row with Video ID: D51HaR-XvgM
[2026-09-24T14:32:07.293+0000] {data_modification.py:23} INFO - Inserted row with Video ID: Rio7r_vLUEo
[2026-09-24T14:32:07.297+0000] {data_modification.py:23} INFO - Inserted row with Video ID: 8E5Ygl02wtM
[2026-09-24T14:32:07.300+0000] {data_modification.py:23} INFO - Inserted row with Video ID: moMJjt5KECc
[2026-09-24T14:32:07.304+0000] {data_modification.py:23} INFO - Inserted row with Video ID: OffgqPzDi7Q
[2026-09-24T14:32:07.307+0000] {data_modification.py:23} INFO - Inserted row with Video ID: B_7uD3B62MM
[2026-09-24T14:32:07.310+0000] {data_modification.py:23} INFO - Inserted row with Video ID: bA20RJcegOI
[2026-09-24T14:32:07.314+0000] {data_modification.py:23} INFO - Inserted row with Video ID: NbHwVDt9Rjk
[2026-09-24T14:32:07.316+0000] {data_modification.py:23} INFO - Inserted row with Video ID: VzsE09KjpKA
[2026-09-24T14:32:07.321+0000] {data_modification.py:23} INFO - Inserted row with Video ID: HduubRTdko4
[2026-09-24T14:32:07.324+0000] {data_modification.py:23} INFO - Inserted row with Video ID: qFOGv5zuTdw
[2026-09-24T14:32:07.328+0000] {data_modification.py:23} INFO - Inserted row with Video ID: u6t4jrhs56Q
[2026-09-24T14:32:07.331+0000] {data_modification.py:23} INFO - Inserted row with Video ID: 460GXJiGCEs
[2026-09-24T14:32:07.334+0000] {data_modification.py:23} INFO - Inserted row with Video ID: ZiuoOcj2eLY
[2026-09-24T14:32:07.338+0000] {data_modification.py:23} INFO - Inserted row with Video ID: LYK6SPMtJ_Y
[2026-09-24T14:32:07.340+0000] {data_modification.py:23} INFO - Inserted row with Video ID: 2ljWxaMvE_0
[2026-09-24T14:32:07.344+0000] {data_modification.py:23} INFO - Inserted row with Video ID: rSuuQ_s8gOw
[2026-09-24T14:32:07.347+0000] {data_modification.py:23} INFO - Inserted row with Video ID: vKKhX-Uyggw
[2026-09-24T14:32:07.350+0000] {data_modification.py:23} INFO - Inserted row with Video ID: EAwXH82m-6A
[2026-09-24T14:32:07.353+0000] {data_modification.py:23} INFO - Inserted row with Video ID: U_07AG_CR5A
[2026-09-24T14:32:07.356+0000] {data_modification.py:23} INFO - Inserted row with Video ID: Xe0AGtF5aNU
[2026-09-24T14:32:07.358+0000] {data_modification.py:23} INFO - Inserted row with Video ID: NCv0drAPm_M
[2026-09-24T14:32:07.362+0000] {data_modification.py:23} INFO - Inserted row with Video ID: HuLAAXZXIy0
[2026-09-24T14:32:07.365+0000] {data_modification.py:23} INFO - Inserted row with Video ID: pV7UcYW1OwA
[2026-09-24T14:32:07.367+0000] {data_modification.py:23} INFO - Inserted row with Video ID: x4IXCimma-s
[2026-09-24T14:32:07.370+0000] {data_modification.py:23} INFO - Inserted row with Video ID: anZbhN0Wh_4
[2026-09-24T14:32:07.372+0000] {data_modification.py:23} INFO - Inserted row with Video ID: 3Q3pQmzWyZM
[2026-09-24T14:32:07.375+0000] {data_modification.py:23} INFO - Inserted row with Video ID: BqS4iVHa-LU
[2026-09-24T14:32:07.377+0000] {data_modification.py:23} INFO - Inserted row with Video ID: zX04jQFKCpo
[2026-09-24T14:32:07.380+0000] {data_modification.py:23} INFO - Inserted row with Video ID: G7Y9ban7b0U
[2026-09-24T14:32:07.382+0000] {data_modification.py:23} INFO - Inserted row with Video ID: EMVvA5Cr0fY
[2026-09-24T14:32:07.386+0000] {data_modification.py:23} INFO - Inserted row with Video ID: e14MroQ5k_s
[2026-09-24T14:32:07.388+0000] {data_modification.py:23} INFO - Inserted row with Video ID: CuzdxsOXEZ8
[2026-09-24T14:32:07.390+0000] {data_modification.py:23} INFO - Inserted row with Video ID: 67Wj-0OyKOM
[2026-09-24T14:32:07.393+0000] {data_modification.py:23} INFO - Inserted row with Video ID: LWstCINhd8g
[2026-09-24T14:32:07.396+0000] {data_modification.py:23} INFO - Inserted row with Video ID: dg6iqLCPizs
[2026-09-24T14:32:07.398+0000] {data_modification.py:23} INFO - Inserted row with Video ID: cRPldarzw-M
[2026-09-24T14:32:07.401+0000] {data_modification.py:23} INFO - Inserted row with Video ID: -rdYtmUejSE
[2026-09-24T14:32:07.404+0000] {data_modification.py:23} INFO - Inserted row with Video ID: tusuuI7MEJU
[2026-09-24T14:32:07.406+0000] {data_modification.py:23} INFO - Inserted row with Video ID: XDe5f8BEvwY
[2026-09-24T14:32:07.408+0000] {data_modification.py:23} INFO - Inserted row with Video ID: BtCGABBPH9s
[2026-09-24T14:32:07.411+0000] {data_modification.py:23} INFO - Inserted row with Video ID: KJ_C_NSl0P8
[2026-09-24T14:32:07.413+0000] {data_modification.py:23} INFO - Inserted row with Video ID: LI8nWXeYtOs
[2026-09-24T14:32:07.415+0000] {data_modification.py:23} INFO - Inserted row with Video ID: LMe7k8I082w
[2026-09-24T14:32:07.418+0000] {data_modification.py:23} INFO - Inserted row with Video ID: h77pHTSPSiw
[2026-09-24T14:32:07.421+0000] {data_modification.py:23} INFO - Inserted row with Video ID: JUiijjJOInw
[2026-09-24T14:32:07.423+0000] {data_modification.py:23} INFO - Inserted row with Video ID: gpbY6zCEBv4
[2026-09-24T14:32:07.425+0000] {data_modification.py:23} INFO - Inserted row with Video ID: Kgu2ApayYvI
[2026-09-24T14:32:07.428+0000] {data_modification.py:23} INFO - Inserted row with Video ID: S9PIukDRcvk
[2026-09-24T14:32:07.430+0000] {data_modification.py:23} INFO - Inserted row with Video ID: lrw3zkGS9Vc
[2026-09-24T14:32:07.433+0000] {data_modification.py:23} INFO - Inserted row with Video ID: IQYW_lVBYGo
[2026-09-24T14:32:07.436+0000] {data_modification.py:23} INFO - Inserted row with Video ID: iOjxpow6jow
[2026-09-24T14:32:07.438+0000] {data_modification.py:23} INFO - Inserted row with Video ID: GdD2pqAdjXY
[2026-09-24T14:32:07.441+0000] {data_modification.py:23} INFO - Inserted row with Video ID: nmHCmLVLxcU
[2026-09-24T14:32:07.444+0000] {data_modification.py:23} INFO - Inserted row with Video ID: TZPlDuYrcDQ
[2026-09-24T14:32:07.446+0000] {data_modification.py:23} INFO - Inserted row with Video ID: Oub4nMrNTqQ
[2026-09-24T14:32:07.448+0000] {data_modification.py:23} INFO - Inserted row with Video ID: h5Z36IuyrKc
[2026-09-24T14:32:07.450+0000] {data_modification.py:23} INFO - Inserted row with Video ID: 2IGxSOfsBok
[2026-09-24T14:32:07.453+0000] {data_modification.py:23} INFO - Inserted row with Video ID: ZxkLCq49Tvk
[2026-09-24T14:32:07.456+0000] {data_modification.py:23} INFO - Inserted row with Video ID: smDPnIdlkhM
[2026-09-24T14:32:07.458+0000] {data_modification.py:23} INFO - Inserted row with Video ID: DjMYkWCEan8
[2026-09-24T14:32:07.461+0000] {data_modification.py:23} INFO - Inserted row with Video ID: 3nn_skHgkqI
[2026-09-24T14:32:07.464+0000] {data_modification.py:23} INFO - Inserted row with Video ID: A8IkOqb_7Yg
[2026-09-24T14:32:07.466+0000] {data_modification.py:23} INFO - Inserted row with Video ID: hHl_YMivv3c
[2026-09-24T14:32:07.469+0000] {data_modification.py:23} INFO - Inserted row with Video ID: 7mLSbgyjM0g
[2026-09-24T14:32:07.472+0000] {data_modification.py:23} INFO - Inserted row with Video ID: TGKkMl17Htg
[2026-09-24T14:32:07.474+0000] {data_modification.py:23} INFO - Inserted row with Video ID: Qw3eFnsSdlQ
[2026-09-24T14:32:07.478+0000] {data_modification.py:23} INFO - Inserted row with Video ID: KcNCJ1mgt14
[2026-09-24T14:32:07.480+0000] {data_modification.py:23} INFO - Inserted row with Video ID: A4lp4FRCo6o
[2026-09-24T14:32:07.482+0000] {data_modification.py:23} INFO - Inserted row with Video ID: WYKZz3Zygdc
[2026-09-24T14:32:07.486+0000] {data_modification.py:23} INFO - Inserted row with Video ID: 5U2fmvh9_Is
[2026-09-24T14:32:07.488+0000] {data_modification.py:23} INFO - Inserted row with Video ID: xvIpibLjs5k
[2026-09-24T14:32:07.491+0000] {data_modification.py:23} INFO - Inserted row with Video ID: jlpAON0ePME
[2026-09-24T14:32:07.495+0000] {data_modification.py:23} INFO - Inserted row with Video ID: sfp0a6zDoNQ
[2026-09-24T14:32:07.498+0000] {data_modification.py:23} INFO - Inserted row with Video ID: RaDRWNz3Al4
[2026-09-24T14:32:07.501+0000] {data_modification.py:23} INFO - Inserted row with Video ID: Ms9MGkEm4mg
[2026-09-24T14:32:07.503+0000] {data_modification.py:23} INFO - Inserted row with Video ID: 90wWStXJX5c
[2026-09-24T14:32:07.506+0000] {data_modification.py:23} INFO - Inserted row with Video ID: ruSVy-u2DzM
[2026-09-24T14:32:07.508+0000] {data_modification.py:23} INFO - Inserted row with Video ID: pP1KMQb51GA
[2026-09-24T14:32:07.511+0000] {data_modification.py:23} INFO - Inserted row with Video ID: dPxAFqs2eYE
[2026-09-24T14:32:07.514+0000] {data_modification.py:23} INFO - Inserted row with Video ID: p-KVD5rA_Cw
[2026-09-24T14:32:07.516+0000] {data_modification.py:23} INFO - Inserted row with Video ID: JdCgkcb1iwQ
[2026-09-24T14:32:07.520+0000] {data_modification.py:23} INFO - Inserted row with Video ID: 7anhkLPRk-A
[2026-09-24T14:32:07.522+0000] {data_modification.py:23} INFO - Inserted row with Video ID: XVMY7B3AzWM
[2026-09-24T14:32:07.525+0000] {data_modification.py:23} INFO - Inserted row with Video ID: QXag-irFHxE
[2026-09-24T14:32:07.527+0000] {data_modification.py:23} INFO - Inserted row with Video ID: vBEGODNmdas
[2026-09-24T14:32:07.530+0000] {data_modification.py:23} INFO - Inserted row with Video ID: v3tbnlc5cfo
[2026-09-24T14:32:07.532+0000] {data_modification.py:23} INFO - Inserted row with Video ID: ObYLL97-SBA
[2026-09-24T14:32:07.535+0000] {data_modification.py:23} INFO - Inserted row with Video ID: IaR7P4-wFK8
[2026-09-24T14:32:07.538+0000] {data_modification.py:23} INFO - Inserted row with Video ID: v1ELS84GQu8
[2026-09-24T14:32:07.540+0000] {data_modification.py:23} INFO - Inserted row with Video ID: ctJORnOjbrQ
[2026-09-24T14:32:07.543+0000] {data_modification.py:23} INFO - Inserted row with Video ID: -hrPQFaDVKQ
[2026-09-24T14:32:07.546+0000] {data_modification.py:23} INFO - Inserted row with Video ID: bIZ5_L1ru2w
[2026-09-24T14:32:07.548+0000] {data_modification.py:23} INFO - Inserted row with Video ID: yyssjJEJMt4
[2026-09-24T14:32:07.550+0000] {data_modification.py:23} INFO - Inserted row with Video ID: 2bwPntvb90U
[2026-09-24T14:32:07.553+0000] {data_modification.py:23} INFO - Inserted row with Video ID: Wz1VHTZq16c
[2026-09-24T14:32:07.556+0000] {data_modification.py:23} INFO - Inserted row with Video ID: Cs-kyTJso-A
[2026-09-24T14:32:07.558+0000] {data_modification.py:23} INFO - Inserted row with Video ID: jkqd-oc0F00
[2026-09-24T14:32:07.561+0000] {data_modification.py:23} INFO - Inserted row with Video ID: mVkT6Cd9SoI
[2026-09-24T14:32:07.564+0000] {data_modification.py:23} INFO - Inserted row with Video ID: rffyxTTNkyk
[2026-09-24T14:32:07.566+0000] {data_modification.py:23} INFO - Inserted row with Video ID: OOesLeO6-pc
[2026-09-24T14:32:07.571+0000] {data_modification.py:23} INFO - Inserted row with Video ID: Q5lcjP6XlHw
[2026-09-24T14:32:07.576+0000] {data_modification.py:23} INFO - Inserted row with Video ID: sE3ZZmYotSs
[2026-09-24T14:32:07.582+0000] {data_modification.py:23} INFO - Inserted row with Video ID: pUwUAtmBKxw
[2026-09-24T14:32:07.589+0000] {data_modification.py:23} INFO - Inserted row with Video ID: p5rGgPZtjDw
[2026-09-24T14:32:07.595+0000] {data_modification.py:23} INFO - Inserted row with Video ID: bWDmDsdvoBs
[2026-09-24T14:32:07.600+0000] {data_modification.py:23} INFO - Inserted row with Video ID: OJA1QK-j-Oo
[2026-09-24T14:32:07.604+0000] {data_modification.py:23} INFO - Inserted row with Video ID: KL1X8NsVGd0
[2026-09-24T14:32:07.610+0000] {data_modification.py:23} INFO - Inserted row with Video ID: q2HoSwCMcZw
[2026-09-24T14:32:07.616+0000] {data_modification.py:23} INFO - Inserted row with Video ID: RRknlgRqOds
[2026-09-24T14:32:07.620+0000] {data_modification.py:23} INFO - Inserted row with Video ID: j93M46a-W3U
[2026-09-24T14:32:07.626+0000] {data_modification.py:23} INFO - Inserted row with Video ID: uqjfMNEWNIg
[2026-09-24T14:32:07.630+0000] {data_modification.py:23} INFO - Inserted row with Video ID: X-g9aT2wFjM
[2026-09-24T14:32:07.635+0000] {data_modification.py:23} INFO - Inserted row with Video ID: pHKlrJeKmjA
[2026-09-24T14:32:07.640+0000] {data_modification.py:23} INFO - Inserted row with Video ID: C82suucz4i4
[2026-09-24T14:32:07.646+0000] {data_modification.py:23} INFO - Inserted row with Video ID: H_DYlka7QAQ
[2026-09-24T14:32:07.651+0000] {data_modification.py:23} INFO - Inserted row with Video ID: ov0KQthQ50U
[2026-09-24T14:32:07.657+0000] {data_modification.py:23} INFO - Inserted row with Video ID: MC-7ziNt_U4
[2026-09-24T14:32:07.663+0000] {data_modification.py:23} INFO - Inserted row with Video ID: PNsF1Uh5yP8
[2026-09-24T14:32:07.667+0000] {data_modification.py:23} INFO - Inserted row with Video ID: 9Y2sAtN5yRs
[2026-09-24T14:32:07.674+0000] {data_modification.py:23} INFO - Inserted row with Video ID: -z349CGAOXs
[2026-09-24T14:32:07.680+0000] {data_modification.py:23} INFO - Inserted row with Video ID: pl4xmh3RWfE
[2026-09-24T14:32:07.686+0000] {data_modification.py:23} INFO - Inserted row with Video ID: 6z5RwrvnH28
[2026-09-24T14:32:07.691+0000] {data_modification.py:23} INFO - Inserted row with Video ID: ivdQqobHDPc
[2026-09-24T14:32:07.697+0000] {data_modification.py:23} INFO - Inserted row with Video ID: uUIlb2rpIuY
[2026-09-24T14:32:07.703+0000] {data_modification.py:23} INFO - Inserted row with Video ID: Ros1PpcO5Js
[2026-09-24T14:32:07.709+0000] {data_modification.py:23} INFO - Inserted row with Video ID: KYv1nqutbK0
[2026-09-24T14:32:07.715+0000] {data_modification.py:23} INFO - Inserted row with Video ID: 7Yi-ctyTNU4
[2026-09-24T14:32:07.722+0000] {data_modification.py:23} INFO - Inserted row with Video ID: VN2-3OfUzd8
[2026-09-24T14:32:07.725+0000] {data_modification.py:23} INFO - Inserted row with Video ID: -2IFrMOM36w
[2026-09-24T14:32:07.730+0000] {data_modification.py:23} INFO - Inserted row with Video ID: 7dIFHQkrASM
[2026-09-24T14:32:07.733+0000] {data_modification.py:23} INFO - Inserted row with Video ID: QicO1Gd0kvU
[2026-09-24T14:32:07.738+0000] {data_modification.py:23} INFO - Inserted row with Video ID: yFfcsmK2TOA
[2026-09-24T14:32:07.741+0000] {data_modification.py:23} INFO - Inserted row with Video ID: Jl0-6tbNGBo
[2026-09-24T14:32:07.746+0000] {data_modification.py:23} INFO - Inserted row with Video ID: IAbX0FwX-GY
[2026-09-24T14:32:07.749+0000] {data_modification.py:23} INFO - Inserted row with Video ID: XKSJRulqDNA
[2026-09-24T14:32:07.754+0000] {data_modification.py:23} INFO - Inserted row with Video ID: jysfHFHNjYQ
[2026-09-24T14:32:07.758+0000] {data_modification.py:23} INFO - Inserted row with Video ID: Yox25V8Qsm4
[2026-09-24T14:32:07.763+0000] {data_modification.py:23} INFO - Inserted row with Video ID: clcN3OA8SNw
[2026-09-24T14:32:07.766+0000] {data_modification.py:23} INFO - Inserted row with Video ID: m3lTwO0aNyw
[2026-09-24T14:32:07.771+0000] {data_modification.py:23} INFO - Inserted row with Video ID: gchqnwXlxJw
[2026-09-24T14:32:07.774+0000] {data_modification.py:23} INFO - Inserted row with Video ID: atCPtw4dg7g
[2026-09-24T14:32:07.779+0000] {data_modification.py:23} INFO - Inserted row with Video ID: t8aM4HuVLrQ
[2026-09-24T14:32:07.782+0000] {data_modification.py:23} INFO - Inserted row with Video ID: M82VAcabSiA
[2026-09-24T14:32:07.788+0000] {data_modification.py:23} INFO - Inserted row with Video ID: 7qj3nuF9Dzw
[2026-09-24T14:32:07.791+0000] {data_modification.py:23} INFO - Inserted row with Video ID: Y74b7WlcEpk
[2026-09-24T14:32:07.796+0000] {data_modification.py:23} INFO - Inserted row with Video ID: Z8nEEdXTaX0
[2026-09-24T14:32:07.799+0000] {data_modification.py:23} INFO - Inserted row with Video ID: jP82d277Cc8
[2026-09-24T14:32:07.804+0000] {data_modification.py:23} INFO - Inserted row with Video ID: 2XVcLrB7B3Y
[2026-09-24T14:32:07.806+0000] {dwh.py:41} INFO - staging table update completed
[2026-09-24T14:32:07.807+0000] {python.py:237} INFO - Done. Returned value was: None
[2026-09-24T14:32:07.812+0000] {taskinstance.py:441} INFO - ::group::Post task execution logs
[2026-09-24T14:32:07.824+0000] {taskinstance.py:1206} INFO - Marking task as SUCCESS. dag_id=update_db, task_id=staging_table, run_id=manual__2026-09-24T14:32:02.234690+00:00, execution_date=20260924T143202, start_date=20260924T143203, end_date=20260924T143207
[2026-09-24T14:32:07.863+0000] {local_task_job_runner.py:240} INFO - Task exited with return code 0
[2026-09-24T14:32:07.887+0000] {taskinstance.py:3503} INFO - 1 downstream tasks scheduled from follow-on schedule check
[2026-09-24T14:32:07.890+0000] {local_task_job_runner.py:222} INFO - ::endgroup::
