[2026-09-24T05:58:17.131+0000] {processor.py:161} INFO - Started process (PID=71) to work on /opt/airflow/dags/main.py
[2026-09-24T05:58:17.139+0000] {processor.py:830} INFO - Processing file /opt/airflow/dags/main.py for tasks to queue
[2026-09-24T05:58:17.148+0000] {logging_mixin.py:188} INFO - [2026-09-24T05:58:17.147+0000] {dagbag.py:545} INFO - Filling up the DagBag from /opt/airflow/dags/main.py
[2026-09-24T05:58:17.436+0000] {processor.py:840} INFO - DAG(s) 'produce_json' retrieved from /opt/airflow/dags/main.py
[2026-09-24T05:58:18.335+0000] {logging_mixin.py:188} INFO - [2026-09-24T05:58:18.334+0000] {dag.py:3096} INFO - Sync 1 DAGs
[2026-09-24T05:58:18.406+0000] {logging_mixin.py:188} INFO - [2026-09-24T05:58:18.405+0000] {dag.py:3954} INFO - Setting next_dagrun for produce_json to 2026-09-23 12:00:00+00:00, run_after=2026-09-24 12:00:00+00:00
[2026-09-24T05:58:18.504+0000] {processor.py:183} INFO - Processing /opt/airflow/dags/main.py took 1.398 seconds
[2026-09-24T05:58:48.873+0000] {processor.py:161} INFO - Started process (PID=78) to work on /opt/airflow/dags/main.py
[2026-09-24T05:58:48.879+0000] {processor.py:830} INFO - Processing file /opt/airflow/dags/main.py for tasks to queue
[2026-09-24T05:58:48.885+0000] {logging_mixin.py:188} INFO - [2026-09-24T05:58:48.884+0000] {dagbag.py:545} INFO - Filling up the DagBag from /opt/airflow/dags/main.py
[2026-09-24T05:58:48.989+0000] {processor.py:840} INFO - DAG(s) 'produce_json' retrieved from /opt/airflow/dags/main.py
[2026-09-24T05:58:49.050+0000] {logging_mixin.py:188} INFO - [2026-09-24T05:58:49.049+0000] {dag.py:3096} INFO - Sync 1 DAGs
[2026-09-24T05:58:49.097+0000] {logging_mixin.py:188} INFO - [2026-09-24T05:58:49.097+0000] {dag.py:3954} INFO - Setting next_dagrun for produce_json to 2026-09-23 12:00:00+00:00, run_after=2026-09-24 12:00:00+00:00
[2026-09-24T05:58:49.133+0000] {processor.py:183} INFO - Processing /opt/airflow/dags/main.py took 0.270 seconds
[2026-09-24T05:59:19.498+0000] {processor.py:161} INFO - Started process (PID=85) to work on /opt/airflow/dags/main.py
[2026-09-24T05:59:19.503+0000] {processor.py:830} INFO - Processing file /opt/airflow/dags/main.py for tasks to queue
[2026-09-24T05:59:19.508+0000] {logging_mixin.py:188} INFO - [2026-09-24T05:59:19.507+0000] {dagbag.py:545} INFO - Filling up the DagBag from /opt/airflow/dags/main.py
[2026-09-24T05:59:19.683+0000] {processor.py:840} INFO - DAG(s) 'produce_json' retrieved from /opt/airflow/dags/main.py
[2026-09-24T05:59:19.761+0000] {logging_mixin.py:188} INFO - [2026-09-24T05:59:19.760+0000] {dag.py:3096} INFO - Sync 1 DAGs
[2026-09-24T05:59:19.801+0000] {logging_mixin.py:188} INFO - [2026-09-24T05:59:19.800+0000] {dag.py:3954} INFO - Setting next_dagrun for produce_json to 2026-09-23 12:00:00+00:00, run_after=2026-09-24 12:00:00+00:00
[2026-09-24T05:59:19.835+0000] {processor.py:183} INFO - Processing /opt/airflow/dags/main.py took 0.353 seconds
[2026-09-24T05:59:50.147+0000] {processor.py:161} INFO - Started process (PID=92) to work on /opt/airflow/dags/main.py
[2026-09-24T05:59:50.150+0000] {processor.py:830} INFO - Processing file /opt/airflow/dags/main.py for tasks to queue
[2026-09-24T05:59:50.155+0000] {logging_mixin.py:188} INFO - [2026-09-24T05:59:50.155+0000] {dagbag.py:545} INFO - Filling up the DagBag from /opt/airflow/dags/main.py
[2026-09-24T05:59:50.265+0000] {processor.py:840} INFO - DAG(s) 'produce_json' retrieved from /opt/airflow/dags/main.py
[2026-09-24T05:59:50.323+0000] {logging_mixin.py:188} INFO - [2026-09-24T05:59:50.322+0000] {dag.py:3096} INFO - Sync 1 DAGs
[2026-09-24T05:59:50.365+0000] {logging_mixin.py:188} INFO - [2026-09-24T05:59:50.364+0000] {dag.py:3954} INFO - Setting next_dagrun for produce_json to 2026-09-23 12:00:00+00:00, run_after=2026-09-24 12:00:00+00:00
[2026-09-24T05:59:50.408+0000] {processor.py:183} INFO - Processing /opt/airflow/dags/main.py took 0.270 seconds
[2026-09-24T06:00:20.715+0000] {processor.py:161} INFO - Started process (PID=99) to work on /opt/airflow/dags/main.py
[2026-09-24T06:00:20.718+0000] {processor.py:830} INFO - Processing file /opt/airflow/dags/main.py for tasks to queue
[2026-09-24T06:00:20.724+0000] {logging_mixin.py:188} INFO - [2026-09-24T06:00:20.724+0000] {dagbag.py:545} INFO - Filling up the DagBag from /opt/airflow/dags/main.py
[2026-09-24T06:00:20.838+0000] {processor.py:840} INFO - DAG(s) 'produce_json' retrieved from /opt/airflow/dags/main.py
[2026-09-24T06:00:20.884+0000] {logging_mixin.py:188} INFO - [2026-09-24T06:00:20.884+0000] {dag.py:3096} INFO - Sync 1 DAGs
[2026-09-24T06:00:20.924+0000] {logging_mixin.py:188} INFO - [2026-09-24T06:00:20.923+0000] {dag.py:3954} INFO - Setting next_dagrun for produce_json to 2026-09-23 12:00:00+00:00, run_after=2026-09-24 12:00:00+00:00
[2026-09-24T06:00:20.958+0000] {processor.py:183} INFO - Processing /opt/airflow/dags/main.py took 0.251 seconds
[2026-09-24T06:00:51.269+0000] {processor.py:161} INFO - Started process (PID=106) to work on /opt/airflow/dags/main.py
[2026-09-24T06:00:51.272+0000] {processor.py:830} INFO - Processing file /opt/airflow/dags/main.py for tasks to queue
[2026-09-24T06:00:51.276+0000] {logging_mixin.py:188} INFO - [2026-09-24T06:00:51.275+0000] {dagbag.py:545} INFO - Filling up the DagBag from /opt/airflow/dags/main.py
[2026-09-24T06:00:51.368+0000] {processor.py:840} INFO - DAG(s) 'produce_json' retrieved from /opt/airflow/dags/main.py
[2026-09-24T06:00:51.412+0000] {logging_mixin.py:188} INFO - [2026-09-24T06:00:51.411+0000] {dag.py:3096} INFO - Sync 1 DAGs
[2026-09-24T06:00:51.443+0000] {logging_mixin.py:188} INFO - [2026-09-24T06:00:51.443+0000] {dag.py:3954} INFO - Setting next_dagrun for produce_json to 2026-09-23 12:00:00+00:00, run_after=2026-09-24 12:00:00+00:00
[2026-09-24T06:00:51.480+0000] {processor.py:183} INFO - Processing /opt/airflow/dags/main.py took 0.220 seconds
[2026-09-24T06:01:21.556+0000] {processor.py:161} INFO - Started process (PID=113) to work on /opt/airflow/dags/main.py
[2026-09-24T06:01:21.558+0000] {processor.py:830} INFO - Processing file /opt/airflow/dags/main.py for tasks to queue
[2026-09-24T06:01:21.561+0000] {logging_mixin.py:188} INFO - [2026-09-24T06:01:21.561+0000] {dagbag.py:545} INFO - Filling up the DagBag from /opt/airflow/dags/main.py
[2026-09-24T06:01:21.651+0000] {processor.py:840} INFO - DAG(s) 'produce_json' retrieved from /opt/airflow/dags/main.py
[2026-09-24T06:01:21.695+0000] {logging_mixin.py:188} INFO - [2026-09-24T06:01:21.695+0000] {dag.py:3096} INFO - Sync 1 DAGs
[2026-09-24T06:01:21.737+0000] {logging_mixin.py:188} INFO - [2026-09-24T06:01:21.735+0000] {dag.py:3954} INFO - Setting next_dagrun for produce_json to 2026-09-23 12:00:00+00:00, run_after=2026-09-24 12:00:00+00:00
[2026-09-24T06:01:21.783+0000] {processor.py:183} INFO - Processing /opt/airflow/dags/main.py took 0.235 seconds
[2026-09-24T06:01:52.063+0000] {processor.py:161} INFO - Started process (PID=119) to work on /opt/airflow/dags/main.py
[2026-09-24T06:01:52.065+0000] {processor.py:830} INFO - Processing file /opt/airflow/dags/main.py for tasks to queue
[2026-09-24T06:01:52.071+0000] {logging_mixin.py:188} INFO - [2026-09-24T06:01:52.070+0000] {dagbag.py:545} INFO - Filling up the DagBag from /opt/airflow/dags/main.py
[2026-09-24T06:01:52.160+0000] {processor.py:840} INFO - DAG(s) 'produce_json' retrieved from /opt/airflow/dags/main.py
[2026-09-24T06:01:52.198+0000] {logging_mixin.py:188} INFO - [2026-09-24T06:01:52.197+0000] {dag.py:3096} INFO - Sync 1 DAGs
[2026-09-24T06:01:52.228+0000] {logging_mixin.py:188} INFO - [2026-09-24T06:01:52.228+0000] {dag.py:3954} INFO - Setting next_dagrun for produce_json to 2026-09-23 12:00:00+00:00, run_after=2026-09-24 12:00:00+00:00
[2026-09-24T06:01:52.257+0000] {processor.py:183} INFO - Processing /opt/airflow/dags/main.py took 0.201 seconds
[2026-09-24T06:02:22.384+0000] {processor.py:161} INFO - Started process (PID=126) to work on /opt/airflow/dags/main.py
[2026-09-24T06:02:22.386+0000] {processor.py:830} INFO - Processing file /opt/airflow/dags/main.py for tasks to queue
[2026-09-24T06:02:22.389+0000] {logging_mixin.py:188} INFO - [2026-09-24T06:02:22.388+0000] {dagbag.py:545} INFO - Filling up the DagBag from /opt/airflow/dags/main.py
[2026-09-24T06:02:22.478+0000] {processor.py:840} INFO - DAG(s) 'produce_json' retrieved from /opt/airflow/dags/main.py
[2026-09-24T06:02:22.517+0000] {logging_mixin.py:188} INFO - [2026-09-24T06:02:22.517+0000] {dag.py:3096} INFO - Sync 1 DAGs
[2026-09-24T06:02:22.552+0000] {logging_mixin.py:188} INFO - [2026-09-24T06:02:22.552+0000] {dag.py:3954} INFO - Setting next_dagrun for produce_json to 2026-09-23 12:00:00+00:00, run_after=2026-09-24 12:00:00+00:00
[2026-09-24T06:02:22.579+0000] {processor.py:183} INFO - Processing /opt/airflow/dags/main.py took 0.203 seconds
[2026-09-24T06:02:52.827+0000] {processor.py:161} INFO - Started process (PID=133) to work on /opt/airflow/dags/main.py
[2026-09-24T06:02:52.829+0000] {processor.py:830} INFO - Processing file /opt/airflow/dags/main.py for tasks to queue
[2026-09-24T06:02:52.834+0000] {logging_mixin.py:188} INFO - [2026-09-24T06:02:52.833+0000] {dagbag.py:545} INFO - Filling up the DagBag from /opt/airflow/dags/main.py
[2026-09-24T06:02:52.909+0000] {processor.py:840} INFO - DAG(s) 'produce_json' retrieved from /opt/airflow/dags/main.py
[2026-09-24T06:02:52.944+0000] {logging_mixin.py:188} INFO - [2026-09-24T06:02:52.944+0000] {dag.py:3096} INFO - Sync 1 DAGs
[2026-09-24T06:02:52.970+0000] {logging_mixin.py:188} INFO - [2026-09-24T06:02:52.969+0000] {dag.py:3954} INFO - Setting next_dagrun for produce_json to 2026-09-23 12:00:00+00:00, run_after=2026-09-24 12:00:00+00:00
[2026-09-24T06:02:52.995+0000] {processor.py:183} INFO - Processing /opt/airflow/dags/main.py took 0.182 seconds
[2026-09-24T06:03:23.338+0000] {processor.py:161} INFO - Started process (PID=140) to work on /opt/airflow/dags/main.py
[2026-09-24T06:03:23.346+0000] {processor.py:830} INFO - Processing file /opt/airflow/dags/main.py for tasks to queue
[2026-09-24T06:03:23.359+0000] {logging_mixin.py:188} INFO - [2026-09-24T06:03:23.358+0000] {dagbag.py:545} INFO - Filling up the DagBag from /opt/airflow/dags/main.py
[2026-09-24T06:03:23.606+0000] {processor.py:840} INFO - DAG(s) 'produce_json' retrieved from /opt/airflow/dags/main.py
[2026-09-24T06:03:23.672+0000] {logging_mixin.py:188} INFO - [2026-09-24T06:03:23.672+0000] {dag.py:3096} INFO - Sync 1 DAGs
[2026-09-24T06:03:23.704+0000] {logging_mixin.py:188} INFO - [2026-09-24T06:03:23.704+0000] {dag.py:3954} INFO - Setting next_dagrun for produce_json to 2026-09-23 12:00:00+00:00, run_after=2026-09-24 12:00:00+00:00
[2026-09-24T06:03:23.733+0000] {processor.py:183} INFO - Processing /opt/airflow/dags/main.py took 0.425 seconds
[2026-09-24T06:03:54.261+0000] {processor.py:161} INFO - Started process (PID=147) to work on /opt/airflow/dags/main.py
[2026-09-24T06:03:54.270+0000] {processor.py:830} INFO - Processing file /opt/airflow/dags/main.py for tasks to queue
[2026-09-24T06:03:54.312+0000] {logging_mixin.py:188} INFO - [2026-09-24T06:03:54.311+0000] {dagbag.py:545} INFO - Filling up the DagBag from /opt/airflow/dags/main.py
[2026-09-24T06:03:54.491+0000] {processor.py:840} INFO - DAG(s) 'produce_json' retrieved from /opt/airflow/dags/main.py
[2026-09-24T06:03:54.583+0000] {logging_mixin.py:188} INFO - [2026-09-24T06:03:54.583+0000] {dag.py:3096} INFO - Sync 1 DAGs
[2026-09-24T06:03:54.653+0000] {logging_mixin.py:188} INFO - [2026-09-24T06:03:54.653+0000] {dag.py:3954} INFO - Setting next_dagrun for produce_json to 2026-09-23 12:00:00+00:00, run_after=2026-09-24 12:00:00+00:00
[2026-09-24T06:03:54.709+0000] {processor.py:183} INFO - Processing /opt/airflow/dags/main.py took 0.492 seconds
[2026-09-24T06:04:24.979+0000] {processor.py:161} INFO - Started process (PID=154) to work on /opt/airflow/dags/main.py
[2026-09-24T06:04:24.982+0000] {processor.py:830} INFO - Processing file /opt/airflow/dags/main.py for tasks to queue
[2026-09-24T06:04:24.987+0000] {logging_mixin.py:188} INFO - [2026-09-24T06:04:24.986+0000] {dagbag.py:545} INFO - Filling up the DagBag from /opt/airflow/dags/main.py
[2026-09-24T06:04:25.080+0000] {processor.py:840} INFO - DAG(s) 'produce_json' retrieved from /opt/airflow/dags/main.py
[2026-09-24T06:04:25.127+0000] {logging_mixin.py:188} INFO - [2026-09-24T06:04:25.126+0000] {dag.py:3096} INFO - Sync 1 DAGs
[2026-09-24T06:04:25.167+0000] {logging_mixin.py:188} INFO - [2026-09-24T06:04:25.166+0000] {dag.py:3954} INFO - Setting next_dagrun for produce_json to 2026-09-23 12:00:00+00:00, run_after=2026-09-24 12:00:00+00:00
[2026-09-24T06:04:25.199+0000] {processor.py:183} INFO - Processing /opt/airflow/dags/main.py took 0.229 seconds
[2026-09-24T06:04:55.298+0000] {processor.py:161} INFO - Started process (PID=161) to work on /opt/airflow/dags/main.py
[2026-09-24T06:04:55.301+0000] {processor.py:830} INFO - Processing file /opt/airflow/dags/main.py for tasks to queue
[2026-09-24T06:04:55.304+0000] {logging_mixin.py:188} INFO - [2026-09-24T06:04:55.303+0000] {dagbag.py:545} INFO - Filling up the DagBag from /opt/airflow/dags/main.py
[2026-09-24T06:04:55.397+0000] {processor.py:840} INFO - DAG(s) 'produce_json' retrieved from /opt/airflow/dags/main.py
[2026-09-24T06:04:55.443+0000] {logging_mixin.py:188} INFO - [2026-09-24T06:04:55.443+0000] {dag.py:3096} INFO - Sync 1 DAGs
[2026-09-24T06:04:55.474+0000] {logging_mixin.py:188} INFO - [2026-09-24T06:04:55.474+0000] {dag.py:3954} INFO - Setting next_dagrun for produce_json to 2026-09-23 12:00:00+00:00, run_after=2026-09-24 12:00:00+00:00
[2026-09-24T06:04:55.509+0000] {processor.py:183} INFO - Processing /opt/airflow/dags/main.py took 0.221 seconds
[2026-09-24T06:05:25.791+0000] {processor.py:161} INFO - Started process (PID=168) to work on /opt/airflow/dags/main.py
[2026-09-24T06:05:25.794+0000] {processor.py:830} INFO - Processing file /opt/airflow/dags/main.py for tasks to queue
[2026-09-24T06:05:25.797+0000] {logging_mixin.py:188} INFO - [2026-09-24T06:05:25.797+0000] {dagbag.py:545} INFO - Filling up the DagBag from /opt/airflow/dags/main.py
[2026-09-24T06:05:25.904+0000] {processor.py:840} INFO - DAG(s) 'produce_json' retrieved from /opt/airflow/dags/main.py
[2026-09-24T06:05:25.950+0000] {logging_mixin.py:188} INFO - [2026-09-24T06:05:25.950+0000] {dag.py:3096} INFO - Sync 1 DAGs
[2026-09-24T06:05:25.980+0000] {logging_mixin.py:188} INFO - [2026-09-24T06:05:25.979+0000] {dag.py:3954} INFO - Setting next_dagrun for produce_json to 2026-09-23 12:00:00+00:00, run_after=2026-09-24 12:00:00+00:00
[2026-09-24T06:05:26.018+0000] {processor.py:183} INFO - Processing /opt/airflow/dags/main.py took 0.233 seconds
[2026-09-24T06:05:56.336+0000] {processor.py:161} INFO - Started process (PID=175) to work on /opt/airflow/dags/main.py
[2026-09-24T06:05:56.338+0000] {processor.py:830} INFO - Processing file /opt/airflow/dags/main.py for tasks to queue
[2026-09-24T06:05:56.342+0000] {logging_mixin.py:188} INFO - [2026-09-24T06:05:56.342+0000] {dagbag.py:545} INFO - Filling up the DagBag from /opt/airflow/dags/main.py
[2026-09-24T06:05:56.425+0000] {processor.py:840} INFO - DAG(s) 'produce_json' retrieved from /opt/airflow/dags/main.py
[2026-09-24T06:05:56.466+0000] {logging_mixin.py:188} INFO - [2026-09-24T06:05:56.466+0000] {dag.py:3096} INFO - Sync 1 DAGs
[2026-09-24T06:05:56.496+0000] {logging_mixin.py:188} INFO - [2026-09-24T06:05:56.496+0000] {dag.py:3954} INFO - Setting next_dagrun for produce_json to 2026-09-23 12:00:00+00:00, run_after=2026-09-24 12:00:00+00:00
[2026-09-24T06:05:56.526+0000] {processor.py:183} INFO - Processing /opt/airflow/dags/main.py took 0.200 seconds
[2026-09-24T06:06:26.625+0000] {processor.py:161} INFO - Started process (PID=182) to work on /opt/airflow/dags/main.py
[2026-09-24T06:06:26.628+0000] {processor.py:830} INFO - Processing file /opt/airflow/dags/main.py for tasks to queue
[2026-09-24T06:06:26.634+0000] {logging_mixin.py:188} INFO - [2026-09-24T06:06:26.633+0000] {dagbag.py:545} INFO - Filling up the DagBag from /opt/airflow/dags/main.py
[2026-09-24T06:06:26.721+0000] {processor.py:840} INFO - DAG(s) 'produce_json' retrieved from /opt/airflow/dags/main.py
[2026-09-24T06:06:26.777+0000] {logging_mixin.py:188} INFO - [2026-09-24T06:06:26.776+0000] {dag.py:3096} INFO - Sync 1 DAGs
[2026-09-24T06:06:26.813+0000] {logging_mixin.py:188} INFO - [2026-09-24T06:06:26.813+0000] {dag.py:3954} INFO - Setting next_dagrun for produce_json to 2026-09-23 12:00:00+00:00, run_after=2026-09-24 12:00:00+00:00
[2026-09-24T06:06:26.852+0000] {processor.py:183} INFO - Processing /opt/airflow/dags/main.py took 0.237 seconds
[2026-09-24T06:06:57.106+0000] {processor.py:161} INFO - Started process (PID=189) to work on /opt/airflow/dags/main.py
[2026-09-24T06:06:57.109+0000] {processor.py:830} INFO - Processing file /opt/airflow/dags/main.py for tasks to queue
[2026-09-24T06:06:57.114+0000] {logging_mixin.py:188} INFO - [2026-09-24T06:06:57.113+0000] {dagbag.py:545} INFO - Filling up the DagBag from /opt/airflow/dags/main.py
[2026-09-24T06:06:57.202+0000] {processor.py:840} INFO - DAG(s) 'produce_json' retrieved from /opt/airflow/dags/main.py
[2026-09-24T06:06:57.261+0000] {logging_mixin.py:188} INFO - [2026-09-24T06:06:57.261+0000] {dag.py:3096} INFO - Sync 1 DAGs
[2026-09-24T06:06:57.331+0000] {logging_mixin.py:188} INFO - [2026-09-24T06:06:57.330+0000] {dag.py:3954} INFO - Setting next_dagrun for produce_json to 2026-09-23 12:00:00+00:00, run_after=2026-09-24 12:00:00+00:00
[2026-09-24T06:06:57.368+0000] {processor.py:183} INFO - Processing /opt/airflow/dags/main.py took 0.272 seconds
[2026-09-24T06:07:27.694+0000] {processor.py:161} INFO - Started process (PID=196) to work on /opt/airflow/dags/main.py
[2026-09-24T06:07:27.696+0000] {processor.py:830} INFO - Processing file /opt/airflow/dags/main.py for tasks to queue
[2026-09-24T06:07:27.700+0000] {logging_mixin.py:188} INFO - [2026-09-24T06:07:27.700+0000] {dagbag.py:545} INFO - Filling up the DagBag from /opt/airflow/dags/main.py
[2026-09-24T06:07:27.781+0000] {processor.py:840} INFO - DAG(s) 'produce_json' retrieved from /opt/airflow/dags/main.py
[2026-09-24T06:07:27.838+0000] {logging_mixin.py:188} INFO - [2026-09-24T06:07:27.838+0000] {dag.py:3096} INFO - Sync 1 DAGs
[2026-09-24T06:07:27.874+0000] {logging_mixin.py:188} INFO - [2026-09-24T06:07:27.874+0000] {dag.py:3954} INFO - Setting next_dagrun for produce_json to 2026-09-23 12:00:00+00:00, run_after=2026-09-24 12:00:00+00:00
[2026-09-24T06:07:27.904+0000] {processor.py:183} INFO - Processing /opt/airflow/dags/main.py took 0.219 seconds
[2026-09-24T06:07:57.975+0000] {processor.py:161} INFO - Started process (PID=203) to work on /opt/airflow/dags/main.py
[2026-09-24T06:07:57.977+0000] {processor.py:830} INFO - Processing file /opt/airflow/dags/main.py for tasks to queue
[2026-09-24T06:07:57.983+0000] {logging_mixin.py:188} INFO - [2026-09-24T06:07:57.982+0000] {dagbag.py:545} INFO - Filling up the DagBag from /opt/airflow/dags/main.py
[2026-09-24T06:07:58.076+0000] {processor.py:840} INFO - DAG(s) 'produce_json' retrieved from /opt/airflow/dags/main.py
[2026-09-24T06:07:58.122+0000] {logging_mixin.py:188} INFO - [2026-09-24T06:07:58.122+0000] {dag.py:3096} INFO - Sync 1 DAGs
[2026-09-24T06:07:58.159+0000] {logging_mixin.py:188} INFO - [2026-09-24T06:07:58.158+0000] {dag.py:3954} INFO - Setting next_dagrun for produce_json to 2026-09-23 12:00:00+00:00, run_after=2026-09-24 12:00:00+00:00
[2026-09-24T06:07:58.189+0000] {processor.py:183} INFO - Processing /opt/airflow/dags/main.py took 0.222 seconds
[2026-09-24T06:08:28.889+0000] {processor.py:161} INFO - Started process (PID=210) to work on /opt/airflow/dags/main.py
[2026-09-24T06:08:28.897+0000] {processor.py:830} INFO - Processing file /opt/airflow/dags/main.py for tasks to queue
[2026-09-24T06:08:28.909+0000] {logging_mixin.py:188} INFO - [2026-09-24T06:08:28.907+0000] {dagbag.py:545} INFO - Filling up the DagBag from /opt/airflow/dags/main.py
[2026-09-24T06:08:29.093+0000] {processor.py:840} INFO - DAG(s) 'produce_json' retrieved from /opt/airflow/dags/main.py
[2026-09-24T06:08:29.188+0000] {logging_mixin.py:188} INFO - [2026-09-24T06:08:29.187+0000] {dag.py:3096} INFO - Sync 1 DAGs
[2026-09-24T06:08:29.256+0000] {logging_mixin.py:188} INFO - [2026-09-24T06:08:29.255+0000] {dag.py:3954} INFO - Setting next_dagrun for produce_json to 2026-09-23 12:00:00+00:00, run_after=2026-09-24 12:00:00+00:00
[2026-09-24T06:08:29.307+0000] {processor.py:183} INFO - Processing /opt/airflow/dags/main.py took 0.454 seconds
[2026-09-24T06:08:59.701+0000] {processor.py:161} INFO - Started process (PID=216) to work on /opt/airflow/dags/main.py
[2026-09-24T06:08:59.705+0000] {processor.py:830} INFO - Processing file /opt/airflow/dags/main.py for tasks to queue
[2026-09-24T06:08:59.709+0000] {logging_mixin.py:188} INFO - [2026-09-24T06:08:59.709+0000] {dagbag.py:545} INFO - Filling up the DagBag from /opt/airflow/dags/main.py
[2026-09-24T06:08:59.808+0000] {processor.py:840} INFO - DAG(s) 'produce_json' retrieved from /opt/airflow/dags/main.py
[2026-09-24T06:08:59.846+0000] {logging_mixin.py:188} INFO - [2026-09-24T06:08:59.845+0000] {dag.py:3096} INFO - Sync 1 DAGs
[2026-09-24T06:08:59.872+0000] {logging_mixin.py:188} INFO - [2026-09-24T06:08:59.872+0000] {dag.py:3954} INFO - Setting next_dagrun for produce_json to 2026-09-23 12:00:00+00:00, run_after=2026-09-24 12:00:00+00:00
[2026-09-24T06:08:59.907+0000] {processor.py:183} INFO - Processing /opt/airflow/dags/main.py took 0.216 seconds
[2026-09-24T06:09:30.149+0000] {processor.py:161} INFO - Started process (PID=223) to work on /opt/airflow/dags/main.py
[2026-09-24T06:09:30.156+0000] {processor.py:830} INFO - Processing file /opt/airflow/dags/main.py for tasks to queue
[2026-09-24T06:09:30.165+0000] {logging_mixin.py:188} INFO - [2026-09-24T06:09:30.164+0000] {dagbag.py:545} INFO - Filling up the DagBag from /opt/airflow/dags/main.py
[2026-09-24T06:09:30.367+0000] {processor.py:840} INFO - DAG(s) 'produce_json' retrieved from /opt/airflow/dags/main.py
[2026-09-24T06:09:30.459+0000] {logging_mixin.py:188} INFO - [2026-09-24T06:09:30.458+0000] {dag.py:3096} INFO - Sync 1 DAGs
[2026-09-24T06:09:30.507+0000] {logging_mixin.py:188} INFO - [2026-09-24T06:09:30.506+0000] {dag.py:3954} INFO - Setting next_dagrun for produce_json to 2026-09-23 12:00:00+00:00, run_after=2026-09-24 12:00:00+00:00
[2026-09-24T06:09:30.535+0000] {processor.py:183} INFO - Processing /opt/airflow/dags/main.py took 0.420 seconds
[2026-09-24T06:10:00.716+0000] {processor.py:161} INFO - Started process (PID=230) to work on /opt/airflow/dags/main.py
[2026-09-24T06:10:00.720+0000] {processor.py:830} INFO - Processing file /opt/airflow/dags/main.py for tasks to queue
[2026-09-24T06:10:00.724+0000] {logging_mixin.py:188} INFO - [2026-09-24T06:10:00.724+0000] {dagbag.py:545} INFO - Filling up the DagBag from /opt/airflow/dags/main.py
[2026-09-24T06:10:00.826+0000] {processor.py:840} INFO - DAG(s) 'produce_json' retrieved from /opt/airflow/dags/main.py
[2026-09-24T06:10:00.862+0000] {logging_mixin.py:188} INFO - [2026-09-24T06:10:00.862+0000] {dag.py:3096} INFO - Sync 1 DAGs
[2026-09-24T06:10:00.886+0000] {logging_mixin.py:188} INFO - [2026-09-24T06:10:00.886+0000] {dag.py:3954} INFO - Setting next_dagrun for produce_json to 2026-09-23 12:00:00+00:00, run_after=2026-09-24 12:00:00+00:00
[2026-09-24T06:10:00.911+0000] {processor.py:183} INFO - Processing /opt/airflow/dags/main.py took 0.204 seconds
[2026-09-24T06:10:31.184+0000] {processor.py:161} INFO - Started process (PID=237) to work on /opt/airflow/dags/main.py
[2026-09-24T06:10:31.188+0000] {processor.py:830} INFO - Processing file /opt/airflow/dags/main.py for tasks to queue
[2026-09-24T06:10:31.197+0000] {logging_mixin.py:188} INFO - [2026-09-24T06:10:31.195+0000] {dagbag.py:545} INFO - Filling up the DagBag from /opt/airflow/dags/main.py
[2026-09-24T06:10:31.328+0000] {processor.py:840} INFO - DAG(s) 'produce_json' retrieved from /opt/airflow/dags/main.py
[2026-09-24T06:10:31.373+0000] {logging_mixin.py:188} INFO - [2026-09-24T06:10:31.373+0000] {dag.py:3096} INFO - Sync 1 DAGs
[2026-09-24T06:10:31.403+0000] {logging_mixin.py:188} INFO - [2026-09-24T06:10:31.403+0000] {dag.py:3954} INFO - Setting next_dagrun for produce_json to 2026-09-23 12:00:00+00:00, run_after=2026-09-24 12:00:00+00:00
[2026-09-24T06:10:31.433+0000] {processor.py:183} INFO - Processing /opt/airflow/dags/main.py took 0.259 seconds
[2026-09-24T06:11:01.569+0000] {processor.py:161} INFO - Started process (PID=244) to work on /opt/airflow/dags/main.py
[2026-09-24T06:11:01.572+0000] {processor.py:830} INFO - Processing file /opt/airflow/dags/main.py for tasks to queue
[2026-09-24T06:11:01.578+0000] {logging_mixin.py:188} INFO - [2026-09-24T06:11:01.577+0000] {dagbag.py:545} INFO - Filling up the DagBag from /opt/airflow/dags/main.py
[2026-09-24T06:11:01.687+0000] {processor.py:840} INFO - DAG(s) 'produce_json' retrieved from /opt/airflow/dags/main.py
[2026-09-24T06:11:01.737+0000] {logging_mixin.py:188} INFO - [2026-09-24T06:11:01.736+0000] {dag.py:3096} INFO - Sync 1 DAGs
[2026-09-24T06:11:01.773+0000] {logging_mixin.py:188} INFO - [2026-09-24T06:11:01.773+0000] {dag.py:3954} INFO - Setting next_dagrun for produce_json to 2026-09-23 12:00:00+00:00, run_after=2026-09-24 12:00:00+00:00
[2026-09-24T06:11:01.806+0000] {processor.py:183} INFO - Processing /opt/airflow/dags/main.py took 0.246 seconds
[2026-09-24T06:11:32.074+0000] {processor.py:161} INFO - Started process (PID=251) to work on /opt/airflow/dags/main.py
[2026-09-24T06:11:32.077+0000] {processor.py:830} INFO - Processing file /opt/airflow/dags/main.py for tasks to queue
[2026-09-24T06:11:32.080+0000] {logging_mixin.py:188} INFO - [2026-09-24T06:11:32.079+0000] {dagbag.py:545} INFO - Filling up the DagBag from /opt/airflow/dags/main.py
[2026-09-24T06:11:32.152+0000] {processor.py:840} INFO - DAG(s) 'produce_json' retrieved from /opt/airflow/dags/main.py
[2026-09-24T06:11:32.192+0000] {logging_mixin.py:188} INFO - [2026-09-24T06:11:32.192+0000] {dag.py:3096} INFO - Sync 1 DAGs
[2026-09-24T06:11:32.241+0000] {logging_mixin.py:188} INFO - [2026-09-24T06:11:32.241+0000] {dag.py:3954} INFO - Setting next_dagrun for produce_json to 2026-09-23 12:00:00+00:00, run_after=2026-09-24 12:00:00+00:00
[2026-09-24T06:11:32.301+0000] {processor.py:183} INFO - Processing /opt/airflow/dags/main.py took 0.236 seconds
[2026-09-24T06:12:02.431+0000] {processor.py:161} INFO - Started process (PID=259) to work on /opt/airflow/dags/main.py
[2026-09-24T06:12:02.434+0000] {processor.py:830} INFO - Processing file /opt/airflow/dags/main.py for tasks to queue
[2026-09-24T06:12:02.440+0000] {logging_mixin.py:188} INFO - [2026-09-24T06:12:02.439+0000] {dagbag.py:545} INFO - Filling up the DagBag from /opt/airflow/dags/main.py
[2026-09-24T06:12:02.543+0000] {processor.py:840} INFO - DAG(s) 'produce_json' retrieved from /opt/airflow/dags/main.py
[2026-09-24T06:12:02.593+0000] {logging_mixin.py:188} INFO - [2026-09-24T06:12:02.592+0000] {dag.py:3096} INFO - Sync 1 DAGs
[2026-09-24T06:12:02.624+0000] {logging_mixin.py:188} INFO - [2026-09-24T06:12:02.623+0000] {dag.py:3954} INFO - Setting next_dagrun for produce_json to 2026-09-23 12:00:00+00:00, run_after=2026-09-24 12:00:00+00:00
[2026-09-24T06:12:02.677+0000] {processor.py:183} INFO - Processing /opt/airflow/dags/main.py took 0.254 seconds
[2026-09-24T06:12:32.945+0000] {processor.py:161} INFO - Started process (PID=266) to work on /opt/airflow/dags/main.py
[2026-09-24T06:12:32.948+0000] {processor.py:830} INFO - Processing file /opt/airflow/dags/main.py for tasks to queue
[2026-09-24T06:12:32.958+0000] {logging_mixin.py:188} INFO - [2026-09-24T06:12:32.956+0000] {dagbag.py:545} INFO - Filling up the DagBag from /opt/airflow/dags/main.py
[2026-09-24T06:12:33.064+0000] {processor.py:840} INFO - DAG(s) 'produce_json' retrieved from /opt/airflow/dags/main.py
[2026-09-24T06:12:33.107+0000] {logging_mixin.py:188} INFO - [2026-09-24T06:12:33.107+0000] {dag.py:3096} INFO - Sync 1 DAGs
[2026-09-24T06:12:33.140+0000] {logging_mixin.py:188} INFO - [2026-09-24T06:12:33.140+0000] {dag.py:3954} INFO - Setting next_dagrun for produce_json to 2026-09-23 12:00:00+00:00, run_after=2026-09-24 12:00:00+00:00
[2026-09-24T06:12:33.171+0000] {processor.py:183} INFO - Processing /opt/airflow/dags/main.py took 0.234 seconds
[2026-09-24T06:13:03.352+0000] {processor.py:161} INFO - Started process (PID=273) to work on /opt/airflow/dags/main.py
[2026-09-24T06:13:03.355+0000] {processor.py:830} INFO - Processing file /opt/airflow/dags/main.py for tasks to queue
[2026-09-24T06:13:03.361+0000] {logging_mixin.py:188} INFO - [2026-09-24T06:13:03.360+0000] {dagbag.py:545} INFO - Filling up the DagBag from /opt/airflow/dags/main.py
[2026-09-24T06:13:03.474+0000] {processor.py:840} INFO - DAG(s) 'produce_json' retrieved from /opt/airflow/dags/main.py
[2026-09-24T06:13:03.532+0000] {logging_mixin.py:188} INFO - [2026-09-24T06:13:03.531+0000] {dag.py:3096} INFO - Sync 1 DAGs
[2026-09-24T06:13:03.577+0000] {logging_mixin.py:188} INFO - [2026-09-24T06:13:03.576+0000] {dag.py:3954} INFO - Setting next_dagrun for produce_json to 2026-09-23 12:00:00+00:00, run_after=2026-09-24 12:00:00+00:00
[2026-09-24T06:13:03.636+0000] {processor.py:183} INFO - Processing /opt/airflow/dags/main.py took 0.294 seconds
[2026-09-24T06:13:34.023+0000] {processor.py:161} INFO - Started process (PID=280) to work on /opt/airflow/dags/main.py
[2026-09-24T06:13:34.030+0000] {processor.py:830} INFO - Processing file /opt/airflow/dags/main.py for tasks to queue
[2026-09-24T06:13:34.041+0000] {logging_mixin.py:188} INFO - [2026-09-24T06:13:34.039+0000] {dagbag.py:545} INFO - Filling up the DagBag from /opt/airflow/dags/main.py
[2026-09-24T06:13:34.204+0000] {processor.py:840} INFO - DAG(s) 'produce_json' retrieved from /opt/airflow/dags/main.py
[2026-09-24T06:13:34.272+0000] {logging_mixin.py:188} INFO - [2026-09-24T06:13:34.272+0000] {dag.py:3096} INFO - Sync 1 DAGs
[2026-09-24T06:13:34.306+0000] {logging_mixin.py:188} INFO - [2026-09-24T06:13:34.306+0000] {dag.py:3954} INFO - Setting next_dagrun for produce_json to 2026-09-23 12:00:00+00:00, run_after=2026-09-24 12:00:00+00:00
[2026-09-24T06:13:34.343+0000] {processor.py:183} INFO - Processing /opt/airflow/dags/main.py took 0.360 seconds
[2026-09-24T06:14:04.694+0000] {processor.py:161} INFO - Started process (PID=287) to work on /opt/airflow/dags/main.py
[2026-09-24T06:14:04.697+0000] {processor.py:830} INFO - Processing file /opt/airflow/dags/main.py for tasks to queue
[2026-09-24T06:14:04.701+0000] {logging_mixin.py:188} INFO - [2026-09-24T06:14:04.700+0000] {dagbag.py:545} INFO - Filling up the DagBag from /opt/airflow/dags/main.py
[2026-09-24T06:14:04.795+0000] {processor.py:840} INFO - DAG(s) 'produce_json' retrieved from /opt/airflow/dags/main.py
[2026-09-24T06:14:04.848+0000] {logging_mixin.py:188} INFO - [2026-09-24T06:14:04.848+0000] {dag.py:3096} INFO - Sync 1 DAGs
[2026-09-24T06:14:04.910+0000] {logging_mixin.py:188} INFO - [2026-09-24T06:14:04.909+0000] {dag.py:3954} INFO - Setting next_dagrun for produce_json to 2026-09-23 12:00:00+00:00, run_after=2026-09-24 12:00:00+00:00
[2026-09-24T06:14:04.990+0000] {processor.py:183} INFO - Processing /opt/airflow/dags/main.py took 0.305 seconds
[2026-09-24T06:14:35.426+0000] {processor.py:161} INFO - Started process (PID=294) to work on /opt/airflow/dags/main.py
[2026-09-24T06:14:35.429+0000] {processor.py:830} INFO - Processing file /opt/airflow/dags/main.py for tasks to queue
[2026-09-24T06:14:35.433+0000] {logging_mixin.py:188} INFO - [2026-09-24T06:14:35.433+0000] {dagbag.py:545} INFO - Filling up the DagBag from /opt/airflow/dags/main.py
[2026-09-24T06:14:35.539+0000] {processor.py:840} INFO - DAG(s) 'produce_json' retrieved from /opt/airflow/dags/main.py
[2026-09-24T06:14:35.616+0000] {logging_mixin.py:188} INFO - [2026-09-24T06:14:35.615+0000] {dag.py:3096} INFO - Sync 1 DAGs
[2026-09-24T06:14:35.683+0000] {logging_mixin.py:188} INFO - [2026-09-24T06:14:35.683+0000] {dag.py:3954} INFO - Setting next_dagrun for produce_json to 2026-09-23 12:00:00+00:00, run_after=2026-09-24 12:00:00+00:00
[2026-09-24T06:14:35.724+0000] {processor.py:183} INFO - Processing /opt/airflow/dags/main.py took 0.305 seconds
[2026-09-24T06:15:06.155+0000] {processor.py:161} INFO - Started process (PID=301) to work on /opt/airflow/dags/main.py
[2026-09-24T06:15:06.158+0000] {processor.py:830} INFO - Processing file /opt/airflow/dags/main.py for tasks to queue
[2026-09-24T06:15:06.165+0000] {logging_mixin.py:188} INFO - [2026-09-24T06:15:06.164+0000] {dagbag.py:545} INFO - Filling up the DagBag from /opt/airflow/dags/main.py
[2026-09-24T06:15:06.303+0000] {processor.py:840} INFO - DAG(s) 'produce_json' retrieved from /opt/airflow/dags/main.py
[2026-09-24T06:15:06.340+0000] {logging_mixin.py:188} INFO - [2026-09-24T06:15:06.340+0000] {dag.py:3096} INFO - Sync 1 DAGs
[2026-09-24T06:15:06.367+0000] {logging_mixin.py:188} INFO - [2026-09-24T06:15:06.367+0000] {dag.py:3954} INFO - Setting next_dagrun for produce_json to 2026-09-23 12:00:00+00:00, run_after=2026-09-24 12:00:00+00:00
[2026-09-24T06:15:06.405+0000] {processor.py:183} INFO - Processing /opt/airflow/dags/main.py took 0.270 seconds
[2026-09-24T06:15:36.488+0000] {processor.py:161} INFO - Started process (PID=308) to work on /opt/airflow/dags/main.py
[2026-09-24T06:15:36.491+0000] {processor.py:830} INFO - Processing file /opt/airflow/dags/main.py for tasks to queue
[2026-09-24T06:15:36.497+0000] {logging_mixin.py:188} INFO - [2026-09-24T06:15:36.496+0000] {dagbag.py:545} INFO - Filling up the DagBag from /opt/airflow/dags/main.py
[2026-09-24T06:15:36.593+0000] {processor.py:840} INFO - DAG(s) 'produce_json' retrieved from /opt/airflow/dags/main.py
[2026-09-24T06:15:36.624+0000] {logging_mixin.py:188} INFO - [2026-09-24T06:15:36.624+0000] {dag.py:3096} INFO - Sync 1 DAGs
[2026-09-24T06:15:36.651+0000] {logging_mixin.py:188} INFO - [2026-09-24T06:15:36.650+0000] {dag.py:3954} INFO - Setting next_dagrun for produce_json to 2026-09-23 12:00:00+00:00, run_after=2026-09-24 12:00:00+00:00
[2026-09-24T06:15:36.673+0000] {processor.py:183} INFO - Processing /opt/airflow/dags/main.py took 0.191 seconds
[2026-09-24T06:16:06.996+0000] {processor.py:161} INFO - Started process (PID=315) to work on /opt/airflow/dags/main.py
[2026-09-24T06:16:06.998+0000] {processor.py:830} INFO - Processing file /opt/airflow/dags/main.py for tasks to queue
[2026-09-24T06:16:07.001+0000] {logging_mixin.py:188} INFO - [2026-09-24T06:16:07.001+0000] {dagbag.py:545} INFO - Filling up the DagBag from /opt/airflow/dags/main.py
[2026-09-24T06:16:07.122+0000] {processor.py:840} INFO - DAG(s) 'produce_json' retrieved from /opt/airflow/dags/main.py
[2026-09-24T06:16:07.166+0000] {logging_mixin.py:188} INFO - [2026-09-24T06:16:07.166+0000] {dag.py:3096} INFO - Sync 1 DAGs
[2026-09-24T06:16:07.199+0000] {logging_mixin.py:188} INFO - [2026-09-24T06:16:07.198+0000] {dag.py:3954} INFO - Setting next_dagrun for produce_json to 2026-09-23 12:00:00+00:00, run_after=2026-09-24 12:00:00+00:00
[2026-09-24T06:16:07.227+0000] {processor.py:183} INFO - Processing /opt/airflow/dags/main.py took 0.239 seconds
[2026-09-24T06:16:37.393+0000] {processor.py:161} INFO - Started process (PID=322) to work on /opt/airflow/dags/main.py
[2026-09-24T06:16:37.396+0000] {processor.py:830} INFO - Processing file /opt/airflow/dags/main.py for tasks to queue
[2026-09-24T06:16:37.401+0000] {logging_mixin.py:188} INFO - [2026-09-24T06:16:37.399+0000] {dagbag.py:545} INFO - Filling up the DagBag from /opt/airflow/dags/main.py
[2026-09-24T06:16:37.489+0000] {processor.py:840} INFO - DAG(s) 'produce_json' retrieved from /opt/airflow/dags/main.py
[2026-09-24T06:16:37.528+0000] {logging_mixin.py:188} INFO - [2026-09-24T06:16:37.527+0000] {dag.py:3096} INFO - Sync 1 DAGs
[2026-09-24T06:16:37.558+0000] {logging_mixin.py:188} INFO - [2026-09-24T06:16:37.558+0000] {dag.py:3954} INFO - Setting next_dagrun for produce_json to 2026-09-23 12:00:00+00:00, run_after=2026-09-24 12:00:00+00:00
[2026-09-24T06:16:37.594+0000] {processor.py:183} INFO - Processing /opt/airflow/dags/main.py took 0.211 seconds
[2026-09-24T06:17:07.957+0000] {processor.py:161} INFO - Started process (PID=329) to work on /opt/airflow/dags/main.py
[2026-09-24T06:17:07.960+0000] {processor.py:830} INFO - Processing file /opt/airflow/dags/main.py for tasks to queue
[2026-09-24T06:17:07.965+0000] {logging_mixin.py:188} INFO - [2026-09-24T06:17:07.964+0000] {dagbag.py:545} INFO - Filling up the DagBag from /opt/airflow/dags/main.py
[2026-09-24T06:17:08.082+0000] {processor.py:840} INFO - DAG(s) 'produce_json' retrieved from /opt/airflow/dags/main.py
[2026-09-24T06:17:08.128+0000] {logging_mixin.py:188} INFO - [2026-09-24T06:17:08.127+0000] {dag.py:3096} INFO - Sync 1 DAGs
[2026-09-24T06:17:08.167+0000] {logging_mixin.py:188} INFO - [2026-09-24T06:17:08.166+0000] {dag.py:3954} INFO - Setting next_dagrun for produce_json to 2026-09-23 12:00:00+00:00, run_after=2026-09-24 12:00:00+00:00
[2026-09-24T06:17:08.200+0000] {processor.py:183} INFO - Processing /opt/airflow/dags/main.py took 0.251 seconds
[2026-09-24T06:17:38.349+0000] {processor.py:161} INFO - Started process (PID=336) to work on /opt/airflow/dags/main.py
[2026-09-24T06:17:38.352+0000] {processor.py:830} INFO - Processing file /opt/airflow/dags/main.py for tasks to queue
[2026-09-24T06:17:38.356+0000] {logging_mixin.py:188} INFO - [2026-09-24T06:17:38.355+0000] {dagbag.py:545} INFO - Filling up the DagBag from /opt/airflow/dags/main.py
[2026-09-24T06:17:38.456+0000] {processor.py:840} INFO - DAG(s) 'produce_json' retrieved from /opt/airflow/dags/main.py
[2026-09-24T06:17:38.508+0000] {logging_mixin.py:188} INFO - [2026-09-24T06:17:38.508+0000] {dag.py:3096} INFO - Sync 1 DAGs
[2026-09-24T06:17:38.546+0000] {logging_mixin.py:188} INFO - [2026-09-24T06:17:38.546+0000] {dag.py:3954} INFO - Setting next_dagrun for produce_json to 2026-09-23 12:00:00+00:00, run_after=2026-09-24 12:00:00+00:00
[2026-09-24T06:17:38.588+0000] {processor.py:183} INFO - Processing /opt/airflow/dags/main.py took 0.251 seconds
[2026-09-24T06:18:08.878+0000] {processor.py:161} INFO - Started process (PID=343) to work on /opt/airflow/dags/main.py
[2026-09-24T06:18:08.881+0000] {processor.py:830} INFO - Processing file /opt/airflow/dags/main.py for tasks to queue
[2026-09-24T06:18:08.886+0000] {logging_mixin.py:188} INFO - [2026-09-24T06:18:08.886+0000] {dagbag.py:545} INFO - Filling up the DagBag from /opt/airflow/dags/main.py
[2026-09-24T06:18:08.977+0000] {processor.py:840} INFO - DAG(s) 'produce_json' retrieved from /opt/airflow/dags/main.py
[2026-09-24T06:18:09.022+0000] {logging_mixin.py:188} INFO - [2026-09-24T06:18:09.021+0000] {dag.py:3096} INFO - Sync 1 DAGs
[2026-09-24T06:18:09.059+0000] {logging_mixin.py:188} INFO - [2026-09-24T06:18:09.059+0000] {dag.py:3954} INFO - Setting next_dagrun for produce_json to 2026-09-23 12:00:00+00:00, run_after=2026-09-24 12:00:00+00:00
[2026-09-24T06:18:09.092+0000] {processor.py:183} INFO - Processing /opt/airflow/dags/main.py took 0.223 seconds
[2026-09-24T06:18:39.438+0000] {processor.py:161} INFO - Started process (PID=350) to work on /opt/airflow/dags/main.py
[2026-09-24T06:18:39.442+0000] {processor.py:830} INFO - Processing file /opt/airflow/dags/main.py for tasks to queue
[2026-09-24T06:18:39.449+0000] {logging_mixin.py:188} INFO - [2026-09-24T06:18:39.448+0000] {dagbag.py:545} INFO - Filling up the DagBag from /opt/airflow/dags/main.py
[2026-09-24T06:18:39.568+0000] {processor.py:840} INFO - DAG(s) 'produce_json' retrieved from /opt/airflow/dags/main.py
[2026-09-24T06:18:39.621+0000] {logging_mixin.py:188} INFO - [2026-09-24T06:18:39.620+0000] {dag.py:3096} INFO - Sync 1 DAGs
[2026-09-24T06:18:39.664+0000] {logging_mixin.py:188} INFO - [2026-09-24T06:18:39.663+0000] {dag.py:3954} INFO - Setting next_dagrun for produce_json to 2026-09-23 12:00:00+00:00, run_after=2026-09-24 12:00:00+00:00
[2026-09-24T06:18:39.700+0000] {processor.py:183} INFO - Processing /opt/airflow/dags/main.py took 0.270 seconds
[2026-09-24T06:19:09.789+0000] {processor.py:161} INFO - Started process (PID=357) to work on /opt/airflow/dags/main.py
[2026-09-24T06:19:09.791+0000] {processor.py:830} INFO - Processing file /opt/airflow/dags/main.py for tasks to queue
[2026-09-24T06:19:09.796+0000] {logging_mixin.py:188} INFO - [2026-09-24T06:19:09.795+0000] {dagbag.py:545} INFO - Filling up the DagBag from /opt/airflow/dags/main.py
[2026-09-24T06:19:09.897+0000] {processor.py:840} INFO - DAG(s) 'produce_json' retrieved from /opt/airflow/dags/main.py
[2026-09-24T06:19:09.947+0000] {logging_mixin.py:188} INFO - [2026-09-24T06:19:09.947+0000] {dag.py:3096} INFO - Sync 1 DAGs
[2026-09-24T06:19:09.980+0000] {logging_mixin.py:188} INFO - [2026-09-24T06:19:09.980+0000] {dag.py:3954} INFO - Setting next_dagrun for produce_json to 2026-09-23 12:00:00+00:00, run_after=2026-09-24 12:00:00+00:00
[2026-09-24T06:19:10.013+0000] {processor.py:183} INFO - Processing /opt/airflow/dags/main.py took 0.234 seconds
[2026-09-24T06:19:40.405+0000] {processor.py:161} INFO - Started process (PID=364) to work on /opt/airflow/dags/main.py
[2026-09-24T06:19:40.407+0000] {processor.py:830} INFO - Processing file /opt/airflow/dags/main.py for tasks to queue
[2026-09-24T06:19:40.411+0000] {logging_mixin.py:188} INFO - [2026-09-24T06:19:40.410+0000] {dagbag.py:545} INFO - Filling up the DagBag from /opt/airflow/dags/main.py
[2026-09-24T06:19:40.496+0000] {processor.py:840} INFO - DAG(s) 'produce_json' retrieved from /opt/airflow/dags/main.py
[2026-09-24T06:19:40.541+0000] {logging_mixin.py:188} INFO - [2026-09-24T06:19:40.540+0000] {dag.py:3096} INFO - Sync 1 DAGs
[2026-09-24T06:19:40.580+0000] {logging_mixin.py:188} INFO - [2026-09-24T06:19:40.580+0000] {dag.py:3954} INFO - Setting next_dagrun for produce_json to 2026-09-23 12:00:00+00:00, run_after=2026-09-24 12:00:00+00:00
[2026-09-24T06:19:40.621+0000] {processor.py:183} INFO - Processing /opt/airflow/dags/main.py took 0.224 seconds
[2026-09-24T06:20:10.833+0000] {processor.py:161} INFO - Started process (PID=371) to work on /opt/airflow/dags/main.py
[2026-09-24T06:20:10.836+0000] {processor.py:830} INFO - Processing file /opt/airflow/dags/main.py for tasks to queue
[2026-09-24T06:20:10.840+0000] {logging_mixin.py:188} INFO - [2026-09-24T06:20:10.840+0000] {dagbag.py:545} INFO - Filling up the DagBag from /opt/airflow/dags/main.py
[2026-09-24T06:20:10.937+0000] {processor.py:840} INFO - DAG(s) 'produce_json' retrieved from /opt/airflow/dags/main.py
[2026-09-24T06:20:10.976+0000] {logging_mixin.py:188} INFO - [2026-09-24T06:20:10.976+0000] {dag.py:3096} INFO - Sync 1 DAGs
[2026-09-24T06:20:11.011+0000] {logging_mixin.py:188} INFO - [2026-09-24T06:20:11.011+0000] {dag.py:3954} INFO - Setting next_dagrun for produce_json to 2026-09-23 12:00:00+00:00, run_after=2026-09-24 12:00:00+00:00
[2026-09-24T06:20:11.047+0000] {processor.py:183} INFO - Processing /opt/airflow/dags/main.py took 0.224 seconds
[2026-09-24T06:20:41.333+0000] {processor.py:161} INFO - Started process (PID=378) to work on /opt/airflow/dags/main.py
[2026-09-24T06:20:41.336+0000] {processor.py:830} INFO - Processing file /opt/airflow/dags/main.py for tasks to queue
[2026-09-24T06:20:41.347+0000] {logging_mixin.py:188} INFO - [2026-09-24T06:20:41.345+0000] {dagbag.py:545} INFO - Filling up the DagBag from /opt/airflow/dags/main.py
[2026-09-24T06:20:41.471+0000] {processor.py:840} INFO - DAG(s) 'produce_json' retrieved from /opt/airflow/dags/main.py
[2026-09-24T06:20:41.520+0000] {logging_mixin.py:188} INFO - [2026-09-24T06:20:41.520+0000] {dag.py:3096} INFO - Sync 1 DAGs
[2026-09-24T06:20:41.564+0000] {logging_mixin.py:188} INFO - [2026-09-24T06:20:41.563+0000] {dag.py:3954} INFO - Setting next_dagrun for produce_json to 2026-09-23 12:00:00+00:00, run_after=2026-09-24 12:00:00+00:00
[2026-09-24T06:20:41.601+0000] {processor.py:183} INFO - Processing /opt/airflow/dags/main.py took 0.281 seconds
[2026-09-24T06:21:11.719+0000] {processor.py:161} INFO - Started process (PID=385) to work on /opt/airflow/dags/main.py
[2026-09-24T06:21:11.722+0000] {processor.py:830} INFO - Processing file /opt/airflow/dags/main.py for tasks to queue
[2026-09-24T06:21:11.738+0000] {logging_mixin.py:188} INFO - [2026-09-24T06:21:11.736+0000] {dagbag.py:545} INFO - Filling up the DagBag from /opt/airflow/dags/main.py
[2026-09-24T06:21:11.908+0000] {processor.py:840} INFO - DAG(s) 'produce_json' retrieved from /opt/airflow/dags/main.py
[2026-09-24T06:21:11.952+0000] {logging_mixin.py:188} INFO - [2026-09-24T06:21:11.951+0000] {dag.py:3096} INFO - Sync 1 DAGs
[2026-09-24T06:21:11.992+0000] {logging_mixin.py:188} INFO - [2026-09-24T06:21:11.992+0000] {dag.py:3954} INFO - Setting next_dagrun for produce_json to 2026-09-23 12:00:00+00:00, run_after=2026-09-24 12:00:00+00:00
[2026-09-24T06:21:12.041+0000] {processor.py:183} INFO - Processing /opt/airflow/dags/main.py took 0.333 seconds
[2026-09-24T06:21:42.273+0000] {processor.py:161} INFO - Started process (PID=392) to work on /opt/airflow/dags/main.py
[2026-09-24T06:21:42.276+0000] {processor.py:830} INFO - Processing file /opt/airflow/dags/main.py for tasks to queue
[2026-09-24T06:21:42.280+0000] {logging_mixin.py:188} INFO - [2026-09-24T06:21:42.280+0000] {dagbag.py:545} INFO - Filling up the DagBag from /opt/airflow/dags/main.py
[2026-09-24T06:21:42.376+0000] {processor.py:840} INFO - DAG(s) 'produce_json' retrieved from /opt/airflow/dags/main.py
[2026-09-24T06:21:42.423+0000] {logging_mixin.py:188} INFO - [2026-09-24T06:21:42.422+0000] {dag.py:3096} INFO - Sync 1 DAGs
[2026-09-24T06:21:42.463+0000] {logging_mixin.py:188} INFO - [2026-09-24T06:21:42.462+0000] {dag.py:3954} INFO - Setting next_dagrun for produce_json to 2026-09-23 12:00:00+00:00, run_after=2026-09-24 12:00:00+00:00
[2026-09-24T06:21:42.511+0000] {processor.py:183} INFO - Processing /opt/airflow/dags/main.py took 0.246 seconds
[2026-09-24T06:22:12.717+0000] {processor.py:161} INFO - Started process (PID=399) to work on /opt/airflow/dags/main.py
[2026-09-24T06:22:12.720+0000] {processor.py:830} INFO - Processing file /opt/airflow/dags/main.py for tasks to queue
[2026-09-24T06:22:12.724+0000] {logging_mixin.py:188} INFO - [2026-09-24T06:22:12.724+0000] {dagbag.py:545} INFO - Filling up the DagBag from /opt/airflow/dags/main.py
[2026-09-24T06:22:12.834+0000] {processor.py:840} INFO - DAG(s) 'produce_json' retrieved from /opt/airflow/dags/main.py
[2026-09-24T06:22:12.893+0000] {logging_mixin.py:188} INFO - [2026-09-24T06:22:12.893+0000] {dag.py:3096} INFO - Sync 1 DAGs
[2026-09-24T06:22:12.936+0000] {logging_mixin.py:188} INFO - [2026-09-24T06:22:12.936+0000] {dag.py:3954} INFO - Setting next_dagrun for produce_json to 2026-09-23 12:00:00+00:00, run_after=2026-09-24 12:00:00+00:00
[2026-09-24T06:22:12.977+0000] {processor.py:183} INFO - Processing /opt/airflow/dags/main.py took 0.272 seconds
[2026-09-24T06:22:43.212+0000] {processor.py:161} INFO - Started process (PID=406) to work on /opt/airflow/dags/main.py
[2026-09-24T06:22:43.215+0000] {processor.py:830} INFO - Processing file /opt/airflow/dags/main.py for tasks to queue
[2026-09-24T06:22:43.224+0000] {logging_mixin.py:188} INFO - [2026-09-24T06:22:43.223+0000] {dagbag.py:545} INFO - Filling up the DagBag from /opt/airflow/dags/main.py
[2026-09-24T06:22:43.353+0000] {processor.py:840} INFO - DAG(s) 'produce_json' retrieved from /opt/airflow/dags/main.py
[2026-09-24T06:22:43.400+0000] {logging_mixin.py:188} INFO - [2026-09-24T06:22:43.400+0000] {dag.py:3096} INFO - Sync 1 DAGs
[2026-09-24T06:22:43.441+0000] {logging_mixin.py:188} INFO - [2026-09-24T06:22:43.440+0000] {dag.py:3954} INFO - Setting next_dagrun for produce_json to 2026-09-23 12:00:00+00:00, run_after=2026-09-24 12:00:00+00:00
[2026-09-24T06:22:43.477+0000] {processor.py:183} INFO - Processing /opt/airflow/dags/main.py took 0.287 seconds
[2026-09-24T06:23:13.848+0000] {processor.py:161} INFO - Started process (PID=413) to work on /opt/airflow/dags/main.py
[2026-09-24T06:23:13.857+0000] {processor.py:830} INFO - Processing file /opt/airflow/dags/main.py for tasks to queue
[2026-09-24T06:23:13.875+0000] {logging_mixin.py:188} INFO - [2026-09-24T06:23:13.874+0000] {dagbag.py:545} INFO - Filling up the DagBag from /opt/airflow/dags/main.py
[2026-09-24T06:23:14.129+0000] {processor.py:840} INFO - DAG(s) 'produce_json' retrieved from /opt/airflow/dags/main.py
[2026-09-24T06:23:14.281+0000] {logging_mixin.py:188} INFO - [2026-09-24T06:23:14.280+0000] {dag.py:3096} INFO - Sync 1 DAGs
[2026-09-24T06:23:14.408+0000] {logging_mixin.py:188} INFO - [2026-09-24T06:23:14.407+0000] {dag.py:3954} INFO - Setting next_dagrun for produce_json to 2026-09-23 12:00:00+00:00, run_after=2026-09-24 12:00:00+00:00
[2026-09-24T06:23:14.510+0000] {processor.py:183} INFO - Processing /opt/airflow/dags/main.py took 0.721 seconds
[2026-09-24T06:23:45.281+0000] {processor.py:161} INFO - Started process (PID=421) to work on /opt/airflow/dags/main.py
[2026-09-24T06:23:45.283+0000] {processor.py:830} INFO - Processing file /opt/airflow/dags/main.py for tasks to queue
[2026-09-24T06:23:45.287+0000] {logging_mixin.py:188} INFO - [2026-09-24T06:23:45.286+0000] {dagbag.py:545} INFO - Filling up the DagBag from /opt/airflow/dags/main.py
[2026-09-24T06:23:45.381+0000] {processor.py:840} INFO - DAG(s) 'produce_json' retrieved from /opt/airflow/dags/main.py
[2026-09-24T06:23:45.418+0000] {logging_mixin.py:188} INFO - [2026-09-24T06:23:45.418+0000] {dag.py:3096} INFO - Sync 1 DAGs
[2026-09-24T06:23:45.449+0000] {logging_mixin.py:188} INFO - [2026-09-24T06:23:45.448+0000] {dag.py:3954} INFO - Setting next_dagrun for produce_json to 2026-09-23 12:00:00+00:00, run_after=2026-09-24 12:00:00+00:00
[2026-09-24T06:23:45.495+0000] {processor.py:183} INFO - Processing /opt/airflow/dags/main.py took 0.222 seconds
[2026-09-24T06:24:15.690+0000] {processor.py:161} INFO - Started process (PID=428) to work on /opt/airflow/dags/main.py
[2026-09-24T06:24:15.693+0000] {processor.py:830} INFO - Processing file /opt/airflow/dags/main.py for tasks to queue
[2026-09-24T06:24:15.697+0000] {logging_mixin.py:188} INFO - [2026-09-24T06:24:15.696+0000] {dagbag.py:545} INFO - Filling up the DagBag from /opt/airflow/dags/main.py
[2026-09-24T06:24:15.823+0000] {processor.py:840} INFO - DAG(s) 'produce_json' retrieved from /opt/airflow/dags/main.py
[2026-09-24T06:24:15.857+0000] {logging_mixin.py:188} INFO - [2026-09-24T06:24:15.857+0000] {dag.py:3096} INFO - Sync 1 DAGs
[2026-09-24T06:24:15.885+0000] {logging_mixin.py:188} INFO - [2026-09-24T06:24:15.885+0000] {dag.py:3954} INFO - Setting next_dagrun for produce_json to 2026-09-23 12:00:00+00:00, run_after=2026-09-24 12:00:00+00:00
[2026-09-24T06:24:15.917+0000] {processor.py:183} INFO - Processing /opt/airflow/dags/main.py took 0.238 seconds
[2026-09-24T06:24:46.231+0000] {processor.py:161} INFO - Started process (PID=435) to work on /opt/airflow/dags/main.py
[2026-09-24T06:24:46.233+0000] {processor.py:830} INFO - Processing file /opt/airflow/dags/main.py for tasks to queue
[2026-09-24T06:24:46.238+0000] {logging_mixin.py:188} INFO - [2026-09-24T06:24:46.238+0000] {dagbag.py:545} INFO - Filling up the DagBag from /opt/airflow/dags/main.py
[2026-09-24T06:24:46.351+0000] {processor.py:840} INFO - DAG(s) 'produce_json' retrieved from /opt/airflow/dags/main.py
[2026-09-24T06:24:46.474+0000] {logging_mixin.py:188} INFO - [2026-09-24T06:24:46.473+0000] {dag.py:3096} INFO - Sync 1 DAGs
[2026-09-24T06:24:46.579+0000] {logging_mixin.py:188} INFO - [2026-09-24T06:24:46.578+0000] {dag.py:3954} INFO - Setting next_dagrun for produce_json to 2026-09-23 12:00:00+00:00, run_after=2026-09-24 12:00:00+00:00
[2026-09-24T06:24:46.693+0000] {processor.py:183} INFO - Processing /opt/airflow/dags/main.py took 0.471 seconds
[2026-09-24T06:25:16.871+0000] {processor.py:161} INFO - Started process (PID=442) to work on /opt/airflow/dags/main.py
[2026-09-24T06:25:16.875+0000] {processor.py:830} INFO - Processing file /opt/airflow/dags/main.py for tasks to queue
[2026-09-24T06:25:16.881+0000] {logging_mixin.py:188} INFO - [2026-09-24T06:25:16.881+0000] {dagbag.py:545} INFO - Filling up the DagBag from /opt/airflow/dags/main.py
[2026-09-24T06:25:17.068+0000] {processor.py:840} INFO - DAG(s) 'produce_json' retrieved from /opt/airflow/dags/main.py
[2026-09-24T06:25:17.113+0000] {logging_mixin.py:188} INFO - [2026-09-24T06:25:17.113+0000] {dag.py:3096} INFO - Sync 1 DAGs
[2026-09-24T06:25:17.148+0000] {logging_mixin.py:188} INFO - [2026-09-24T06:25:17.147+0000] {dag.py:3954} INFO - Setting next_dagrun for produce_json to 2026-09-23 12:00:00+00:00, run_after=2026-09-24 12:00:00+00:00
[2026-09-24T06:25:17.193+0000] {processor.py:183} INFO - Processing /opt/airflow/dags/main.py took 0.337 seconds
[2026-09-24T06:25:47.519+0000] {processor.py:161} INFO - Started process (PID=455) to work on /opt/airflow/dags/main.py
[2026-09-24T06:25:47.522+0000] {processor.py:830} INFO - Processing file /opt/airflow/dags/main.py for tasks to queue
[2026-09-24T06:25:47.526+0000] {logging_mixin.py:188} INFO - [2026-09-24T06:25:47.526+0000] {dagbag.py:545} INFO - Filling up the DagBag from /opt/airflow/dags/main.py
[2026-09-24T06:25:47.611+0000] {processor.py:840} INFO - DAG(s) 'produce_json' retrieved from /opt/airflow/dags/main.py
[2026-09-24T06:25:47.672+0000] {logging_mixin.py:188} INFO - [2026-09-24T06:25:47.671+0000] {dag.py:3096} INFO - Sync 1 DAGs
[2026-09-24T06:25:47.704+0000] {logging_mixin.py:188} INFO - [2026-09-24T06:25:47.703+0000] {dag.py:3954} INFO - Setting next_dagrun for produce_json to 2026-09-23 12:00:00+00:00, run_after=2026-09-24 12:00:00+00:00
[2026-09-24T06:25:47.738+0000] {processor.py:183} INFO - Processing /opt/airflow/dags/main.py took 0.235 seconds
[2026-09-24T06:26:17.957+0000] {processor.py:161} INFO - Started process (PID=462) to work on /opt/airflow/dags/main.py
[2026-09-24T06:26:17.961+0000] {processor.py:830} INFO - Processing file /opt/airflow/dags/main.py for tasks to queue
[2026-09-24T06:26:17.970+0000] {logging_mixin.py:188} INFO - [2026-09-24T06:26:17.969+0000] {dagbag.py:545} INFO - Filling up the DagBag from /opt/airflow/dags/main.py
[2026-09-24T06:26:18.064+0000] {processor.py:840} INFO - DAG(s) 'produce_json' retrieved from /opt/airflow/dags/main.py
[2026-09-24T06:26:18.113+0000] {logging_mixin.py:188} INFO - [2026-09-24T06:26:18.113+0000] {dag.py:3096} INFO - Sync 1 DAGs
[2026-09-24T06:26:18.147+0000] {logging_mixin.py:188} INFO - [2026-09-24T06:26:18.147+0000] {dag.py:3954} INFO - Setting next_dagrun for produce_json to 2026-09-23 12:00:00+00:00, run_after=2026-09-24 12:00:00+00:00
[2026-09-24T06:26:18.182+0000] {processor.py:183} INFO - Processing /opt/airflow/dags/main.py took 0.239 seconds
[2026-09-24T06:26:48.484+0000] {processor.py:161} INFO - Started process (PID=469) to work on /opt/airflow/dags/main.py
[2026-09-24T06:26:48.488+0000] {processor.py:830} INFO - Processing file /opt/airflow/dags/main.py for tasks to queue
[2026-09-24T06:26:48.497+0000] {logging_mixin.py:188} INFO - [2026-09-24T06:26:48.496+0000] {dagbag.py:545} INFO - Filling up the DagBag from /opt/airflow/dags/main.py
[2026-09-24T06:26:48.616+0000] {processor.py:840} INFO - DAG(s) 'produce_json' retrieved from /opt/airflow/dags/main.py
[2026-09-24T06:26:48.656+0000] {logging_mixin.py:188} INFO - [2026-09-24T06:26:48.655+0000] {dag.py:3096} INFO - Sync 1 DAGs
[2026-09-24T06:26:48.689+0000] {logging_mixin.py:188} INFO - [2026-09-24T06:26:48.689+0000] {dag.py:3954} INFO - Setting next_dagrun for produce_json to 2026-09-23 12:00:00+00:00, run_after=2026-09-24 12:00:00+00:00
[2026-09-24T06:26:48.732+0000] {processor.py:183} INFO - Processing /opt/airflow/dags/main.py took 0.259 seconds
[2026-09-24T06:27:19.036+0000] {processor.py:161} INFO - Started process (PID=476) to work on /opt/airflow/dags/main.py
[2026-09-24T06:27:19.040+0000] {processor.py:830} INFO - Processing file /opt/airflow/dags/main.py for tasks to queue
[2026-09-24T06:27:19.046+0000] {logging_mixin.py:188} INFO - [2026-09-24T06:27:19.046+0000] {dagbag.py:545} INFO - Filling up the DagBag from /opt/airflow/dags/main.py
[2026-09-24T06:27:19.240+0000] {processor.py:840} INFO - DAG(s) 'produce_json' retrieved from /opt/airflow/dags/main.py
[2026-09-24T06:27:19.349+0000] {logging_mixin.py:188} INFO - [2026-09-24T06:27:19.349+0000] {dag.py:3096} INFO - Sync 1 DAGs
[2026-09-24T06:27:19.420+0000] {logging_mixin.py:188} INFO - [2026-09-24T06:27:19.419+0000] {dag.py:3954} INFO - Setting next_dagrun for produce_json to 2026-09-23 12:00:00+00:00, run_after=2026-09-24 12:00:00+00:00
[2026-09-24T06:27:19.516+0000] {processor.py:183} INFO - Processing /opt/airflow/dags/main.py took 0.501 seconds
[2026-09-24T06:27:50.040+0000] {processor.py:161} INFO - Started process (PID=483) to work on /opt/airflow/dags/main.py
[2026-09-24T06:27:50.044+0000] {processor.py:830} INFO - Processing file /opt/airflow/dags/main.py for tasks to queue
[2026-09-24T06:27:50.053+0000] {logging_mixin.py:188} INFO - [2026-09-24T06:27:50.051+0000] {dagbag.py:545} INFO - Filling up the DagBag from /opt/airflow/dags/main.py
[2026-09-24T06:27:50.140+0000] {processor.py:840} INFO - DAG(s) 'produce_json' retrieved from /opt/airflow/dags/main.py
[2026-09-24T06:27:50.212+0000] {logging_mixin.py:188} INFO - [2026-09-24T06:27:50.212+0000] {dag.py:3096} INFO - Sync 1 DAGs
[2026-09-24T06:27:50.255+0000] {logging_mixin.py:188} INFO - [2026-09-24T06:27:50.254+0000] {dag.py:3954} INFO - Setting next_dagrun for produce_json to 2026-09-23 12:00:00+00:00, run_after=2026-09-24 12:00:00+00:00
[2026-09-24T06:27:50.325+0000] {processor.py:183} INFO - Processing /opt/airflow/dags/main.py took 0.305 seconds
[2026-09-24T06:28:20.461+0000] {processor.py:161} INFO - Started process (PID=490) to work on /opt/airflow/dags/main.py
[2026-09-24T06:28:20.465+0000] {processor.py:830} INFO - Processing file /opt/airflow/dags/main.py for tasks to queue
[2026-09-24T06:28:20.470+0000] {logging_mixin.py:188} INFO - [2026-09-24T06:28:20.470+0000] {dagbag.py:545} INFO - Filling up the DagBag from /opt/airflow/dags/main.py
[2026-09-24T06:28:20.573+0000] {processor.py:840} INFO - DAG(s) 'produce_json' retrieved from /opt/airflow/dags/main.py
[2026-09-24T06:28:20.663+0000] {logging_mixin.py:188} INFO - [2026-09-24T06:28:20.662+0000] {dag.py:3096} INFO - Sync 1 DAGs
[2026-09-24T06:28:20.704+0000] {logging_mixin.py:188} INFO - [2026-09-24T06:28:20.703+0000] {dag.py:3954} INFO - Setting next_dagrun for produce_json to 2026-09-23 12:00:00+00:00, run_after=2026-09-24 12:00:00+00:00
[2026-09-24T06:28:20.738+0000] {processor.py:183} INFO - Processing /opt/airflow/dags/main.py took 0.287 seconds
[2026-09-24T06:28:50.903+0000] {processor.py:161} INFO - Started process (PID=497) to work on /opt/airflow/dags/main.py
[2026-09-24T06:28:50.906+0000] {processor.py:830} INFO - Processing file /opt/airflow/dags/main.py for tasks to queue
[2026-09-24T06:28:50.917+0000] {logging_mixin.py:188} INFO - [2026-09-24T06:28:50.914+0000] {dagbag.py:545} INFO - Filling up the DagBag from /opt/airflow/dags/main.py
[2026-09-24T06:28:51.069+0000] {processor.py:840} INFO - DAG(s) 'produce_json' retrieved from /opt/airflow/dags/main.py
[2026-09-24T06:28:51.114+0000] {logging_mixin.py:188} INFO - [2026-09-24T06:28:51.113+0000] {dag.py:3096} INFO - Sync 1 DAGs
[2026-09-24T06:28:51.145+0000] {logging_mixin.py:188} INFO - [2026-09-24T06:28:51.144+0000] {dag.py:3954} INFO - Setting next_dagrun for produce_json to 2026-09-23 12:00:00+00:00, run_after=2026-09-24 12:00:00+00:00
[2026-09-24T06:28:51.174+0000] {processor.py:183} INFO - Processing /opt/airflow/dags/main.py took 0.293 seconds
[2026-09-24T06:29:21.468+0000] {processor.py:161} INFO - Started process (PID=504) to work on /opt/airflow/dags/main.py
[2026-09-24T06:29:21.471+0000] {processor.py:830} INFO - Processing file /opt/airflow/dags/main.py for tasks to queue
[2026-09-24T06:29:21.476+0000] {logging_mixin.py:188} INFO - [2026-09-24T06:29:21.475+0000] {dagbag.py:545} INFO - Filling up the DagBag from /opt/airflow/dags/main.py
[2026-09-24T06:29:21.569+0000] {processor.py:840} INFO - DAG(s) 'produce_json' retrieved from /opt/airflow/dags/main.py
[2026-09-24T06:29:21.653+0000] {logging_mixin.py:188} INFO - [2026-09-24T06:29:21.652+0000] {dag.py:3096} INFO - Sync 1 DAGs
[2026-09-24T06:29:21.728+0000] {logging_mixin.py:188} INFO - [2026-09-24T06:29:21.728+0000] {dag.py:3954} INFO - Setting next_dagrun for produce_json to 2026-09-23 12:00:00+00:00, run_after=2026-09-24 12:00:00+00:00
[2026-09-24T06:29:21.806+0000] {processor.py:183} INFO - Processing /opt/airflow/dags/main.py took 0.348 seconds
[2026-09-24T06:29:51.941+0000] {processor.py:161} INFO - Started process (PID=511) to work on /opt/airflow/dags/main.py
[2026-09-24T06:29:51.945+0000] {processor.py:830} INFO - Processing file /opt/airflow/dags/main.py for tasks to queue
[2026-09-24T06:29:51.950+0000] {logging_mixin.py:188} INFO - [2026-09-24T06:29:51.949+0000] {dagbag.py:545} INFO - Filling up the DagBag from /opt/airflow/dags/main.py
[2026-09-24T06:29:52.045+0000] {processor.py:840} INFO - DAG(s) 'produce_json' retrieved from /opt/airflow/dags/main.py
[2026-09-24T06:29:52.098+0000] {logging_mixin.py:188} INFO - [2026-09-24T06:29:52.097+0000] {dag.py:3096} INFO - Sync 1 DAGs
[2026-09-24T06:29:52.145+0000] {logging_mixin.py:188} INFO - [2026-09-24T06:29:52.144+0000] {dag.py:3954} INFO - Setting next_dagrun for produce_json to 2026-09-23 12:00:00+00:00, run_after=2026-09-24 12:00:00+00:00
[2026-09-24T06:29:52.189+0000] {processor.py:183} INFO - Processing /opt/airflow/dags/main.py took 0.261 seconds
[2026-09-24T06:30:22.554+0000] {processor.py:161} INFO - Started process (PID=519) to work on /opt/airflow/dags/main.py
[2026-09-24T06:30:22.556+0000] {processor.py:830} INFO - Processing file /opt/airflow/dags/main.py for tasks to queue
[2026-09-24T06:30:22.560+0000] {logging_mixin.py:188} INFO - [2026-09-24T06:30:22.559+0000] {dagbag.py:545} INFO - Filling up the DagBag from /opt/airflow/dags/main.py
[2026-09-24T06:30:22.637+0000] {processor.py:840} INFO - DAG(s) 'produce_json' retrieved from /opt/airflow/dags/main.py
[2026-09-24T06:30:22.681+0000] {logging_mixin.py:188} INFO - [2026-09-24T06:30:22.681+0000] {dag.py:3096} INFO - Sync 1 DAGs
[2026-09-24T06:30:22.714+0000] {logging_mixin.py:188} INFO - [2026-09-24T06:30:22.713+0000] {dag.py:3954} INFO - Setting next_dagrun for produce_json to 2026-09-23 12:00:00+00:00, run_after=2026-09-24 12:00:00+00:00
[2026-09-24T06:30:22.755+0000] {processor.py:183} INFO - Processing /opt/airflow/dags/main.py took 0.212 seconds
[2026-09-24T06:30:52.962+0000] {processor.py:161} INFO - Started process (PID=526) to work on /opt/airflow/dags/main.py
[2026-09-24T06:30:52.965+0000] {processor.py:830} INFO - Processing file /opt/airflow/dags/main.py for tasks to queue
[2026-09-24T06:30:52.971+0000] {logging_mixin.py:188} INFO - [2026-09-24T06:30:52.970+0000] {dagbag.py:545} INFO - Filling up the DagBag from /opt/airflow/dags/main.py
[2026-09-24T06:30:53.095+0000] {processor.py:840} INFO - DAG(s) 'produce_json' retrieved from /opt/airflow/dags/main.py
[2026-09-24T06:30:53.143+0000] {logging_mixin.py:188} INFO - [2026-09-24T06:30:53.143+0000] {dag.py:3096} INFO - Sync 1 DAGs
[2026-09-24T06:30:53.177+0000] {logging_mixin.py:188} INFO - [2026-09-24T06:30:53.177+0000] {dag.py:3954} INFO - Setting next_dagrun for produce_json to 2026-09-23 12:00:00+00:00, run_after=2026-09-24 12:00:00+00:00
[2026-09-24T06:30:53.216+0000] {processor.py:183} INFO - Processing /opt/airflow/dags/main.py took 0.272 seconds
[2026-09-24T06:31:23.580+0000] {processor.py:161} INFO - Started process (PID=533) to work on /opt/airflow/dags/main.py
[2026-09-24T06:31:23.583+0000] {processor.py:830} INFO - Processing file /opt/airflow/dags/main.py for tasks to queue
[2026-09-24T06:31:23.589+0000] {logging_mixin.py:188} INFO - [2026-09-24T06:31:23.588+0000] {dagbag.py:545} INFO - Filling up the DagBag from /opt/airflow/dags/main.py
[2026-09-24T06:31:23.742+0000] {processor.py:840} INFO - DAG(s) 'produce_json' retrieved from /opt/airflow/dags/main.py
[2026-09-24T06:31:23.793+0000] {logging_mixin.py:188} INFO - [2026-09-24T06:31:23.793+0000] {dag.py:3096} INFO - Sync 1 DAGs
[2026-09-24T06:31:23.848+0000] {logging_mixin.py:188} INFO - [2026-09-24T06:31:23.847+0000] {dag.py:3954} INFO - Setting next_dagrun for produce_json to 2026-09-23 12:00:00+00:00, run_after=2026-09-24 12:00:00+00:00
[2026-09-24T06:31:23.902+0000] {processor.py:183} INFO - Processing /opt/airflow/dags/main.py took 0.333 seconds
[2026-09-24T06:31:54.191+0000] {processor.py:161} INFO - Started process (PID=540) to work on /opt/airflow/dags/main.py
[2026-09-24T06:31:54.194+0000] {processor.py:830} INFO - Processing file /opt/airflow/dags/main.py for tasks to queue
[2026-09-24T06:31:54.201+0000] {logging_mixin.py:188} INFO - [2026-09-24T06:31:54.200+0000] {dagbag.py:545} INFO - Filling up the DagBag from /opt/airflow/dags/main.py
[2026-09-24T06:31:54.363+0000] {processor.py:840} INFO - DAG(s) 'produce_json' retrieved from /opt/airflow/dags/main.py
[2026-09-24T06:31:54.435+0000] {logging_mixin.py:188} INFO - [2026-09-24T06:31:54.434+0000] {dag.py:3096} INFO - Sync 1 DAGs
[2026-09-24T06:31:54.477+0000] {logging_mixin.py:188} INFO - [2026-09-24T06:31:54.476+0000] {dag.py:3954} INFO - Setting next_dagrun for produce_json to 2026-09-23 12:00:00+00:00, run_after=2026-09-24 12:00:00+00:00
[2026-09-24T06:31:54.552+0000] {processor.py:183} INFO - Processing /opt/airflow/dags/main.py took 0.374 seconds
[2026-09-24T06:32:24.823+0000] {processor.py:161} INFO - Started process (PID=547) to work on /opt/airflow/dags/main.py
[2026-09-24T06:32:24.829+0000] {processor.py:830} INFO - Processing file /opt/airflow/dags/main.py for tasks to queue
[2026-09-24T06:32:24.842+0000] {logging_mixin.py:188} INFO - [2026-09-24T06:32:24.840+0000] {dagbag.py:545} INFO - Filling up the DagBag from /opt/airflow/dags/main.py
[2026-09-24T06:32:25.094+0000] {processor.py:840} INFO - DAG(s) 'produce_json' retrieved from /opt/airflow/dags/main.py
[2026-09-24T06:32:25.157+0000] {logging_mixin.py:188} INFO - [2026-09-24T06:32:25.157+0000] {dag.py:3096} INFO - Sync 1 DAGs
[2026-09-24T06:32:25.199+0000] {logging_mixin.py:188} INFO - [2026-09-24T06:32:25.199+0000] {dag.py:3954} INFO - Setting next_dagrun for produce_json to 2026-09-23 12:00:00+00:00, run_after=2026-09-24 12:00:00+00:00
[2026-09-24T06:32:25.238+0000] {processor.py:183} INFO - Processing /opt/airflow/dags/main.py took 0.443 seconds
[2026-09-24T06:33:45.816+0000] {processor.py:161} INFO - Started process (PID=555) to work on /opt/airflow/dags/main.py
[2026-09-24T06:33:45.829+0000] {processor.py:830} INFO - Processing file /opt/airflow/dags/main.py for tasks to queue
[2026-09-24T06:33:45.842+0000] {logging_mixin.py:188} INFO - [2026-09-24T06:33:45.840+0000] {dagbag.py:545} INFO - Filling up the DagBag from /opt/airflow/dags/main.py
[2026-09-24T06:33:46.121+0000] {processor.py:840} INFO - DAG(s) 'produce_json' retrieved from /opt/airflow/dags/main.py
[2026-09-24T06:33:46.256+0000] {logging_mixin.py:188} INFO - [2026-09-24T06:33:46.255+0000] {dag.py:3096} INFO - Sync 1 DAGs
[2026-09-24T06:33:46.387+0000] {logging_mixin.py:188} INFO - [2026-09-24T06:33:46.386+0000] {dag.py:3954} INFO - Setting next_dagrun for produce_json to 2026-09-23 12:00:00+00:00, run_after=2026-09-24 12:00:00+00:00
[2026-09-24T06:33:46.485+0000] {processor.py:183} INFO - Processing /opt/airflow/dags/main.py took 0.689 seconds
[2026-09-24T06:34:17.229+0000] {processor.py:161} INFO - Started process (PID=562) to work on /opt/airflow/dags/main.py
[2026-09-24T06:34:17.232+0000] {processor.py:830} INFO - Processing file /opt/airflow/dags/main.py for tasks to queue
[2026-09-24T06:34:17.238+0000] {logging_mixin.py:188} INFO - [2026-09-24T06:34:17.237+0000] {dagbag.py:545} INFO - Filling up the DagBag from /opt/airflow/dags/main.py
[2026-09-24T06:34:17.366+0000] {processor.py:840} INFO - DAG(s) 'produce_json' retrieved from /opt/airflow/dags/main.py
[2026-09-24T06:34:17.407+0000] {logging_mixin.py:188} INFO - [2026-09-24T06:34:17.406+0000] {dag.py:3096} INFO - Sync 1 DAGs
[2026-09-24T06:34:17.567+0000] {logging_mixin.py:188} INFO - [2026-09-24T06:34:17.567+0000] {dag.py:3954} INFO - Setting next_dagrun for produce_json to 2026-09-23 12:00:00+00:00, run_after=2026-09-24 12:00:00+00:00
[2026-09-24T06:34:17.655+0000] {processor.py:183} INFO - Processing /opt/airflow/dags/main.py took 0.449 seconds
[2026-09-24T06:34:47.910+0000] {processor.py:161} INFO - Started process (PID=569) to work on /opt/airflow/dags/main.py
[2026-09-24T06:34:47.912+0000] {processor.py:830} INFO - Processing file /opt/airflow/dags/main.py for tasks to queue
[2026-09-24T06:34:47.916+0000] {logging_mixin.py:188} INFO - [2026-09-24T06:34:47.916+0000] {dagbag.py:545} INFO - Filling up the DagBag from /opt/airflow/dags/main.py
[2026-09-24T06:34:47.992+0000] {processor.py:840} INFO - DAG(s) 'produce_json' retrieved from /opt/airflow/dags/main.py
[2026-09-24T06:34:48.030+0000] {logging_mixin.py:188} INFO - [2026-09-24T06:34:48.030+0000] {dag.py:3096} INFO - Sync 1 DAGs
[2026-09-24T06:34:48.056+0000] {logging_mixin.py:188} INFO - [2026-09-24T06:34:48.055+0000] {dag.py:3954} INFO - Setting next_dagrun for produce_json to 2026-09-23 12:00:00+00:00, run_after=2026-09-24 12:00:00+00:00
[2026-09-24T06:34:48.085+0000] {processor.py:183} INFO - Processing /opt/airflow/dags/main.py took 0.184 seconds
[2026-09-24T06:35:18.192+0000] {processor.py:161} INFO - Started process (PID=576) to work on /opt/airflow/dags/main.py
[2026-09-24T06:35:18.196+0000] {processor.py:830} INFO - Processing file /opt/airflow/dags/main.py for tasks to queue
[2026-09-24T06:35:18.203+0000] {logging_mixin.py:188} INFO - [2026-09-24T06:35:18.202+0000] {dagbag.py:545} INFO - Filling up the DagBag from /opt/airflow/dags/main.py
[2026-09-24T06:35:18.340+0000] {processor.py:840} INFO - DAG(s) 'produce_json' retrieved from /opt/airflow/dags/main.py
[2026-09-24T06:35:18.436+0000] {logging_mixin.py:188} INFO - [2026-09-24T06:35:18.435+0000] {dag.py:3096} INFO - Sync 1 DAGs
[2026-09-24T06:35:18.485+0000] {logging_mixin.py:188} INFO - [2026-09-24T06:35:18.485+0000] {dag.py:3954} INFO - Setting next_dagrun for produce_json to 2026-09-23 12:00:00+00:00, run_after=2026-09-24 12:00:00+00:00
[2026-09-24T06:35:18.527+0000] {processor.py:183} INFO - Processing /opt/airflow/dags/main.py took 0.344 seconds
[2026-09-24T06:35:48.716+0000] {processor.py:161} INFO - Started process (PID=584) to work on /opt/airflow/dags/main.py
[2026-09-24T06:35:48.719+0000] {processor.py:830} INFO - Processing file /opt/airflow/dags/main.py for tasks to queue
[2026-09-24T06:35:48.722+0000] {logging_mixin.py:188} INFO - [2026-09-24T06:35:48.722+0000] {dagbag.py:545} INFO - Filling up the DagBag from /opt/airflow/dags/main.py
[2026-09-24T06:35:48.824+0000] {processor.py:840} INFO - DAG(s) 'produce_json' retrieved from /opt/airflow/dags/main.py
[2026-09-24T06:35:48.850+0000] {logging_mixin.py:188} INFO - [2026-09-24T06:35:48.850+0000] {dag.py:3096} INFO - Sync 1 DAGs
[2026-09-24T06:35:48.892+0000] {logging_mixin.py:188} INFO - [2026-09-24T06:35:48.892+0000] {dag.py:3954} INFO - Setting next_dagrun for produce_json to 2026-09-23 12:00:00+00:00, run_after=2026-09-24 12:00:00+00:00
[2026-09-24T06:35:48.930+0000] {processor.py:183} INFO - Processing /opt/airflow/dags/main.py took 0.220 seconds
[2026-09-24T06:36:19.159+0000] {processor.py:161} INFO - Started process (PID=591) to work on /opt/airflow/dags/main.py
[2026-09-24T06:36:19.162+0000] {processor.py:830} INFO - Processing file /opt/airflow/dags/main.py for tasks to queue
[2026-09-24T06:36:19.166+0000] {logging_mixin.py:188} INFO - [2026-09-24T06:36:19.165+0000] {dagbag.py:545} INFO - Filling up the DagBag from /opt/airflow/dags/main.py
[2026-09-24T06:36:19.265+0000] {processor.py:840} INFO - DAG(s) 'produce_json' retrieved from /opt/airflow/dags/main.py
[2026-09-24T06:36:19.295+0000] {logging_mixin.py:188} INFO - [2026-09-24T06:36:19.295+0000] {dag.py:3096} INFO - Sync 1 DAGs
[2026-09-24T06:36:19.319+0000] {logging_mixin.py:188} INFO - [2026-09-24T06:36:19.319+0000] {dag.py:3954} INFO - Setting next_dagrun for produce_json to 2026-09-23 12:00:00+00:00, run_after=2026-09-24 12:00:00+00:00
[2026-09-24T06:36:19.343+0000] {processor.py:183} INFO - Processing /opt/airflow/dags/main.py took 0.191 seconds
[2026-09-24T06:36:49.531+0000] {processor.py:161} INFO - Started process (PID=598) to work on /opt/airflow/dags/main.py
[2026-09-24T06:36:49.535+0000] {processor.py:830} INFO - Processing file /opt/airflow/dags/main.py for tasks to queue
[2026-09-24T06:36:49.538+0000] {logging_mixin.py:188} INFO - [2026-09-24T06:36:49.538+0000] {dagbag.py:545} INFO - Filling up the DagBag from /opt/airflow/dags/main.py
[2026-09-24T06:36:49.651+0000] {processor.py:840} INFO - DAG(s) 'produce_json' retrieved from /opt/airflow/dags/main.py
[2026-09-24T06:36:49.680+0000] {logging_mixin.py:188} INFO - [2026-09-24T06:36:49.680+0000] {dag.py:3096} INFO - Sync 1 DAGs
[2026-09-24T06:36:49.708+0000] {logging_mixin.py:188} INFO - [2026-09-24T06:36:49.708+0000] {dag.py:3954} INFO - Setting next_dagrun for produce_json to 2026-09-23 12:00:00+00:00, run_after=2026-09-24 12:00:00+00:00
[2026-09-24T06:36:49.733+0000] {processor.py:183} INFO - Processing /opt/airflow/dags/main.py took 0.209 seconds
[2026-09-24T06:37:19.945+0000] {processor.py:161} INFO - Started process (PID=606) to work on /opt/airflow/dags/main.py
[2026-09-24T06:37:19.948+0000] {processor.py:830} INFO - Processing file /opt/airflow/dags/main.py for tasks to queue
[2026-09-24T06:37:19.951+0000] {logging_mixin.py:188} INFO - [2026-09-24T06:37:19.951+0000] {dagbag.py:545} INFO - Filling up the DagBag from /opt/airflow/dags/main.py
[2026-09-24T06:37:20.066+0000] {processor.py:840} INFO - DAG(s) 'produce_json' retrieved from /opt/airflow/dags/main.py
[2026-09-24T06:37:20.095+0000] {logging_mixin.py:188} INFO - [2026-09-24T06:37:20.094+0000] {dag.py:3096} INFO - Sync 1 DAGs
[2026-09-24T06:37:20.115+0000] {logging_mixin.py:188} INFO - [2026-09-24T06:37:20.115+0000] {dag.py:3954} INFO - Setting next_dagrun for produce_json to 2026-09-23 12:00:00+00:00, run_after=2026-09-24 12:00:00+00:00
[2026-09-24T06:37:20.138+0000] {processor.py:183} INFO - Processing /opt/airflow/dags/main.py took 0.199 seconds
[2026-09-24T06:37:50.339+0000] {processor.py:161} INFO - Started process (PID=613) to work on /opt/airflow/dags/main.py
[2026-09-24T06:37:50.342+0000] {processor.py:830} INFO - Processing file /opt/airflow/dags/main.py for tasks to queue
[2026-09-24T06:37:50.345+0000] {logging_mixin.py:188} INFO - [2026-09-24T06:37:50.345+0000] {dagbag.py:545} INFO - Filling up the DagBag from /opt/airflow/dags/main.py
[2026-09-24T06:37:50.446+0000] {processor.py:840} INFO - DAG(s) 'produce_json' retrieved from /opt/airflow/dags/main.py
[2026-09-24T06:37:50.476+0000] {logging_mixin.py:188} INFO - [2026-09-24T06:37:50.475+0000] {dag.py:3096} INFO - Sync 1 DAGs
[2026-09-24T06:37:50.495+0000] {logging_mixin.py:188} INFO - [2026-09-24T06:37:50.495+0000] {dag.py:3954} INFO - Setting next_dagrun for produce_json to 2026-09-23 12:00:00+00:00, run_after=2026-09-24 12:00:00+00:00
[2026-09-24T06:37:50.518+0000] {processor.py:183} INFO - Processing /opt/airflow/dags/main.py took 0.185 seconds
[2026-09-24T06:38:20.744+0000] {processor.py:161} INFO - Started process (PID=621) to work on /opt/airflow/dags/main.py
[2026-09-24T06:38:20.747+0000] {processor.py:830} INFO - Processing file /opt/airflow/dags/main.py for tasks to queue
[2026-09-24T06:38:20.750+0000] {logging_mixin.py:188} INFO - [2026-09-24T06:38:20.749+0000] {dagbag.py:545} INFO - Filling up the DagBag from /opt/airflow/dags/main.py
[2026-09-24T06:38:20.855+0000] {processor.py:840} INFO - DAG(s) 'produce_json' retrieved from /opt/airflow/dags/main.py
[2026-09-24T06:38:20.884+0000] {logging_mixin.py:188} INFO - [2026-09-24T06:38:20.884+0000] {dag.py:3096} INFO - Sync 1 DAGs
[2026-09-24T06:38:20.904+0000] {logging_mixin.py:188} INFO - [2026-09-24T06:38:20.904+0000] {dag.py:3954} INFO - Setting next_dagrun for produce_json to 2026-09-23 12:00:00+00:00, run_after=2026-09-24 12:00:00+00:00
[2026-09-24T06:38:20.926+0000] {processor.py:183} INFO - Processing /opt/airflow/dags/main.py took 0.187 seconds
[2026-09-24T06:38:51.269+0000] {processor.py:161} INFO - Started process (PID=628) to work on /opt/airflow/dags/main.py
[2026-09-24T06:38:51.272+0000] {processor.py:830} INFO - Processing file /opt/airflow/dags/main.py for tasks to queue
[2026-09-24T06:38:51.277+0000] {logging_mixin.py:188} INFO - [2026-09-24T06:38:51.276+0000] {dagbag.py:545} INFO - Filling up the DagBag from /opt/airflow/dags/main.py
[2026-09-24T06:38:51.381+0000] {processor.py:840} INFO - DAG(s) 'produce_json' retrieved from /opt/airflow/dags/main.py
[2026-09-24T06:38:51.408+0000] {logging_mixin.py:188} INFO - [2026-09-24T06:38:51.408+0000] {dag.py:3096} INFO - Sync 1 DAGs
[2026-09-24T06:38:51.428+0000] {logging_mixin.py:188} INFO - [2026-09-24T06:38:51.427+0000] {dag.py:3954} INFO - Setting next_dagrun for produce_json to 2026-09-23 12:00:00+00:00, run_after=2026-09-24 12:00:00+00:00
[2026-09-24T06:38:51.453+0000] {processor.py:183} INFO - Processing /opt/airflow/dags/main.py took 0.191 seconds
[2026-09-24T06:39:21.626+0000] {processor.py:161} INFO - Started process (PID=636) to work on /opt/airflow/dags/main.py
[2026-09-24T06:39:21.629+0000] {processor.py:830} INFO - Processing file /opt/airflow/dags/main.py for tasks to queue
[2026-09-24T06:39:21.633+0000] {logging_mixin.py:188} INFO - [2026-09-24T06:39:21.632+0000] {dagbag.py:545} INFO - Filling up the DagBag from /opt/airflow/dags/main.py
[2026-09-24T06:39:21.771+0000] {processor.py:840} INFO - DAG(s) 'produce_json' retrieved from /opt/airflow/dags/main.py
[2026-09-24T06:39:21.793+0000] {logging_mixin.py:188} INFO - [2026-09-24T06:39:21.793+0000] {dag.py:3096} INFO - Sync 1 DAGs
[2026-09-24T06:39:21.811+0000] {logging_mixin.py:188} INFO - [2026-09-24T06:39:21.811+0000] {dag.py:3954} INFO - Setting next_dagrun for produce_json to 2026-09-23 12:00:00+00:00, run_after=2026-09-24 12:00:00+00:00
[2026-09-24T06:39:21.830+0000] {processor.py:183} INFO - Processing /opt/airflow/dags/main.py took 0.210 seconds
[2026-09-24T06:39:52.118+0000] {processor.py:161} INFO - Started process (PID=643) to work on /opt/airflow/dags/main.py
[2026-09-24T06:39:52.121+0000] {processor.py:830} INFO - Processing file /opt/airflow/dags/main.py for tasks to queue
[2026-09-24T06:39:52.124+0000] {logging_mixin.py:188} INFO - [2026-09-24T06:39:52.124+0000] {dagbag.py:545} INFO - Filling up the DagBag from /opt/airflow/dags/main.py
[2026-09-24T06:39:52.263+0000] {processor.py:840} INFO - DAG(s) 'produce_json' retrieved from /opt/airflow/dags/main.py
[2026-09-24T06:39:52.287+0000] {logging_mixin.py:188} INFO - [2026-09-24T06:39:52.287+0000] {dag.py:3096} INFO - Sync 1 DAGs
[2026-09-24T06:39:52.305+0000] {logging_mixin.py:188} INFO - [2026-09-24T06:39:52.305+0000] {dag.py:3954} INFO - Setting next_dagrun for produce_json to 2026-09-23 12:00:00+00:00, run_after=2026-09-24 12:00:00+00:00
[2026-09-24T06:39:52.326+0000] {processor.py:183} INFO - Processing /opt/airflow/dags/main.py took 0.216 seconds
[2026-09-24T06:40:22.546+0000] {processor.py:161} INFO - Started process (PID=650) to work on /opt/airflow/dags/main.py
[2026-09-24T06:40:22.549+0000] {processor.py:830} INFO - Processing file /opt/airflow/dags/main.py for tasks to queue
[2026-09-24T06:40:22.553+0000] {logging_mixin.py:188} INFO - [2026-09-24T06:40:22.553+0000] {dagbag.py:545} INFO - Filling up the DagBag from /opt/airflow/dags/main.py
[2026-09-24T06:40:22.710+0000] {processor.py:840} INFO - DAG(s) 'produce_json' retrieved from /opt/airflow/dags/main.py
[2026-09-24T06:40:22.733+0000] {logging_mixin.py:188} INFO - [2026-09-24T06:40:22.732+0000] {dag.py:3096} INFO - Sync 1 DAGs
[2026-09-24T06:40:22.749+0000] {logging_mixin.py:188} INFO - [2026-09-24T06:40:22.749+0000] {dag.py:3954} INFO - Setting next_dagrun for produce_json to 2026-09-23 12:00:00+00:00, run_after=2026-09-24 12:00:00+00:00
[2026-09-24T06:40:22.768+0000] {processor.py:183} INFO - Processing /opt/airflow/dags/main.py took 0.230 seconds
[2026-09-24T06:40:52.932+0000] {processor.py:161} INFO - Started process (PID=657) to work on /opt/airflow/dags/main.py
[2026-09-24T06:40:52.935+0000] {processor.py:830} INFO - Processing file /opt/airflow/dags/main.py for tasks to queue
[2026-09-24T06:40:52.939+0000] {logging_mixin.py:188} INFO - [2026-09-24T06:40:52.938+0000] {dagbag.py:545} INFO - Filling up the DagBag from /opt/airflow/dags/main.py
[2026-09-24T06:40:53.043+0000] {processor.py:840} INFO - DAG(s) 'produce_json' retrieved from /opt/airflow/dags/main.py
[2026-09-24T06:40:53.069+0000] {logging_mixin.py:188} INFO - [2026-09-24T06:40:53.069+0000] {dag.py:3096} INFO - Sync 1 DAGs
[2026-09-24T06:40:53.088+0000] {logging_mixin.py:188} INFO - [2026-09-24T06:40:53.087+0000] {dag.py:3954} INFO - Setting next_dagrun for produce_json to 2026-09-23 12:00:00+00:00, run_after=2026-09-24 12:00:00+00:00
[2026-09-24T06:40:53.110+0000] {processor.py:183} INFO - Processing /opt/airflow/dags/main.py took 0.184 seconds
[2026-09-24T06:41:23.356+0000] {processor.py:161} INFO - Started process (PID=664) to work on /opt/airflow/dags/main.py
[2026-09-24T06:41:23.359+0000] {processor.py:830} INFO - Processing file /opt/airflow/dags/main.py for tasks to queue
[2026-09-24T06:41:23.362+0000] {logging_mixin.py:188} INFO - [2026-09-24T06:41:23.362+0000] {dagbag.py:545} INFO - Filling up the DagBag from /opt/airflow/dags/main.py
[2026-09-24T06:41:23.465+0000] {processor.py:840} INFO - DAG(s) 'produce_json' retrieved from /opt/airflow/dags/main.py
[2026-09-24T06:41:23.489+0000] {logging_mixin.py:188} INFO - [2026-09-24T06:41:23.488+0000] {dag.py:3096} INFO - Sync 1 DAGs
[2026-09-24T06:41:23.509+0000] {logging_mixin.py:188} INFO - [2026-09-24T06:41:23.509+0000] {dag.py:3954} INFO - Setting next_dagrun for produce_json to 2026-09-23 12:00:00+00:00, run_after=2026-09-24 12:00:00+00:00
[2026-09-24T06:41:23.530+0000] {processor.py:183} INFO - Processing /opt/airflow/dags/main.py took 0.182 seconds
[2026-09-24T06:41:53.688+0000] {processor.py:161} INFO - Started process (PID=671) to work on /opt/airflow/dags/main.py
[2026-09-24T06:41:53.691+0000] {processor.py:830} INFO - Processing file /opt/airflow/dags/main.py for tasks to queue
[2026-09-24T06:41:53.695+0000] {logging_mixin.py:188} INFO - [2026-09-24T06:41:53.695+0000] {dagbag.py:545} INFO - Filling up the DagBag from /opt/airflow/dags/main.py
[2026-09-24T06:41:53.797+0000] {processor.py:840} INFO - DAG(s) 'produce_json' retrieved from /opt/airflow/dags/main.py
[2026-09-24T06:41:53.824+0000] {logging_mixin.py:188} INFO - [2026-09-24T06:41:53.823+0000] {dag.py:3096} INFO - Sync 1 DAGs
[2026-09-24T06:41:53.844+0000] {logging_mixin.py:188} INFO - [2026-09-24T06:41:53.844+0000] {dag.py:3954} INFO - Setting next_dagrun for produce_json to 2026-09-23 12:00:00+00:00, run_after=2026-09-24 12:00:00+00:00
[2026-09-24T06:41:53.869+0000] {processor.py:183} INFO - Processing /opt/airflow/dags/main.py took 0.187 seconds
[2026-09-24T06:42:24.113+0000] {processor.py:161} INFO - Started process (PID=678) to work on /opt/airflow/dags/main.py
[2026-09-24T06:42:24.116+0000] {processor.py:830} INFO - Processing file /opt/airflow/dags/main.py for tasks to queue
[2026-09-24T06:42:24.119+0000] {logging_mixin.py:188} INFO - [2026-09-24T06:42:24.119+0000] {dagbag.py:545} INFO - Filling up the DagBag from /opt/airflow/dags/main.py
[2026-09-24T06:42:24.221+0000] {processor.py:840} INFO - DAG(s) 'produce_json' retrieved from /opt/airflow/dags/main.py
[2026-09-24T06:42:24.250+0000] {logging_mixin.py:188} INFO - [2026-09-24T06:42:24.249+0000] {dag.py:3096} INFO - Sync 1 DAGs
[2026-09-24T06:42:24.271+0000] {logging_mixin.py:188} INFO - [2026-09-24T06:42:24.270+0000] {dag.py:3954} INFO - Setting next_dagrun for produce_json to 2026-09-23 12:00:00+00:00, run_after=2026-09-24 12:00:00+00:00
[2026-09-24T06:42:24.292+0000] {processor.py:183} INFO - Processing /opt/airflow/dags/main.py took 0.187 seconds
[2026-09-24T06:42:54.444+0000] {processor.py:161} INFO - Started process (PID=685) to work on /opt/airflow/dags/main.py
[2026-09-24T06:42:54.447+0000] {processor.py:830} INFO - Processing file /opt/airflow/dags/main.py for tasks to queue
[2026-09-24T06:42:54.452+0000] {logging_mixin.py:188} INFO - [2026-09-24T06:42:54.451+0000] {dagbag.py:545} INFO - Filling up the DagBag from /opt/airflow/dags/main.py
[2026-09-24T06:42:54.574+0000] {processor.py:840} INFO - DAG(s) 'produce_json' retrieved from /opt/airflow/dags/main.py
[2026-09-24T06:42:54.618+0000] {logging_mixin.py:188} INFO - [2026-09-24T06:42:54.617+0000] {dag.py:3096} INFO - Sync 1 DAGs
[2026-09-24T06:42:54.650+0000] {logging_mixin.py:188} INFO - [2026-09-24T06:42:54.650+0000] {dag.py:3954} INFO - Setting next_dagrun for produce_json to 2026-09-23 12:00:00+00:00, run_after=2026-09-24 12:00:00+00:00
[2026-09-24T06:42:54.680+0000] {processor.py:183} INFO - Processing /opt/airflow/dags/main.py took 0.247 seconds
[2026-09-24T06:43:24.873+0000] {processor.py:161} INFO - Started process (PID=692) to work on /opt/airflow/dags/main.py
[2026-09-24T06:43:24.876+0000] {processor.py:830} INFO - Processing file /opt/airflow/dags/main.py for tasks to queue
[2026-09-24T06:43:24.881+0000] {logging_mixin.py:188} INFO - [2026-09-24T06:43:24.880+0000] {dagbag.py:545} INFO - Filling up the DagBag from /opt/airflow/dags/main.py
[2026-09-24T06:43:24.975+0000] {processor.py:840} INFO - DAG(s) 'produce_json' retrieved from /opt/airflow/dags/main.py
[2026-09-24T06:43:25.008+0000] {logging_mixin.py:188} INFO - [2026-09-24T06:43:25.008+0000] {dag.py:3096} INFO - Sync 1 DAGs
[2026-09-24T06:43:25.029+0000] {logging_mixin.py:188} INFO - [2026-09-24T06:43:25.029+0000] {dag.py:3954} INFO - Setting next_dagrun for produce_json to 2026-09-23 12:00:00+00:00, run_after=2026-09-24 12:00:00+00:00
[2026-09-24T06:43:25.053+0000] {processor.py:183} INFO - Processing /opt/airflow/dags/main.py took 0.191 seconds
[2026-09-24T06:43:55.493+0000] {processor.py:161} INFO - Started process (PID=699) to work on /opt/airflow/dags/main.py
[2026-09-24T06:43:55.496+0000] {processor.py:830} INFO - Processing file /opt/airflow/dags/main.py for tasks to queue
[2026-09-24T06:43:55.500+0000] {logging_mixin.py:188} INFO - [2026-09-24T06:43:55.499+0000] {dagbag.py:545} INFO - Filling up the DagBag from /opt/airflow/dags/main.py
[2026-09-24T06:43:55.615+0000] {processor.py:840} INFO - DAG(s) 'produce_json' retrieved from /opt/airflow/dags/main.py
[2026-09-24T06:43:55.645+0000] {logging_mixin.py:188} INFO - [2026-09-24T06:43:55.644+0000] {dag.py:3096} INFO - Sync 1 DAGs
[2026-09-24T06:43:55.668+0000] {logging_mixin.py:188} INFO - [2026-09-24T06:43:55.668+0000] {dag.py:3954} INFO - Setting next_dagrun for produce_json to 2026-09-23 12:00:00+00:00, run_after=2026-09-24 12:00:00+00:00
[2026-09-24T06:43:55.691+0000] {processor.py:183} INFO - Processing /opt/airflow/dags/main.py took 0.206 seconds
[2026-09-24T06:44:25.786+0000] {processor.py:161} INFO - Started process (PID=706) to work on /opt/airflow/dags/main.py
[2026-09-24T06:44:25.790+0000] {processor.py:830} INFO - Processing file /opt/airflow/dags/main.py for tasks to queue
[2026-09-24T06:44:25.793+0000] {logging_mixin.py:188} INFO - [2026-09-24T06:44:25.793+0000] {dagbag.py:545} INFO - Filling up the DagBag from /opt/airflow/dags/main.py
[2026-09-24T06:44:25.907+0000] {processor.py:840} INFO - DAG(s) 'produce_json' retrieved from /opt/airflow/dags/main.py
[2026-09-24T06:44:25.934+0000] {logging_mixin.py:188} INFO - [2026-09-24T06:44:25.934+0000] {dag.py:3096} INFO - Sync 1 DAGs
[2026-09-24T06:44:25.953+0000] {logging_mixin.py:188} INFO - [2026-09-24T06:44:25.953+0000] {dag.py:3954} INFO - Setting next_dagrun for produce_json to 2026-09-23 12:00:00+00:00, run_after=2026-09-24 12:00:00+00:00
[2026-09-24T06:44:25.977+0000] {processor.py:183} INFO - Processing /opt/airflow/dags/main.py took 0.197 seconds
[2026-09-24T06:44:56.293+0000] {processor.py:161} INFO - Started process (PID=713) to work on /opt/airflow/dags/main.py
[2026-09-24T06:44:56.296+0000] {processor.py:830} INFO - Processing file /opt/airflow/dags/main.py for tasks to queue
[2026-09-24T06:44:56.300+0000] {logging_mixin.py:188} INFO - [2026-09-24T06:44:56.299+0000] {dagbag.py:545} INFO - Filling up the DagBag from /opt/airflow/dags/main.py
[2026-09-24T06:44:56.444+0000] {processor.py:840} INFO - DAG(s) 'produce_json' retrieved from /opt/airflow/dags/main.py
[2026-09-24T06:44:56.474+0000] {logging_mixin.py:188} INFO - [2026-09-24T06:44:56.473+0000] {dag.py:3096} INFO - Sync 1 DAGs
[2026-09-24T06:44:56.496+0000] {logging_mixin.py:188} INFO - [2026-09-24T06:44:56.496+0000] {dag.py:3954} INFO - Setting next_dagrun for produce_json to 2026-09-23 12:00:00+00:00, run_after=2026-09-24 12:00:00+00:00
[2026-09-24T06:44:56.520+0000] {processor.py:183} INFO - Processing /opt/airflow/dags/main.py took 0.235 seconds
[2026-09-24T06:45:26.824+0000] {processor.py:161} INFO - Started process (PID=720) to work on /opt/airflow/dags/main.py
[2026-09-24T06:45:26.827+0000] {processor.py:830} INFO - Processing file /opt/airflow/dags/main.py for tasks to queue
[2026-09-24T06:45:26.831+0000] {logging_mixin.py:188} INFO - [2026-09-24T06:45:26.831+0000] {dagbag.py:545} INFO - Filling up the DagBag from /opt/airflow/dags/main.py
[2026-09-24T06:45:26.950+0000] {processor.py:840} INFO - DAG(s) 'produce_json' retrieved from /opt/airflow/dags/main.py
[2026-09-24T06:45:26.983+0000] {logging_mixin.py:188} INFO - [2026-09-24T06:45:26.983+0000] {dag.py:3096} INFO - Sync 1 DAGs
[2026-09-24T06:45:27.005+0000] {logging_mixin.py:188} INFO - [2026-09-24T06:45:27.005+0000] {dag.py:3954} INFO - Setting next_dagrun for produce_json to 2026-09-23 12:00:00+00:00, run_after=2026-09-24 12:00:00+00:00
[2026-09-24T06:45:27.029+0000] {processor.py:183} INFO - Processing /opt/airflow/dags/main.py took 0.211 seconds
[2026-09-24T06:45:57.144+0000] {processor.py:161} INFO - Started process (PID=727) to work on /opt/airflow/dags/main.py
[2026-09-24T06:45:57.147+0000] {processor.py:830} INFO - Processing file /opt/airflow/dags/main.py for tasks to queue
[2026-09-24T06:45:57.151+0000] {logging_mixin.py:188} INFO - [2026-09-24T06:45:57.150+0000] {dagbag.py:545} INFO - Filling up the DagBag from /opt/airflow/dags/main.py
[2026-09-24T06:45:57.273+0000] {processor.py:840} INFO - DAG(s) 'produce_json' retrieved from /opt/airflow/dags/main.py
[2026-09-24T06:45:57.306+0000] {logging_mixin.py:188} INFO - [2026-09-24T06:45:57.306+0000] {dag.py:3096} INFO - Sync 1 DAGs
[2026-09-24T06:45:57.327+0000] {logging_mixin.py:188} INFO - [2026-09-24T06:45:57.327+0000] {dag.py:3954} INFO - Setting next_dagrun for produce_json to 2026-09-23 12:00:00+00:00, run_after=2026-09-24 12:00:00+00:00
[2026-09-24T06:45:57.348+0000] {processor.py:183} INFO - Processing /opt/airflow/dags/main.py took 0.211 seconds
[2026-09-24T06:46:27.646+0000] {processor.py:161} INFO - Started process (PID=734) to work on /opt/airflow/dags/main.py
[2026-09-24T06:46:27.650+0000] {processor.py:830} INFO - Processing file /opt/airflow/dags/main.py for tasks to queue
[2026-09-24T06:46:27.653+0000] {logging_mixin.py:188} INFO - [2026-09-24T06:46:27.653+0000] {dagbag.py:545} INFO - Filling up the DagBag from /opt/airflow/dags/main.py
[2026-09-24T06:46:27.772+0000] {processor.py:840} INFO - DAG(s) 'produce_json' retrieved from /opt/airflow/dags/main.py
[2026-09-24T06:46:27.801+0000] {logging_mixin.py:188} INFO - [2026-09-24T06:46:27.801+0000] {dag.py:3096} INFO - Sync 1 DAGs
[2026-09-24T06:46:27.821+0000] {logging_mixin.py:188} INFO - [2026-09-24T06:46:27.821+0000] {dag.py:3954} INFO - Setting next_dagrun for produce_json to 2026-09-23 12:00:00+00:00, run_after=2026-09-24 12:00:00+00:00
[2026-09-24T06:46:27.842+0000] {processor.py:183} INFO - Processing /opt/airflow/dags/main.py took 0.201 seconds
[2026-09-24T06:46:57.949+0000] {processor.py:161} INFO - Started process (PID=741) to work on /opt/airflow/dags/main.py
[2026-09-24T06:46:57.952+0000] {processor.py:830} INFO - Processing file /opt/airflow/dags/main.py for tasks to queue
[2026-09-24T06:46:57.955+0000] {logging_mixin.py:188} INFO - [2026-09-24T06:46:57.955+0000] {dagbag.py:545} INFO - Filling up the DagBag from /opt/airflow/dags/main.py
[2026-09-24T06:46:58.063+0000] {processor.py:840} INFO - DAG(s) 'produce_json' retrieved from /opt/airflow/dags/main.py
[2026-09-24T06:46:58.090+0000] {logging_mixin.py:188} INFO - [2026-09-24T06:46:58.090+0000] {dag.py:3096} INFO - Sync 1 DAGs
[2026-09-24T06:46:58.110+0000] {logging_mixin.py:188} INFO - [2026-09-24T06:46:58.110+0000] {dag.py:3954} INFO - Setting next_dagrun for produce_json to 2026-09-23 12:00:00+00:00, run_after=2026-09-24 12:00:00+00:00
[2026-09-24T06:46:58.132+0000] {processor.py:183} INFO - Processing /opt/airflow/dags/main.py took 0.189 seconds
[2026-09-24T06:47:28.450+0000] {processor.py:161} INFO - Started process (PID=748) to work on /opt/airflow/dags/main.py
[2026-09-24T06:47:28.453+0000] {processor.py:830} INFO - Processing file /opt/airflow/dags/main.py for tasks to queue
[2026-09-24T06:47:28.457+0000] {logging_mixin.py:188} INFO - [2026-09-24T06:47:28.457+0000] {dagbag.py:545} INFO - Filling up the DagBag from /opt/airflow/dags/main.py
[2026-09-24T06:47:28.573+0000] {processor.py:840} INFO - DAG(s) 'produce_json' retrieved from /opt/airflow/dags/main.py
[2026-09-24T06:47:28.600+0000] {logging_mixin.py:188} INFO - [2026-09-24T06:47:28.600+0000] {dag.py:3096} INFO - Sync 1 DAGs
[2026-09-24T06:47:28.621+0000] {logging_mixin.py:188} INFO - [2026-09-24T06:47:28.621+0000] {dag.py:3954} INFO - Setting next_dagrun for produce_json to 2026-09-23 12:00:00+00:00, run_after=2026-09-24 12:00:00+00:00
[2026-09-24T06:47:28.645+0000] {processor.py:183} INFO - Processing /opt/airflow/dags/main.py took 0.200 seconds
[2026-09-24T06:47:58.754+0000] {processor.py:161} INFO - Started process (PID=755) to work on /opt/airflow/dags/main.py
[2026-09-24T06:47:58.756+0000] {processor.py:830} INFO - Processing file /opt/airflow/dags/main.py for tasks to queue
[2026-09-24T06:47:58.759+0000] {logging_mixin.py:188} INFO - [2026-09-24T06:47:58.759+0000] {dagbag.py:545} INFO - Filling up the DagBag from /opt/airflow/dags/main.py
[2026-09-24T06:47:58.857+0000] {processor.py:840} INFO - DAG(s) 'produce_json' retrieved from /opt/airflow/dags/main.py
[2026-09-24T06:47:58.886+0000] {logging_mixin.py:188} INFO - [2026-09-24T06:47:58.886+0000] {dag.py:3096} INFO - Sync 1 DAGs
[2026-09-24T06:47:58.907+0000] {logging_mixin.py:188} INFO - [2026-09-24T06:47:58.907+0000] {dag.py:3954} INFO - Setting next_dagrun for produce_json to 2026-09-23 12:00:00+00:00, run_after=2026-09-24 12:00:00+00:00
[2026-09-24T06:47:58.931+0000] {processor.py:183} INFO - Processing /opt/airflow/dags/main.py took 0.183 seconds
[2026-09-24T06:48:29.228+0000] {processor.py:161} INFO - Started process (PID=763) to work on /opt/airflow/dags/main.py
[2026-09-24T06:48:29.231+0000] {processor.py:830} INFO - Processing file /opt/airflow/dags/main.py for tasks to queue
[2026-09-24T06:48:29.234+0000] {logging_mixin.py:188} INFO - [2026-09-24T06:48:29.233+0000] {dagbag.py:545} INFO - Filling up the DagBag from /opt/airflow/dags/main.py
[2026-09-24T06:48:29.331+0000] {processor.py:840} INFO - DAG(s) 'produce_json' retrieved from /opt/airflow/dags/main.py
[2026-09-24T06:48:29.356+0000] {logging_mixin.py:188} INFO - [2026-09-24T06:48:29.356+0000] {dag.py:3096} INFO - Sync 1 DAGs
[2026-09-24T06:48:29.375+0000] {logging_mixin.py:188} INFO - [2026-09-24T06:48:29.375+0000] {dag.py:3954} INFO - Setting next_dagrun for produce_json to 2026-09-23 12:00:00+00:00, run_after=2026-09-24 12:00:00+00:00
[2026-09-24T06:48:29.397+0000] {processor.py:183} INFO - Processing /opt/airflow/dags/main.py took 0.174 seconds
[2026-09-24T06:48:59.741+0000] {processor.py:161} INFO - Started process (PID=770) to work on /opt/airflow/dags/main.py
[2026-09-24T06:48:59.744+0000] {processor.py:830} INFO - Processing file /opt/airflow/dags/main.py for tasks to queue
[2026-09-24T06:48:59.748+0000] {logging_mixin.py:188} INFO - [2026-09-24T06:48:59.748+0000] {dagbag.py:545} INFO - Filling up the DagBag from /opt/airflow/dags/main.py
[2026-09-24T06:48:59.862+0000] {processor.py:840} INFO - DAG(s) 'produce_json' retrieved from /opt/airflow/dags/main.py
[2026-09-24T06:48:59.888+0000] {logging_mixin.py:188} INFO - [2026-09-24T06:48:59.887+0000] {dag.py:3096} INFO - Sync 1 DAGs
[2026-09-24T06:48:59.907+0000] {logging_mixin.py:188} INFO - [2026-09-24T06:48:59.907+0000] {dag.py:3954} INFO - Setting next_dagrun for produce_json to 2026-09-23 12:00:00+00:00, run_after=2026-09-24 12:00:00+00:00
[2026-09-24T06:48:59.929+0000] {processor.py:183} INFO - Processing /opt/airflow/dags/main.py took 0.193 seconds
[2026-09-24T06:49:30.029+0000] {processor.py:161} INFO - Started process (PID=777) to work on /opt/airflow/dags/main.py
[2026-09-24T06:49:30.032+0000] {processor.py:830} INFO - Processing file /opt/airflow/dags/main.py for tasks to queue
[2026-09-24T06:49:30.035+0000] {logging_mixin.py:188} INFO - [2026-09-24T06:49:30.035+0000] {dagbag.py:545} INFO - Filling up the DagBag from /opt/airflow/dags/main.py
[2026-09-24T06:49:30.137+0000] {processor.py:840} INFO - DAG(s) 'produce_json' retrieved from /opt/airflow/dags/main.py
[2026-09-24T06:49:30.163+0000] {logging_mixin.py:188} INFO - [2026-09-24T06:49:30.162+0000] {dag.py:3096} INFO - Sync 1 DAGs
[2026-09-24T06:49:30.182+0000] {logging_mixin.py:188} INFO - [2026-09-24T06:49:30.182+0000] {dag.py:3954} INFO - Setting next_dagrun for produce_json to 2026-09-23 12:00:00+00:00, run_after=2026-09-24 12:00:00+00:00
[2026-09-24T06:49:30.202+0000] {processor.py:183} INFO - Processing /opt/airflow/dags/main.py took 0.180 seconds
[2026-09-24T06:50:00.531+0000] {processor.py:161} INFO - Started process (PID=784) to work on /opt/airflow/dags/main.py
[2026-09-24T06:50:00.533+0000] {processor.py:830} INFO - Processing file /opt/airflow/dags/main.py for tasks to queue
[2026-09-24T06:50:00.536+0000] {logging_mixin.py:188} INFO - [2026-09-24T06:50:00.536+0000] {dagbag.py:545} INFO - Filling up the DagBag from /opt/airflow/dags/main.py
[2026-09-24T06:50:00.641+0000] {processor.py:840} INFO - DAG(s) 'produce_json' retrieved from /opt/airflow/dags/main.py
[2026-09-24T06:50:00.667+0000] {logging_mixin.py:188} INFO - [2026-09-24T06:50:00.666+0000] {dag.py:3096} INFO - Sync 1 DAGs
[2026-09-24T06:50:00.689+0000] {logging_mixin.py:188} INFO - [2026-09-24T06:50:00.689+0000] {dag.py:3954} INFO - Setting next_dagrun for produce_json to 2026-09-23 12:00:00+00:00, run_after=2026-09-24 12:00:00+00:00
[2026-09-24T06:50:00.712+0000] {processor.py:183} INFO - Processing /opt/airflow/dags/main.py took 0.186 seconds
[2026-09-24T06:50:30.828+0000] {processor.py:161} INFO - Started process (PID=791) to work on /opt/airflow/dags/main.py
[2026-09-24T06:50:30.830+0000] {processor.py:830} INFO - Processing file /opt/airflow/dags/main.py for tasks to queue
[2026-09-24T06:50:30.834+0000] {logging_mixin.py:188} INFO - [2026-09-24T06:50:30.834+0000] {dagbag.py:545} INFO - Filling up the DagBag from /opt/airflow/dags/main.py
[2026-09-24T06:50:30.942+0000] {processor.py:840} INFO - DAG(s) 'produce_json' retrieved from /opt/airflow/dags/main.py
[2026-09-24T06:50:30.972+0000] {logging_mixin.py:188} INFO - [2026-09-24T06:50:30.972+0000] {dag.py:3096} INFO - Sync 1 DAGs
[2026-09-24T06:50:30.993+0000] {logging_mixin.py:188} INFO - [2026-09-24T06:50:30.993+0000] {dag.py:3954} INFO - Setting next_dagrun for produce_json to 2026-09-23 12:00:00+00:00, run_after=2026-09-24 12:00:00+00:00
[2026-09-24T06:50:31.018+0000] {processor.py:183} INFO - Processing /opt/airflow/dags/main.py took 0.197 seconds
[2026-09-24T06:51:01.296+0000] {processor.py:161} INFO - Started process (PID=798) to work on /opt/airflow/dags/main.py
[2026-09-24T06:51:01.299+0000] {processor.py:830} INFO - Processing file /opt/airflow/dags/main.py for tasks to queue
[2026-09-24T06:51:01.303+0000] {logging_mixin.py:188} INFO - [2026-09-24T06:51:01.302+0000] {dagbag.py:545} INFO - Filling up the DagBag from /opt/airflow/dags/main.py
[2026-09-24T06:51:01.407+0000] {processor.py:840} INFO - DAG(s) 'produce_json' retrieved from /opt/airflow/dags/main.py
[2026-09-24T06:51:01.434+0000] {logging_mixin.py:188} INFO - [2026-09-24T06:51:01.434+0000] {dag.py:3096} INFO - Sync 1 DAGs
[2026-09-24T06:51:01.454+0000] {logging_mixin.py:188} INFO - [2026-09-24T06:51:01.454+0000] {dag.py:3954} INFO - Setting next_dagrun for produce_json to 2026-09-23 12:00:00+00:00, run_after=2026-09-24 12:00:00+00:00
[2026-09-24T06:51:01.477+0000] {processor.py:183} INFO - Processing /opt/airflow/dags/main.py took 0.186 seconds
[2026-09-24T06:51:31.574+0000] {processor.py:161} INFO - Started process (PID=805) to work on /opt/airflow/dags/main.py
[2026-09-24T06:51:31.577+0000] {processor.py:830} INFO - Processing file /opt/airflow/dags/main.py for tasks to queue
[2026-09-24T06:51:31.581+0000] {logging_mixin.py:188} INFO - [2026-09-24T06:51:31.581+0000] {dagbag.py:545} INFO - Filling up the DagBag from /opt/airflow/dags/main.py
[2026-09-24T06:51:31.684+0000] {processor.py:840} INFO - DAG(s) 'produce_json' retrieved from /opt/airflow/dags/main.py
[2026-09-24T06:51:31.710+0000] {logging_mixin.py:188} INFO - [2026-09-24T06:51:31.709+0000] {dag.py:3096} INFO - Sync 1 DAGs
[2026-09-24T06:51:31.728+0000] {logging_mixin.py:188} INFO - [2026-09-24T06:51:31.728+0000] {dag.py:3954} INFO - Setting next_dagrun for produce_json to 2026-09-23 12:00:00+00:00, run_after=2026-09-24 12:00:00+00:00
[2026-09-24T06:51:31.751+0000] {processor.py:183} INFO - Processing /opt/airflow/dags/main.py took 0.182 seconds
[2026-09-24T06:52:02.081+0000] {processor.py:161} INFO - Started process (PID=812) to work on /opt/airflow/dags/main.py
[2026-09-24T06:52:02.083+0000] {processor.py:830} INFO - Processing file /opt/airflow/dags/main.py for tasks to queue
[2026-09-24T06:52:02.086+0000] {logging_mixin.py:188} INFO - [2026-09-24T06:52:02.086+0000] {dagbag.py:545} INFO - Filling up the DagBag from /opt/airflow/dags/main.py
[2026-09-24T06:52:02.192+0000] {processor.py:840} INFO - DAG(s) 'produce_json' retrieved from /opt/airflow/dags/main.py
[2026-09-24T06:52:02.222+0000] {logging_mixin.py:188} INFO - [2026-09-24T06:52:02.222+0000] {dag.py:3096} INFO - Sync 1 DAGs
[2026-09-24T06:52:02.243+0000] {logging_mixin.py:188} INFO - [2026-09-24T06:52:02.243+0000] {dag.py:3954} INFO - Setting next_dagrun for produce_json to 2026-09-23 12:00:00+00:00, run_after=2026-09-24 12:00:00+00:00
[2026-09-24T06:52:02.267+0000] {processor.py:183} INFO - Processing /opt/airflow/dags/main.py took 0.191 seconds
[2026-09-24T06:52:32.372+0000] {processor.py:161} INFO - Started process (PID=819) to work on /opt/airflow/dags/main.py
[2026-09-24T06:52:32.374+0000] {processor.py:830} INFO - Processing file /opt/airflow/dags/main.py for tasks to queue
[2026-09-24T06:52:32.378+0000] {logging_mixin.py:188} INFO - [2026-09-24T06:52:32.377+0000] {dagbag.py:545} INFO - Filling up the DagBag from /opt/airflow/dags/main.py
[2026-09-24T06:52:32.483+0000] {processor.py:840} INFO - DAG(s) 'produce_json' retrieved from /opt/airflow/dags/main.py
[2026-09-24T06:52:32.512+0000] {logging_mixin.py:188} INFO - [2026-09-24T06:52:32.512+0000] {dag.py:3096} INFO - Sync 1 DAGs
[2026-09-24T06:52:32.533+0000] {logging_mixin.py:188} INFO - [2026-09-24T06:52:32.533+0000] {dag.py:3954} INFO - Setting next_dagrun for produce_json to 2026-09-23 12:00:00+00:00, run_after=2026-09-24 12:00:00+00:00
[2026-09-24T06:52:32.556+0000] {processor.py:183} INFO - Processing /opt/airflow/dags/main.py took 0.190 seconds
[2026-09-24T06:53:02.886+0000] {processor.py:161} INFO - Started process (PID=826) to work on /opt/airflow/dags/main.py
[2026-09-24T06:53:02.888+0000] {processor.py:830} INFO - Processing file /opt/airflow/dags/main.py for tasks to queue
[2026-09-24T06:53:02.892+0000] {logging_mixin.py:188} INFO - [2026-09-24T06:53:02.892+0000] {dagbag.py:545} INFO - Filling up the DagBag from /opt/airflow/dags/main.py
[2026-09-24T06:53:02.999+0000] {processor.py:840} INFO - DAG(s) 'produce_json' retrieved from /opt/airflow/dags/main.py
[2026-09-24T06:53:03.027+0000] {logging_mixin.py:188} INFO - [2026-09-24T06:53:03.027+0000] {dag.py:3096} INFO - Sync 1 DAGs
[2026-09-24T06:53:03.048+0000] {logging_mixin.py:188} INFO - [2026-09-24T06:53:03.047+0000] {dag.py:3954} INFO - Setting next_dagrun for produce_json to 2026-09-23 12:00:00+00:00, run_after=2026-09-24 12:00:00+00:00
[2026-09-24T06:53:03.069+0000] {processor.py:183} INFO - Processing /opt/airflow/dags/main.py took 0.188 seconds
[2026-09-24T06:53:33.189+0000] {processor.py:161} INFO - Started process (PID=833) to work on /opt/airflow/dags/main.py
[2026-09-24T06:53:33.192+0000] {processor.py:830} INFO - Processing file /opt/airflow/dags/main.py for tasks to queue
[2026-09-24T06:53:33.196+0000] {logging_mixin.py:188} INFO - [2026-09-24T06:53:33.196+0000] {dagbag.py:545} INFO - Filling up the DagBag from /opt/airflow/dags/main.py
[2026-09-24T06:53:33.327+0000] {processor.py:840} INFO - DAG(s) 'produce_json' retrieved from /opt/airflow/dags/main.py
[2026-09-24T06:53:33.354+0000] {logging_mixin.py:188} INFO - [2026-09-24T06:53:33.354+0000] {dag.py:3096} INFO - Sync 1 DAGs
[2026-09-24T06:53:33.374+0000] {logging_mixin.py:188} INFO - [2026-09-24T06:53:33.374+0000] {dag.py:3954} INFO - Setting next_dagrun for produce_json to 2026-09-23 12:00:00+00:00, run_after=2026-09-24 12:00:00+00:00
[2026-09-24T06:53:33.402+0000] {processor.py:183} INFO - Processing /opt/airflow/dags/main.py took 0.219 seconds
[2026-09-24T06:54:03.879+0000] {processor.py:161} INFO - Started process (PID=840) to work on /opt/airflow/dags/main.py
[2026-09-24T06:54:03.882+0000] {processor.py:830} INFO - Processing file /opt/airflow/dags/main.py for tasks to queue
[2026-09-24T06:54:03.886+0000] {logging_mixin.py:188} INFO - [2026-09-24T06:54:03.885+0000] {dagbag.py:545} INFO - Filling up the DagBag from /opt/airflow/dags/main.py
[2026-09-24T06:54:03.989+0000] {processor.py:840} INFO - DAG(s) 'produce_json' retrieved from /opt/airflow/dags/main.py
[2026-09-24T06:54:04.015+0000] {logging_mixin.py:188} INFO - [2026-09-24T06:54:04.014+0000] {dag.py:3096} INFO - Sync 1 DAGs
[2026-09-24T06:54:04.035+0000] {logging_mixin.py:188} INFO - [2026-09-24T06:54:04.034+0000] {dag.py:3954} INFO - Setting next_dagrun for produce_json to 2026-09-23 12:00:00+00:00, run_after=2026-09-24 12:00:00+00:00
[2026-09-24T06:54:04.058+0000] {processor.py:183} INFO - Processing /opt/airflow/dags/main.py took 0.185 seconds
[2026-09-24T06:54:34.200+0000] {processor.py:161} INFO - Started process (PID=847) to work on /opt/airflow/dags/main.py
[2026-09-24T06:54:34.202+0000] {processor.py:830} INFO - Processing file /opt/airflow/dags/main.py for tasks to queue
[2026-09-24T06:54:34.206+0000] {logging_mixin.py:188} INFO - [2026-09-24T06:54:34.205+0000] {dagbag.py:545} INFO - Filling up the DagBag from /opt/airflow/dags/main.py
[2026-09-24T06:54:34.313+0000] {processor.py:840} INFO - DAG(s) 'produce_json' retrieved from /opt/airflow/dags/main.py
[2026-09-24T06:54:34.341+0000] {logging_mixin.py:188} INFO - [2026-09-24T06:54:34.341+0000] {dag.py:3096} INFO - Sync 1 DAGs
[2026-09-24T06:54:34.363+0000] {logging_mixin.py:188} INFO - [2026-09-24T06:54:34.363+0000] {dag.py:3954} INFO - Setting next_dagrun for produce_json to 2026-09-23 12:00:00+00:00, run_after=2026-09-24 12:00:00+00:00
[2026-09-24T06:54:34.385+0000] {processor.py:183} INFO - Processing /opt/airflow/dags/main.py took 0.191 seconds
[2026-09-24T06:55:04.655+0000] {processor.py:161} INFO - Started process (PID=854) to work on /opt/airflow/dags/main.py
[2026-09-24T06:55:04.658+0000] {processor.py:830} INFO - Processing file /opt/airflow/dags/main.py for tasks to queue
[2026-09-24T06:55:04.661+0000] {logging_mixin.py:188} INFO - [2026-09-24T06:55:04.661+0000] {dagbag.py:545} INFO - Filling up the DagBag from /opt/airflow/dags/main.py
[2026-09-24T06:55:04.765+0000] {processor.py:840} INFO - DAG(s) 'produce_json' retrieved from /opt/airflow/dags/main.py
[2026-09-24T06:55:04.790+0000] {logging_mixin.py:188} INFO - [2026-09-24T06:55:04.790+0000] {dag.py:3096} INFO - Sync 1 DAGs
[2026-09-24T06:55:04.809+0000] {logging_mixin.py:188} INFO - [2026-09-24T06:55:04.809+0000] {dag.py:3954} INFO - Setting next_dagrun for produce_json to 2026-09-23 12:00:00+00:00, run_after=2026-09-24 12:00:00+00:00
[2026-09-24T06:55:04.830+0000] {processor.py:183} INFO - Processing /opt/airflow/dags/main.py took 0.180 seconds
[2026-09-24T06:55:34.971+0000] {processor.py:161} INFO - Started process (PID=861) to work on /opt/airflow/dags/main.py
[2026-09-24T06:55:34.974+0000] {processor.py:830} INFO - Processing file /opt/airflow/dags/main.py for tasks to queue
[2026-09-24T06:55:34.978+0000] {logging_mixin.py:188} INFO - [2026-09-24T06:55:34.977+0000] {dagbag.py:545} INFO - Filling up the DagBag from /opt/airflow/dags/main.py
[2026-09-24T06:55:35.124+0000] {processor.py:840} INFO - DAG(s) 'produce_json' retrieved from /opt/airflow/dags/main.py
[2026-09-24T06:55:35.198+0000] {logging_mixin.py:188} INFO - [2026-09-24T06:55:35.197+0000] {dag.py:3096} INFO - Sync 1 DAGs
[2026-09-24T06:55:35.229+0000] {logging_mixin.py:188} INFO - [2026-09-24T06:55:35.228+0000] {dag.py:3954} INFO - Setting next_dagrun for produce_json to 2026-09-23 12:00:00+00:00, run_after=2026-09-24 12:00:00+00:00
[2026-09-24T06:55:35.266+0000] {processor.py:183} INFO - Processing /opt/airflow/dags/main.py took 0.305 seconds
[2026-09-24T06:56:05.429+0000] {processor.py:161} INFO - Started process (PID=868) to work on /opt/airflow/dags/main.py
[2026-09-24T06:56:05.433+0000] {processor.py:830} INFO - Processing file /opt/airflow/dags/main.py for tasks to queue
[2026-09-24T06:56:05.436+0000] {logging_mixin.py:188} INFO - [2026-09-24T06:56:05.436+0000] {dagbag.py:545} INFO - Filling up the DagBag from /opt/airflow/dags/main.py
[2026-09-24T06:56:05.533+0000] {processor.py:840} INFO - DAG(s) 'produce_json' retrieved from /opt/airflow/dags/main.py
[2026-09-24T06:56:05.563+0000] {logging_mixin.py:188} INFO - [2026-09-24T06:56:05.562+0000] {dag.py:3096} INFO - Sync 1 DAGs
[2026-09-24T06:56:05.583+0000] {logging_mixin.py:188} INFO - [2026-09-24T06:56:05.583+0000] {dag.py:3954} INFO - Setting next_dagrun for produce_json to 2026-09-23 12:00:00+00:00, run_after=2026-09-24 12:00:00+00:00
[2026-09-24T06:56:05.607+0000] {processor.py:183} INFO - Processing /opt/airflow/dags/main.py took 0.189 seconds
[2026-09-24T06:56:35.854+0000] {processor.py:161} INFO - Started process (PID=875) to work on /opt/airflow/dags/main.py
[2026-09-24T06:56:35.857+0000] {processor.py:830} INFO - Processing file /opt/airflow/dags/main.py for tasks to queue
[2026-09-24T06:56:35.860+0000] {logging_mixin.py:188} INFO - [2026-09-24T06:56:35.860+0000] {dagbag.py:545} INFO - Filling up the DagBag from /opt/airflow/dags/main.py
[2026-09-24T06:56:35.991+0000] {processor.py:840} INFO - DAG(s) 'produce_json' retrieved from /opt/airflow/dags/main.py
[2026-09-24T06:56:36.027+0000] {logging_mixin.py:188} INFO - [2026-09-24T06:56:36.026+0000] {dag.py:3096} INFO - Sync 1 DAGs
[2026-09-24T06:56:36.049+0000] {logging_mixin.py:188} INFO - [2026-09-24T06:56:36.049+0000] {dag.py:3954} INFO - Setting next_dagrun for produce_json to 2026-09-23 12:00:00+00:00, run_after=2026-09-24 12:00:00+00:00
[2026-09-24T06:56:36.068+0000] {processor.py:183} INFO - Processing /opt/airflow/dags/main.py took 0.219 seconds
[2026-09-24T06:57:06.154+0000] {processor.py:161} INFO - Started process (PID=882) to work on /opt/airflow/dags/main.py
[2026-09-24T06:57:06.157+0000] {processor.py:830} INFO - Processing file /opt/airflow/dags/main.py for tasks to queue
[2026-09-24T06:57:06.160+0000] {logging_mixin.py:188} INFO - [2026-09-24T06:57:06.160+0000] {dagbag.py:545} INFO - Filling up the DagBag from /opt/airflow/dags/main.py
[2026-09-24T06:57:06.265+0000] {processor.py:840} INFO - DAG(s) 'produce_json' retrieved from /opt/airflow/dags/main.py
[2026-09-24T06:57:06.293+0000] {logging_mixin.py:188} INFO - [2026-09-24T06:57:06.293+0000] {dag.py:3096} INFO - Sync 1 DAGs
[2026-09-24T06:57:06.314+0000] {logging_mixin.py:188} INFO - [2026-09-24T06:57:06.314+0000] {dag.py:3954} INFO - Setting next_dagrun for produce_json to 2026-09-23 12:00:00+00:00, run_after=2026-09-24 12:00:00+00:00
[2026-09-24T06:57:06.335+0000] {processor.py:183} INFO - Processing /opt/airflow/dags/main.py took 0.187 seconds
[2026-09-24T06:57:36.658+0000] {processor.py:161} INFO - Started process (PID=889) to work on /opt/airflow/dags/main.py
[2026-09-24T06:57:36.660+0000] {processor.py:830} INFO - Processing file /opt/airflow/dags/main.py for tasks to queue
[2026-09-24T06:57:36.664+0000] {logging_mixin.py:188} INFO - [2026-09-24T06:57:36.663+0000] {dagbag.py:545} INFO - Filling up the DagBag from /opt/airflow/dags/main.py
[2026-09-24T06:57:36.767+0000] {processor.py:840} INFO - DAG(s) 'produce_json' retrieved from /opt/airflow/dags/main.py
[2026-09-24T06:57:36.808+0000] {logging_mixin.py:188} INFO - [2026-09-24T06:57:36.808+0000] {dag.py:3096} INFO - Sync 1 DAGs
[2026-09-24T06:57:36.837+0000] {logging_mixin.py:188} INFO - [2026-09-24T06:57:36.836+0000] {dag.py:3954} INFO - Setting next_dagrun for produce_json to 2026-09-23 12:00:00+00:00, run_after=2026-09-24 12:00:00+00:00
[2026-09-24T06:57:36.867+0000] {processor.py:183} INFO - Processing /opt/airflow/dags/main.py took 0.215 seconds
[2026-09-24T06:58:06.956+0000] {processor.py:161} INFO - Started process (PID=896) to work on /opt/airflow/dags/main.py
[2026-09-24T06:58:06.959+0000] {processor.py:830} INFO - Processing file /opt/airflow/dags/main.py for tasks to queue
[2026-09-24T06:58:06.963+0000] {logging_mixin.py:188} INFO - [2026-09-24T06:58:06.962+0000] {dagbag.py:545} INFO - Filling up the DagBag from /opt/airflow/dags/main.py
[2026-09-24T06:58:07.069+0000] {processor.py:840} INFO - DAG(s) 'produce_json' retrieved from /opt/airflow/dags/main.py
[2026-09-24T06:58:07.105+0000] {logging_mixin.py:188} INFO - [2026-09-24T06:58:07.105+0000] {dag.py:3096} INFO - Sync 1 DAGs
[2026-09-24T06:58:07.125+0000] {logging_mixin.py:188} INFO - [2026-09-24T06:58:07.125+0000] {dag.py:3954} INFO - Setting next_dagrun for produce_json to 2026-09-23 12:00:00+00:00, run_after=2026-09-24 12:00:00+00:00
[2026-09-24T06:58:07.146+0000] {processor.py:183} INFO - Processing /opt/airflow/dags/main.py took 0.196 seconds
[2026-09-24T06:58:37.525+0000] {processor.py:161} INFO - Started process (PID=903) to work on /opt/airflow/dags/main.py
[2026-09-24T06:58:37.528+0000] {processor.py:830} INFO - Processing file /opt/airflow/dags/main.py for tasks to queue
[2026-09-24T06:58:37.533+0000] {logging_mixin.py:188} INFO - [2026-09-24T06:58:37.533+0000] {dagbag.py:545} INFO - Filling up the DagBag from /opt/airflow/dags/main.py
[2026-09-24T06:58:37.653+0000] {processor.py:840} INFO - DAG(s) 'produce_json' retrieved from /opt/airflow/dags/main.py
[2026-09-24T06:58:37.686+0000] {logging_mixin.py:188} INFO - [2026-09-24T06:58:37.686+0000] {dag.py:3096} INFO - Sync 1 DAGs
[2026-09-24T06:58:37.712+0000] {logging_mixin.py:188} INFO - [2026-09-24T06:58:37.712+0000] {dag.py:3954} INFO - Setting next_dagrun for produce_json to 2026-09-23 12:00:00+00:00, run_after=2026-09-24 12:00:00+00:00
[2026-09-24T06:58:37.739+0000] {processor.py:183} INFO - Processing /opt/airflow/dags/main.py took 0.223 seconds
[2026-09-24T06:59:08.183+0000] {processor.py:161} INFO - Started process (PID=910) to work on /opt/airflow/dags/main.py
[2026-09-24T06:59:08.189+0000] {processor.py:830} INFO - Processing file /opt/airflow/dags/main.py for tasks to queue
[2026-09-24T06:59:08.201+0000] {logging_mixin.py:188} INFO - [2026-09-24T06:59:08.200+0000] {dagbag.py:545} INFO - Filling up the DagBag from /opt/airflow/dags/main.py
[2026-09-24T06:59:08.349+0000] {processor.py:840} INFO - DAG(s) 'produce_json' retrieved from /opt/airflow/dags/main.py
[2026-09-24T06:59:08.437+0000] {logging_mixin.py:188} INFO - [2026-09-24T06:59:08.434+0000] {dag.py:3096} INFO - Sync 1 DAGs
[2026-09-24T06:59:08.489+0000] {logging_mixin.py:188} INFO - [2026-09-24T06:59:08.489+0000] {dag.py:3954} INFO - Setting next_dagrun for produce_json to 2026-09-23 12:00:00+00:00, run_after=2026-09-24 12:00:00+00:00
[2026-09-24T06:59:08.529+0000] {processor.py:183} INFO - Processing /opt/airflow/dags/main.py took 0.367 seconds
[2026-09-24T06:59:38.994+0000] {processor.py:161} INFO - Started process (PID=918) to work on /opt/airflow/dags/main.py
[2026-09-24T06:59:39.001+0000] {processor.py:830} INFO - Processing file /opt/airflow/dags/main.py for tasks to queue
[2026-09-24T06:59:39.009+0000] {logging_mixin.py:188} INFO - [2026-09-24T06:59:39.008+0000] {dagbag.py:545} INFO - Filling up the DagBag from /opt/airflow/dags/main.py
[2026-09-24T06:59:39.200+0000] {processor.py:840} INFO - DAG(s) 'produce_json' retrieved from /opt/airflow/dags/main.py
[2026-09-24T06:59:39.241+0000] {logging_mixin.py:188} INFO - [2026-09-24T06:59:39.241+0000] {dag.py:3096} INFO - Sync 1 DAGs
[2026-09-24T06:59:39.275+0000] {logging_mixin.py:188} INFO - [2026-09-24T06:59:39.275+0000] {dag.py:3954} INFO - Setting next_dagrun for produce_json to 2026-09-23 12:00:00+00:00, run_after=2026-09-24 12:00:00+00:00
[2026-09-24T06:59:39.303+0000] {processor.py:183} INFO - Processing /opt/airflow/dags/main.py took 0.337 seconds
[2026-09-24T07:00:09.698+0000] {processor.py:161} INFO - Started process (PID=925) to work on /opt/airflow/dags/main.py
[2026-09-24T07:00:09.700+0000] {processor.py:830} INFO - Processing file /opt/airflow/dags/main.py for tasks to queue
[2026-09-24T07:00:09.705+0000] {logging_mixin.py:188} INFO - [2026-09-24T07:00:09.705+0000] {dagbag.py:545} INFO - Filling up the DagBag from /opt/airflow/dags/main.py
[2026-09-24T07:00:09.916+0000] {processor.py:840} INFO - DAG(s) 'produce_json' retrieved from /opt/airflow/dags/main.py
[2026-09-24T07:00:09.991+0000] {logging_mixin.py:188} INFO - [2026-09-24T07:00:09.991+0000] {dag.py:3096} INFO - Sync 1 DAGs
[2026-09-24T07:00:10.022+0000] {logging_mixin.py:188} INFO - [2026-09-24T07:00:10.022+0000] {dag.py:3954} INFO - Setting next_dagrun for produce_json to 2026-09-23 12:00:00+00:00, run_after=2026-09-24 12:00:00+00:00
[2026-09-24T07:00:10.046+0000] {processor.py:183} INFO - Processing /opt/airflow/dags/main.py took 0.355 seconds
[2026-09-24T07:00:40.543+0000] {processor.py:161} INFO - Started process (PID=933) to work on /opt/airflow/dags/main.py
[2026-09-24T07:00:40.546+0000] {processor.py:830} INFO - Processing file /opt/airflow/dags/main.py for tasks to queue
[2026-09-24T07:00:40.551+0000] {logging_mixin.py:188} INFO - [2026-09-24T07:00:40.551+0000] {dagbag.py:545} INFO - Filling up the DagBag from /opt/airflow/dags/main.py
[2026-09-24T07:00:40.787+0000] {processor.py:840} INFO - DAG(s) 'produce_json' retrieved from /opt/airflow/dags/main.py
[2026-09-24T07:00:40.887+0000] {logging_mixin.py:188} INFO - [2026-09-24T07:00:40.887+0000] {dag.py:3096} INFO - Sync 1 DAGs
[2026-09-24T07:00:40.943+0000] {logging_mixin.py:188} INFO - [2026-09-24T07:00:40.942+0000] {dag.py:3954} INFO - Setting next_dagrun for produce_json to 2026-09-23 12:00:00+00:00, run_after=2026-09-24 12:00:00+00:00
[2026-09-24T07:00:40.986+0000] {processor.py:183} INFO - Processing /opt/airflow/dags/main.py took 0.450 seconds
[2026-09-24T07:01:11.506+0000] {processor.py:161} INFO - Started process (PID=940) to work on /opt/airflow/dags/main.py
[2026-09-24T07:01:11.509+0000] {processor.py:830} INFO - Processing file /opt/airflow/dags/main.py for tasks to queue
[2026-09-24T07:01:11.517+0000] {logging_mixin.py:188} INFO - [2026-09-24T07:01:11.515+0000] {dagbag.py:545} INFO - Filling up the DagBag from /opt/airflow/dags/main.py
[2026-09-24T07:01:11.702+0000] {processor.py:840} INFO - DAG(s) 'produce_json' retrieved from /opt/airflow/dags/main.py
[2026-09-24T07:01:11.766+0000] {logging_mixin.py:188} INFO - [2026-09-24T07:01:11.765+0000] {dag.py:3096} INFO - Sync 1 DAGs
[2026-09-24T07:01:11.803+0000] {logging_mixin.py:188} INFO - [2026-09-24T07:01:11.803+0000] {dag.py:3954} INFO - Setting next_dagrun for produce_json to 2026-09-23 12:00:00+00:00, run_after=2026-09-24 12:00:00+00:00
[2026-09-24T07:01:11.843+0000] {processor.py:183} INFO - Processing /opt/airflow/dags/main.py took 0.344 seconds
[2026-09-24T07:01:42.299+0000] {processor.py:161} INFO - Started process (PID=947) to work on /opt/airflow/dags/main.py
[2026-09-24T07:01:42.302+0000] {processor.py:830} INFO - Processing file /opt/airflow/dags/main.py for tasks to queue
[2026-09-24T07:01:42.307+0000] {logging_mixin.py:188} INFO - [2026-09-24T07:01:42.306+0000] {dagbag.py:545} INFO - Filling up the DagBag from /opt/airflow/dags/main.py
[2026-09-24T07:01:42.472+0000] {processor.py:840} INFO - DAG(s) 'produce_json' retrieved from /opt/airflow/dags/main.py
[2026-09-24T07:01:42.529+0000] {logging_mixin.py:188} INFO - [2026-09-24T07:01:42.529+0000] {dag.py:3096} INFO - Sync 1 DAGs
[2026-09-24T07:01:42.573+0000] {logging_mixin.py:188} INFO - [2026-09-24T07:01:42.573+0000] {dag.py:3954} INFO - Setting next_dagrun for produce_json to 2026-09-23 12:00:00+00:00, run_after=2026-09-24 12:00:00+00:00
[2026-09-24T07:01:42.610+0000] {processor.py:183} INFO - Processing /opt/airflow/dags/main.py took 0.327 seconds
[2026-09-24T07:02:13.100+0000] {processor.py:161} INFO - Started process (PID=954) to work on /opt/airflow/dags/main.py
[2026-09-24T07:02:13.103+0000] {processor.py:830} INFO - Processing file /opt/airflow/dags/main.py for tasks to queue
[2026-09-24T07:02:13.110+0000] {logging_mixin.py:188} INFO - [2026-09-24T07:02:13.109+0000] {dagbag.py:545} INFO - Filling up the DagBag from /opt/airflow/dags/main.py
[2026-09-24T07:02:13.302+0000] {processor.py:840} INFO - DAG(s) 'produce_json' retrieved from /opt/airflow/dags/main.py
[2026-09-24T07:02:13.349+0000] {logging_mixin.py:188} INFO - [2026-09-24T07:02:13.349+0000] {dag.py:3096} INFO - Sync 1 DAGs
[2026-09-24T07:02:13.396+0000] {logging_mixin.py:188} INFO - [2026-09-24T07:02:13.396+0000] {dag.py:3954} INFO - Setting next_dagrun for produce_json to 2026-09-23 12:00:00+00:00, run_after=2026-09-24 12:00:00+00:00
[2026-09-24T07:02:13.439+0000] {processor.py:183} INFO - Processing /opt/airflow/dags/main.py took 0.359 seconds
[2026-09-24T07:02:43.892+0000] {processor.py:161} INFO - Started process (PID=961) to work on /opt/airflow/dags/main.py
[2026-09-24T07:02:43.895+0000] {processor.py:830} INFO - Processing file /opt/airflow/dags/main.py for tasks to queue
[2026-09-24T07:02:43.906+0000] {logging_mixin.py:188} INFO - [2026-09-24T07:02:43.906+0000] {dagbag.py:545} INFO - Filling up the DagBag from /opt/airflow/dags/main.py
[2026-09-24T07:02:44.030+0000] {processor.py:840} INFO - DAG(s) 'produce_json' retrieved from /opt/airflow/dags/main.py
[2026-09-24T07:02:44.080+0000] {logging_mixin.py:188} INFO - [2026-09-24T07:02:44.080+0000] {dag.py:3096} INFO - Sync 1 DAGs
[2026-09-24T07:02:44.118+0000] {logging_mixin.py:188} INFO - [2026-09-24T07:02:44.118+0000] {dag.py:3954} INFO - Setting next_dagrun for produce_json to 2026-09-23 12:00:00+00:00, run_after=2026-09-24 12:00:00+00:00
[2026-09-24T07:02:44.149+0000] {processor.py:183} INFO - Processing /opt/airflow/dags/main.py took 0.264 seconds
[2026-09-24T07:03:14.416+0000] {processor.py:161} INFO - Started process (PID=969) to work on /opt/airflow/dags/main.py
[2026-09-24T07:03:14.425+0000] {processor.py:830} INFO - Processing file /opt/airflow/dags/main.py for tasks to queue
[2026-09-24T07:03:14.437+0000] {logging_mixin.py:188} INFO - [2026-09-24T07:03:14.436+0000] {dagbag.py:545} INFO - Filling up the DagBag from /opt/airflow/dags/main.py
[2026-09-24T07:03:14.613+0000] {processor.py:840} INFO - DAG(s) 'produce_json' retrieved from /opt/airflow/dags/main.py
[2026-09-24T07:03:14.679+0000] {logging_mixin.py:188} INFO - [2026-09-24T07:03:14.679+0000] {dag.py:3096} INFO - Sync 1 DAGs
[2026-09-24T07:03:14.741+0000] {logging_mixin.py:188} INFO - [2026-09-24T07:03:14.741+0000] {dag.py:3954} INFO - Setting next_dagrun for produce_json to 2026-09-23 12:00:00+00:00, run_after=2026-09-24 12:00:00+00:00
[2026-09-24T07:03:14.801+0000] {processor.py:183} INFO - Processing /opt/airflow/dags/main.py took 0.393 seconds
[2026-09-24T07:03:45.682+0000] {processor.py:161} INFO - Started process (PID=977) to work on /opt/airflow/dags/main.py
[2026-09-24T07:03:45.691+0000] {processor.py:830} INFO - Processing file /opt/airflow/dags/main.py for tasks to queue
[2026-09-24T07:03:45.713+0000] {logging_mixin.py:188} INFO - [2026-09-24T07:03:45.708+0000] {dagbag.py:545} INFO - Filling up the DagBag from /opt/airflow/dags/main.py
[2026-09-24T07:03:46.244+0000] {processor.py:840} INFO - DAG(s) 'produce_json' retrieved from /opt/airflow/dags/main.py
[2026-09-24T07:03:46.500+0000] {logging_mixin.py:188} INFO - [2026-09-24T07:03:46.500+0000] {dag.py:3096} INFO - Sync 1 DAGs
[2026-09-24T07:03:46.637+0000] {logging_mixin.py:188} INFO - [2026-09-24T07:03:46.636+0000] {dag.py:3954} INFO - Setting next_dagrun for produce_json to 2026-09-23 12:00:00+00:00, run_after=2026-09-24 12:00:00+00:00
[2026-09-24T07:03:46.724+0000] {processor.py:183} INFO - Processing /opt/airflow/dags/main.py took 1.104 seconds
[2026-09-24T07:04:17.145+0000] {processor.py:161} INFO - Started process (PID=990) to work on /opt/airflow/dags/main.py
[2026-09-24T07:04:17.148+0000] {processor.py:830} INFO - Processing file /opt/airflow/dags/main.py for tasks to queue
[2026-09-24T07:04:17.152+0000] {logging_mixin.py:188} INFO - [2026-09-24T07:04:17.151+0000] {dagbag.py:545} INFO - Filling up the DagBag from /opt/airflow/dags/main.py
[2026-09-24T07:04:17.350+0000] {processor.py:840} INFO - DAG(s) 'produce_json' retrieved from /opt/airflow/dags/main.py
[2026-09-24T07:04:17.442+0000] {logging_mixin.py:188} INFO - [2026-09-24T07:04:17.441+0000] {dag.py:3096} INFO - Sync 1 DAGs
[2026-09-24T07:04:17.491+0000] {logging_mixin.py:188} INFO - [2026-09-24T07:04:17.491+0000] {dag.py:3954} INFO - Setting next_dagrun for produce_json to 2026-09-23 12:00:00+00:00, run_after=2026-09-24 12:00:00+00:00
[2026-09-24T07:04:17.560+0000] {processor.py:183} INFO - Processing /opt/airflow/dags/main.py took 0.441 seconds
[2026-09-24T07:04:48.058+0000] {processor.py:161} INFO - Started process (PID=997) to work on /opt/airflow/dags/main.py
[2026-09-24T07:04:48.061+0000] {processor.py:830} INFO - Processing file /opt/airflow/dags/main.py for tasks to queue
[2026-09-24T07:04:48.067+0000] {logging_mixin.py:188} INFO - [2026-09-24T07:04:48.066+0000] {dagbag.py:545} INFO - Filling up the DagBag from /opt/airflow/dags/main.py
[2026-09-24T07:04:48.239+0000] {processor.py:840} INFO - DAG(s) 'produce_json' retrieved from /opt/airflow/dags/main.py
[2026-09-24T07:04:48.304+0000] {logging_mixin.py:188} INFO - [2026-09-24T07:04:48.303+0000] {dag.py:3096} INFO - Sync 1 DAGs
[2026-09-24T07:04:48.363+0000] {logging_mixin.py:188} INFO - [2026-09-24T07:04:48.363+0000] {dag.py:3954} INFO - Setting next_dagrun for produce_json to 2026-09-23 12:00:00+00:00, run_after=2026-09-24 12:00:00+00:00
[2026-09-24T07:04:48.427+0000] {processor.py:183} INFO - Processing /opt/airflow/dags/main.py took 0.396 seconds
[2026-09-24T07:05:18.794+0000] {processor.py:161} INFO - Started process (PID=1004) to work on /opt/airflow/dags/main.py
[2026-09-24T07:05:18.796+0000] {processor.py:830} INFO - Processing file /opt/airflow/dags/main.py for tasks to queue
[2026-09-24T07:05:18.799+0000] {logging_mixin.py:188} INFO - [2026-09-24T07:05:18.799+0000] {dagbag.py:545} INFO - Filling up the DagBag from /opt/airflow/dags/main.py
[2026-09-24T07:05:18.906+0000] {processor.py:840} INFO - DAG(s) 'produce_json' retrieved from /opt/airflow/dags/main.py
[2026-09-24T07:05:18.931+0000] {logging_mixin.py:188} INFO - [2026-09-24T07:05:18.931+0000] {dag.py:3096} INFO - Sync 1 DAGs
[2026-09-24T07:05:18.951+0000] {logging_mixin.py:188} INFO - [2026-09-24T07:05:18.951+0000] {dag.py:3954} INFO - Setting next_dagrun for produce_json to 2026-09-23 12:00:00+00:00, run_after=2026-09-24 12:00:00+00:00
[2026-09-24T07:05:18.975+0000] {processor.py:183} INFO - Processing /opt/airflow/dags/main.py took 0.189 seconds
[2026-09-24T07:05:49.311+0000] {processor.py:161} INFO - Started process (PID=1011) to work on /opt/airflow/dags/main.py
[2026-09-24T07:05:49.314+0000] {processor.py:830} INFO - Processing file /opt/airflow/dags/main.py for tasks to queue
[2026-09-24T07:05:49.317+0000] {logging_mixin.py:188} INFO - [2026-09-24T07:05:49.317+0000] {dagbag.py:545} INFO - Filling up the DagBag from /opt/airflow/dags/main.py
[2026-09-24T07:05:49.423+0000] {processor.py:840} INFO - DAG(s) 'produce_json' retrieved from /opt/airflow/dags/main.py
[2026-09-24T07:05:49.455+0000] {logging_mixin.py:188} INFO - [2026-09-24T07:05:49.455+0000] {dag.py:3096} INFO - Sync 1 DAGs
[2026-09-24T07:05:49.475+0000] {logging_mixin.py:188} INFO - [2026-09-24T07:05:49.475+0000] {dag.py:3954} INFO - Setting next_dagrun for produce_json to 2026-09-23 12:00:00+00:00, run_after=2026-09-24 12:00:00+00:00
[2026-09-24T07:05:49.498+0000] {processor.py:183} INFO - Processing /opt/airflow/dags/main.py took 0.193 seconds
[2026-09-24T07:06:19.633+0000] {processor.py:161} INFO - Started process (PID=1018) to work on /opt/airflow/dags/main.py
[2026-09-24T07:06:19.636+0000] {processor.py:830} INFO - Processing file /opt/airflow/dags/main.py for tasks to queue
[2026-09-24T07:06:19.639+0000] {logging_mixin.py:188} INFO - [2026-09-24T07:06:19.638+0000] {dagbag.py:545} INFO - Filling up the DagBag from /opt/airflow/dags/main.py
[2026-09-24T07:06:19.755+0000] {processor.py:840} INFO - DAG(s) 'produce_json' retrieved from /opt/airflow/dags/main.py
[2026-09-24T07:06:19.785+0000] {logging_mixin.py:188} INFO - [2026-09-24T07:06:19.785+0000] {dag.py:3096} INFO - Sync 1 DAGs
[2026-09-24T07:06:19.809+0000] {logging_mixin.py:188} INFO - [2026-09-24T07:06:19.809+0000] {dag.py:3954} INFO - Setting next_dagrun for produce_json to 2026-09-23 12:00:00+00:00, run_after=2026-09-24 12:00:00+00:00
[2026-09-24T07:06:19.839+0000] {processor.py:183} INFO - Processing /opt/airflow/dags/main.py took 0.212 seconds
[2026-09-24T07:06:50.098+0000] {processor.py:161} INFO - Started process (PID=1025) to work on /opt/airflow/dags/main.py
[2026-09-24T07:06:50.100+0000] {processor.py:830} INFO - Processing file /opt/airflow/dags/main.py for tasks to queue
[2026-09-24T07:06:50.103+0000] {logging_mixin.py:188} INFO - [2026-09-24T07:06:50.103+0000] {dagbag.py:545} INFO - Filling up the DagBag from /opt/airflow/dags/main.py
[2026-09-24T07:06:50.209+0000] {processor.py:840} INFO - DAG(s) 'produce_json' retrieved from /opt/airflow/dags/main.py
[2026-09-24T07:06:50.239+0000] {logging_mixin.py:188} INFO - [2026-09-24T07:06:50.238+0000] {dag.py:3096} INFO - Sync 1 DAGs
[2026-09-24T07:06:50.260+0000] {logging_mixin.py:188} INFO - [2026-09-24T07:06:50.260+0000] {dag.py:3954} INFO - Setting next_dagrun for produce_json to 2026-09-23 12:00:00+00:00, run_after=2026-09-24 12:00:00+00:00
[2026-09-24T07:06:50.282+0000] {processor.py:183} INFO - Processing /opt/airflow/dags/main.py took 0.190 seconds
[2026-09-24T07:07:20.397+0000] {processor.py:161} INFO - Started process (PID=1032) to work on /opt/airflow/dags/main.py
[2026-09-24T07:07:20.399+0000] {processor.py:830} INFO - Processing file /opt/airflow/dags/main.py for tasks to queue
[2026-09-24T07:07:20.402+0000] {logging_mixin.py:188} INFO - [2026-09-24T07:07:20.402+0000] {dagbag.py:545} INFO - Filling up the DagBag from /opt/airflow/dags/main.py
[2026-09-24T07:07:20.520+0000] {processor.py:840} INFO - DAG(s) 'produce_json' retrieved from /opt/airflow/dags/main.py
[2026-09-24T07:07:20.547+0000] {logging_mixin.py:188} INFO - [2026-09-24T07:07:20.547+0000] {dag.py:3096} INFO - Sync 1 DAGs
[2026-09-24T07:07:20.566+0000] {logging_mixin.py:188} INFO - [2026-09-24T07:07:20.566+0000] {dag.py:3954} INFO - Setting next_dagrun for produce_json to 2026-09-23 12:00:00+00:00, run_after=2026-09-24 12:00:00+00:00
[2026-09-24T07:07:20.591+0000] {processor.py:183} INFO - Processing /opt/airflow/dags/main.py took 0.200 seconds
[2026-09-24T07:07:50.864+0000] {processor.py:161} INFO - Started process (PID=1040) to work on /opt/airflow/dags/main.py
[2026-09-24T07:07:50.867+0000] {processor.py:830} INFO - Processing file /opt/airflow/dags/main.py for tasks to queue
[2026-09-24T07:07:50.870+0000] {logging_mixin.py:188} INFO - [2026-09-24T07:07:50.870+0000] {dagbag.py:545} INFO - Filling up the DagBag from /opt/airflow/dags/main.py
[2026-09-24T07:07:50.968+0000] {processor.py:840} INFO - DAG(s) 'produce_json' retrieved from /opt/airflow/dags/main.py
[2026-09-24T07:07:50.992+0000] {logging_mixin.py:188} INFO - [2026-09-24T07:07:50.992+0000] {dag.py:3096} INFO - Sync 1 DAGs
[2026-09-24T07:07:51.011+0000] {logging_mixin.py:188} INFO - [2026-09-24T07:07:51.011+0000] {dag.py:3954} INFO - Setting next_dagrun for produce_json to 2026-09-23 12:00:00+00:00, run_after=2026-09-24 12:00:00+00:00
[2026-09-24T07:07:51.035+0000] {processor.py:183} INFO - Processing /opt/airflow/dags/main.py took 0.178 seconds
[2026-09-24T07:08:21.170+0000] {processor.py:161} INFO - Started process (PID=1047) to work on /opt/airflow/dags/main.py
[2026-09-24T07:08:21.172+0000] {processor.py:830} INFO - Processing file /opt/airflow/dags/main.py for tasks to queue
[2026-09-24T07:08:21.176+0000] {logging_mixin.py:188} INFO - [2026-09-24T07:08:21.176+0000] {dagbag.py:545} INFO - Filling up the DagBag from /opt/airflow/dags/main.py
[2026-09-24T07:08:21.285+0000] {processor.py:840} INFO - DAG(s) 'produce_json' retrieved from /opt/airflow/dags/main.py
[2026-09-24T07:08:21.314+0000] {logging_mixin.py:188} INFO - [2026-09-24T07:08:21.313+0000] {dag.py:3096} INFO - Sync 1 DAGs
[2026-09-24T07:08:21.335+0000] {logging_mixin.py:188} INFO - [2026-09-24T07:08:21.335+0000] {dag.py:3954} INFO - Setting next_dagrun for produce_json to 2026-09-23 12:00:00+00:00, run_after=2026-09-24 12:00:00+00:00
[2026-09-24T07:08:21.357+0000] {processor.py:183} INFO - Processing /opt/airflow/dags/main.py took 0.193 seconds
[2026-09-24T07:08:51.839+0000] {processor.py:161} INFO - Started process (PID=1054) to work on /opt/airflow/dags/main.py
[2026-09-24T07:08:51.841+0000] {processor.py:830} INFO - Processing file /opt/airflow/dags/main.py for tasks to queue
[2026-09-24T07:08:51.845+0000] {logging_mixin.py:188} INFO - [2026-09-24T07:08:51.844+0000] {dagbag.py:545} INFO - Filling up the DagBag from /opt/airflow/dags/main.py
[2026-09-24T07:08:51.947+0000] {processor.py:840} INFO - DAG(s) 'produce_json' retrieved from /opt/airflow/dags/main.py
[2026-09-24T07:08:51.971+0000] {logging_mixin.py:188} INFO - [2026-09-24T07:08:51.971+0000] {dag.py:3096} INFO - Sync 1 DAGs
[2026-09-24T07:08:51.992+0000] {logging_mixin.py:188} INFO - [2026-09-24T07:08:51.992+0000] {dag.py:3954} INFO - Setting next_dagrun for produce_json to 2026-09-23 12:00:00+00:00, run_after=2026-09-24 12:00:00+00:00
[2026-09-24T07:08:52.013+0000] {processor.py:183} INFO - Processing /opt/airflow/dags/main.py took 0.179 seconds
[2026-09-24T07:09:22.120+0000] {processor.py:161} INFO - Started process (PID=1061) to work on /opt/airflow/dags/main.py
[2026-09-24T07:09:22.122+0000] {processor.py:830} INFO - Processing file /opt/airflow/dags/main.py for tasks to queue
[2026-09-24T07:09:22.125+0000] {logging_mixin.py:188} INFO - [2026-09-24T07:09:22.125+0000] {dagbag.py:545} INFO - Filling up the DagBag from /opt/airflow/dags/main.py
[2026-09-24T07:09:22.229+0000] {processor.py:840} INFO - DAG(s) 'produce_json' retrieved from /opt/airflow/dags/main.py
[2026-09-24T07:09:22.259+0000] {logging_mixin.py:188} INFO - [2026-09-24T07:09:22.259+0000] {dag.py:3096} INFO - Sync 1 DAGs
[2026-09-24T07:09:22.278+0000] {logging_mixin.py:188} INFO - [2026-09-24T07:09:22.278+0000] {dag.py:3954} INFO - Setting next_dagrun for produce_json to 2026-09-23 12:00:00+00:00, run_after=2026-09-24 12:00:00+00:00
[2026-09-24T07:09:22.302+0000] {processor.py:183} INFO - Processing /opt/airflow/dags/main.py took 0.188 seconds
[2026-09-24T07:09:52.592+0000] {processor.py:161} INFO - Started process (PID=1068) to work on /opt/airflow/dags/main.py
[2026-09-24T07:09:52.594+0000] {processor.py:830} INFO - Processing file /opt/airflow/dags/main.py for tasks to queue
[2026-09-24T07:09:52.597+0000] {logging_mixin.py:188} INFO - [2026-09-24T07:09:52.597+0000] {dagbag.py:545} INFO - Filling up the DagBag from /opt/airflow/dags/main.py
[2026-09-24T07:09:52.710+0000] {processor.py:840} INFO - DAG(s) 'produce_json' retrieved from /opt/airflow/dags/main.py
[2026-09-24T07:09:52.735+0000] {logging_mixin.py:188} INFO - [2026-09-24T07:09:52.735+0000] {dag.py:3096} INFO - Sync 1 DAGs
[2026-09-24T07:09:52.753+0000] {logging_mixin.py:188} INFO - [2026-09-24T07:09:52.753+0000] {dag.py:3954} INFO - Setting next_dagrun for produce_json to 2026-09-23 12:00:00+00:00, run_after=2026-09-24 12:00:00+00:00
[2026-09-24T07:09:52.776+0000] {processor.py:183} INFO - Processing /opt/airflow/dags/main.py took 0.189 seconds
[2026-09-24T07:10:22.903+0000] {processor.py:161} INFO - Started process (PID=1075) to work on /opt/airflow/dags/main.py
[2026-09-24T07:10:22.905+0000] {processor.py:830} INFO - Processing file /opt/airflow/dags/main.py for tasks to queue
[2026-09-24T07:10:22.909+0000] {logging_mixin.py:188} INFO - [2026-09-24T07:10:22.908+0000] {dagbag.py:545} INFO - Filling up the DagBag from /opt/airflow/dags/main.py
[2026-09-24T07:10:23.011+0000] {processor.py:840} INFO - DAG(s) 'produce_json' retrieved from /opt/airflow/dags/main.py
[2026-09-24T07:10:23.039+0000] {logging_mixin.py:188} INFO - [2026-09-24T07:10:23.039+0000] {dag.py:3096} INFO - Sync 1 DAGs
[2026-09-24T07:10:23.060+0000] {logging_mixin.py:188} INFO - [2026-09-24T07:10:23.060+0000] {dag.py:3954} INFO - Setting next_dagrun for produce_json to 2026-09-23 12:00:00+00:00, run_after=2026-09-24 12:00:00+00:00
[2026-09-24T07:10:23.079+0000] {processor.py:183} INFO - Processing /opt/airflow/dags/main.py took 0.183 seconds
[2026-09-24T07:10:53.333+0000] {processor.py:161} INFO - Started process (PID=1082) to work on /opt/airflow/dags/main.py
[2026-09-24T07:10:53.335+0000] {processor.py:830} INFO - Processing file /opt/airflow/dags/main.py for tasks to queue
[2026-09-24T07:10:53.339+0000] {logging_mixin.py:188} INFO - [2026-09-24T07:10:53.339+0000] {dagbag.py:545} INFO - Filling up the DagBag from /opt/airflow/dags/main.py
[2026-09-24T07:10:53.442+0000] {processor.py:840} INFO - DAG(s) 'produce_json' retrieved from /opt/airflow/dags/main.py
[2026-09-24T07:10:53.469+0000] {logging_mixin.py:188} INFO - [2026-09-24T07:10:53.469+0000] {dag.py:3096} INFO - Sync 1 DAGs
[2026-09-24T07:10:53.490+0000] {logging_mixin.py:188} INFO - [2026-09-24T07:10:53.490+0000] {dag.py:3954} INFO - Setting next_dagrun for produce_json to 2026-09-23 12:00:00+00:00, run_after=2026-09-24 12:00:00+00:00
[2026-09-24T07:10:53.513+0000] {processor.py:183} INFO - Processing /opt/airflow/dags/main.py took 0.185 seconds
[2026-09-24T07:11:23.679+0000] {processor.py:161} INFO - Started process (PID=1089) to work on /opt/airflow/dags/main.py
[2026-09-24T07:11:23.682+0000] {processor.py:830} INFO - Processing file /opt/airflow/dags/main.py for tasks to queue
[2026-09-24T07:11:23.686+0000] {logging_mixin.py:188} INFO - [2026-09-24T07:11:23.686+0000] {dagbag.py:545} INFO - Filling up the DagBag from /opt/airflow/dags/main.py
[2026-09-24T07:11:23.791+0000] {processor.py:840} INFO - DAG(s) 'produce_json' retrieved from /opt/airflow/dags/main.py
[2026-09-24T07:11:23.818+0000] {logging_mixin.py:188} INFO - [2026-09-24T07:11:23.818+0000] {dag.py:3096} INFO - Sync 1 DAGs
[2026-09-24T07:11:23.838+0000] {logging_mixin.py:188} INFO - [2026-09-24T07:11:23.838+0000] {dag.py:3954} INFO - Setting next_dagrun for produce_json to 2026-09-23 12:00:00+00:00, run_after=2026-09-24 12:00:00+00:00
[2026-09-24T07:11:23.863+0000] {processor.py:183} INFO - Processing /opt/airflow/dags/main.py took 0.189 seconds
[2026-09-24T07:11:54.099+0000] {processor.py:161} INFO - Started process (PID=1096) to work on /opt/airflow/dags/main.py
[2026-09-24T07:11:54.101+0000] {processor.py:830} INFO - Processing file /opt/airflow/dags/main.py for tasks to queue
[2026-09-24T07:11:54.105+0000] {logging_mixin.py:188} INFO - [2026-09-24T07:11:54.105+0000] {dagbag.py:545} INFO - Filling up the DagBag from /opt/airflow/dags/main.py
[2026-09-24T07:11:54.207+0000] {processor.py:840} INFO - DAG(s) 'produce_json' retrieved from /opt/airflow/dags/main.py
[2026-09-24T07:11:54.233+0000] {logging_mixin.py:188} INFO - [2026-09-24T07:11:54.232+0000] {dag.py:3096} INFO - Sync 1 DAGs
[2026-09-24T07:11:54.251+0000] {logging_mixin.py:188} INFO - [2026-09-24T07:11:54.250+0000] {dag.py:3954} INFO - Setting next_dagrun for produce_json to 2026-09-23 12:00:00+00:00, run_after=2026-09-24 12:00:00+00:00
[2026-09-24T07:11:54.273+0000] {processor.py:183} INFO - Processing /opt/airflow/dags/main.py took 0.181 seconds
[2026-09-24T07:12:24.460+0000] {processor.py:161} INFO - Started process (PID=1103) to work on /opt/airflow/dags/main.py
[2026-09-24T07:12:24.463+0000] {processor.py:830} INFO - Processing file /opt/airflow/dags/main.py for tasks to queue
[2026-09-24T07:12:24.468+0000] {logging_mixin.py:188} INFO - [2026-09-24T07:12:24.467+0000] {dagbag.py:545} INFO - Filling up the DagBag from /opt/airflow/dags/main.py
[2026-09-24T07:12:24.567+0000] {processor.py:840} INFO - DAG(s) 'produce_json' retrieved from /opt/airflow/dags/main.py
[2026-09-24T07:12:24.594+0000] {logging_mixin.py:188} INFO - [2026-09-24T07:12:24.594+0000] {dag.py:3096} INFO - Sync 1 DAGs
[2026-09-24T07:12:24.615+0000] {logging_mixin.py:188} INFO - [2026-09-24T07:12:24.614+0000] {dag.py:3954} INFO - Setting next_dagrun for produce_json to 2026-09-23 12:00:00+00:00, run_after=2026-09-24 12:00:00+00:00
[2026-09-24T07:12:24.638+0000] {processor.py:183} INFO - Processing /opt/airflow/dags/main.py took 0.185 seconds
[2026-09-24T07:12:54.852+0000] {processor.py:161} INFO - Started process (PID=1110) to work on /opt/airflow/dags/main.py
[2026-09-24T07:12:54.856+0000] {processor.py:830} INFO - Processing file /opt/airflow/dags/main.py for tasks to queue
[2026-09-24T07:12:54.860+0000] {logging_mixin.py:188} INFO - [2026-09-24T07:12:54.860+0000] {dagbag.py:545} INFO - Filling up the DagBag from /opt/airflow/dags/main.py
[2026-09-24T07:12:54.964+0000] {processor.py:840} INFO - DAG(s) 'produce_json' retrieved from /opt/airflow/dags/main.py
[2026-09-24T07:12:54.992+0000] {logging_mixin.py:188} INFO - [2026-09-24T07:12:54.991+0000] {dag.py:3096} INFO - Sync 1 DAGs
[2026-09-24T07:12:55.014+0000] {logging_mixin.py:188} INFO - [2026-09-24T07:12:55.014+0000] {dag.py:3954} INFO - Setting next_dagrun for produce_json to 2026-09-23 12:00:00+00:00, run_after=2026-09-24 12:00:00+00:00
[2026-09-24T07:12:55.036+0000] {processor.py:183} INFO - Processing /opt/airflow/dags/main.py took 0.193 seconds
[2026-09-24T07:13:25.239+0000] {processor.py:161} INFO - Started process (PID=1117) to work on /opt/airflow/dags/main.py
[2026-09-24T07:13:25.242+0000] {processor.py:830} INFO - Processing file /opt/airflow/dags/main.py for tasks to queue
[2026-09-24T07:13:25.245+0000] {logging_mixin.py:188} INFO - [2026-09-24T07:13:25.245+0000] {dagbag.py:545} INFO - Filling up the DagBag from /opt/airflow/dags/main.py
[2026-09-24T07:13:25.348+0000] {processor.py:840} INFO - DAG(s) 'produce_json' retrieved from /opt/airflow/dags/main.py
[2026-09-24T07:13:25.374+0000] {logging_mixin.py:188} INFO - [2026-09-24T07:13:25.374+0000] {dag.py:3096} INFO - Sync 1 DAGs
[2026-09-24T07:13:25.394+0000] {logging_mixin.py:188} INFO - [2026-09-24T07:13:25.394+0000] {dag.py:3954} INFO - Setting next_dagrun for produce_json to 2026-09-23 12:00:00+00:00, run_after=2026-09-24 12:00:00+00:00
[2026-09-24T07:13:25.417+0000] {processor.py:183} INFO - Processing /opt/airflow/dags/main.py took 0.184 seconds
[2026-09-24T07:13:55.643+0000] {processor.py:161} INFO - Started process (PID=1124) to work on /opt/airflow/dags/main.py
[2026-09-24T07:13:55.646+0000] {processor.py:830} INFO - Processing file /opt/airflow/dags/main.py for tasks to queue
[2026-09-24T07:13:55.649+0000] {logging_mixin.py:188} INFO - [2026-09-24T07:13:55.649+0000] {dagbag.py:545} INFO - Filling up the DagBag from /opt/airflow/dags/main.py
[2026-09-24T07:13:55.754+0000] {processor.py:840} INFO - DAG(s) 'produce_json' retrieved from /opt/airflow/dags/main.py
[2026-09-24T07:13:55.783+0000] {logging_mixin.py:188} INFO - [2026-09-24T07:13:55.783+0000] {dag.py:3096} INFO - Sync 1 DAGs
[2026-09-24T07:13:55.806+0000] {logging_mixin.py:188} INFO - [2026-09-24T07:13:55.805+0000] {dag.py:3954} INFO - Setting next_dagrun for produce_json to 2026-09-23 12:00:00+00:00, run_after=2026-09-24 12:00:00+00:00
[2026-09-24T07:13:55.831+0000] {processor.py:183} INFO - Processing /opt/airflow/dags/main.py took 0.193 seconds
[2026-09-24T07:14:25.939+0000] {processor.py:161} INFO - Started process (PID=1131) to work on /opt/airflow/dags/main.py
[2026-09-24T07:14:25.942+0000] {processor.py:830} INFO - Processing file /opt/airflow/dags/main.py for tasks to queue
[2026-09-24T07:14:25.945+0000] {logging_mixin.py:188} INFO - [2026-09-24T07:14:25.945+0000] {dagbag.py:545} INFO - Filling up the DagBag from /opt/airflow/dags/main.py
[2026-09-24T07:14:26.071+0000] {processor.py:840} INFO - DAG(s) 'produce_json' retrieved from /opt/airflow/dags/main.py
[2026-09-24T07:14:26.121+0000] {logging_mixin.py:188} INFO - [2026-09-24T07:14:26.121+0000] {dag.py:3096} INFO - Sync 1 DAGs
[2026-09-24T07:14:26.178+0000] {logging_mixin.py:188} INFO - [2026-09-24T07:14:26.177+0000] {dag.py:3954} INFO - Setting next_dagrun for produce_json to 2026-09-23 12:00:00+00:00, run_after=2026-09-24 12:00:00+00:00
[2026-09-24T07:14:26.219+0000] {processor.py:183} INFO - Processing /opt/airflow/dags/main.py took 0.287 seconds
[2026-09-24T07:14:56.436+0000] {processor.py:161} INFO - Started process (PID=1138) to work on /opt/airflow/dags/main.py
[2026-09-24T07:14:56.439+0000] {processor.py:830} INFO - Processing file /opt/airflow/dags/main.py for tasks to queue
[2026-09-24T07:14:56.443+0000] {logging_mixin.py:188} INFO - [2026-09-24T07:14:56.442+0000] {dagbag.py:545} INFO - Filling up the DagBag from /opt/airflow/dags/main.py
[2026-09-24T07:14:56.550+0000] {processor.py:840} INFO - DAG(s) 'produce_json' retrieved from /opt/airflow/dags/main.py
[2026-09-24T07:14:56.577+0000] {logging_mixin.py:188} INFO - [2026-09-24T07:14:56.577+0000] {dag.py:3096} INFO - Sync 1 DAGs
[2026-09-24T07:14:56.599+0000] {logging_mixin.py:188} INFO - [2026-09-24T07:14:56.599+0000] {dag.py:3954} INFO - Setting next_dagrun for produce_json to 2026-09-23 12:00:00+00:00, run_after=2026-09-24 12:00:00+00:00
[2026-09-24T07:14:56.620+0000] {processor.py:183} INFO - Processing /opt/airflow/dags/main.py took 0.191 seconds
[2026-09-24T07:15:26.804+0000] {processor.py:161} INFO - Started process (PID=1145) to work on /opt/airflow/dags/main.py
[2026-09-24T07:15:26.807+0000] {processor.py:830} INFO - Processing file /opt/airflow/dags/main.py for tasks to queue
[2026-09-24T07:15:26.811+0000] {logging_mixin.py:188} INFO - [2026-09-24T07:15:26.810+0000] {dagbag.py:545} INFO - Filling up the DagBag from /opt/airflow/dags/main.py
[2026-09-24T07:15:26.909+0000] {processor.py:840} INFO - DAG(s) 'produce_json' retrieved from /opt/airflow/dags/main.py
[2026-09-24T07:15:26.937+0000] {logging_mixin.py:188} INFO - [2026-09-24T07:15:26.937+0000] {dag.py:3096} INFO - Sync 1 DAGs
[2026-09-24T07:15:26.958+0000] {logging_mixin.py:188} INFO - [2026-09-24T07:15:26.958+0000] {dag.py:3954} INFO - Setting next_dagrun for produce_json to 2026-09-23 12:00:00+00:00, run_after=2026-09-24 12:00:00+00:00
[2026-09-24T07:15:26.982+0000] {processor.py:183} INFO - Processing /opt/airflow/dags/main.py took 0.184 seconds
[2026-09-24T07:15:57.218+0000] {processor.py:161} INFO - Started process (PID=1152) to work on /opt/airflow/dags/main.py
[2026-09-24T07:15:57.221+0000] {processor.py:830} INFO - Processing file /opt/airflow/dags/main.py for tasks to queue
[2026-09-24T07:15:57.224+0000] {logging_mixin.py:188} INFO - [2026-09-24T07:15:57.224+0000] {dagbag.py:545} INFO - Filling up the DagBag from /opt/airflow/dags/main.py
[2026-09-24T07:15:57.319+0000] {processor.py:840} INFO - DAG(s) 'produce_json' retrieved from /opt/airflow/dags/main.py
[2026-09-24T07:15:57.343+0000] {logging_mixin.py:188} INFO - [2026-09-24T07:15:57.343+0000] {dag.py:3096} INFO - Sync 1 DAGs
[2026-09-24T07:15:57.363+0000] {logging_mixin.py:188} INFO - [2026-09-24T07:15:57.363+0000] {dag.py:3954} INFO - Setting next_dagrun for produce_json to 2026-09-23 12:00:00+00:00, run_after=2026-09-24 12:00:00+00:00
[2026-09-24T07:15:57.382+0000] {processor.py:183} INFO - Processing /opt/airflow/dags/main.py took 0.171 seconds
[2026-09-24T07:16:27.540+0000] {processor.py:161} INFO - Started process (PID=1159) to work on /opt/airflow/dags/main.py
[2026-09-24T07:16:27.542+0000] {processor.py:830} INFO - Processing file /opt/airflow/dags/main.py for tasks to queue
[2026-09-24T07:16:27.545+0000] {logging_mixin.py:188} INFO - [2026-09-24T07:16:27.545+0000] {dagbag.py:545} INFO - Filling up the DagBag from /opt/airflow/dags/main.py
[2026-09-24T07:16:27.653+0000] {processor.py:840} INFO - DAG(s) 'produce_json' retrieved from /opt/airflow/dags/main.py
[2026-09-24T07:16:27.700+0000] {logging_mixin.py:188} INFO - [2026-09-24T07:16:27.700+0000] {dag.py:3096} INFO - Sync 1 DAGs
[2026-09-24T07:16:27.732+0000] {logging_mixin.py:188} INFO - [2026-09-24T07:16:27.731+0000] {dag.py:3954} INFO - Setting next_dagrun for produce_json to 2026-09-23 12:00:00+00:00, run_after=2026-09-24 12:00:00+00:00
[2026-09-24T07:16:27.756+0000] {processor.py:183} INFO - Processing /opt/airflow/dags/main.py took 0.221 seconds
[2026-09-24T07:16:57.973+0000] {processor.py:161} INFO - Started process (PID=1167) to work on /opt/airflow/dags/main.py
[2026-09-24T07:16:57.977+0000] {processor.py:830} INFO - Processing file /opt/airflow/dags/main.py for tasks to queue
[2026-09-24T07:16:57.981+0000] {logging_mixin.py:188} INFO - [2026-09-24T07:16:57.981+0000] {dagbag.py:545} INFO - Filling up the DagBag from /opt/airflow/dags/main.py
[2026-09-24T07:16:58.087+0000] {processor.py:840} INFO - DAG(s) 'produce_json' retrieved from /opt/airflow/dags/main.py
[2026-09-24T07:16:58.116+0000] {logging_mixin.py:188} INFO - [2026-09-24T07:16:58.115+0000] {dag.py:3096} INFO - Sync 1 DAGs
[2026-09-24T07:16:58.136+0000] {logging_mixin.py:188} INFO - [2026-09-24T07:16:58.136+0000] {dag.py:3954} INFO - Setting next_dagrun for produce_json to 2026-09-23 12:00:00+00:00, run_after=2026-09-24 12:00:00+00:00
[2026-09-24T07:16:58.160+0000] {processor.py:183} INFO - Processing /opt/airflow/dags/main.py took 0.194 seconds
[2026-09-24T07:17:28.335+0000] {processor.py:161} INFO - Started process (PID=1174) to work on /opt/airflow/dags/main.py
[2026-09-24T07:17:28.341+0000] {processor.py:830} INFO - Processing file /opt/airflow/dags/main.py for tasks to queue
[2026-09-24T07:17:28.348+0000] {logging_mixin.py:188} INFO - [2026-09-24T07:17:28.347+0000] {dagbag.py:545} INFO - Filling up the DagBag from /opt/airflow/dags/main.py
[2026-09-24T07:17:28.465+0000] {processor.py:840} INFO - DAG(s) 'produce_json' retrieved from /opt/airflow/dags/main.py
[2026-09-24T07:17:28.495+0000] {logging_mixin.py:188} INFO - [2026-09-24T07:17:28.494+0000] {dag.py:3096} INFO - Sync 1 DAGs
[2026-09-24T07:17:28.519+0000] {logging_mixin.py:188} INFO - [2026-09-24T07:17:28.519+0000] {dag.py:3954} INFO - Setting next_dagrun for produce_json to 2026-09-23 12:00:00+00:00, run_after=2026-09-24 12:00:00+00:00
[2026-09-24T07:17:28.545+0000] {processor.py:183} INFO - Processing /opt/airflow/dags/main.py took 0.220 seconds
[2026-09-24T07:17:58.737+0000] {processor.py:161} INFO - Started process (PID=1181) to work on /opt/airflow/dags/main.py
[2026-09-24T07:17:58.740+0000] {processor.py:830} INFO - Processing file /opt/airflow/dags/main.py for tasks to queue
[2026-09-24T07:17:58.743+0000] {logging_mixin.py:188} INFO - [2026-09-24T07:17:58.743+0000] {dagbag.py:545} INFO - Filling up the DagBag from /opt/airflow/dags/main.py
[2026-09-24T07:17:58.859+0000] {processor.py:840} INFO - DAG(s) 'produce_json' retrieved from /opt/airflow/dags/main.py
[2026-09-24T07:17:58.887+0000] {logging_mixin.py:188} INFO - [2026-09-24T07:17:58.887+0000] {dag.py:3096} INFO - Sync 1 DAGs
[2026-09-24T07:17:58.907+0000] {logging_mixin.py:188} INFO - [2026-09-24T07:17:58.907+0000] {dag.py:3954} INFO - Setting next_dagrun for produce_json to 2026-09-23 12:00:00+00:00, run_after=2026-09-24 12:00:00+00:00
[2026-09-24T07:17:58.929+0000] {processor.py:183} INFO - Processing /opt/airflow/dags/main.py took 0.198 seconds
[2026-09-24T07:18:29.157+0000] {processor.py:161} INFO - Started process (PID=1188) to work on /opt/airflow/dags/main.py
[2026-09-24T07:18:29.160+0000] {processor.py:830} INFO - Processing file /opt/airflow/dags/main.py for tasks to queue
[2026-09-24T07:18:29.163+0000] {logging_mixin.py:188} INFO - [2026-09-24T07:18:29.163+0000] {dagbag.py:545} INFO - Filling up the DagBag from /opt/airflow/dags/main.py
[2026-09-24T07:18:29.268+0000] {processor.py:840} INFO - DAG(s) 'produce_json' retrieved from /opt/airflow/dags/main.py
[2026-09-24T07:18:29.294+0000] {logging_mixin.py:188} INFO - [2026-09-24T07:18:29.294+0000] {dag.py:3096} INFO - Sync 1 DAGs
[2026-09-24T07:18:29.315+0000] {logging_mixin.py:188} INFO - [2026-09-24T07:18:29.314+0000] {dag.py:3954} INFO - Setting next_dagrun for produce_json to 2026-09-23 12:00:00+00:00, run_after=2026-09-24 12:00:00+00:00
[2026-09-24T07:18:29.337+0000] {processor.py:183} INFO - Processing /opt/airflow/dags/main.py took 0.186 seconds
[2026-09-24T07:18:59.711+0000] {processor.py:161} INFO - Started process (PID=1195) to work on /opt/airflow/dags/main.py
[2026-09-24T07:18:59.713+0000] {processor.py:830} INFO - Processing file /opt/airflow/dags/main.py for tasks to queue
[2026-09-24T07:18:59.718+0000] {logging_mixin.py:188} INFO - [2026-09-24T07:18:59.717+0000] {dagbag.py:545} INFO - Filling up the DagBag from /opt/airflow/dags/main.py
[2026-09-24T07:18:59.787+0000] {processor.py:840} INFO - DAG(s) 'produce_json' retrieved from /opt/airflow/dags/main.py
[2026-09-24T07:18:59.815+0000] {logging_mixin.py:188} INFO - [2026-09-24T07:18:59.815+0000] {dag.py:3096} INFO - Sync 1 DAGs
[2026-09-24T07:18:59.834+0000] {logging_mixin.py:188} INFO - [2026-09-24T07:18:59.834+0000] {dag.py:3954} INFO - Setting next_dagrun for produce_json to 2026-09-23 12:00:00+00:00, run_after=2026-09-24 12:00:00+00:00
[2026-09-24T07:18:59.856+0000] {processor.py:183} INFO - Processing /opt/airflow/dags/main.py took 0.150 seconds
[2026-09-24T07:19:30.026+0000] {processor.py:161} INFO - Started process (PID=1202) to work on /opt/airflow/dags/main.py
[2026-09-24T07:19:30.029+0000] {processor.py:830} INFO - Processing file /opt/airflow/dags/main.py for tasks to queue
[2026-09-24T07:19:30.033+0000] {logging_mixin.py:188} INFO - [2026-09-24T07:19:30.032+0000] {dagbag.py:545} INFO - Filling up the DagBag from /opt/airflow/dags/main.py
[2026-09-24T07:19:30.135+0000] {processor.py:840} INFO - DAG(s) 'produce_json' retrieved from /opt/airflow/dags/main.py
[2026-09-24T07:19:30.163+0000] {logging_mixin.py:188} INFO - [2026-09-24T07:19:30.163+0000] {dag.py:3096} INFO - Sync 1 DAGs
[2026-09-24T07:19:30.183+0000] {logging_mixin.py:188} INFO - [2026-09-24T07:19:30.183+0000] {dag.py:3954} INFO - Setting next_dagrun for produce_json to 2026-09-23 12:00:00+00:00, run_after=2026-09-24 12:00:00+00:00
[2026-09-24T07:19:30.207+0000] {processor.py:183} INFO - Processing /opt/airflow/dags/main.py took 0.190 seconds
[2026-09-24T07:20:00.464+0000] {processor.py:161} INFO - Started process (PID=1209) to work on /opt/airflow/dags/main.py
[2026-09-24T07:20:00.467+0000] {processor.py:830} INFO - Processing file /opt/airflow/dags/main.py for tasks to queue
[2026-09-24T07:20:00.470+0000] {logging_mixin.py:188} INFO - [2026-09-24T07:20:00.469+0000] {dagbag.py:545} INFO - Filling up the DagBag from /opt/airflow/dags/main.py
[2026-09-24T07:20:00.578+0000] {processor.py:840} INFO - DAG(s) 'produce_json' retrieved from /opt/airflow/dags/main.py
[2026-09-24T07:20:00.604+0000] {logging_mixin.py:188} INFO - [2026-09-24T07:20:00.604+0000] {dag.py:3096} INFO - Sync 1 DAGs
[2026-09-24T07:20:00.628+0000] {logging_mixin.py:188} INFO - [2026-09-24T07:20:00.628+0000] {dag.py:3954} INFO - Setting next_dagrun for produce_json to 2026-09-23 12:00:00+00:00, run_after=2026-09-24 12:00:00+00:00
[2026-09-24T07:20:00.650+0000] {processor.py:183} INFO - Processing /opt/airflow/dags/main.py took 0.192 seconds
[2026-09-24T07:20:30.798+0000] {processor.py:161} INFO - Started process (PID=1216) to work on /opt/airflow/dags/main.py
[2026-09-24T07:20:30.801+0000] {processor.py:830} INFO - Processing file /opt/airflow/dags/main.py for tasks to queue
[2026-09-24T07:20:30.804+0000] {logging_mixin.py:188} INFO - [2026-09-24T07:20:30.804+0000] {dagbag.py:545} INFO - Filling up the DagBag from /opt/airflow/dags/main.py
[2026-09-24T07:20:30.970+0000] {processor.py:840} INFO - DAG(s) 'produce_json' retrieved from /opt/airflow/dags/main.py
[2026-09-24T07:20:31.019+0000] {logging_mixin.py:188} INFO - [2026-09-24T07:20:31.019+0000] {dag.py:3096} INFO - Sync 1 DAGs
[2026-09-24T07:20:31.040+0000] {logging_mixin.py:188} INFO - [2026-09-24T07:20:31.040+0000] {dag.py:3954} INFO - Setting next_dagrun for produce_json to 2026-09-23 12:00:00+00:00, run_after=2026-09-24 12:00:00+00:00
[2026-09-24T07:20:31.059+0000] {processor.py:183} INFO - Processing /opt/airflow/dags/main.py took 0.267 seconds
[2026-09-24T07:21:01.256+0000] {processor.py:161} INFO - Started process (PID=1223) to work on /opt/airflow/dags/main.py
[2026-09-24T07:21:01.259+0000] {processor.py:830} INFO - Processing file /opt/airflow/dags/main.py for tasks to queue
[2026-09-24T07:21:01.263+0000] {logging_mixin.py:188} INFO - [2026-09-24T07:21:01.262+0000] {dagbag.py:545} INFO - Filling up the DagBag from /opt/airflow/dags/main.py
[2026-09-24T07:21:01.370+0000] {processor.py:840} INFO - DAG(s) 'produce_json' retrieved from /opt/airflow/dags/main.py
[2026-09-24T07:21:01.395+0000] {logging_mixin.py:188} INFO - [2026-09-24T07:21:01.395+0000] {dag.py:3096} INFO - Sync 1 DAGs
[2026-09-24T07:21:01.415+0000] {logging_mixin.py:188} INFO - [2026-09-24T07:21:01.415+0000] {dag.py:3954} INFO - Setting next_dagrun for produce_json to 2026-09-23 12:00:00+00:00, run_after=2026-09-24 12:00:00+00:00
[2026-09-24T07:21:01.436+0000] {processor.py:183} INFO - Processing /opt/airflow/dags/main.py took 0.186 seconds
[2026-09-24T07:21:31.667+0000] {processor.py:161} INFO - Started process (PID=1231) to work on /opt/airflow/dags/main.py
[2026-09-24T07:21:31.670+0000] {processor.py:830} INFO - Processing file /opt/airflow/dags/main.py for tasks to queue
[2026-09-24T07:21:31.674+0000] {logging_mixin.py:188} INFO - [2026-09-24T07:21:31.673+0000] {dagbag.py:545} INFO - Filling up the DagBag from /opt/airflow/dags/main.py
[2026-09-24T07:21:31.781+0000] {processor.py:840} INFO - DAG(s) 'produce_json' retrieved from /opt/airflow/dags/main.py
[2026-09-24T07:21:31.808+0000] {logging_mixin.py:188} INFO - [2026-09-24T07:21:31.808+0000] {dag.py:3096} INFO - Sync 1 DAGs
[2026-09-24T07:21:31.829+0000] {logging_mixin.py:188} INFO - [2026-09-24T07:21:31.829+0000] {dag.py:3954} INFO - Setting next_dagrun for produce_json to 2026-09-23 12:00:00+00:00, run_after=2026-09-24 12:00:00+00:00
[2026-09-24T07:21:31.851+0000] {processor.py:183} INFO - Processing /opt/airflow/dags/main.py took 0.190 seconds
[2026-09-24T07:22:02.007+0000] {processor.py:161} INFO - Started process (PID=1238) to work on /opt/airflow/dags/main.py
[2026-09-24T07:22:02.009+0000] {processor.py:830} INFO - Processing file /opt/airflow/dags/main.py for tasks to queue
[2026-09-24T07:22:02.012+0000] {logging_mixin.py:188} INFO - [2026-09-24T07:22:02.012+0000] {dagbag.py:545} INFO - Filling up the DagBag from /opt/airflow/dags/main.py
[2026-09-24T07:22:02.115+0000] {processor.py:840} INFO - DAG(s) 'produce_json' retrieved from /opt/airflow/dags/main.py
[2026-09-24T07:22:02.142+0000] {logging_mixin.py:188} INFO - [2026-09-24T07:22:02.142+0000] {dag.py:3096} INFO - Sync 1 DAGs
[2026-09-24T07:22:02.162+0000] {logging_mixin.py:188} INFO - [2026-09-24T07:22:02.162+0000] {dag.py:3954} INFO - Setting next_dagrun for produce_json to 2026-09-23 12:00:00+00:00, run_after=2026-09-24 12:00:00+00:00
[2026-09-24T07:22:02.186+0000] {processor.py:183} INFO - Processing /opt/airflow/dags/main.py took 0.186 seconds
[2026-09-24T07:22:32.433+0000] {processor.py:161} INFO - Started process (PID=1245) to work on /opt/airflow/dags/main.py
[2026-09-24T07:22:32.436+0000] {processor.py:830} INFO - Processing file /opt/airflow/dags/main.py for tasks to queue
[2026-09-24T07:22:32.439+0000] {logging_mixin.py:188} INFO - [2026-09-24T07:22:32.439+0000] {dagbag.py:545} INFO - Filling up the DagBag from /opt/airflow/dags/main.py
[2026-09-24T07:22:32.539+0000] {processor.py:840} INFO - DAG(s) 'produce_json' retrieved from /opt/airflow/dags/main.py
[2026-09-24T07:22:32.564+0000] {logging_mixin.py:188} INFO - [2026-09-24T07:22:32.564+0000] {dag.py:3096} INFO - Sync 1 DAGs
[2026-09-24T07:22:32.583+0000] {logging_mixin.py:188} INFO - [2026-09-24T07:22:32.583+0000] {dag.py:3954} INFO - Setting next_dagrun for produce_json to 2026-09-23 12:00:00+00:00, run_after=2026-09-24 12:00:00+00:00
[2026-09-24T07:22:32.604+0000] {processor.py:183} INFO - Processing /opt/airflow/dags/main.py took 0.177 seconds
[2026-09-24T07:23:02.766+0000] {processor.py:161} INFO - Started process (PID=1252) to work on /opt/airflow/dags/main.py
[2026-09-24T07:23:02.768+0000] {processor.py:830} INFO - Processing file /opt/airflow/dags/main.py for tasks to queue
[2026-09-24T07:23:02.772+0000] {logging_mixin.py:188} INFO - [2026-09-24T07:23:02.771+0000] {dagbag.py:545} INFO - Filling up the DagBag from /opt/airflow/dags/main.py
[2026-09-24T07:23:02.881+0000] {processor.py:840} INFO - DAG(s) 'produce_json' retrieved from /opt/airflow/dags/main.py
[2026-09-24T07:23:02.907+0000] {logging_mixin.py:188} INFO - [2026-09-24T07:23:02.907+0000] {dag.py:3096} INFO - Sync 1 DAGs
[2026-09-24T07:23:02.928+0000] {logging_mixin.py:188} INFO - [2026-09-24T07:23:02.928+0000] {dag.py:3954} INFO - Setting next_dagrun for produce_json to 2026-09-23 12:00:00+00:00, run_after=2026-09-24 12:00:00+00:00
[2026-09-24T07:23:02.950+0000] {processor.py:183} INFO - Processing /opt/airflow/dags/main.py took 0.191 seconds
[2026-09-24T07:23:33.211+0000] {processor.py:161} INFO - Started process (PID=1259) to work on /opt/airflow/dags/main.py
[2026-09-24T07:23:33.214+0000] {processor.py:830} INFO - Processing file /opt/airflow/dags/main.py for tasks to queue
[2026-09-24T07:23:33.218+0000] {logging_mixin.py:188} INFO - [2026-09-24T07:23:33.217+0000] {dagbag.py:545} INFO - Filling up the DagBag from /opt/airflow/dags/main.py
[2026-09-24T07:23:33.318+0000] {processor.py:840} INFO - DAG(s) 'produce_json' retrieved from /opt/airflow/dags/main.py
[2026-09-24T07:23:33.344+0000] {logging_mixin.py:188} INFO - [2026-09-24T07:23:33.344+0000] {dag.py:3096} INFO - Sync 1 DAGs
[2026-09-24T07:23:33.364+0000] {logging_mixin.py:188} INFO - [2026-09-24T07:23:33.364+0000] {dag.py:3954} INFO - Setting next_dagrun for produce_json to 2026-09-23 12:00:00+00:00, run_after=2026-09-24 12:00:00+00:00
[2026-09-24T07:23:33.386+0000] {processor.py:183} INFO - Processing /opt/airflow/dags/main.py took 0.179 seconds
[2026-09-24T07:24:03.565+0000] {processor.py:161} INFO - Started process (PID=1266) to work on /opt/airflow/dags/main.py
[2026-09-24T07:24:03.567+0000] {processor.py:830} INFO - Processing file /opt/airflow/dags/main.py for tasks to queue
[2026-09-24T07:24:03.571+0000] {logging_mixin.py:188} INFO - [2026-09-24T07:24:03.571+0000] {dagbag.py:545} INFO - Filling up the DagBag from /opt/airflow/dags/main.py
[2026-09-24T07:24:03.686+0000] {processor.py:840} INFO - DAG(s) 'produce_json' retrieved from /opt/airflow/dags/main.py
[2026-09-24T07:24:03.729+0000] {logging_mixin.py:188} INFO - [2026-09-24T07:24:03.729+0000] {dag.py:3096} INFO - Sync 1 DAGs
[2026-09-24T07:24:03.758+0000] {logging_mixin.py:188} INFO - [2026-09-24T07:24:03.758+0000] {dag.py:3954} INFO - Setting next_dagrun for produce_json to 2026-09-23 12:00:00+00:00, run_after=2026-09-24 12:00:00+00:00
[2026-09-24T07:24:03.787+0000] {processor.py:183} INFO - Processing /opt/airflow/dags/main.py took 0.229 seconds
[2026-09-24T07:24:33.890+0000] {processor.py:161} INFO - Started process (PID=1273) to work on /opt/airflow/dags/main.py
[2026-09-24T07:24:33.893+0000] {processor.py:830} INFO - Processing file /opt/airflow/dags/main.py for tasks to queue
[2026-09-24T07:24:33.896+0000] {logging_mixin.py:188} INFO - [2026-09-24T07:24:33.896+0000] {dagbag.py:545} INFO - Filling up the DagBag from /opt/airflow/dags/main.py
[2026-09-24T07:24:34.002+0000] {processor.py:840} INFO - DAG(s) 'produce_json' retrieved from /opt/airflow/dags/main.py
[2026-09-24T07:24:34.027+0000] {logging_mixin.py:188} INFO - [2026-09-24T07:24:34.027+0000] {dag.py:3096} INFO - Sync 1 DAGs
[2026-09-24T07:24:34.048+0000] {logging_mixin.py:188} INFO - [2026-09-24T07:24:34.048+0000] {dag.py:3954} INFO - Setting next_dagrun for produce_json to 2026-09-23 12:00:00+00:00, run_after=2026-09-24 12:00:00+00:00
[2026-09-24T07:24:34.071+0000] {processor.py:183} INFO - Processing /opt/airflow/dags/main.py took 0.188 seconds
[2026-09-24T07:25:04.401+0000] {processor.py:161} INFO - Started process (PID=1280) to work on /opt/airflow/dags/main.py
[2026-09-24T07:25:04.404+0000] {processor.py:830} INFO - Processing file /opt/airflow/dags/main.py for tasks to queue
[2026-09-24T07:25:04.408+0000] {logging_mixin.py:188} INFO - [2026-09-24T07:25:04.407+0000] {dagbag.py:545} INFO - Filling up the DagBag from /opt/airflow/dags/main.py
[2026-09-24T07:25:04.510+0000] {processor.py:840} INFO - DAG(s) 'produce_json' retrieved from /opt/airflow/dags/main.py
[2026-09-24T07:25:04.540+0000] {logging_mixin.py:188} INFO - [2026-09-24T07:25:04.540+0000] {dag.py:3096} INFO - Sync 1 DAGs
[2026-09-24T07:25:04.564+0000] {logging_mixin.py:188} INFO - [2026-09-24T07:25:04.564+0000] {dag.py:3954} INFO - Setting next_dagrun for produce_json to 2026-09-23 12:00:00+00:00, run_after=2026-09-24 12:00:00+00:00
[2026-09-24T07:25:04.592+0000] {processor.py:183} INFO - Processing /opt/airflow/dags/main.py took 0.201 seconds
[2026-09-24T07:25:34.682+0000] {processor.py:161} INFO - Started process (PID=1287) to work on /opt/airflow/dags/main.py
[2026-09-24T07:25:34.685+0000] {processor.py:830} INFO - Processing file /opt/airflow/dags/main.py for tasks to queue
[2026-09-24T07:25:34.689+0000] {logging_mixin.py:188} INFO - [2026-09-24T07:25:34.688+0000] {dagbag.py:545} INFO - Filling up the DagBag from /opt/airflow/dags/main.py
[2026-09-24T07:25:34.792+0000] {processor.py:840} INFO - DAG(s) 'produce_json' retrieved from /opt/airflow/dags/main.py
[2026-09-24T07:25:34.823+0000] {logging_mixin.py:188} INFO - [2026-09-24T07:25:34.823+0000] {dag.py:3096} INFO - Sync 1 DAGs
[2026-09-24T07:25:34.847+0000] {logging_mixin.py:188} INFO - [2026-09-24T07:25:34.847+0000] {dag.py:3954} INFO - Setting next_dagrun for produce_json to 2026-09-23 12:00:00+00:00, run_after=2026-09-24 12:00:00+00:00
[2026-09-24T07:25:34.874+0000] {processor.py:183} INFO - Processing /opt/airflow/dags/main.py took 0.199 seconds
[2026-09-24T07:26:05.153+0000] {processor.py:161} INFO - Started process (PID=1294) to work on /opt/airflow/dags/main.py
[2026-09-24T07:26:05.156+0000] {processor.py:830} INFO - Processing file /opt/airflow/dags/main.py for tasks to queue
[2026-09-24T07:26:05.161+0000] {logging_mixin.py:188} INFO - [2026-09-24T07:26:05.160+0000] {dagbag.py:545} INFO - Filling up the DagBag from /opt/airflow/dags/main.py
[2026-09-24T07:26:05.267+0000] {processor.py:840} INFO - DAG(s) 'produce_json' retrieved from /opt/airflow/dags/main.py
[2026-09-24T07:26:05.294+0000] {logging_mixin.py:188} INFO - [2026-09-24T07:26:05.293+0000] {dag.py:3096} INFO - Sync 1 DAGs
[2026-09-24T07:26:05.313+0000] {logging_mixin.py:188} INFO - [2026-09-24T07:26:05.313+0000] {dag.py:3954} INFO - Setting next_dagrun for produce_json to 2026-09-23 12:00:00+00:00, run_after=2026-09-24 12:00:00+00:00
[2026-09-24T07:26:05.336+0000] {processor.py:183} INFO - Processing /opt/airflow/dags/main.py took 0.188 seconds
[2026-09-24T07:26:35.426+0000] {processor.py:161} INFO - Started process (PID=1301) to work on /opt/airflow/dags/main.py
[2026-09-24T07:26:35.428+0000] {processor.py:830} INFO - Processing file /opt/airflow/dags/main.py for tasks to queue
[2026-09-24T07:26:35.431+0000] {logging_mixin.py:188} INFO - [2026-09-24T07:26:35.431+0000] {dagbag.py:545} INFO - Filling up the DagBag from /opt/airflow/dags/main.py
[2026-09-24T07:26:35.534+0000] {processor.py:840} INFO - DAG(s) 'produce_json' retrieved from /opt/airflow/dags/main.py
[2026-09-24T07:26:35.565+0000] {logging_mixin.py:188} INFO - [2026-09-24T07:26:35.565+0000] {dag.py:3096} INFO - Sync 1 DAGs
[2026-09-24T07:26:35.585+0000] {logging_mixin.py:188} INFO - [2026-09-24T07:26:35.585+0000] {dag.py:3954} INFO - Setting next_dagrun for produce_json to 2026-09-23 12:00:00+00:00, run_after=2026-09-24 12:00:00+00:00
[2026-09-24T07:26:35.608+0000] {processor.py:183} INFO - Processing /opt/airflow/dags/main.py took 0.188 seconds
[2026-09-24T07:27:05.877+0000] {processor.py:161} INFO - Started process (PID=1308) to work on /opt/airflow/dags/main.py
[2026-09-24T07:27:05.879+0000] {processor.py:830} INFO - Processing file /opt/airflow/dags/main.py for tasks to queue
[2026-09-24T07:27:05.882+0000] {logging_mixin.py:188} INFO - [2026-09-24T07:27:05.882+0000] {dagbag.py:545} INFO - Filling up the DagBag from /opt/airflow/dags/main.py
[2026-09-24T07:27:05.985+0000] {processor.py:840} INFO - DAG(s) 'produce_json' retrieved from /opt/airflow/dags/main.py
[2026-09-24T07:27:06.019+0000] {logging_mixin.py:188} INFO - [2026-09-24T07:27:06.019+0000] {dag.py:3096} INFO - Sync 1 DAGs
[2026-09-24T07:27:06.042+0000] {logging_mixin.py:188} INFO - [2026-09-24T07:27:06.041+0000] {dag.py:3954} INFO - Setting next_dagrun for produce_json to 2026-09-23 12:00:00+00:00, run_after=2026-09-24 12:00:00+00:00
[2026-09-24T07:27:06.065+0000] {processor.py:183} INFO - Processing /opt/airflow/dags/main.py took 0.195 seconds
[2026-09-24T07:27:36.238+0000] {processor.py:161} INFO - Started process (PID=1315) to work on /opt/airflow/dags/main.py
[2026-09-24T07:27:36.242+0000] {processor.py:830} INFO - Processing file /opt/airflow/dags/main.py for tasks to queue
[2026-09-24T07:27:36.249+0000] {logging_mixin.py:188} INFO - [2026-09-24T07:27:36.246+0000] {dagbag.py:545} INFO - Filling up the DagBag from /opt/airflow/dags/main.py
[2026-09-24T07:27:36.463+0000] {processor.py:840} INFO - DAG(s) 'produce_json' retrieved from /opt/airflow/dags/main.py
[2026-09-24T07:27:36.553+0000] {logging_mixin.py:188} INFO - [2026-09-24T07:27:36.553+0000] {dag.py:3096} INFO - Sync 1 DAGs
[2026-09-24T07:27:36.625+0000] {logging_mixin.py:188} INFO - [2026-09-24T07:27:36.625+0000] {dag.py:3954} INFO - Setting next_dagrun for produce_json to 2026-09-23 12:00:00+00:00, run_after=2026-09-24 12:00:00+00:00
[2026-09-24T07:27:36.719+0000] {processor.py:183} INFO - Processing /opt/airflow/dags/main.py took 0.496 seconds
[2026-09-24T07:28:07.249+0000] {processor.py:161} INFO - Started process (PID=1323) to work on /opt/airflow/dags/main.py
[2026-09-24T07:28:07.255+0000] {processor.py:830} INFO - Processing file /opt/airflow/dags/main.py for tasks to queue
[2026-09-24T07:28:07.269+0000] {logging_mixin.py:188} INFO - [2026-09-24T07:28:07.268+0000] {dagbag.py:545} INFO - Filling up the DagBag from /opt/airflow/dags/main.py
[2026-09-24T07:28:07.442+0000] {processor.py:840} INFO - DAG(s) 'produce_json' retrieved from /opt/airflow/dags/main.py
[2026-09-24T07:28:07.517+0000] {logging_mixin.py:188} INFO - [2026-09-24T07:28:07.517+0000] {dag.py:3096} INFO - Sync 1 DAGs
[2026-09-24T07:28:07.560+0000] {logging_mixin.py:188} INFO - [2026-09-24T07:28:07.560+0000] {dag.py:3954} INFO - Setting next_dagrun for produce_json to 2026-09-23 12:00:00+00:00, run_after=2026-09-24 12:00:00+00:00
[2026-09-24T07:28:07.618+0000] {processor.py:183} INFO - Processing /opt/airflow/dags/main.py took 0.409 seconds
[2026-09-24T07:28:38.022+0000] {processor.py:161} INFO - Started process (PID=1330) to work on /opt/airflow/dags/main.py
[2026-09-24T07:28:38.025+0000] {processor.py:830} INFO - Processing file /opt/airflow/dags/main.py for tasks to queue
[2026-09-24T07:28:38.031+0000] {logging_mixin.py:188} INFO - [2026-09-24T07:28:38.030+0000] {dagbag.py:545} INFO - Filling up the DagBag from /opt/airflow/dags/main.py
[2026-09-24T07:28:38.158+0000] {processor.py:840} INFO - DAG(s) 'produce_json' retrieved from /opt/airflow/dags/main.py
[2026-09-24T07:28:38.192+0000] {logging_mixin.py:188} INFO - [2026-09-24T07:28:38.192+0000] {dag.py:3096} INFO - Sync 1 DAGs
[2026-09-24T07:28:38.217+0000] {logging_mixin.py:188} INFO - [2026-09-24T07:28:38.217+0000] {dag.py:3954} INFO - Setting next_dagrun for produce_json to 2026-09-23 12:00:00+00:00, run_after=2026-09-24 12:00:00+00:00
[2026-09-24T07:28:38.241+0000] {processor.py:183} INFO - Processing /opt/airflow/dags/main.py took 0.227 seconds
[2026-09-24T07:29:08.616+0000] {processor.py:161} INFO - Started process (PID=1337) to work on /opt/airflow/dags/main.py
[2026-09-24T07:29:08.619+0000] {processor.py:830} INFO - Processing file /opt/airflow/dags/main.py for tasks to queue
[2026-09-24T07:29:08.622+0000] {logging_mixin.py:188} INFO - [2026-09-24T07:29:08.622+0000] {dagbag.py:545} INFO - Filling up the DagBag from /opt/airflow/dags/main.py
[2026-09-24T07:29:08.732+0000] {processor.py:840} INFO - DAG(s) 'produce_json' retrieved from /opt/airflow/dags/main.py
[2026-09-24T07:29:08.767+0000] {logging_mixin.py:188} INFO - [2026-09-24T07:29:08.767+0000] {dag.py:3096} INFO - Sync 1 DAGs
[2026-09-24T07:29:08.794+0000] {logging_mixin.py:188} INFO - [2026-09-24T07:29:08.794+0000] {dag.py:3954} INFO - Setting next_dagrun for produce_json to 2026-09-23 12:00:00+00:00, run_after=2026-09-24 12:00:00+00:00
[2026-09-24T07:29:08.819+0000] {processor.py:183} INFO - Processing /opt/airflow/dags/main.py took 0.209 seconds
[2026-09-24T07:29:39.058+0000] {processor.py:161} INFO - Started process (PID=1344) to work on /opt/airflow/dags/main.py
[2026-09-24T07:29:39.064+0000] {processor.py:830} INFO - Processing file /opt/airflow/dags/main.py for tasks to queue
[2026-09-24T07:29:39.074+0000] {logging_mixin.py:188} INFO - [2026-09-24T07:29:39.073+0000] {dagbag.py:545} INFO - Filling up the DagBag from /opt/airflow/dags/main.py
[2026-09-24T07:29:39.234+0000] {processor.py:840} INFO - DAG(s) 'produce_json' retrieved from /opt/airflow/dags/main.py
[2026-09-24T07:29:39.305+0000] {logging_mixin.py:188} INFO - [2026-09-24T07:29:39.305+0000] {dag.py:3096} INFO - Sync 1 DAGs
[2026-09-24T07:29:39.376+0000] {logging_mixin.py:188} INFO - [2026-09-24T07:29:39.376+0000] {dag.py:3954} INFO - Setting next_dagrun for produce_json to 2026-09-23 12:00:00+00:00, run_after=2026-09-24 12:00:00+00:00
[2026-09-24T07:29:39.417+0000] {processor.py:183} INFO - Processing /opt/airflow/dags/main.py took 0.379 seconds
[2026-09-24T07:30:09.780+0000] {processor.py:161} INFO - Started process (PID=1351) to work on /opt/airflow/dags/main.py
[2026-09-24T07:30:09.783+0000] {processor.py:830} INFO - Processing file /opt/airflow/dags/main.py for tasks to queue
[2026-09-24T07:30:09.787+0000] {logging_mixin.py:188} INFO - [2026-09-24T07:30:09.786+0000] {dagbag.py:545} INFO - Filling up the DagBag from /opt/airflow/dags/main.py
[2026-09-24T07:30:09.906+0000] {processor.py:840} INFO - DAG(s) 'produce_json' retrieved from /opt/airflow/dags/main.py
[2026-09-24T07:30:09.933+0000] {logging_mixin.py:188} INFO - [2026-09-24T07:30:09.933+0000] {dag.py:3096} INFO - Sync 1 DAGs
[2026-09-24T07:30:09.959+0000] {logging_mixin.py:188} INFO - [2026-09-24T07:30:09.958+0000] {dag.py:3954} INFO - Setting next_dagrun for produce_json to 2026-09-23 12:00:00+00:00, run_after=2026-09-24 12:00:00+00:00
[2026-09-24T07:30:09.983+0000] {processor.py:183} INFO - Processing /opt/airflow/dags/main.py took 0.209 seconds
[2026-09-24T07:30:40.063+0000] {processor.py:161} INFO - Started process (PID=1358) to work on /opt/airflow/dags/main.py
[2026-09-24T07:30:40.066+0000] {processor.py:830} INFO - Processing file /opt/airflow/dags/main.py for tasks to queue
[2026-09-24T07:30:40.072+0000] {logging_mixin.py:188} INFO - [2026-09-24T07:30:40.071+0000] {dagbag.py:545} INFO - Filling up the DagBag from /opt/airflow/dags/main.py
[2026-09-24T07:30:40.167+0000] {processor.py:840} INFO - DAG(s) 'produce_json' retrieved from /opt/airflow/dags/main.py
[2026-09-24T07:30:40.198+0000] {logging_mixin.py:188} INFO - [2026-09-24T07:30:40.198+0000] {dag.py:3096} INFO - Sync 1 DAGs
[2026-09-24T07:30:40.219+0000] {logging_mixin.py:188} INFO - [2026-09-24T07:30:40.219+0000] {dag.py:3954} INFO - Setting next_dagrun for produce_json to 2026-09-23 12:00:00+00:00, run_after=2026-09-24 12:00:00+00:00
[2026-09-24T07:30:40.242+0000] {processor.py:183} INFO - Processing /opt/airflow/dags/main.py took 0.186 seconds
[2026-09-24T07:31:10.596+0000] {processor.py:161} INFO - Started process (PID=1365) to work on /opt/airflow/dags/main.py
[2026-09-24T07:31:10.600+0000] {processor.py:830} INFO - Processing file /opt/airflow/dags/main.py for tasks to queue
[2026-09-24T07:31:10.605+0000] {logging_mixin.py:188} INFO - [2026-09-24T07:31:10.604+0000] {dagbag.py:545} INFO - Filling up the DagBag from /opt/airflow/dags/main.py
[2026-09-24T07:31:10.714+0000] {processor.py:840} INFO - DAG(s) 'produce_json' retrieved from /opt/airflow/dags/main.py
[2026-09-24T07:31:10.746+0000] {logging_mixin.py:188} INFO - [2026-09-24T07:31:10.745+0000] {dag.py:3096} INFO - Sync 1 DAGs
[2026-09-24T07:31:10.771+0000] {logging_mixin.py:188} INFO - [2026-09-24T07:31:10.770+0000] {dag.py:3954} INFO - Setting next_dagrun for produce_json to 2026-09-23 12:00:00+00:00, run_after=2026-09-24 12:00:00+00:00
[2026-09-24T07:31:10.794+0000] {processor.py:183} INFO - Processing /opt/airflow/dags/main.py took 0.203 seconds
[2026-09-24T07:31:40.923+0000] {processor.py:161} INFO - Started process (PID=1372) to work on /opt/airflow/dags/main.py
[2026-09-24T07:31:40.926+0000] {processor.py:830} INFO - Processing file /opt/airflow/dags/main.py for tasks to queue
[2026-09-24T07:31:40.929+0000] {logging_mixin.py:188} INFO - [2026-09-24T07:31:40.929+0000] {dagbag.py:545} INFO - Filling up the DagBag from /opt/airflow/dags/main.py
[2026-09-24T07:31:41.035+0000] {processor.py:840} INFO - DAG(s) 'produce_json' retrieved from /opt/airflow/dags/main.py
[2026-09-24T07:31:41.062+0000] {logging_mixin.py:188} INFO - [2026-09-24T07:31:41.062+0000] {dag.py:3096} INFO - Sync 1 DAGs
[2026-09-24T07:31:41.080+0000] {logging_mixin.py:188} INFO - [2026-09-24T07:31:41.080+0000] {dag.py:3954} INFO - Setting next_dagrun for produce_json to 2026-09-23 12:00:00+00:00, run_after=2026-09-24 12:00:00+00:00
[2026-09-24T07:31:41.104+0000] {processor.py:183} INFO - Processing /opt/airflow/dags/main.py took 0.187 seconds
[2026-09-24T07:32:11.463+0000] {processor.py:161} INFO - Started process (PID=1379) to work on /opt/airflow/dags/main.py
[2026-09-24T07:32:11.465+0000] {processor.py:830} INFO - Processing file /opt/airflow/dags/main.py for tasks to queue
[2026-09-24T07:32:11.468+0000] {logging_mixin.py:188} INFO - [2026-09-24T07:32:11.468+0000] {dagbag.py:545} INFO - Filling up the DagBag from /opt/airflow/dags/main.py
[2026-09-24T07:32:11.602+0000] {processor.py:840} INFO - DAG(s) 'produce_json' retrieved from /opt/airflow/dags/main.py
[2026-09-24T07:32:11.627+0000] {logging_mixin.py:188} INFO - [2026-09-24T07:32:11.626+0000] {dag.py:3096} INFO - Sync 1 DAGs
[2026-09-24T07:32:11.645+0000] {logging_mixin.py:188} INFO - [2026-09-24T07:32:11.645+0000] {dag.py:3954} INFO - Setting next_dagrun for produce_json to 2026-09-23 12:00:00+00:00, run_after=2026-09-24 12:00:00+00:00
[2026-09-24T07:32:11.665+0000] {processor.py:183} INFO - Processing /opt/airflow/dags/main.py took 0.207 seconds
[2026-09-24T07:32:41.802+0000] {processor.py:161} INFO - Started process (PID=1386) to work on /opt/airflow/dags/main.py
[2026-09-24T07:32:41.804+0000] {processor.py:830} INFO - Processing file /opt/airflow/dags/main.py for tasks to queue
[2026-09-24T07:32:41.808+0000] {logging_mixin.py:188} INFO - [2026-09-24T07:32:41.808+0000] {dagbag.py:545} INFO - Filling up the DagBag from /opt/airflow/dags/main.py
[2026-09-24T07:32:41.919+0000] {processor.py:840} INFO - DAG(s) 'produce_json' retrieved from /opt/airflow/dags/main.py
[2026-09-24T07:32:41.949+0000] {logging_mixin.py:188} INFO - [2026-09-24T07:32:41.949+0000] {dag.py:3096} INFO - Sync 1 DAGs
[2026-09-24T07:32:41.968+0000] {logging_mixin.py:188} INFO - [2026-09-24T07:32:41.968+0000] {dag.py:3954} INFO - Setting next_dagrun for produce_json to 2026-09-23 12:00:00+00:00, run_after=2026-09-24 12:00:00+00:00
[2026-09-24T07:32:41.986+0000] {processor.py:183} INFO - Processing /opt/airflow/dags/main.py took 0.189 seconds
[2026-09-24T07:33:12.316+0000] {processor.py:161} INFO - Started process (PID=1393) to work on /opt/airflow/dags/main.py
[2026-09-24T07:33:12.319+0000] {processor.py:830} INFO - Processing file /opt/airflow/dags/main.py for tasks to queue
[2026-09-24T07:33:12.322+0000] {logging_mixin.py:188} INFO - [2026-09-24T07:33:12.322+0000] {dagbag.py:545} INFO - Filling up the DagBag from /opt/airflow/dags/main.py
[2026-09-24T07:33:12.433+0000] {processor.py:840} INFO - DAG(s) 'produce_json' retrieved from /opt/airflow/dags/main.py
[2026-09-24T07:33:12.455+0000] {logging_mixin.py:188} INFO - [2026-09-24T07:33:12.455+0000] {dag.py:3096} INFO - Sync 1 DAGs
[2026-09-24T07:33:12.471+0000] {logging_mixin.py:188} INFO - [2026-09-24T07:33:12.471+0000] {dag.py:3954} INFO - Setting next_dagrun for produce_json to 2026-09-23 12:00:00+00:00, run_after=2026-09-24 12:00:00+00:00
[2026-09-24T07:33:12.492+0000] {processor.py:183} INFO - Processing /opt/airflow/dags/main.py took 0.181 seconds
[2026-09-24T07:33:42.623+0000] {processor.py:161} INFO - Started process (PID=1400) to work on /opt/airflow/dags/main.py
[2026-09-24T07:33:42.626+0000] {processor.py:830} INFO - Processing file /opt/airflow/dags/main.py for tasks to queue
[2026-09-24T07:33:42.633+0000] {logging_mixin.py:188} INFO - [2026-09-24T07:33:42.632+0000] {dagbag.py:545} INFO - Filling up the DagBag from /opt/airflow/dags/main.py
[2026-09-24T07:33:42.790+0000] {processor.py:840} INFO - DAG(s) 'produce_json' retrieved from /opt/airflow/dags/main.py
[2026-09-24T07:33:42.832+0000] {logging_mixin.py:188} INFO - [2026-09-24T07:33:42.832+0000] {dag.py:3096} INFO - Sync 1 DAGs
[2026-09-24T07:33:42.866+0000] {logging_mixin.py:188} INFO - [2026-09-24T07:33:42.866+0000] {dag.py:3954} INFO - Setting next_dagrun for produce_json to 2026-09-23 12:00:00+00:00, run_after=2026-09-24 12:00:00+00:00
[2026-09-24T07:33:42.897+0000] {processor.py:183} INFO - Processing /opt/airflow/dags/main.py took 0.283 seconds
[2026-09-24T07:34:13.373+0000] {processor.py:161} INFO - Started process (PID=1407) to work on /opt/airflow/dags/main.py
[2026-09-24T07:34:13.376+0000] {processor.py:830} INFO - Processing file /opt/airflow/dags/main.py for tasks to queue
[2026-09-24T07:34:13.380+0000] {logging_mixin.py:188} INFO - [2026-09-24T07:34:13.379+0000] {dagbag.py:545} INFO - Filling up the DagBag from /opt/airflow/dags/main.py
[2026-09-24T07:34:13.498+0000] {processor.py:840} INFO - DAG(s) 'produce_json' retrieved from /opt/airflow/dags/main.py
[2026-09-24T07:34:13.526+0000] {logging_mixin.py:188} INFO - [2026-09-24T07:34:13.526+0000] {dag.py:3096} INFO - Sync 1 DAGs
[2026-09-24T07:34:13.547+0000] {logging_mixin.py:188} INFO - [2026-09-24T07:34:13.547+0000] {dag.py:3954} INFO - Setting next_dagrun for produce_json to 2026-09-23 12:00:00+00:00, run_after=2026-09-24 12:00:00+00:00
[2026-09-24T07:34:13.570+0000] {processor.py:183} INFO - Processing /opt/airflow/dags/main.py took 0.202 seconds
[2026-09-24T07:34:43.692+0000] {processor.py:161} INFO - Started process (PID=1414) to work on /opt/airflow/dags/main.py
[2026-09-24T07:34:43.695+0000] {processor.py:830} INFO - Processing file /opt/airflow/dags/main.py for tasks to queue
[2026-09-24T07:34:43.699+0000] {logging_mixin.py:188} INFO - [2026-09-24T07:34:43.698+0000] {dagbag.py:545} INFO - Filling up the DagBag from /opt/airflow/dags/main.py
[2026-09-24T07:34:43.804+0000] {processor.py:840} INFO - DAG(s) 'produce_json' retrieved from /opt/airflow/dags/main.py
[2026-09-24T07:34:43.837+0000] {logging_mixin.py:188} INFO - [2026-09-24T07:34:43.837+0000] {dag.py:3096} INFO - Sync 1 DAGs
[2026-09-24T07:34:43.858+0000] {logging_mixin.py:188} INFO - [2026-09-24T07:34:43.858+0000] {dag.py:3954} INFO - Setting next_dagrun for produce_json to 2026-09-23 12:00:00+00:00, run_after=2026-09-24 12:00:00+00:00
[2026-09-24T07:34:43.900+0000] {processor.py:183} INFO - Processing /opt/airflow/dags/main.py took 0.215 seconds
[2026-09-24T07:35:14.197+0000] {processor.py:161} INFO - Started process (PID=1421) to work on /opt/airflow/dags/main.py
[2026-09-24T07:35:14.201+0000] {processor.py:830} INFO - Processing file /opt/airflow/dags/main.py for tasks to queue
[2026-09-24T07:35:14.204+0000] {logging_mixin.py:188} INFO - [2026-09-24T07:35:14.204+0000] {dagbag.py:545} INFO - Filling up the DagBag from /opt/airflow/dags/main.py
[2026-09-24T07:35:14.314+0000] {processor.py:840} INFO - DAG(s) 'produce_json' retrieved from /opt/airflow/dags/main.py
[2026-09-24T07:35:14.345+0000] {logging_mixin.py:188} INFO - [2026-09-24T07:35:14.344+0000] {dag.py:3096} INFO - Sync 1 DAGs
[2026-09-24T07:35:14.366+0000] {logging_mixin.py:188} INFO - [2026-09-24T07:35:14.366+0000] {dag.py:3954} INFO - Setting next_dagrun for produce_json to 2026-09-23 12:00:00+00:00, run_after=2026-09-24 12:00:00+00:00
[2026-09-24T07:35:14.397+0000] {processor.py:183} INFO - Processing /opt/airflow/dags/main.py took 0.207 seconds
[2026-09-24T07:35:44.527+0000] {processor.py:161} INFO - Started process (PID=1428) to work on /opt/airflow/dags/main.py
[2026-09-24T07:35:44.529+0000] {processor.py:830} INFO - Processing file /opt/airflow/dags/main.py for tasks to queue
[2026-09-24T07:35:44.533+0000] {logging_mixin.py:188} INFO - [2026-09-24T07:35:44.532+0000] {dagbag.py:545} INFO - Filling up the DagBag from /opt/airflow/dags/main.py
[2026-09-24T07:35:44.636+0000] {processor.py:840} INFO - DAG(s) 'produce_json' retrieved from /opt/airflow/dags/main.py
[2026-09-24T07:35:44.669+0000] {logging_mixin.py:188} INFO - [2026-09-24T07:35:44.669+0000] {dag.py:3096} INFO - Sync 1 DAGs
[2026-09-24T07:35:44.693+0000] {logging_mixin.py:188} INFO - [2026-09-24T07:35:44.693+0000] {dag.py:3954} INFO - Setting next_dagrun for produce_json to 2026-09-23 12:00:00+00:00, run_after=2026-09-24 12:00:00+00:00
[2026-09-24T07:35:44.721+0000] {processor.py:183} INFO - Processing /opt/airflow/dags/main.py took 0.200 seconds
[2026-09-24T07:36:15.049+0000] {processor.py:161} INFO - Started process (PID=1435) to work on /opt/airflow/dags/main.py
[2026-09-24T07:36:15.052+0000] {processor.py:830} INFO - Processing file /opt/airflow/dags/main.py for tasks to queue
[2026-09-24T07:36:15.057+0000] {logging_mixin.py:188} INFO - [2026-09-24T07:36:15.056+0000] {dagbag.py:545} INFO - Filling up the DagBag from /opt/airflow/dags/main.py
[2026-09-24T07:36:15.171+0000] {processor.py:840} INFO - DAG(s) 'produce_json' retrieved from /opt/airflow/dags/main.py
[2026-09-24T07:36:15.204+0000] {logging_mixin.py:188} INFO - [2026-09-24T07:36:15.204+0000] {dag.py:3096} INFO - Sync 1 DAGs
[2026-09-24T07:36:15.232+0000] {logging_mixin.py:188} INFO - [2026-09-24T07:36:15.231+0000] {dag.py:3954} INFO - Setting next_dagrun for produce_json to 2026-09-23 12:00:00+00:00, run_after=2026-09-24 12:00:00+00:00
[2026-09-24T07:36:15.259+0000] {processor.py:183} INFO - Processing /opt/airflow/dags/main.py took 0.218 seconds
[2026-09-24T07:36:45.381+0000] {processor.py:161} INFO - Started process (PID=1442) to work on /opt/airflow/dags/main.py
[2026-09-24T07:36:45.384+0000] {processor.py:830} INFO - Processing file /opt/airflow/dags/main.py for tasks to queue
[2026-09-24T07:36:45.389+0000] {logging_mixin.py:188} INFO - [2026-09-24T07:36:45.388+0000] {dagbag.py:545} INFO - Filling up the DagBag from /opt/airflow/dags/main.py
[2026-09-24T07:36:45.486+0000] {processor.py:840} INFO - DAG(s) 'produce_json' retrieved from /opt/airflow/dags/main.py
[2026-09-24T07:36:45.536+0000] {logging_mixin.py:188} INFO - [2026-09-24T07:36:45.536+0000] {dag.py:3096} INFO - Sync 1 DAGs
[2026-09-24T07:36:45.564+0000] {logging_mixin.py:188} INFO - [2026-09-24T07:36:45.564+0000] {dag.py:3954} INFO - Setting next_dagrun for produce_json to 2026-09-23 12:00:00+00:00, run_after=2026-09-24 12:00:00+00:00
[2026-09-24T07:36:45.598+0000] {processor.py:183} INFO - Processing /opt/airflow/dags/main.py took 0.224 seconds
[2026-09-24T07:37:15.916+0000] {processor.py:161} INFO - Started process (PID=1449) to work on /opt/airflow/dags/main.py
[2026-09-24T07:37:15.919+0000] {processor.py:830} INFO - Processing file /opt/airflow/dags/main.py for tasks to queue
[2026-09-24T07:37:15.924+0000] {logging_mixin.py:188} INFO - [2026-09-24T07:37:15.923+0000] {dagbag.py:545} INFO - Filling up the DagBag from /opt/airflow/dags/main.py
[2026-09-24T07:37:16.021+0000] {processor.py:840} INFO - DAG(s) 'produce_json' retrieved from /opt/airflow/dags/main.py
[2026-09-24T07:37:16.050+0000] {logging_mixin.py:188} INFO - [2026-09-24T07:37:16.049+0000] {dag.py:3096} INFO - Sync 1 DAGs
[2026-09-24T07:37:16.071+0000] {logging_mixin.py:188} INFO - [2026-09-24T07:37:16.071+0000] {dag.py:3954} INFO - Setting next_dagrun for produce_json to 2026-09-23 12:00:00+00:00, run_after=2026-09-24 12:00:00+00:00
[2026-09-24T07:37:16.100+0000] {processor.py:183} INFO - Processing /opt/airflow/dags/main.py took 0.192 seconds
[2026-09-24T07:37:46.228+0000] {processor.py:161} INFO - Started process (PID=1456) to work on /opt/airflow/dags/main.py
[2026-09-24T07:37:46.231+0000] {processor.py:830} INFO - Processing file /opt/airflow/dags/main.py for tasks to queue
[2026-09-24T07:37:46.235+0000] {logging_mixin.py:188} INFO - [2026-09-24T07:37:46.235+0000] {dagbag.py:545} INFO - Filling up the DagBag from /opt/airflow/dags/main.py
[2026-09-24T07:37:46.352+0000] {processor.py:840} INFO - DAG(s) 'produce_json' retrieved from /opt/airflow/dags/main.py
[2026-09-24T07:37:46.394+0000] {logging_mixin.py:188} INFO - [2026-09-24T07:37:46.394+0000] {dag.py:3096} INFO - Sync 1 DAGs
[2026-09-24T07:37:46.421+0000] {logging_mixin.py:188} INFO - [2026-09-24T07:37:46.421+0000] {dag.py:3954} INFO - Setting next_dagrun for produce_json to 2026-09-23 12:00:00+00:00, run_after=2026-09-24 12:00:00+00:00
[2026-09-24T07:37:46.462+0000] {processor.py:183} INFO - Processing /opt/airflow/dags/main.py took 0.240 seconds
[2026-09-24T07:38:16.728+0000] {processor.py:161} INFO - Started process (PID=1464) to work on /opt/airflow/dags/main.py
[2026-09-24T07:38:16.730+0000] {processor.py:830} INFO - Processing file /opt/airflow/dags/main.py for tasks to queue
[2026-09-24T07:38:16.733+0000] {logging_mixin.py:188} INFO - [2026-09-24T07:38:16.733+0000] {dagbag.py:545} INFO - Filling up the DagBag from /opt/airflow/dags/main.py
[2026-09-24T07:38:16.845+0000] {processor.py:840} INFO - DAG(s) 'produce_json' retrieved from /opt/airflow/dags/main.py
[2026-09-24T07:38:16.882+0000] {logging_mixin.py:188} INFO - [2026-09-24T07:38:16.882+0000] {dag.py:3096} INFO - Sync 1 DAGs
[2026-09-24T07:38:16.909+0000] {logging_mixin.py:188} INFO - [2026-09-24T07:38:16.909+0000] {dag.py:3954} INFO - Setting next_dagrun for produce_json to 2026-09-23 12:00:00+00:00, run_after=2026-09-24 12:00:00+00:00
[2026-09-24T07:38:16.933+0000] {processor.py:183} INFO - Processing /opt/airflow/dags/main.py took 0.212 seconds
[2026-09-24T07:38:47.368+0000] {processor.py:161} INFO - Started process (PID=1471) to work on /opt/airflow/dags/main.py
[2026-09-24T07:38:47.371+0000] {processor.py:830} INFO - Processing file /opt/airflow/dags/main.py for tasks to queue
[2026-09-24T07:38:47.376+0000] {logging_mixin.py:188} INFO - [2026-09-24T07:38:47.376+0000] {dagbag.py:545} INFO - Filling up the DagBag from /opt/airflow/dags/main.py
[2026-09-24T07:38:47.483+0000] {processor.py:840} INFO - DAG(s) 'produce_json' retrieved from /opt/airflow/dags/main.py
[2026-09-24T07:38:47.524+0000] {logging_mixin.py:188} INFO - [2026-09-24T07:38:47.524+0000] {dag.py:3096} INFO - Sync 1 DAGs
[2026-09-24T07:38:47.555+0000] {logging_mixin.py:188} INFO - [2026-09-24T07:38:47.554+0000] {dag.py:3954} INFO - Setting next_dagrun for produce_json to 2026-09-23 12:00:00+00:00, run_after=2026-09-24 12:00:00+00:00
[2026-09-24T07:38:47.577+0000] {processor.py:183} INFO - Processing /opt/airflow/dags/main.py took 0.244 seconds
[2026-09-24T07:39:17.639+0000] {processor.py:161} INFO - Started process (PID=1478) to work on /opt/airflow/dags/main.py
[2026-09-24T07:39:17.641+0000] {processor.py:830} INFO - Processing file /opt/airflow/dags/main.py for tasks to queue
[2026-09-24T07:39:17.645+0000] {logging_mixin.py:188} INFO - [2026-09-24T07:39:17.645+0000] {dagbag.py:545} INFO - Filling up the DagBag from /opt/airflow/dags/main.py
[2026-09-24T07:39:17.743+0000] {processor.py:840} INFO - DAG(s) 'produce_json' retrieved from /opt/airflow/dags/main.py
[2026-09-24T07:39:17.773+0000] {logging_mixin.py:188} INFO - [2026-09-24T07:39:17.773+0000] {dag.py:3096} INFO - Sync 1 DAGs
[2026-09-24T07:39:17.795+0000] {logging_mixin.py:188} INFO - [2026-09-24T07:39:17.794+0000] {dag.py:3954} INFO - Setting next_dagrun for produce_json to 2026-09-23 12:00:00+00:00, run_after=2026-09-24 12:00:00+00:00
[2026-09-24T07:39:17.822+0000] {processor.py:183} INFO - Processing /opt/airflow/dags/main.py took 0.191 seconds
[2026-09-24T07:39:48.180+0000] {processor.py:161} INFO - Started process (PID=1485) to work on /opt/airflow/dags/main.py
[2026-09-24T07:39:48.183+0000] {processor.py:830} INFO - Processing file /opt/airflow/dags/main.py for tasks to queue
[2026-09-24T07:39:48.186+0000] {logging_mixin.py:188} INFO - [2026-09-24T07:39:48.186+0000] {dagbag.py:545} INFO - Filling up the DagBag from /opt/airflow/dags/main.py
[2026-09-24T07:39:48.293+0000] {processor.py:840} INFO - DAG(s) 'produce_json' retrieved from /opt/airflow/dags/main.py
[2026-09-24T07:39:48.324+0000] {logging_mixin.py:188} INFO - [2026-09-24T07:39:48.324+0000] {dag.py:3096} INFO - Sync 1 DAGs
[2026-09-24T07:39:48.350+0000] {logging_mixin.py:188} INFO - [2026-09-24T07:39:48.350+0000] {dag.py:3954} INFO - Setting next_dagrun for produce_json to 2026-09-23 12:00:00+00:00, run_after=2026-09-24 12:00:00+00:00
[2026-09-24T07:39:48.377+0000] {processor.py:183} INFO - Processing /opt/airflow/dags/main.py took 0.204 seconds
[2026-09-24T07:40:18.683+0000] {processor.py:161} INFO - Started process (PID=1492) to work on /opt/airflow/dags/main.py
[2026-09-24T07:40:18.686+0000] {processor.py:830} INFO - Processing file /opt/airflow/dags/main.py for tasks to queue
[2026-09-24T07:40:18.689+0000] {logging_mixin.py:188} INFO - [2026-09-24T07:40:18.689+0000] {dagbag.py:545} INFO - Filling up the DagBag from /opt/airflow/dags/main.py
[2026-09-24T07:40:18.792+0000] {processor.py:840} INFO - DAG(s) 'produce_json' retrieved from /opt/airflow/dags/main.py
[2026-09-24T07:40:18.821+0000] {logging_mixin.py:188} INFO - [2026-09-24T07:40:18.820+0000] {dag.py:3096} INFO - Sync 1 DAGs
[2026-09-24T07:40:18.847+0000] {logging_mixin.py:188} INFO - [2026-09-24T07:40:18.847+0000] {dag.py:3954} INFO - Setting next_dagrun for produce_json to 2026-09-23 12:00:00+00:00, run_after=2026-09-24 12:00:00+00:00
[2026-09-24T07:40:18.874+0000] {processor.py:183} INFO - Processing /opt/airflow/dags/main.py took 0.196 seconds
[2026-09-24T07:40:48.991+0000] {processor.py:161} INFO - Started process (PID=1499) to work on /opt/airflow/dags/main.py
[2026-09-24T07:40:48.995+0000] {processor.py:830} INFO - Processing file /opt/airflow/dags/main.py for tasks to queue
[2026-09-24T07:40:48.999+0000] {logging_mixin.py:188} INFO - [2026-09-24T07:40:48.998+0000] {dagbag.py:545} INFO - Filling up the DagBag from /opt/airflow/dags/main.py
[2026-09-24T07:40:49.109+0000] {processor.py:840} INFO - DAG(s) 'produce_json' retrieved from /opt/airflow/dags/main.py
[2026-09-24T07:40:49.138+0000] {logging_mixin.py:188} INFO - [2026-09-24T07:40:49.138+0000] {dag.py:3096} INFO - Sync 1 DAGs
[2026-09-24T07:40:49.158+0000] {logging_mixin.py:188} INFO - [2026-09-24T07:40:49.157+0000] {dag.py:3954} INFO - Setting next_dagrun for produce_json to 2026-09-23 12:00:00+00:00, run_after=2026-09-24 12:00:00+00:00
[2026-09-24T07:40:49.179+0000] {processor.py:183} INFO - Processing /opt/airflow/dags/main.py took 0.194 seconds
[2026-09-24T07:41:19.495+0000] {processor.py:161} INFO - Started process (PID=1506) to work on /opt/airflow/dags/main.py
[2026-09-24T07:41:19.500+0000] {processor.py:830} INFO - Processing file /opt/airflow/dags/main.py for tasks to queue
[2026-09-24T07:41:19.511+0000] {logging_mixin.py:188} INFO - [2026-09-24T07:41:19.510+0000] {dagbag.py:545} INFO - Filling up the DagBag from /opt/airflow/dags/main.py
[2026-09-24T07:41:19.619+0000] {processor.py:840} INFO - DAG(s) 'produce_json' retrieved from /opt/airflow/dags/main.py
[2026-09-24T07:41:19.654+0000] {logging_mixin.py:188} INFO - [2026-09-24T07:41:19.654+0000] {dag.py:3096} INFO - Sync 1 DAGs
[2026-09-24T07:41:19.675+0000] {logging_mixin.py:188} INFO - [2026-09-24T07:41:19.675+0000] {dag.py:3954} INFO - Setting next_dagrun for produce_json to 2026-09-23 12:00:00+00:00, run_after=2026-09-24 12:00:00+00:00
[2026-09-24T07:41:19.701+0000] {processor.py:183} INFO - Processing /opt/airflow/dags/main.py took 0.218 seconds
[2026-09-24T07:41:49.805+0000] {processor.py:161} INFO - Started process (PID=1513) to work on /opt/airflow/dags/main.py
[2026-09-24T07:41:49.808+0000] {processor.py:830} INFO - Processing file /opt/airflow/dags/main.py for tasks to queue
[2026-09-24T07:41:49.812+0000] {logging_mixin.py:188} INFO - [2026-09-24T07:41:49.812+0000] {dagbag.py:545} INFO - Filling up the DagBag from /opt/airflow/dags/main.py
[2026-09-24T07:41:49.972+0000] {processor.py:840} INFO - DAG(s) 'produce_json' retrieved from /opt/airflow/dags/main.py
[2026-09-24T07:41:50.024+0000] {logging_mixin.py:188} INFO - [2026-09-24T07:41:50.024+0000] {dag.py:3096} INFO - Sync 1 DAGs
[2026-09-24T07:41:50.048+0000] {logging_mixin.py:188} INFO - [2026-09-24T07:41:50.047+0000] {dag.py:3954} INFO - Setting next_dagrun for produce_json to 2026-09-23 12:00:00+00:00, run_after=2026-09-24 12:00:00+00:00
[2026-09-24T07:41:50.072+0000] {processor.py:183} INFO - Processing /opt/airflow/dags/main.py took 0.274 seconds
[2026-09-24T07:42:20.305+0000] {processor.py:161} INFO - Started process (PID=1520) to work on /opt/airflow/dags/main.py
[2026-09-24T07:42:20.308+0000] {processor.py:830} INFO - Processing file /opt/airflow/dags/main.py for tasks to queue
[2026-09-24T07:42:20.311+0000] {logging_mixin.py:188} INFO - [2026-09-24T07:42:20.311+0000] {dagbag.py:545} INFO - Filling up the DagBag from /opt/airflow/dags/main.py
[2026-09-24T07:42:20.414+0000] {processor.py:840} INFO - DAG(s) 'produce_json' retrieved from /opt/airflow/dags/main.py
[2026-09-24T07:42:20.442+0000] {logging_mixin.py:188} INFO - [2026-09-24T07:42:20.441+0000] {dag.py:3096} INFO - Sync 1 DAGs
[2026-09-24T07:42:20.460+0000] {logging_mixin.py:188} INFO - [2026-09-24T07:42:20.460+0000] {dag.py:3954} INFO - Setting next_dagrun for produce_json to 2026-09-23 12:00:00+00:00, run_after=2026-09-24 12:00:00+00:00
[2026-09-24T07:42:20.482+0000] {processor.py:183} INFO - Processing /opt/airflow/dags/main.py took 0.183 seconds
[2026-09-24T07:42:50.698+0000] {processor.py:161} INFO - Started process (PID=1527) to work on /opt/airflow/dags/main.py
[2026-09-24T07:42:50.701+0000] {processor.py:830} INFO - Processing file /opt/airflow/dags/main.py for tasks to queue
[2026-09-24T07:42:50.704+0000] {logging_mixin.py:188} INFO - [2026-09-24T07:42:50.704+0000] {dagbag.py:545} INFO - Filling up the DagBag from /opt/airflow/dags/main.py
[2026-09-24T07:42:50.814+0000] {processor.py:840} INFO - DAG(s) 'produce_json' retrieved from /opt/airflow/dags/main.py
[2026-09-24T07:42:50.857+0000] {logging_mixin.py:188} INFO - [2026-09-24T07:42:50.857+0000] {dag.py:3096} INFO - Sync 1 DAGs
[2026-09-24T07:42:50.885+0000] {logging_mixin.py:188} INFO - [2026-09-24T07:42:50.884+0000] {dag.py:3954} INFO - Setting next_dagrun for produce_json to 2026-09-23 12:00:00+00:00, run_after=2026-09-24 12:00:00+00:00
[2026-09-24T07:42:50.933+0000] {processor.py:183} INFO - Processing /opt/airflow/dags/main.py took 0.244 seconds
[2026-09-24T07:43:21.083+0000] {processor.py:161} INFO - Started process (PID=1534) to work on /opt/airflow/dags/main.py
[2026-09-24T07:43:21.087+0000] {processor.py:830} INFO - Processing file /opt/airflow/dags/main.py for tasks to queue
[2026-09-24T07:43:21.090+0000] {logging_mixin.py:188} INFO - [2026-09-24T07:43:21.090+0000] {dagbag.py:545} INFO - Filling up the DagBag from /opt/airflow/dags/main.py
[2026-09-24T07:43:21.234+0000] {processor.py:840} INFO - DAG(s) 'produce_json' retrieved from /opt/airflow/dags/main.py
[2026-09-24T07:43:21.268+0000] {logging_mixin.py:188} INFO - [2026-09-24T07:43:21.268+0000] {dag.py:3096} INFO - Sync 1 DAGs
[2026-09-24T07:43:21.297+0000] {logging_mixin.py:188} INFO - [2026-09-24T07:43:21.296+0000] {dag.py:3954} INFO - Setting next_dagrun for produce_json to 2026-09-23 12:00:00+00:00, run_after=2026-09-24 12:00:00+00:00
[2026-09-24T07:43:21.329+0000] {processor.py:183} INFO - Processing /opt/airflow/dags/main.py took 0.255 seconds
[2026-09-24T07:43:51.818+0000] {processor.py:161} INFO - Started process (PID=1541) to work on /opt/airflow/dags/main.py
[2026-09-24T07:43:51.821+0000] {processor.py:830} INFO - Processing file /opt/airflow/dags/main.py for tasks to queue
[2026-09-24T07:43:51.824+0000] {logging_mixin.py:188} INFO - [2026-09-24T07:43:51.824+0000] {dagbag.py:545} INFO - Filling up the DagBag from /opt/airflow/dags/main.py
[2026-09-24T07:43:51.943+0000] {processor.py:840} INFO - DAG(s) 'produce_json' retrieved from /opt/airflow/dags/main.py
[2026-09-24T07:43:51.986+0000] {logging_mixin.py:188} INFO - [2026-09-24T07:43:51.985+0000] {dag.py:3096} INFO - Sync 1 DAGs
[2026-09-24T07:43:52.014+0000] {logging_mixin.py:188} INFO - [2026-09-24T07:43:52.014+0000] {dag.py:3954} INFO - Setting next_dagrun for produce_json to 2026-09-23 12:00:00+00:00, run_after=2026-09-24 12:00:00+00:00
[2026-09-24T07:43:52.042+0000] {processor.py:183} INFO - Processing /opt/airflow/dags/main.py took 0.231 seconds
[2026-09-24T07:44:22.112+0000] {processor.py:161} INFO - Started process (PID=1555) to work on /opt/airflow/dags/main.py
[2026-09-24T07:44:22.114+0000] {processor.py:830} INFO - Processing file /opt/airflow/dags/main.py for tasks to queue
[2026-09-24T07:44:22.118+0000] {logging_mixin.py:188} INFO - [2026-09-24T07:44:22.118+0000] {dagbag.py:545} INFO - Filling up the DagBag from /opt/airflow/dags/main.py
[2026-09-24T07:44:22.215+0000] {processor.py:840} INFO - DAG(s) 'produce_json' retrieved from /opt/airflow/dags/main.py
[2026-09-24T07:44:22.247+0000] {logging_mixin.py:188} INFO - [2026-09-24T07:44:22.246+0000] {dag.py:3096} INFO - Sync 1 DAGs
[2026-09-24T07:44:22.277+0000] {logging_mixin.py:188} INFO - [2026-09-24T07:44:22.277+0000] {dag.py:3954} INFO - Setting next_dagrun for produce_json to 2026-09-23 12:00:00+00:00, run_after=2026-09-24 12:00:00+00:00
[2026-09-24T07:44:22.323+0000] {processor.py:183} INFO - Processing /opt/airflow/dags/main.py took 0.217 seconds
[2026-09-24T07:44:52.654+0000] {processor.py:161} INFO - Started process (PID=1562) to work on /opt/airflow/dags/main.py
[2026-09-24T07:44:52.656+0000] {processor.py:830} INFO - Processing file /opt/airflow/dags/main.py for tasks to queue
[2026-09-24T07:44:52.661+0000] {logging_mixin.py:188} INFO - [2026-09-24T07:44:52.660+0000] {dagbag.py:545} INFO - Filling up the DagBag from /opt/airflow/dags/main.py
[2026-09-24T07:44:52.745+0000] {processor.py:840} INFO - DAG(s) 'produce_json' retrieved from /opt/airflow/dags/main.py
[2026-09-24T07:44:52.773+0000] {logging_mixin.py:188} INFO - [2026-09-24T07:44:52.773+0000] {dag.py:3096} INFO - Sync 1 DAGs
[2026-09-24T07:44:52.794+0000] {logging_mixin.py:188} INFO - [2026-09-24T07:44:52.794+0000] {dag.py:3954} INFO - Setting next_dagrun for produce_json to 2026-09-23 12:00:00+00:00, run_after=2026-09-24 12:00:00+00:00
[2026-09-24T07:44:52.817+0000] {processor.py:183} INFO - Processing /opt/airflow/dags/main.py took 0.169 seconds
[2026-09-24T07:45:22.939+0000] {processor.py:161} INFO - Started process (PID=1569) to work on /opt/airflow/dags/main.py
[2026-09-24T07:45:22.941+0000] {processor.py:830} INFO - Processing file /opt/airflow/dags/main.py for tasks to queue
[2026-09-24T07:45:22.945+0000] {logging_mixin.py:188} INFO - [2026-09-24T07:45:22.944+0000] {dagbag.py:545} INFO - Filling up the DagBag from /opt/airflow/dags/main.py
[2026-09-24T07:45:23.042+0000] {processor.py:840} INFO - DAG(s) 'produce_json' retrieved from /opt/airflow/dags/main.py
[2026-09-24T07:45:23.070+0000] {logging_mixin.py:188} INFO - [2026-09-24T07:45:23.069+0000] {dag.py:3096} INFO - Sync 1 DAGs
[2026-09-24T07:45:23.090+0000] {logging_mixin.py:188} INFO - [2026-09-24T07:45:23.090+0000] {dag.py:3954} INFO - Setting next_dagrun for produce_json to 2026-09-23 12:00:00+00:00, run_after=2026-09-24 12:00:00+00:00
[2026-09-24T07:45:23.114+0000] {processor.py:183} INFO - Processing /opt/airflow/dags/main.py took 0.184 seconds
[2026-09-24T07:45:53.452+0000] {processor.py:161} INFO - Started process (PID=1576) to work on /opt/airflow/dags/main.py
[2026-09-24T07:45:53.456+0000] {processor.py:830} INFO - Processing file /opt/airflow/dags/main.py for tasks to queue
[2026-09-24T07:45:53.462+0000] {logging_mixin.py:188} INFO - [2026-09-24T07:45:53.460+0000] {dagbag.py:545} INFO - Filling up the DagBag from /opt/airflow/dags/main.py
[2026-09-24T07:45:53.619+0000] {processor.py:840} INFO - DAG(s) 'produce_json' retrieved from /opt/airflow/dags/main.py
[2026-09-24T07:45:53.686+0000] {logging_mixin.py:188} INFO - [2026-09-24T07:45:53.686+0000] {dag.py:3096} INFO - Sync 1 DAGs
[2026-09-24T07:45:53.719+0000] {logging_mixin.py:188} INFO - [2026-09-24T07:45:53.719+0000] {dag.py:3954} INFO - Setting next_dagrun for produce_json to 2026-09-23 12:00:00+00:00, run_after=2026-09-24 12:00:00+00:00
[2026-09-24T07:45:53.760+0000] {processor.py:183} INFO - Processing /opt/airflow/dags/main.py took 0.334 seconds
[2026-09-24T07:46:24.140+0000] {processor.py:161} INFO - Started process (PID=1583) to work on /opt/airflow/dags/main.py
[2026-09-24T07:46:24.145+0000] {processor.py:830} INFO - Processing file /opt/airflow/dags/main.py for tasks to queue
[2026-09-24T07:46:24.158+0000] {logging_mixin.py:188} INFO - [2026-09-24T07:46:24.156+0000] {dagbag.py:545} INFO - Filling up the DagBag from /opt/airflow/dags/main.py
[2026-09-24T07:46:24.272+0000] {processor.py:840} INFO - DAG(s) 'produce_json' retrieved from /opt/airflow/dags/main.py
[2026-09-24T07:46:24.328+0000] {logging_mixin.py:188} INFO - [2026-09-24T07:46:24.327+0000] {dag.py:3096} INFO - Sync 1 DAGs
[2026-09-24T07:46:24.357+0000] {logging_mixin.py:188} INFO - [2026-09-24T07:46:24.357+0000] {dag.py:3954} INFO - Setting next_dagrun for produce_json to 2026-09-23 12:00:00+00:00, run_after=2026-09-24 12:00:00+00:00
[2026-09-24T07:46:24.388+0000] {processor.py:183} INFO - Processing /opt/airflow/dags/main.py took 0.270 seconds
[2026-09-24T07:46:54.768+0000] {processor.py:161} INFO - Started process (PID=1590) to work on /opt/airflow/dags/main.py
[2026-09-24T07:46:54.772+0000] {processor.py:830} INFO - Processing file /opt/airflow/dags/main.py for tasks to queue
[2026-09-24T07:46:54.779+0000] {logging_mixin.py:188} INFO - [2026-09-24T07:46:54.777+0000] {dagbag.py:545} INFO - Filling up the DagBag from /opt/airflow/dags/main.py
[2026-09-24T07:46:54.884+0000] {processor.py:840} INFO - DAG(s) 'produce_json' retrieved from /opt/airflow/dags/main.py
[2026-09-24T07:46:54.920+0000] {logging_mixin.py:188} INFO - [2026-09-24T07:46:54.920+0000] {dag.py:3096} INFO - Sync 1 DAGs
[2026-09-24T07:46:54.953+0000] {logging_mixin.py:188} INFO - [2026-09-24T07:46:54.952+0000] {dag.py:3954} INFO - Setting next_dagrun for produce_json to 2026-09-23 12:00:00+00:00, run_after=2026-09-24 12:00:00+00:00
[2026-09-24T07:46:54.993+0000] {processor.py:183} INFO - Processing /opt/airflow/dags/main.py took 0.231 seconds
[2026-09-24T07:47:25.079+0000] {processor.py:161} INFO - Started process (PID=1597) to work on /opt/airflow/dags/main.py
[2026-09-24T07:47:25.082+0000] {processor.py:830} INFO - Processing file /opt/airflow/dags/main.py for tasks to queue
[2026-09-24T07:47:25.087+0000] {logging_mixin.py:188} INFO - [2026-09-24T07:47:25.086+0000] {dagbag.py:545} INFO - Filling up the DagBag from /opt/airflow/dags/main.py
[2026-09-24T07:47:25.188+0000] {processor.py:840} INFO - DAG(s) 'produce_json' retrieved from /opt/airflow/dags/main.py
[2026-09-24T07:47:25.223+0000] {logging_mixin.py:188} INFO - [2026-09-24T07:47:25.222+0000] {dag.py:3096} INFO - Sync 1 DAGs
[2026-09-24T07:47:25.249+0000] {logging_mixin.py:188} INFO - [2026-09-24T07:47:25.249+0000] {dag.py:3954} INFO - Setting next_dagrun for produce_json to 2026-09-23 12:00:00+00:00, run_after=2026-09-24 12:00:00+00:00
[2026-09-24T07:47:25.279+0000] {processor.py:183} INFO - Processing /opt/airflow/dags/main.py took 0.207 seconds
[2026-09-24T07:47:55.401+0000] {processor.py:161} INFO - Started process (PID=1605) to work on /opt/airflow/dags/main.py
[2026-09-24T07:47:55.404+0000] {processor.py:830} INFO - Processing file /opt/airflow/dags/main.py for tasks to queue
[2026-09-24T07:47:55.407+0000] {logging_mixin.py:188} INFO - [2026-09-24T07:47:55.407+0000] {dagbag.py:545} INFO - Filling up the DagBag from /opt/airflow/dags/main.py
[2026-09-24T07:47:55.519+0000] {processor.py:840} INFO - DAG(s) 'produce_json' retrieved from /opt/airflow/dags/main.py
[2026-09-24T07:47:55.553+0000] {logging_mixin.py:188} INFO - [2026-09-24T07:47:55.553+0000] {dag.py:3096} INFO - Sync 1 DAGs
[2026-09-24T07:47:55.578+0000] {logging_mixin.py:188} INFO - [2026-09-24T07:47:55.577+0000] {dag.py:3954} INFO - Setting next_dagrun for produce_json to 2026-09-23 12:00:00+00:00, run_after=2026-09-24 12:00:00+00:00
[2026-09-24T07:47:55.607+0000] {processor.py:183} INFO - Processing /opt/airflow/dags/main.py took 0.213 seconds
[2026-09-24T07:48:25.928+0000] {processor.py:161} INFO - Started process (PID=1612) to work on /opt/airflow/dags/main.py
[2026-09-24T07:48:25.931+0000] {processor.py:830} INFO - Processing file /opt/airflow/dags/main.py for tasks to queue
[2026-09-24T07:48:25.934+0000] {logging_mixin.py:188} INFO - [2026-09-24T07:48:25.934+0000] {dagbag.py:545} INFO - Filling up the DagBag from /opt/airflow/dags/main.py
[2026-09-24T07:48:26.036+0000] {processor.py:840} INFO - DAG(s) 'produce_json' retrieved from /opt/airflow/dags/main.py
[2026-09-24T07:48:26.063+0000] {logging_mixin.py:188} INFO - [2026-09-24T07:48:26.063+0000] {dag.py:3096} INFO - Sync 1 DAGs
[2026-09-24T07:48:26.085+0000] {logging_mixin.py:188} INFO - [2026-09-24T07:48:26.085+0000] {dag.py:3954} INFO - Setting next_dagrun for produce_json to 2026-09-23 12:00:00+00:00, run_after=2026-09-24 12:00:00+00:00
[2026-09-24T07:48:26.107+0000] {processor.py:183} INFO - Processing /opt/airflow/dags/main.py took 0.184 seconds
[2026-09-24T07:48:56.507+0000] {processor.py:161} INFO - Started process (PID=1619) to work on /opt/airflow/dags/main.py
[2026-09-24T07:48:56.511+0000] {processor.py:830} INFO - Processing file /opt/airflow/dags/main.py for tasks to queue
[2026-09-24T07:48:56.517+0000] {logging_mixin.py:188} INFO - [2026-09-24T07:48:56.517+0000] {dagbag.py:545} INFO - Filling up the DagBag from /opt/airflow/dags/main.py
[2026-09-24T07:48:56.643+0000] {processor.py:840} INFO - DAG(s) 'produce_json' retrieved from /opt/airflow/dags/main.py
[2026-09-24T07:48:56.676+0000] {logging_mixin.py:188} INFO - [2026-09-24T07:48:56.676+0000] {dag.py:3096} INFO - Sync 1 DAGs
[2026-09-24T07:48:56.697+0000] {logging_mixin.py:188} INFO - [2026-09-24T07:48:56.697+0000] {dag.py:3954} INFO - Setting next_dagrun for produce_json to 2026-09-23 12:00:00+00:00, run_after=2026-09-24 12:00:00+00:00
[2026-09-24T07:48:56.720+0000] {processor.py:183} INFO - Processing /opt/airflow/dags/main.py took 0.226 seconds
[2026-09-24T07:49:26.808+0000] {processor.py:161} INFO - Started process (PID=1626) to work on /opt/airflow/dags/main.py
[2026-09-24T07:49:26.812+0000] {processor.py:830} INFO - Processing file /opt/airflow/dags/main.py for tasks to queue
[2026-09-24T07:49:26.816+0000] {logging_mixin.py:188} INFO - [2026-09-24T07:49:26.815+0000] {dagbag.py:545} INFO - Filling up the DagBag from /opt/airflow/dags/main.py
[2026-09-24T07:49:26.901+0000] {processor.py:840} INFO - DAG(s) 'produce_json' retrieved from /opt/airflow/dags/main.py
[2026-09-24T07:49:26.929+0000] {logging_mixin.py:188} INFO - [2026-09-24T07:49:26.929+0000] {dag.py:3096} INFO - Sync 1 DAGs
[2026-09-24T07:49:26.950+0000] {logging_mixin.py:188} INFO - [2026-09-24T07:49:26.949+0000] {dag.py:3954} INFO - Setting next_dagrun for produce_json to 2026-09-23 12:00:00+00:00, run_after=2026-09-24 12:00:00+00:00
[2026-09-24T07:49:26.987+0000] {processor.py:183} INFO - Processing /opt/airflow/dags/main.py took 0.185 seconds
[2026-09-24T07:49:57.098+0000] {processor.py:161} INFO - Started process (PID=1633) to work on /opt/airflow/dags/main.py
[2026-09-24T07:49:57.101+0000] {processor.py:830} INFO - Processing file /opt/airflow/dags/main.py for tasks to queue
[2026-09-24T07:49:57.105+0000] {logging_mixin.py:188} INFO - [2026-09-24T07:49:57.104+0000] {dagbag.py:545} INFO - Filling up the DagBag from /opt/airflow/dags/main.py
[2026-09-24T07:49:57.203+0000] {processor.py:840} INFO - DAG(s) 'produce_json' retrieved from /opt/airflow/dags/main.py
[2026-09-24T07:49:57.233+0000] {logging_mixin.py:188} INFO - [2026-09-24T07:49:57.233+0000] {dag.py:3096} INFO - Sync 1 DAGs
[2026-09-24T07:49:57.254+0000] {logging_mixin.py:188} INFO - [2026-09-24T07:49:57.254+0000] {dag.py:3954} INFO - Setting next_dagrun for produce_json to 2026-09-23 12:00:00+00:00, run_after=2026-09-24 12:00:00+00:00
[2026-09-24T07:49:57.276+0000] {processor.py:183} INFO - Processing /opt/airflow/dags/main.py took 0.184 seconds
[2026-09-24T07:50:27.611+0000] {processor.py:161} INFO - Started process (PID=1640) to work on /opt/airflow/dags/main.py
[2026-09-24T07:50:27.614+0000] {processor.py:830} INFO - Processing file /opt/airflow/dags/main.py for tasks to queue
[2026-09-24T07:50:27.618+0000] {logging_mixin.py:188} INFO - [2026-09-24T07:50:27.618+0000] {dagbag.py:545} INFO - Filling up the DagBag from /opt/airflow/dags/main.py
[2026-09-24T07:50:27.751+0000] {processor.py:840} INFO - DAG(s) 'produce_json' retrieved from /opt/airflow/dags/main.py
[2026-09-24T07:50:27.951+0000] {logging_mixin.py:188} INFO - [2026-09-24T07:50:27.950+0000] {dag.py:3096} INFO - Sync 1 DAGs
[2026-09-24T07:50:28.056+0000] {logging_mixin.py:188} INFO - [2026-09-24T07:50:28.055+0000] {dag.py:3954} INFO - Setting next_dagrun for produce_json to 2026-09-23 12:00:00+00:00, run_after=2026-09-24 12:00:00+00:00
[2026-09-24T07:50:28.110+0000] {processor.py:183} INFO - Processing /opt/airflow/dags/main.py took 0.506 seconds
[2026-09-24T07:50:58.465+0000] {processor.py:161} INFO - Started process (PID=1647) to work on /opt/airflow/dags/main.py
[2026-09-24T07:50:58.468+0000] {processor.py:830} INFO - Processing file /opt/airflow/dags/main.py for tasks to queue
[2026-09-24T07:50:58.471+0000] {logging_mixin.py:188} INFO - [2026-09-24T07:50:58.470+0000] {dagbag.py:545} INFO - Filling up the DagBag from /opt/airflow/dags/main.py
[2026-09-24T07:50:58.578+0000] {processor.py:840} INFO - DAG(s) 'produce_json' retrieved from /opt/airflow/dags/main.py
[2026-09-24T07:50:58.605+0000] {logging_mixin.py:188} INFO - [2026-09-24T07:50:58.604+0000] {dag.py:3096} INFO - Sync 1 DAGs
[2026-09-24T07:50:58.623+0000] {logging_mixin.py:188} INFO - [2026-09-24T07:50:58.623+0000] {dag.py:3954} INFO - Setting next_dagrun for produce_json to 2026-09-23 12:00:00+00:00, run_after=2026-09-24 12:00:00+00:00
[2026-09-24T07:50:58.646+0000] {processor.py:183} INFO - Processing /opt/airflow/dags/main.py took 0.187 seconds
[2026-09-24T07:51:28.752+0000] {processor.py:161} INFO - Started process (PID=1654) to work on /opt/airflow/dags/main.py
[2026-09-24T07:51:28.755+0000] {processor.py:830} INFO - Processing file /opt/airflow/dags/main.py for tasks to queue
[2026-09-24T07:51:28.759+0000] {logging_mixin.py:188} INFO - [2026-09-24T07:51:28.758+0000] {dagbag.py:545} INFO - Filling up the DagBag from /opt/airflow/dags/main.py
[2026-09-24T07:51:28.880+0000] {processor.py:840} INFO - DAG(s) 'produce_json' retrieved from /opt/airflow/dags/main.py
[2026-09-24T07:51:28.922+0000] {logging_mixin.py:188} INFO - [2026-09-24T07:51:28.921+0000] {dag.py:3096} INFO - Sync 1 DAGs
[2026-09-24T07:51:28.945+0000] {logging_mixin.py:188} INFO - [2026-09-24T07:51:28.945+0000] {dag.py:3954} INFO - Setting next_dagrun for produce_json to 2026-09-23 12:00:00+00:00, run_after=2026-09-24 12:00:00+00:00
[2026-09-24T07:51:28.986+0000] {processor.py:183} INFO - Processing /opt/airflow/dags/main.py took 0.240 seconds
[2026-09-24T07:51:59.272+0000] {processor.py:161} INFO - Started process (PID=1661) to work on /opt/airflow/dags/main.py
[2026-09-24T07:51:59.275+0000] {processor.py:830} INFO - Processing file /opt/airflow/dags/main.py for tasks to queue
[2026-09-24T07:51:59.277+0000] {logging_mixin.py:188} INFO - [2026-09-24T07:51:59.277+0000] {dagbag.py:545} INFO - Filling up the DagBag from /opt/airflow/dags/main.py
[2026-09-24T07:51:59.373+0000] {processor.py:840} INFO - DAG(s) 'produce_json' retrieved from /opt/airflow/dags/main.py
[2026-09-24T07:51:59.408+0000] {logging_mixin.py:188} INFO - [2026-09-24T07:51:59.408+0000] {dag.py:3096} INFO - Sync 1 DAGs
[2026-09-24T07:51:59.444+0000] {logging_mixin.py:188} INFO - [2026-09-24T07:51:59.444+0000] {dag.py:3954} INFO - Setting next_dagrun for produce_json to 2026-09-23 12:00:00+00:00, run_after=2026-09-24 12:00:00+00:00
[2026-09-24T07:51:59.470+0000] {processor.py:183} INFO - Processing /opt/airflow/dags/main.py took 0.209 seconds
[2026-09-24T07:52:29.622+0000] {processor.py:161} INFO - Started process (PID=1668) to work on /opt/airflow/dags/main.py
[2026-09-24T07:52:29.625+0000] {processor.py:830} INFO - Processing file /opt/airflow/dags/main.py for tasks to queue
[2026-09-24T07:52:29.629+0000] {logging_mixin.py:188} INFO - [2026-09-24T07:52:29.629+0000] {dagbag.py:545} INFO - Filling up the DagBag from /opt/airflow/dags/main.py
[2026-09-24T07:52:29.738+0000] {processor.py:840} INFO - DAG(s) 'produce_json' retrieved from /opt/airflow/dags/main.py
[2026-09-24T07:52:29.767+0000] {logging_mixin.py:188} INFO - [2026-09-24T07:52:29.766+0000] {dag.py:3096} INFO - Sync 1 DAGs
[2026-09-24T07:52:29.788+0000] {logging_mixin.py:188} INFO - [2026-09-24T07:52:29.788+0000] {dag.py:3954} INFO - Setting next_dagrun for produce_json to 2026-09-23 12:00:00+00:00, run_after=2026-09-24 12:00:00+00:00
[2026-09-24T07:52:29.820+0000] {processor.py:183} INFO - Processing /opt/airflow/dags/main.py took 0.205 seconds
[2026-09-24T07:53:00.121+0000] {processor.py:161} INFO - Started process (PID=1675) to work on /opt/airflow/dags/main.py
[2026-09-24T07:53:00.126+0000] {processor.py:830} INFO - Processing file /opt/airflow/dags/main.py for tasks to queue
[2026-09-24T07:53:00.137+0000] {logging_mixin.py:188} INFO - [2026-09-24T07:53:00.135+0000] {dagbag.py:545} INFO - Filling up the DagBag from /opt/airflow/dags/main.py
[2026-09-24T07:53:00.251+0000] {processor.py:840} INFO - DAG(s) 'produce_json' retrieved from /opt/airflow/dags/main.py
[2026-09-24T07:53:00.293+0000] {logging_mixin.py:188} INFO - [2026-09-24T07:53:00.293+0000] {dag.py:3096} INFO - Sync 1 DAGs
[2026-09-24T07:53:00.317+0000] {logging_mixin.py:188} INFO - [2026-09-24T07:53:00.317+0000] {dag.py:3954} INFO - Setting next_dagrun for produce_json to 2026-09-23 12:00:00+00:00, run_after=2026-09-24 12:00:00+00:00
[2026-09-24T07:53:00.342+0000] {processor.py:183} INFO - Processing /opt/airflow/dags/main.py took 0.248 seconds
[2026-09-24T07:53:30.442+0000] {processor.py:161} INFO - Started process (PID=1682) to work on /opt/airflow/dags/main.py
[2026-09-24T07:53:30.446+0000] {processor.py:830} INFO - Processing file /opt/airflow/dags/main.py for tasks to queue
[2026-09-24T07:53:30.456+0000] {logging_mixin.py:188} INFO - [2026-09-24T07:53:30.455+0000] {dagbag.py:545} INFO - Filling up the DagBag from /opt/airflow/dags/main.py
[2026-09-24T07:53:30.609+0000] {processor.py:840} INFO - DAG(s) 'produce_json' retrieved from /opt/airflow/dags/main.py
[2026-09-24T07:53:30.652+0000] {logging_mixin.py:188} INFO - [2026-09-24T07:53:30.651+0000] {dag.py:3096} INFO - Sync 1 DAGs
[2026-09-24T07:53:30.706+0000] {logging_mixin.py:188} INFO - [2026-09-24T07:53:30.705+0000] {dag.py:3954} INFO - Setting next_dagrun for produce_json to 2026-09-23 12:00:00+00:00, run_after=2026-09-24 12:00:00+00:00
[2026-09-24T07:53:30.753+0000] {processor.py:183} INFO - Processing /opt/airflow/dags/main.py took 0.329 seconds
[2026-09-24T07:54:01.208+0000] {processor.py:161} INFO - Started process (PID=1689) to work on /opt/airflow/dags/main.py
[2026-09-24T07:54:01.211+0000] {processor.py:830} INFO - Processing file /opt/airflow/dags/main.py for tasks to queue
[2026-09-24T07:54:01.217+0000] {logging_mixin.py:188} INFO - [2026-09-24T07:54:01.216+0000] {dagbag.py:545} INFO - Filling up the DagBag from /opt/airflow/dags/main.py
[2026-09-24T07:54:01.419+0000] {processor.py:840} INFO - DAG(s) 'produce_json' retrieved from /opt/airflow/dags/main.py
[2026-09-24T07:54:01.501+0000] {logging_mixin.py:188} INFO - [2026-09-24T07:54:01.500+0000] {dag.py:3096} INFO - Sync 1 DAGs
[2026-09-24T07:54:01.583+0000] {logging_mixin.py:188} INFO - [2026-09-24T07:54:01.583+0000] {dag.py:3954} INFO - Setting next_dagrun for produce_json to 2026-09-23 12:00:00+00:00, run_after=2026-09-24 12:00:00+00:00
[2026-09-24T07:54:01.633+0000] {processor.py:183} INFO - Processing /opt/airflow/dags/main.py took 0.438 seconds
[2026-09-24T07:54:31.973+0000] {processor.py:161} INFO - Started process (PID=1696) to work on /opt/airflow/dags/main.py
[2026-09-24T07:54:31.976+0000] {processor.py:830} INFO - Processing file /opt/airflow/dags/main.py for tasks to queue
[2026-09-24T07:54:31.979+0000] {logging_mixin.py:188} INFO - [2026-09-24T07:54:31.978+0000] {dagbag.py:545} INFO - Filling up the DagBag from /opt/airflow/dags/main.py
[2026-09-24T07:54:32.081+0000] {processor.py:840} INFO - DAG(s) 'produce_json' retrieved from /opt/airflow/dags/main.py
[2026-09-24T07:54:32.108+0000] {logging_mixin.py:188} INFO - [2026-09-24T07:54:32.108+0000] {dag.py:3096} INFO - Sync 1 DAGs
[2026-09-24T07:54:32.138+0000] {logging_mixin.py:188} INFO - [2026-09-24T07:54:32.138+0000] {dag.py:3954} INFO - Setting next_dagrun for produce_json to 2026-09-23 12:00:00+00:00, run_after=2026-09-24 12:00:00+00:00
[2026-09-24T07:54:32.163+0000] {processor.py:183} INFO - Processing /opt/airflow/dags/main.py took 0.197 seconds
[2026-09-24T07:55:02.259+0000] {processor.py:161} INFO - Started process (PID=1703) to work on /opt/airflow/dags/main.py
[2026-09-24T07:55:02.261+0000] {processor.py:830} INFO - Processing file /opt/airflow/dags/main.py for tasks to queue
[2026-09-24T07:55:02.265+0000] {logging_mixin.py:188} INFO - [2026-09-24T07:55:02.265+0000] {dagbag.py:545} INFO - Filling up the DagBag from /opt/airflow/dags/main.py
[2026-09-24T07:55:02.484+0000] {processor.py:840} INFO - DAG(s) 'produce_json' retrieved from /opt/airflow/dags/main.py
[2026-09-24T07:55:02.557+0000] {logging_mixin.py:188} INFO - [2026-09-24T07:55:02.557+0000] {dag.py:3096} INFO - Sync 1 DAGs
[2026-09-24T07:55:02.595+0000] {logging_mixin.py:188} INFO - [2026-09-24T07:55:02.594+0000] {dag.py:3954} INFO - Setting next_dagrun for produce_json to 2026-09-23 12:00:00+00:00, run_after=2026-09-24 12:00:00+00:00
[2026-09-24T07:55:02.638+0000] {processor.py:183} INFO - Processing /opt/airflow/dags/main.py took 0.385 seconds
[2026-09-24T07:55:32.791+0000] {processor.py:161} INFO - Started process (PID=1710) to work on /opt/airflow/dags/main.py
[2026-09-24T07:55:32.795+0000] {processor.py:830} INFO - Processing file /opt/airflow/dags/main.py for tasks to queue
[2026-09-24T07:55:32.800+0000] {logging_mixin.py:188} INFO - [2026-09-24T07:55:32.799+0000] {dagbag.py:545} INFO - Filling up the DagBag from /opt/airflow/dags/main.py
[2026-09-24T07:55:32.914+0000] {processor.py:840} INFO - DAG(s) 'produce_json' retrieved from /opt/airflow/dags/main.py
[2026-09-24T07:55:32.946+0000] {logging_mixin.py:188} INFO - [2026-09-24T07:55:32.945+0000] {dag.py:3096} INFO - Sync 1 DAGs
[2026-09-24T07:55:32.970+0000] {logging_mixin.py:188} INFO - [2026-09-24T07:55:32.970+0000] {dag.py:3954} INFO - Setting next_dagrun for produce_json to 2026-09-23 12:00:00+00:00, run_after=2026-09-24 12:00:00+00:00
[2026-09-24T07:55:32.994+0000] {processor.py:183} INFO - Processing /opt/airflow/dags/main.py took 0.210 seconds
[2026-09-24T07:56:03.253+0000] {processor.py:161} INFO - Started process (PID=1717) to work on /opt/airflow/dags/main.py
[2026-09-24T07:56:03.256+0000] {processor.py:830} INFO - Processing file /opt/airflow/dags/main.py for tasks to queue
[2026-09-24T07:56:03.265+0000] {logging_mixin.py:188} INFO - [2026-09-24T07:56:03.265+0000] {dagbag.py:545} INFO - Filling up the DagBag from /opt/airflow/dags/main.py
[2026-09-24T07:56:03.394+0000] {processor.py:840} INFO - DAG(s) 'produce_json' retrieved from /opt/airflow/dags/main.py
[2026-09-24T07:56:03.424+0000] {logging_mixin.py:188} INFO - [2026-09-24T07:56:03.424+0000] {dag.py:3096} INFO - Sync 1 DAGs
[2026-09-24T07:56:03.446+0000] {logging_mixin.py:188} INFO - [2026-09-24T07:56:03.445+0000] {dag.py:3954} INFO - Setting next_dagrun for produce_json to 2026-09-23 12:00:00+00:00, run_after=2026-09-24 12:00:00+00:00
[2026-09-24T07:56:03.470+0000] {processor.py:183} INFO - Processing /opt/airflow/dags/main.py took 0.227 seconds
[2026-09-24T07:56:33.654+0000] {processor.py:161} INFO - Started process (PID=1724) to work on /opt/airflow/dags/main.py
[2026-09-24T07:56:33.658+0000] {processor.py:830} INFO - Processing file /opt/airflow/dags/main.py for tasks to queue
[2026-09-24T07:56:33.663+0000] {logging_mixin.py:188} INFO - [2026-09-24T07:56:33.662+0000] {dagbag.py:545} INFO - Filling up the DagBag from /opt/airflow/dags/main.py
[2026-09-24T07:56:33.821+0000] {processor.py:840} INFO - DAG(s) 'produce_json' retrieved from /opt/airflow/dags/main.py
[2026-09-24T07:56:33.874+0000] {logging_mixin.py:188} INFO - [2026-09-24T07:56:33.873+0000] {dag.py:3096} INFO - Sync 1 DAGs
[2026-09-24T07:56:33.912+0000] {logging_mixin.py:188} INFO - [2026-09-24T07:56:33.912+0000] {dag.py:3954} INFO - Setting next_dagrun for produce_json to 2026-09-23 12:00:00+00:00, run_after=2026-09-24 12:00:00+00:00
[2026-09-24T07:56:33.955+0000] {processor.py:183} INFO - Processing /opt/airflow/dags/main.py took 0.309 seconds
[2026-09-24T07:57:04.101+0000] {processor.py:161} INFO - Started process (PID=1731) to work on /opt/airflow/dags/main.py
[2026-09-24T07:57:04.104+0000] {processor.py:830} INFO - Processing file /opt/airflow/dags/main.py for tasks to queue
[2026-09-24T07:57:04.108+0000] {logging_mixin.py:188} INFO - [2026-09-24T07:57:04.107+0000] {dagbag.py:545} INFO - Filling up the DagBag from /opt/airflow/dags/main.py
[2026-09-24T07:57:04.211+0000] {processor.py:840} INFO - DAG(s) 'produce_json' retrieved from /opt/airflow/dags/main.py
[2026-09-24T07:57:04.239+0000] {logging_mixin.py:188} INFO - [2026-09-24T07:57:04.239+0000] {dag.py:3096} INFO - Sync 1 DAGs
[2026-09-24T07:57:04.261+0000] {logging_mixin.py:188} INFO - [2026-09-24T07:57:04.260+0000] {dag.py:3954} INFO - Setting next_dagrun for produce_json to 2026-09-23 12:00:00+00:00, run_after=2026-09-24 12:00:00+00:00
[2026-09-24T07:57:04.286+0000] {processor.py:183} INFO - Processing /opt/airflow/dags/main.py took 0.191 seconds
[2026-09-24T07:57:34.572+0000] {processor.py:161} INFO - Started process (PID=1738) to work on /opt/airflow/dags/main.py
[2026-09-24T07:57:34.575+0000] {processor.py:830} INFO - Processing file /opt/airflow/dags/main.py for tasks to queue
[2026-09-24T07:57:34.580+0000] {logging_mixin.py:188} INFO - [2026-09-24T07:57:34.580+0000] {dagbag.py:545} INFO - Filling up the DagBag from /opt/airflow/dags/main.py
[2026-09-24T07:57:34.689+0000] {processor.py:840} INFO - DAG(s) 'produce_json' retrieved from /opt/airflow/dags/main.py
[2026-09-24T07:57:34.721+0000] {logging_mixin.py:188} INFO - [2026-09-24T07:57:34.720+0000] {dag.py:3096} INFO - Sync 1 DAGs
[2026-09-24T07:57:34.744+0000] {logging_mixin.py:188} INFO - [2026-09-24T07:57:34.743+0000] {dag.py:3954} INFO - Setting next_dagrun for produce_json to 2026-09-23 12:00:00+00:00, run_after=2026-09-24 12:00:00+00:00
[2026-09-24T07:57:34.769+0000] {processor.py:183} INFO - Processing /opt/airflow/dags/main.py took 0.202 seconds
[2026-09-24T07:58:04.921+0000] {processor.py:161} INFO - Started process (PID=1745) to work on /opt/airflow/dags/main.py
[2026-09-24T07:58:04.925+0000] {processor.py:830} INFO - Processing file /opt/airflow/dags/main.py for tasks to queue
[2026-09-24T07:58:04.930+0000] {logging_mixin.py:188} INFO - [2026-09-24T07:58:04.929+0000] {dagbag.py:545} INFO - Filling up the DagBag from /opt/airflow/dags/main.py
[2026-09-24T07:58:05.043+0000] {processor.py:840} INFO - DAG(s) 'produce_json' retrieved from /opt/airflow/dags/main.py
[2026-09-24T07:58:05.076+0000] {logging_mixin.py:188} INFO - [2026-09-24T07:58:05.076+0000] {dag.py:3096} INFO - Sync 1 DAGs
[2026-09-24T07:58:05.102+0000] {logging_mixin.py:188} INFO - [2026-09-24T07:58:05.102+0000] {dag.py:3954} INFO - Setting next_dagrun for produce_json to 2026-09-23 12:00:00+00:00, run_after=2026-09-24 12:00:00+00:00
[2026-09-24T07:58:05.130+0000] {processor.py:183} INFO - Processing /opt/airflow/dags/main.py took 0.218 seconds
[2026-09-24T07:58:35.397+0000] {processor.py:161} INFO - Started process (PID=1752) to work on /opt/airflow/dags/main.py
[2026-09-24T07:58:35.401+0000] {processor.py:830} INFO - Processing file /opt/airflow/dags/main.py for tasks to queue
[2026-09-24T07:58:35.405+0000] {logging_mixin.py:188} INFO - [2026-09-24T07:58:35.404+0000] {dagbag.py:545} INFO - Filling up the DagBag from /opt/airflow/dags/main.py
[2026-09-24T07:58:35.511+0000] {processor.py:840} INFO - DAG(s) 'produce_json' retrieved from /opt/airflow/dags/main.py
[2026-09-24T07:58:35.540+0000] {logging_mixin.py:188} INFO - [2026-09-24T07:58:35.540+0000] {dag.py:3096} INFO - Sync 1 DAGs
[2026-09-24T07:58:35.562+0000] {logging_mixin.py:188} INFO - [2026-09-24T07:58:35.562+0000] {dag.py:3954} INFO - Setting next_dagrun for produce_json to 2026-09-23 12:00:00+00:00, run_after=2026-09-24 12:00:00+00:00
[2026-09-24T07:58:35.582+0000] {processor.py:183} INFO - Processing /opt/airflow/dags/main.py took 0.191 seconds
[2026-09-24T07:59:06.064+0000] {processor.py:161} INFO - Started process (PID=1759) to work on /opt/airflow/dags/main.py
[2026-09-24T07:59:06.068+0000] {processor.py:830} INFO - Processing file /opt/airflow/dags/main.py for tasks to queue
[2026-09-24T07:59:06.073+0000] {logging_mixin.py:188} INFO - [2026-09-24T07:59:06.072+0000] {dagbag.py:545} INFO - Filling up the DagBag from /opt/airflow/dags/main.py
[2026-09-24T07:59:06.178+0000] {processor.py:840} INFO - DAG(s) 'produce_json' retrieved from /opt/airflow/dags/main.py
[2026-09-24T07:59:06.204+0000] {logging_mixin.py:188} INFO - [2026-09-24T07:59:06.204+0000] {dag.py:3096} INFO - Sync 1 DAGs
[2026-09-24T07:59:06.226+0000] {logging_mixin.py:188} INFO - [2026-09-24T07:59:06.225+0000] {dag.py:3954} INFO - Setting next_dagrun for produce_json to 2026-09-23 12:00:00+00:00, run_after=2026-09-24 12:00:00+00:00
[2026-09-24T07:59:06.249+0000] {processor.py:183} INFO - Processing /opt/airflow/dags/main.py took 0.202 seconds
[2026-09-24T07:59:36.378+0000] {processor.py:161} INFO - Started process (PID=1766) to work on /opt/airflow/dags/main.py
[2026-09-24T07:59:36.380+0000] {processor.py:830} INFO - Processing file /opt/airflow/dags/main.py for tasks to queue
[2026-09-24T07:59:36.383+0000] {logging_mixin.py:188} INFO - [2026-09-24T07:59:36.383+0000] {dagbag.py:545} INFO - Filling up the DagBag from /opt/airflow/dags/main.py
[2026-09-24T07:59:36.501+0000] {processor.py:840} INFO - DAG(s) 'produce_json' retrieved from /opt/airflow/dags/main.py
[2026-09-24T07:59:36.535+0000] {logging_mixin.py:188} INFO - [2026-09-24T07:59:36.535+0000] {dag.py:3096} INFO - Sync 1 DAGs
[2026-09-24T07:59:36.559+0000] {logging_mixin.py:188} INFO - [2026-09-24T07:59:36.559+0000] {dag.py:3954} INFO - Setting next_dagrun for produce_json to 2026-09-23 12:00:00+00:00, run_after=2026-09-24 12:00:00+00:00
[2026-09-24T07:59:36.586+0000] {processor.py:183} INFO - Processing /opt/airflow/dags/main.py took 0.214 seconds
[2026-09-24T08:00:06.915+0000] {processor.py:161} INFO - Started process (PID=1773) to work on /opt/airflow/dags/main.py
[2026-09-24T08:00:06.917+0000] {processor.py:830} INFO - Processing file /opt/airflow/dags/main.py for tasks to queue
[2026-09-24T08:00:06.922+0000] {logging_mixin.py:188} INFO - [2026-09-24T08:00:06.921+0000] {dagbag.py:545} INFO - Filling up the DagBag from /opt/airflow/dags/main.py
[2026-09-24T08:00:07.052+0000] {processor.py:840} INFO - DAG(s) 'produce_json' retrieved from /opt/airflow/dags/main.py
[2026-09-24T08:00:07.100+0000] {logging_mixin.py:188} INFO - [2026-09-24T08:00:07.100+0000] {dag.py:3096} INFO - Sync 1 DAGs
[2026-09-24T08:00:07.128+0000] {logging_mixin.py:188} INFO - [2026-09-24T08:00:07.127+0000] {dag.py:3954} INFO - Setting next_dagrun for produce_json to 2026-09-23 12:00:00+00:00, run_after=2026-09-24 12:00:00+00:00
[2026-09-24T08:00:07.154+0000] {processor.py:183} INFO - Processing /opt/airflow/dags/main.py took 0.247 seconds
[2026-09-24T08:00:37.467+0000] {processor.py:161} INFO - Started process (PID=1780) to work on /opt/airflow/dags/main.py
[2026-09-24T08:00:37.469+0000] {processor.py:830} INFO - Processing file /opt/airflow/dags/main.py for tasks to queue
[2026-09-24T08:00:37.473+0000] {logging_mixin.py:188} INFO - [2026-09-24T08:00:37.472+0000] {dagbag.py:545} INFO - Filling up the DagBag from /opt/airflow/dags/main.py
[2026-09-24T08:00:37.585+0000] {processor.py:840} INFO - DAG(s) 'produce_json' retrieved from /opt/airflow/dags/main.py
[2026-09-24T08:00:37.617+0000] {logging_mixin.py:188} INFO - [2026-09-24T08:00:37.616+0000] {dag.py:3096} INFO - Sync 1 DAGs
[2026-09-24T08:00:37.638+0000] {logging_mixin.py:188} INFO - [2026-09-24T08:00:37.638+0000] {dag.py:3954} INFO - Setting next_dagrun for produce_json to 2026-09-23 12:00:00+00:00, run_after=2026-09-24 12:00:00+00:00
[2026-09-24T08:00:37.659+0000] {processor.py:183} INFO - Processing /opt/airflow/dags/main.py took 0.198 seconds
[2026-09-24T08:01:07.766+0000] {processor.py:161} INFO - Started process (PID=1787) to work on /opt/airflow/dags/main.py
[2026-09-24T08:01:07.772+0000] {processor.py:830} INFO - Processing file /opt/airflow/dags/main.py for tasks to queue
[2026-09-24T08:01:07.778+0000] {logging_mixin.py:188} INFO - [2026-09-24T08:01:07.777+0000] {dagbag.py:545} INFO - Filling up the DagBag from /opt/airflow/dags/main.py
[2026-09-24T08:01:07.929+0000] {processor.py:840} INFO - DAG(s) 'produce_json' retrieved from /opt/airflow/dags/main.py
[2026-09-24T08:01:08.006+0000] {logging_mixin.py:188} INFO - [2026-09-24T08:01:08.005+0000] {dag.py:3096} INFO - Sync 1 DAGs
[2026-09-24T08:01:08.054+0000] {logging_mixin.py:188} INFO - [2026-09-24T08:01:08.054+0000] {dag.py:3954} INFO - Setting next_dagrun for produce_json to 2026-09-23 12:00:00+00:00, run_after=2026-09-24 12:00:00+00:00
[2026-09-24T08:01:08.100+0000] {processor.py:183} INFO - Processing /opt/airflow/dags/main.py took 0.345 seconds
[2026-09-24T08:01:38.285+0000] {processor.py:161} INFO - Started process (PID=1794) to work on /opt/airflow/dags/main.py
[2026-09-24T08:01:38.288+0000] {processor.py:830} INFO - Processing file /opt/airflow/dags/main.py for tasks to queue
[2026-09-24T08:01:38.292+0000] {logging_mixin.py:188} INFO - [2026-09-24T08:01:38.292+0000] {dagbag.py:545} INFO - Filling up the DagBag from /opt/airflow/dags/main.py
[2026-09-24T08:01:38.407+0000] {processor.py:840} INFO - DAG(s) 'produce_json' retrieved from /opt/airflow/dags/main.py
[2026-09-24T08:01:38.462+0000] {logging_mixin.py:188} INFO - [2026-09-24T08:01:38.461+0000] {dag.py:3096} INFO - Sync 1 DAGs
[2026-09-24T08:01:38.492+0000] {logging_mixin.py:188} INFO - [2026-09-24T08:01:38.492+0000] {dag.py:3954} INFO - Setting next_dagrun for produce_json to 2026-09-23 12:00:00+00:00, run_after=2026-09-24 12:00:00+00:00
[2026-09-24T08:01:38.527+0000] {processor.py:183} INFO - Processing /opt/airflow/dags/main.py took 0.253 seconds
[2026-09-24T08:02:08.704+0000] {processor.py:161} INFO - Started process (PID=1802) to work on /opt/airflow/dags/main.py
[2026-09-24T08:02:08.707+0000] {processor.py:830} INFO - Processing file /opt/airflow/dags/main.py for tasks to queue
[2026-09-24T08:02:08.711+0000] {logging_mixin.py:188} INFO - [2026-09-24T08:02:08.710+0000] {dagbag.py:545} INFO - Filling up the DagBag from /opt/airflow/dags/main.py
[2026-09-24T08:02:08.805+0000] {processor.py:840} INFO - DAG(s) 'produce_json' retrieved from /opt/airflow/dags/main.py
[2026-09-24T08:02:08.835+0000] {logging_mixin.py:188} INFO - [2026-09-24T08:02:08.834+0000] {dag.py:3096} INFO - Sync 1 DAGs
[2026-09-24T08:02:08.857+0000] {logging_mixin.py:188} INFO - [2026-09-24T08:02:08.857+0000] {dag.py:3954} INFO - Setting next_dagrun for produce_json to 2026-09-23 12:00:00+00:00, run_after=2026-09-24 12:00:00+00:00
[2026-09-24T08:02:08.884+0000] {processor.py:183} INFO - Processing /opt/airflow/dags/main.py took 0.187 seconds
[2026-09-24T08:02:39.152+0000] {processor.py:161} INFO - Started process (PID=1809) to work on /opt/airflow/dags/main.py
[2026-09-24T08:02:39.155+0000] {processor.py:830} INFO - Processing file /opt/airflow/dags/main.py for tasks to queue
[2026-09-24T08:02:39.159+0000] {logging_mixin.py:188} INFO - [2026-09-24T08:02:39.159+0000] {dagbag.py:545} INFO - Filling up the DagBag from /opt/airflow/dags/main.py
[2026-09-24T08:02:39.280+0000] {processor.py:840} INFO - DAG(s) 'produce_json' retrieved from /opt/airflow/dags/main.py
[2026-09-24T08:02:39.309+0000] {logging_mixin.py:188} INFO - [2026-09-24T08:02:39.308+0000] {dag.py:3096} INFO - Sync 1 DAGs
[2026-09-24T08:02:39.340+0000] {logging_mixin.py:188} INFO - [2026-09-24T08:02:39.340+0000] {dag.py:3954} INFO - Setting next_dagrun for produce_json to 2026-09-23 12:00:00+00:00, run_after=2026-09-24 12:00:00+00:00
[2026-09-24T08:02:39.370+0000] {processor.py:183} INFO - Processing /opt/airflow/dags/main.py took 0.225 seconds
[2026-09-24T08:03:09.514+0000] {processor.py:161} INFO - Started process (PID=1816) to work on /opt/airflow/dags/main.py
[2026-09-24T08:03:09.517+0000] {processor.py:830} INFO - Processing file /opt/airflow/dags/main.py for tasks to queue
[2026-09-24T08:03:09.523+0000] {logging_mixin.py:188} INFO - [2026-09-24T08:03:09.522+0000] {dagbag.py:545} INFO - Filling up the DagBag from /opt/airflow/dags/main.py
[2026-09-24T08:03:09.639+0000] {processor.py:840} INFO - DAG(s) 'produce_json' retrieved from /opt/airflow/dags/main.py
[2026-09-24T08:03:09.679+0000] {logging_mixin.py:188} INFO - [2026-09-24T08:03:09.679+0000] {dag.py:3096} INFO - Sync 1 DAGs
[2026-09-24T08:03:09.703+0000] {logging_mixin.py:188} INFO - [2026-09-24T08:03:09.702+0000] {dag.py:3954} INFO - Setting next_dagrun for produce_json to 2026-09-23 12:00:00+00:00, run_after=2026-09-24 12:00:00+00:00
[2026-09-24T08:03:09.726+0000] {processor.py:183} INFO - Processing /opt/airflow/dags/main.py took 0.220 seconds
[2026-09-24T08:03:40.036+0000] {processor.py:161} INFO - Started process (PID=1823) to work on /opt/airflow/dags/main.py
[2026-09-24T08:03:40.038+0000] {processor.py:830} INFO - Processing file /opt/airflow/dags/main.py for tasks to queue
[2026-09-24T08:03:40.043+0000] {logging_mixin.py:188} INFO - [2026-09-24T08:03:40.043+0000] {dagbag.py:545} INFO - Filling up the DagBag from /opt/airflow/dags/main.py
[2026-09-24T08:03:40.155+0000] {processor.py:840} INFO - DAG(s) 'produce_json' retrieved from /opt/airflow/dags/main.py
[2026-09-24T08:03:40.193+0000] {logging_mixin.py:188} INFO - [2026-09-24T08:03:40.192+0000] {dag.py:3096} INFO - Sync 1 DAGs
[2026-09-24T08:03:40.219+0000] {logging_mixin.py:188} INFO - [2026-09-24T08:03:40.219+0000] {dag.py:3954} INFO - Setting next_dagrun for produce_json to 2026-09-23 12:00:00+00:00, run_after=2026-09-24 12:00:00+00:00
[2026-09-24T08:03:40.250+0000] {processor.py:183} INFO - Processing /opt/airflow/dags/main.py took 0.223 seconds
[2026-09-24T08:04:10.648+0000] {processor.py:161} INFO - Started process (PID=1830) to work on /opt/airflow/dags/main.py
[2026-09-24T08:04:10.651+0000] {processor.py:830} INFO - Processing file /opt/airflow/dags/main.py for tasks to queue
[2026-09-24T08:04:10.655+0000] {logging_mixin.py:188} INFO - [2026-09-24T08:04:10.655+0000] {dagbag.py:545} INFO - Filling up the DagBag from /opt/airflow/dags/main.py
[2026-09-24T08:04:10.773+0000] {processor.py:840} INFO - DAG(s) 'produce_json' retrieved from /opt/airflow/dags/main.py
[2026-09-24T08:04:10.803+0000] {logging_mixin.py:188} INFO - [2026-09-24T08:04:10.802+0000] {dag.py:3096} INFO - Sync 1 DAGs
[2026-09-24T08:04:10.825+0000] {logging_mixin.py:188} INFO - [2026-09-24T08:04:10.825+0000] {dag.py:3954} INFO - Setting next_dagrun for produce_json to 2026-09-23 12:00:00+00:00, run_after=2026-09-24 12:00:00+00:00
[2026-09-24T08:04:10.847+0000] {processor.py:183} INFO - Processing /opt/airflow/dags/main.py took 0.204 seconds
[2026-09-24T08:04:40.987+0000] {processor.py:161} INFO - Started process (PID=1837) to work on /opt/airflow/dags/main.py
[2026-09-24T08:04:40.992+0000] {processor.py:830} INFO - Processing file /opt/airflow/dags/main.py for tasks to queue
[2026-09-24T08:04:40.999+0000] {logging_mixin.py:188} INFO - [2026-09-24T08:04:40.998+0000] {dagbag.py:545} INFO - Filling up the DagBag from /opt/airflow/dags/main.py
[2026-09-24T08:04:41.126+0000] {processor.py:840} INFO - DAG(s) 'produce_json' retrieved from /opt/airflow/dags/main.py
[2026-09-24T08:04:41.157+0000] {logging_mixin.py:188} INFO - [2026-09-24T08:04:41.157+0000] {dag.py:3096} INFO - Sync 1 DAGs
[2026-09-24T08:04:41.180+0000] {logging_mixin.py:188} INFO - [2026-09-24T08:04:41.180+0000] {dag.py:3954} INFO - Setting next_dagrun for produce_json to 2026-09-23 12:00:00+00:00, run_after=2026-09-24 12:00:00+00:00
[2026-09-24T08:04:41.205+0000] {processor.py:183} INFO - Processing /opt/airflow/dags/main.py took 0.235 seconds
[2026-09-24T08:05:11.481+0000] {processor.py:161} INFO - Started process (PID=1844) to work on /opt/airflow/dags/main.py
[2026-09-24T08:05:11.483+0000] {processor.py:830} INFO - Processing file /opt/airflow/dags/main.py for tasks to queue
[2026-09-24T08:05:11.486+0000] {logging_mixin.py:188} INFO - [2026-09-24T08:05:11.486+0000] {dagbag.py:545} INFO - Filling up the DagBag from /opt/airflow/dags/main.py
[2026-09-24T08:05:11.597+0000] {processor.py:840} INFO - DAG(s) 'produce_json' retrieved from /opt/airflow/dags/main.py
[2026-09-24T08:05:11.624+0000] {logging_mixin.py:188} INFO - [2026-09-24T08:05:11.623+0000] {dag.py:3096} INFO - Sync 1 DAGs
[2026-09-24T08:05:11.645+0000] {logging_mixin.py:188} INFO - [2026-09-24T08:05:11.645+0000] {dag.py:3954} INFO - Setting next_dagrun for produce_json to 2026-09-23 12:00:00+00:00, run_after=2026-09-24 12:00:00+00:00
[2026-09-24T08:05:11.668+0000] {processor.py:183} INFO - Processing /opt/airflow/dags/main.py took 0.193 seconds
[2026-09-24T08:05:41.829+0000] {processor.py:161} INFO - Started process (PID=1851) to work on /opt/airflow/dags/main.py
[2026-09-24T08:05:41.832+0000] {processor.py:830} INFO - Processing file /opt/airflow/dags/main.py for tasks to queue
[2026-09-24T08:05:41.837+0000] {logging_mixin.py:188} INFO - [2026-09-24T08:05:41.836+0000] {dagbag.py:545} INFO - Filling up the DagBag from /opt/airflow/dags/main.py
[2026-09-24T08:05:41.945+0000] {processor.py:840} INFO - DAG(s) 'produce_json' retrieved from /opt/airflow/dags/main.py
[2026-09-24T08:05:41.981+0000] {logging_mixin.py:188} INFO - [2026-09-24T08:05:41.981+0000] {dag.py:3096} INFO - Sync 1 DAGs
[2026-09-24T08:05:42.008+0000] {logging_mixin.py:188} INFO - [2026-09-24T08:05:42.007+0000] {dag.py:3954} INFO - Setting next_dagrun for produce_json to 2026-09-23 12:00:00+00:00, run_after=2026-09-24 12:00:00+00:00
[2026-09-24T08:05:42.033+0000] {processor.py:183} INFO - Processing /opt/airflow/dags/main.py took 0.212 seconds
[2026-09-24T08:06:12.362+0000] {processor.py:161} INFO - Started process (PID=1858) to work on /opt/airflow/dags/main.py
[2026-09-24T08:06:12.369+0000] {processor.py:830} INFO - Processing file /opt/airflow/dags/main.py for tasks to queue
[2026-09-24T08:06:12.377+0000] {logging_mixin.py:188} INFO - [2026-09-24T08:06:12.377+0000] {dagbag.py:545} INFO - Filling up the DagBag from /opt/airflow/dags/main.py
[2026-09-24T08:06:12.524+0000] {processor.py:840} INFO - DAG(s) 'produce_json' retrieved from /opt/airflow/dags/main.py
[2026-09-24T08:06:12.602+0000] {logging_mixin.py:188} INFO - [2026-09-24T08:06:12.601+0000] {dag.py:3096} INFO - Sync 1 DAGs
[2026-09-24T08:06:12.650+0000] {logging_mixin.py:188} INFO - [2026-09-24T08:06:12.649+0000] {dag.py:3954} INFO - Setting next_dagrun for produce_json to 2026-09-23 12:00:00+00:00, run_after=2026-09-24 12:00:00+00:00
[2026-09-24T08:06:12.695+0000] {processor.py:183} INFO - Processing /opt/airflow/dags/main.py took 0.353 seconds
[2026-09-24T08:06:43.160+0000] {processor.py:161} INFO - Started process (PID=1865) to work on /opt/airflow/dags/main.py
[2026-09-24T08:06:43.163+0000] {processor.py:830} INFO - Processing file /opt/airflow/dags/main.py for tasks to queue
[2026-09-24T08:06:43.166+0000] {logging_mixin.py:188} INFO - [2026-09-24T08:06:43.166+0000] {dagbag.py:545} INFO - Filling up the DagBag from /opt/airflow/dags/main.py
[2026-09-24T08:06:43.309+0000] {processor.py:840} INFO - DAG(s) 'produce_json' retrieved from /opt/airflow/dags/main.py
[2026-09-24T08:06:43.337+0000] {logging_mixin.py:188} INFO - [2026-09-24T08:06:43.337+0000] {dag.py:3096} INFO - Sync 1 DAGs
[2026-09-24T08:06:43.359+0000] {logging_mixin.py:188} INFO - [2026-09-24T08:06:43.359+0000] {dag.py:3954} INFO - Setting next_dagrun for produce_json to 2026-09-23 12:00:00+00:00, run_after=2026-09-24 12:00:00+00:00
[2026-09-24T08:06:43.380+0000] {processor.py:183} INFO - Processing /opt/airflow/dags/main.py took 0.226 seconds
[2026-09-24T08:07:13.711+0000] {processor.py:161} INFO - Started process (PID=1873) to work on /opt/airflow/dags/main.py
[2026-09-24T08:07:13.714+0000] {processor.py:830} INFO - Processing file /opt/airflow/dags/main.py for tasks to queue
[2026-09-24T08:07:13.717+0000] {logging_mixin.py:188} INFO - [2026-09-24T08:07:13.717+0000] {dagbag.py:545} INFO - Filling up the DagBag from /opt/airflow/dags/main.py
[2026-09-24T08:07:13.819+0000] {processor.py:840} INFO - DAG(s) 'produce_json' retrieved from /opt/airflow/dags/main.py
[2026-09-24T08:07:13.846+0000] {logging_mixin.py:188} INFO - [2026-09-24T08:07:13.846+0000] {dag.py:3096} INFO - Sync 1 DAGs
[2026-09-24T08:07:13.867+0000] {logging_mixin.py:188} INFO - [2026-09-24T08:07:13.866+0000] {dag.py:3954} INFO - Setting next_dagrun for produce_json to 2026-09-23 12:00:00+00:00, run_after=2026-09-24 12:00:00+00:00
[2026-09-24T08:07:13.888+0000] {processor.py:183} INFO - Processing /opt/airflow/dags/main.py took 0.184 seconds
[2026-09-24T08:07:44.002+0000] {processor.py:161} INFO - Started process (PID=1880) to work on /opt/airflow/dags/main.py
[2026-09-24T08:07:44.005+0000] {processor.py:830} INFO - Processing file /opt/airflow/dags/main.py for tasks to queue
[2026-09-24T08:07:44.008+0000] {logging_mixin.py:188} INFO - [2026-09-24T08:07:44.008+0000] {dagbag.py:545} INFO - Filling up the DagBag from /opt/airflow/dags/main.py
[2026-09-24T08:07:44.113+0000] {processor.py:840} INFO - DAG(s) 'produce_json' retrieved from /opt/airflow/dags/main.py
[2026-09-24T08:07:44.144+0000] {logging_mixin.py:188} INFO - [2026-09-24T08:07:44.144+0000] {dag.py:3096} INFO - Sync 1 DAGs
[2026-09-24T08:07:44.166+0000] {logging_mixin.py:188} INFO - [2026-09-24T08:07:44.166+0000] {dag.py:3954} INFO - Setting next_dagrun for produce_json to 2026-09-23 12:00:00+00:00, run_after=2026-09-24 12:00:00+00:00
[2026-09-24T08:07:44.191+0000] {processor.py:183} INFO - Processing /opt/airflow/dags/main.py took 0.195 seconds
[2026-09-24T08:08:14.463+0000] {processor.py:161} INFO - Started process (PID=1887) to work on /opt/airflow/dags/main.py
[2026-09-24T08:08:14.465+0000] {processor.py:830} INFO - Processing file /opt/airflow/dags/main.py for tasks to queue
[2026-09-24T08:08:14.468+0000] {logging_mixin.py:188} INFO - [2026-09-24T08:08:14.468+0000] {dagbag.py:545} INFO - Filling up the DagBag from /opt/airflow/dags/main.py
[2026-09-24T08:08:14.580+0000] {processor.py:840} INFO - DAG(s) 'produce_json' retrieved from /opt/airflow/dags/main.py
[2026-09-24T08:08:14.609+0000] {logging_mixin.py:188} INFO - [2026-09-24T08:08:14.608+0000] {dag.py:3096} INFO - Sync 1 DAGs
[2026-09-24T08:08:14.629+0000] {logging_mixin.py:188} INFO - [2026-09-24T08:08:14.628+0000] {dag.py:3954} INFO - Setting next_dagrun for produce_json to 2026-09-23 12:00:00+00:00, run_after=2026-09-24 12:00:00+00:00
[2026-09-24T08:08:14.652+0000] {processor.py:183} INFO - Processing /opt/airflow/dags/main.py took 0.197 seconds
[2026-09-24T08:08:44.756+0000] {processor.py:161} INFO - Started process (PID=1894) to work on /opt/airflow/dags/main.py
[2026-09-24T08:08:44.758+0000] {processor.py:830} INFO - Processing file /opt/airflow/dags/main.py for tasks to queue
[2026-09-24T08:08:44.763+0000] {logging_mixin.py:188} INFO - [2026-09-24T08:08:44.762+0000] {dagbag.py:545} INFO - Filling up the DagBag from /opt/airflow/dags/main.py
[2026-09-24T08:08:44.865+0000] {processor.py:840} INFO - DAG(s) 'produce_json' retrieved from /opt/airflow/dags/main.py
[2026-09-24T08:08:44.892+0000] {logging_mixin.py:188} INFO - [2026-09-24T08:08:44.892+0000] {dag.py:3096} INFO - Sync 1 DAGs
[2026-09-24T08:08:44.917+0000] {logging_mixin.py:188} INFO - [2026-09-24T08:08:44.917+0000] {dag.py:3954} INFO - Setting next_dagrun for produce_json to 2026-09-23 12:00:00+00:00, run_after=2026-09-24 12:00:00+00:00
[2026-09-24T08:08:44.941+0000] {processor.py:183} INFO - Processing /opt/airflow/dags/main.py took 0.191 seconds
[2026-09-24T08:09:15.427+0000] {processor.py:161} INFO - Started process (PID=1901) to work on /opt/airflow/dags/main.py
[2026-09-24T08:09:15.430+0000] {processor.py:830} INFO - Processing file /opt/airflow/dags/main.py for tasks to queue
[2026-09-24T08:09:15.433+0000] {logging_mixin.py:188} INFO - [2026-09-24T08:09:15.432+0000] {dagbag.py:545} INFO - Filling up the DagBag from /opt/airflow/dags/main.py
[2026-09-24T08:09:15.531+0000] {processor.py:840} INFO - DAG(s) 'produce_json' retrieved from /opt/airflow/dags/main.py
[2026-09-24T08:09:15.560+0000] {logging_mixin.py:188} INFO - [2026-09-24T08:09:15.559+0000] {dag.py:3096} INFO - Sync 1 DAGs
[2026-09-24T08:09:15.579+0000] {logging_mixin.py:188} INFO - [2026-09-24T08:09:15.579+0000] {dag.py:3954} INFO - Setting next_dagrun for produce_json to 2026-09-23 12:00:00+00:00, run_after=2026-09-24 12:00:00+00:00
[2026-09-24T08:09:15.604+0000] {processor.py:183} INFO - Processing /opt/airflow/dags/main.py took 0.182 seconds
[2026-09-24T08:09:45.720+0000] {processor.py:161} INFO - Started process (PID=1908) to work on /opt/airflow/dags/main.py
[2026-09-24T08:09:45.723+0000] {processor.py:830} INFO - Processing file /opt/airflow/dags/main.py for tasks to queue
[2026-09-24T08:09:45.726+0000] {logging_mixin.py:188} INFO - [2026-09-24T08:09:45.725+0000] {dagbag.py:545} INFO - Filling up the DagBag from /opt/airflow/dags/main.py
[2026-09-24T08:09:45.827+0000] {processor.py:840} INFO - DAG(s) 'produce_json' retrieved from /opt/airflow/dags/main.py
[2026-09-24T08:09:45.859+0000] {logging_mixin.py:188} INFO - [2026-09-24T08:09:45.858+0000] {dag.py:3096} INFO - Sync 1 DAGs
[2026-09-24T08:09:45.879+0000] {logging_mixin.py:188} INFO - [2026-09-24T08:09:45.879+0000] {dag.py:3954} INFO - Setting next_dagrun for produce_json to 2026-09-23 12:00:00+00:00, run_after=2026-09-24 12:00:00+00:00
[2026-09-24T08:09:45.903+0000] {processor.py:183} INFO - Processing /opt/airflow/dags/main.py took 0.189 seconds
[2026-09-24T08:10:16.210+0000] {processor.py:161} INFO - Started process (PID=1915) to work on /opt/airflow/dags/main.py
[2026-09-24T08:10:16.213+0000] {processor.py:830} INFO - Processing file /opt/airflow/dags/main.py for tasks to queue
[2026-09-24T08:10:16.220+0000] {logging_mixin.py:188} INFO - [2026-09-24T08:10:16.219+0000] {dagbag.py:545} INFO - Filling up the DagBag from /opt/airflow/dags/main.py
[2026-09-24T08:10:16.335+0000] {processor.py:840} INFO - DAG(s) 'produce_json' retrieved from /opt/airflow/dags/main.py
[2026-09-24T08:10:16.371+0000] {logging_mixin.py:188} INFO - [2026-09-24T08:10:16.371+0000] {dag.py:3096} INFO - Sync 1 DAGs
[2026-09-24T08:10:16.396+0000] {logging_mixin.py:188} INFO - [2026-09-24T08:10:16.396+0000] {dag.py:3954} INFO - Setting next_dagrun for produce_json to 2026-09-23 12:00:00+00:00, run_after=2026-09-24 12:00:00+00:00
[2026-09-24T08:10:16.423+0000] {processor.py:183} INFO - Processing /opt/airflow/dags/main.py took 0.219 seconds
[2026-09-24T08:10:46.550+0000] {processor.py:161} INFO - Started process (PID=1922) to work on /opt/airflow/dags/main.py
[2026-09-24T08:10:46.553+0000] {processor.py:830} INFO - Processing file /opt/airflow/dags/main.py for tasks to queue
[2026-09-24T08:10:46.558+0000] {logging_mixin.py:188} INFO - [2026-09-24T08:10:46.557+0000] {dagbag.py:545} INFO - Filling up the DagBag from /opt/airflow/dags/main.py
[2026-09-24T08:10:46.653+0000] {processor.py:840} INFO - DAG(s) 'produce_json' retrieved from /opt/airflow/dags/main.py
[2026-09-24T08:10:46.685+0000] {logging_mixin.py:188} INFO - [2026-09-24T08:10:46.684+0000] {dag.py:3096} INFO - Sync 1 DAGs
[2026-09-24T08:10:46.705+0000] {logging_mixin.py:188} INFO - [2026-09-24T08:10:46.705+0000] {dag.py:3954} INFO - Setting next_dagrun for produce_json to 2026-09-23 12:00:00+00:00, run_after=2026-09-24 12:00:00+00:00
[2026-09-24T08:10:46.744+0000] {processor.py:183} INFO - Processing /opt/airflow/dags/main.py took 0.200 seconds
[2026-09-24T08:11:17.022+0000] {processor.py:161} INFO - Started process (PID=1929) to work on /opt/airflow/dags/main.py
[2026-09-24T08:11:17.025+0000] {processor.py:830} INFO - Processing file /opt/airflow/dags/main.py for tasks to queue
[2026-09-24T08:11:17.031+0000] {logging_mixin.py:188} INFO - [2026-09-24T08:11:17.029+0000] {dagbag.py:545} INFO - Filling up the DagBag from /opt/airflow/dags/main.py
[2026-09-24T08:11:17.138+0000] {processor.py:840} INFO - DAG(s) 'produce_json' retrieved from /opt/airflow/dags/main.py
[2026-09-24T08:11:17.170+0000] {logging_mixin.py:188} INFO - [2026-09-24T08:11:17.169+0000] {dag.py:3096} INFO - Sync 1 DAGs
[2026-09-24T08:11:17.191+0000] {logging_mixin.py:188} INFO - [2026-09-24T08:11:17.191+0000] {dag.py:3954} INFO - Setting next_dagrun for produce_json to 2026-09-23 12:00:00+00:00, run_after=2026-09-24 12:00:00+00:00
[2026-09-24T08:11:17.221+0000] {processor.py:183} INFO - Processing /opt/airflow/dags/main.py took 0.206 seconds
[2026-09-24T08:11:47.316+0000] {processor.py:161} INFO - Started process (PID=1936) to work on /opt/airflow/dags/main.py
[2026-09-24T08:11:47.319+0000] {processor.py:830} INFO - Processing file /opt/airflow/dags/main.py for tasks to queue
[2026-09-24T08:11:47.325+0000] {logging_mixin.py:188} INFO - [2026-09-24T08:11:47.325+0000] {dagbag.py:545} INFO - Filling up the DagBag from /opt/airflow/dags/main.py
[2026-09-24T08:11:47.439+0000] {processor.py:840} INFO - DAG(s) 'produce_json' retrieved from /opt/airflow/dags/main.py
[2026-09-24T08:11:47.491+0000] {logging_mixin.py:188} INFO - [2026-09-24T08:11:47.490+0000] {dag.py:3096} INFO - Sync 1 DAGs
[2026-09-24T08:11:47.520+0000] {logging_mixin.py:188} INFO - [2026-09-24T08:11:47.520+0000] {dag.py:3954} INFO - Setting next_dagrun for produce_json to 2026-09-23 12:00:00+00:00, run_after=2026-09-24 12:00:00+00:00
[2026-09-24T08:11:47.548+0000] {processor.py:183} INFO - Processing /opt/airflow/dags/main.py took 0.237 seconds
[2026-09-24T08:12:17.822+0000] {processor.py:161} INFO - Started process (PID=1943) to work on /opt/airflow/dags/main.py
[2026-09-24T08:12:17.825+0000] {processor.py:830} INFO - Processing file /opt/airflow/dags/main.py for tasks to queue
[2026-09-24T08:12:17.830+0000] {logging_mixin.py:188} INFO - [2026-09-24T08:12:17.828+0000] {dagbag.py:545} INFO - Filling up the DagBag from /opt/airflow/dags/main.py
[2026-09-24T08:12:17.951+0000] {processor.py:840} INFO - DAG(s) 'produce_json' retrieved from /opt/airflow/dags/main.py
[2026-09-24T08:12:17.993+0000] {logging_mixin.py:188} INFO - [2026-09-24T08:12:17.993+0000] {dag.py:3096} INFO - Sync 1 DAGs
[2026-09-24T08:12:18.023+0000] {logging_mixin.py:188} INFO - [2026-09-24T08:12:18.023+0000] {dag.py:3954} INFO - Setting next_dagrun for produce_json to 2026-09-23 12:00:00+00:00, run_after=2026-09-24 12:00:00+00:00
[2026-09-24T08:12:18.054+0000] {processor.py:183} INFO - Processing /opt/airflow/dags/main.py took 0.240 seconds
[2026-09-24T08:12:48.169+0000] {processor.py:161} INFO - Started process (PID=1950) to work on /opt/airflow/dags/main.py
[2026-09-24T08:12:48.174+0000] {processor.py:830} INFO - Processing file /opt/airflow/dags/main.py for tasks to queue
[2026-09-24T08:12:48.182+0000] {logging_mixin.py:188} INFO - [2026-09-24T08:12:48.181+0000] {dagbag.py:545} INFO - Filling up the DagBag from /opt/airflow/dags/main.py
[2026-09-24T08:12:48.293+0000] {processor.py:840} INFO - DAG(s) 'produce_json' retrieved from /opt/airflow/dags/main.py
[2026-09-24T08:12:48.342+0000] {logging_mixin.py:188} INFO - [2026-09-24T08:12:48.341+0000] {dag.py:3096} INFO - Sync 1 DAGs
[2026-09-24T08:12:48.383+0000] {logging_mixin.py:188} INFO - [2026-09-24T08:12:48.383+0000] {dag.py:3954} INFO - Setting next_dagrun for produce_json to 2026-09-23 12:00:00+00:00, run_after=2026-09-24 12:00:00+00:00
[2026-09-24T08:12:48.408+0000] {processor.py:183} INFO - Processing /opt/airflow/dags/main.py took 0.257 seconds
[2026-09-24T08:13:18.713+0000] {processor.py:161} INFO - Started process (PID=1957) to work on /opt/airflow/dags/main.py
[2026-09-24T08:13:18.716+0000] {processor.py:830} INFO - Processing file /opt/airflow/dags/main.py for tasks to queue
[2026-09-24T08:13:18.720+0000] {logging_mixin.py:188} INFO - [2026-09-24T08:13:18.720+0000] {dagbag.py:545} INFO - Filling up the DagBag from /opt/airflow/dags/main.py
[2026-09-24T08:13:18.826+0000] {processor.py:840} INFO - DAG(s) 'produce_json' retrieved from /opt/airflow/dags/main.py
[2026-09-24T08:13:18.905+0000] {logging_mixin.py:188} INFO - [2026-09-24T08:13:18.904+0000] {dag.py:3096} INFO - Sync 1 DAGs
[2026-09-24T08:13:18.982+0000] {logging_mixin.py:188} INFO - [2026-09-24T08:13:18.982+0000] {dag.py:3954} INFO - Setting next_dagrun for produce_json to 2026-09-23 12:00:00+00:00, run_after=2026-09-24 12:00:00+00:00
[2026-09-24T08:13:19.040+0000] {processor.py:183} INFO - Processing /opt/airflow/dags/main.py took 0.335 seconds
[2026-09-24T08:13:49.610+0000] {processor.py:161} INFO - Started process (PID=1964) to work on /opt/airflow/dags/main.py
[2026-09-24T08:13:49.613+0000] {processor.py:830} INFO - Processing file /opt/airflow/dags/main.py for tasks to queue
[2026-09-24T08:13:49.617+0000] {logging_mixin.py:188} INFO - [2026-09-24T08:13:49.617+0000] {dagbag.py:545} INFO - Filling up the DagBag from /opt/airflow/dags/main.py
[2026-09-24T08:13:49.716+0000] {processor.py:840} INFO - DAG(s) 'produce_json' retrieved from /opt/airflow/dags/main.py
[2026-09-24T08:13:49.753+0000] {logging_mixin.py:188} INFO - [2026-09-24T08:13:49.752+0000] {dag.py:3096} INFO - Sync 1 DAGs
[2026-09-24T08:13:49.776+0000] {logging_mixin.py:188} INFO - [2026-09-24T08:13:49.775+0000] {dag.py:3954} INFO - Setting next_dagrun for produce_json to 2026-09-23 12:00:00+00:00, run_after=2026-09-24 12:00:00+00:00
[2026-09-24T08:13:49.802+0000] {processor.py:183} INFO - Processing /opt/airflow/dags/main.py took 0.200 seconds
[2026-09-24T08:14:19.897+0000] {processor.py:161} INFO - Started process (PID=1972) to work on /opt/airflow/dags/main.py
[2026-09-24T08:14:19.900+0000] {processor.py:830} INFO - Processing file /opt/airflow/dags/main.py for tasks to queue
[2026-09-24T08:14:19.904+0000] {logging_mixin.py:188} INFO - [2026-09-24T08:14:19.903+0000] {dagbag.py:545} INFO - Filling up the DagBag from /opt/airflow/dags/main.py
[2026-09-24T08:14:20.006+0000] {processor.py:840} INFO - DAG(s) 'produce_json' retrieved from /opt/airflow/dags/main.py
[2026-09-24T08:14:20.040+0000] {logging_mixin.py:188} INFO - [2026-09-24T08:14:20.040+0000] {dag.py:3096} INFO - Sync 1 DAGs
[2026-09-24T08:14:20.063+0000] {logging_mixin.py:188} INFO - [2026-09-24T08:14:20.063+0000] {dag.py:3954} INFO - Setting next_dagrun for produce_json to 2026-09-23 12:00:00+00:00, run_after=2026-09-24 12:00:00+00:00
[2026-09-24T08:14:20.092+0000] {processor.py:183} INFO - Processing /opt/airflow/dags/main.py took 0.202 seconds
[2026-09-24T08:14:50.401+0000] {processor.py:161} INFO - Started process (PID=1979) to work on /opt/airflow/dags/main.py
[2026-09-24T08:14:50.405+0000] {processor.py:830} INFO - Processing file /opt/airflow/dags/main.py for tasks to queue
[2026-09-24T08:14:50.412+0000] {logging_mixin.py:188} INFO - [2026-09-24T08:14:50.411+0000] {dagbag.py:545} INFO - Filling up the DagBag from /opt/airflow/dags/main.py
[2026-09-24T08:14:50.530+0000] {processor.py:840} INFO - DAG(s) 'produce_json' retrieved from /opt/airflow/dags/main.py
[2026-09-24T08:14:50.567+0000] {logging_mixin.py:188} INFO - [2026-09-24T08:14:50.566+0000] {dag.py:3096} INFO - Sync 1 DAGs
[2026-09-24T08:14:50.593+0000] {logging_mixin.py:188} INFO - [2026-09-24T08:14:50.593+0000] {dag.py:3954} INFO - Setting next_dagrun for produce_json to 2026-09-23 12:00:00+00:00, run_after=2026-09-24 12:00:00+00:00
[2026-09-24T08:14:50.619+0000] {processor.py:183} INFO - Processing /opt/airflow/dags/main.py took 0.231 seconds
[2026-09-24T08:15:20.736+0000] {processor.py:161} INFO - Started process (PID=1986) to work on /opt/airflow/dags/main.py
[2026-09-24T08:15:20.740+0000] {processor.py:830} INFO - Processing file /opt/airflow/dags/main.py for tasks to queue
[2026-09-24T08:15:20.744+0000] {logging_mixin.py:188} INFO - [2026-09-24T08:15:20.744+0000] {dagbag.py:545} INFO - Filling up the DagBag from /opt/airflow/dags/main.py
[2026-09-24T08:15:20.878+0000] {processor.py:840} INFO - DAG(s) 'produce_json' retrieved from /opt/airflow/dags/main.py
[2026-09-24T08:15:20.920+0000] {logging_mixin.py:188} INFO - [2026-09-24T08:15:20.920+0000] {dag.py:3096} INFO - Sync 1 DAGs
[2026-09-24T08:15:20.947+0000] {logging_mixin.py:188} INFO - [2026-09-24T08:15:20.946+0000] {dag.py:3954} INFO - Setting next_dagrun for produce_json to 2026-09-23 12:00:00+00:00, run_after=2026-09-24 12:00:00+00:00
[2026-09-24T08:15:20.972+0000] {processor.py:183} INFO - Processing /opt/airflow/dags/main.py took 0.246 seconds
[2026-09-24T08:15:51.284+0000] {processor.py:161} INFO - Started process (PID=1993) to work on /opt/airflow/dags/main.py
[2026-09-24T08:15:51.287+0000] {processor.py:830} INFO - Processing file /opt/airflow/dags/main.py for tasks to queue
[2026-09-24T08:15:51.293+0000] {logging_mixin.py:188} INFO - [2026-09-24T08:15:51.293+0000] {dagbag.py:545} INFO - Filling up the DagBag from /opt/airflow/dags/main.py
[2026-09-24T08:15:51.403+0000] {processor.py:840} INFO - DAG(s) 'produce_json' retrieved from /opt/airflow/dags/main.py
[2026-09-24T08:15:51.437+0000] {logging_mixin.py:188} INFO - [2026-09-24T08:15:51.437+0000] {dag.py:3096} INFO - Sync 1 DAGs
[2026-09-24T08:15:51.462+0000] {logging_mixin.py:188} INFO - [2026-09-24T08:15:51.462+0000] {dag.py:3954} INFO - Setting next_dagrun for produce_json to 2026-09-23 12:00:00+00:00, run_after=2026-09-24 12:00:00+00:00
[2026-09-24T08:15:51.487+0000] {processor.py:183} INFO - Processing /opt/airflow/dags/main.py took 0.209 seconds
[2026-09-24T08:16:21.705+0000] {processor.py:161} INFO - Started process (PID=2001) to work on /opt/airflow/dags/main.py
[2026-09-24T08:16:21.711+0000] {processor.py:830} INFO - Processing file /opt/airflow/dags/main.py for tasks to queue
[2026-09-24T08:16:21.723+0000] {logging_mixin.py:188} INFO - [2026-09-24T08:16:21.720+0000] {dagbag.py:545} INFO - Filling up the DagBag from /opt/airflow/dags/main.py
[2026-09-24T08:16:21.901+0000] {processor.py:840} INFO - DAG(s) 'produce_json' retrieved from /opt/airflow/dags/main.py
[2026-09-24T08:16:22.001+0000] {logging_mixin.py:188} INFO - [2026-09-24T08:16:22.001+0000] {dag.py:3096} INFO - Sync 1 DAGs
[2026-09-24T08:16:22.034+0000] {logging_mixin.py:188} INFO - [2026-09-24T08:16:22.034+0000] {dag.py:3954} INFO - Setting next_dagrun for produce_json to 2026-09-23 12:00:00+00:00, run_after=2026-09-24 12:00:00+00:00
[2026-09-24T08:16:22.099+0000] {processor.py:183} INFO - Processing /opt/airflow/dags/main.py took 0.422 seconds
[2026-09-24T08:16:52.564+0000] {processor.py:161} INFO - Started process (PID=2008) to work on /opt/airflow/dags/main.py
[2026-09-24T08:16:52.567+0000] {processor.py:830} INFO - Processing file /opt/airflow/dags/main.py for tasks to queue
[2026-09-24T08:16:52.573+0000] {logging_mixin.py:188} INFO - [2026-09-24T08:16:52.572+0000] {dagbag.py:545} INFO - Filling up the DagBag from /opt/airflow/dags/main.py
[2026-09-24T08:16:52.680+0000] {processor.py:840} INFO - DAG(s) 'produce_json' retrieved from /opt/airflow/dags/main.py
[2026-09-24T08:16:52.800+0000] {logging_mixin.py:188} INFO - [2026-09-24T08:16:52.799+0000] {dag.py:3096} INFO - Sync 1 DAGs
[2026-09-24T08:16:52.884+0000] {logging_mixin.py:188} INFO - [2026-09-24T08:16:52.883+0000] {dag.py:3954} INFO - Setting next_dagrun for produce_json to 2026-09-23 12:00:00+00:00, run_after=2026-09-24 12:00:00+00:00
[2026-09-24T08:16:53.052+0000] {processor.py:183} INFO - Processing /opt/airflow/dags/main.py took 0.497 seconds
[2026-09-24T08:17:23.438+0000] {processor.py:161} INFO - Started process (PID=2015) to work on /opt/airflow/dags/main.py
[2026-09-24T08:17:23.441+0000] {processor.py:830} INFO - Processing file /opt/airflow/dags/main.py for tasks to queue
[2026-09-24T08:17:23.445+0000] {logging_mixin.py:188} INFO - [2026-09-24T08:17:23.444+0000] {dagbag.py:545} INFO - Filling up the DagBag from /opt/airflow/dags/main.py
[2026-09-24T08:17:23.543+0000] {processor.py:840} INFO - DAG(s) 'produce_json' retrieved from /opt/airflow/dags/main.py
[2026-09-24T08:17:23.569+0000] {logging_mixin.py:188} INFO - [2026-09-24T08:17:23.569+0000] {dag.py:3096} INFO - Sync 1 DAGs
[2026-09-24T08:17:23.590+0000] {logging_mixin.py:188} INFO - [2026-09-24T08:17:23.590+0000] {dag.py:3954} INFO - Setting next_dagrun for produce_json to 2026-09-23 12:00:00+00:00, run_after=2026-09-24 12:00:00+00:00
[2026-09-24T08:17:23.628+0000] {processor.py:183} INFO - Processing /opt/airflow/dags/main.py took 0.195 seconds
[2026-09-24T08:17:53.775+0000] {processor.py:161} INFO - Started process (PID=2022) to work on /opt/airflow/dags/main.py
[2026-09-24T08:17:53.778+0000] {processor.py:830} INFO - Processing file /opt/airflow/dags/main.py for tasks to queue
[2026-09-24T08:17:53.781+0000] {logging_mixin.py:188} INFO - [2026-09-24T08:17:53.781+0000] {dagbag.py:545} INFO - Filling up the DagBag from /opt/airflow/dags/main.py
[2026-09-24T08:17:53.901+0000] {processor.py:840} INFO - DAG(s) 'produce_json' retrieved from /opt/airflow/dags/main.py
[2026-09-24T08:17:53.933+0000] {logging_mixin.py:188} INFO - [2026-09-24T08:17:53.933+0000] {dag.py:3096} INFO - Sync 1 DAGs
[2026-09-24T08:17:53.959+0000] {logging_mixin.py:188} INFO - [2026-09-24T08:17:53.959+0000] {dag.py:3954} INFO - Setting next_dagrun for produce_json to 2026-09-23 12:00:00+00:00, run_after=2026-09-24 12:00:00+00:00
[2026-09-24T08:17:53.987+0000] {processor.py:183} INFO - Processing /opt/airflow/dags/main.py took 0.220 seconds
[2026-09-24T08:18:24.263+0000] {processor.py:161} INFO - Started process (PID=2029) to work on /opt/airflow/dags/main.py
[2026-09-24T08:18:24.267+0000] {processor.py:830} INFO - Processing file /opt/airflow/dags/main.py for tasks to queue
[2026-09-24T08:18:24.270+0000] {logging_mixin.py:188} INFO - [2026-09-24T08:18:24.270+0000] {dagbag.py:545} INFO - Filling up the DagBag from /opt/airflow/dags/main.py
[2026-09-24T08:18:24.374+0000] {processor.py:840} INFO - DAG(s) 'produce_json' retrieved from /opt/airflow/dags/main.py
[2026-09-24T08:18:24.407+0000] {logging_mixin.py:188} INFO - [2026-09-24T08:18:24.407+0000] {dag.py:3096} INFO - Sync 1 DAGs
[2026-09-24T08:18:24.459+0000] {logging_mixin.py:188} INFO - [2026-09-24T08:18:24.459+0000] {dag.py:3954} INFO - Setting next_dagrun for produce_json to 2026-09-23 12:00:00+00:00, run_after=2026-09-24 12:00:00+00:00
[2026-09-24T08:18:24.503+0000] {processor.py:183} INFO - Processing /opt/airflow/dags/main.py took 0.245 seconds
[2026-09-24T08:18:54.867+0000] {processor.py:161} INFO - Started process (PID=2036) to work on /opt/airflow/dags/main.py
[2026-09-24T08:18:54.871+0000] {processor.py:830} INFO - Processing file /opt/airflow/dags/main.py for tasks to queue
[2026-09-24T08:18:54.874+0000] {logging_mixin.py:188} INFO - [2026-09-24T08:18:54.874+0000] {dagbag.py:545} INFO - Filling up the DagBag from /opt/airflow/dags/main.py
[2026-09-24T08:18:54.998+0000] {processor.py:840} INFO - DAG(s) 'produce_json' retrieved from /opt/airflow/dags/main.py
[2026-09-24T08:18:55.037+0000] {logging_mixin.py:188} INFO - [2026-09-24T08:18:55.036+0000] {dag.py:3096} INFO - Sync 1 DAGs
[2026-09-24T08:18:55.066+0000] {logging_mixin.py:188} INFO - [2026-09-24T08:18:55.066+0000] {dag.py:3954} INFO - Setting next_dagrun for produce_json to 2026-09-23 12:00:00+00:00, run_after=2026-09-24 12:00:00+00:00
[2026-09-24T08:18:55.104+0000] {processor.py:183} INFO - Processing /opt/airflow/dags/main.py took 0.246 seconds
[2026-09-24T08:19:25.185+0000] {processor.py:161} INFO - Started process (PID=2043) to work on /opt/airflow/dags/main.py
[2026-09-24T08:19:25.189+0000] {processor.py:830} INFO - Processing file /opt/airflow/dags/main.py for tasks to queue
[2026-09-24T08:19:25.196+0000] {logging_mixin.py:188} INFO - [2026-09-24T08:19:25.195+0000] {dagbag.py:545} INFO - Filling up the DagBag from /opt/airflow/dags/main.py
[2026-09-24T08:19:25.294+0000] {processor.py:840} INFO - DAG(s) 'produce_json' retrieved from /opt/airflow/dags/main.py
[2026-09-24T08:19:25.325+0000] {logging_mixin.py:188} INFO - [2026-09-24T08:19:25.325+0000] {dag.py:3096} INFO - Sync 1 DAGs
[2026-09-24T08:19:25.348+0000] {logging_mixin.py:188} INFO - [2026-09-24T08:19:25.348+0000] {dag.py:3954} INFO - Setting next_dagrun for produce_json to 2026-09-23 12:00:00+00:00, run_after=2026-09-24 12:00:00+00:00
[2026-09-24T08:19:25.372+0000] {processor.py:183} INFO - Processing /opt/airflow/dags/main.py took 0.202 seconds
[2026-09-24T08:19:55.747+0000] {processor.py:161} INFO - Started process (PID=2050) to work on /opt/airflow/dags/main.py
[2026-09-24T08:19:55.749+0000] {processor.py:830} INFO - Processing file /opt/airflow/dags/main.py for tasks to queue
[2026-09-24T08:19:55.753+0000] {logging_mixin.py:188} INFO - [2026-09-24T08:19:55.753+0000] {dagbag.py:545} INFO - Filling up the DagBag from /opt/airflow/dags/main.py
[2026-09-24T08:19:55.848+0000] {processor.py:840} INFO - DAG(s) 'produce_json' retrieved from /opt/airflow/dags/main.py
[2026-09-24T08:19:55.873+0000] {logging_mixin.py:188} INFO - [2026-09-24T08:19:55.873+0000] {dag.py:3096} INFO - Sync 1 DAGs
[2026-09-24T08:19:55.891+0000] {logging_mixin.py:188} INFO - [2026-09-24T08:19:55.891+0000] {dag.py:3954} INFO - Setting next_dagrun for produce_json to 2026-09-23 12:00:00+00:00, run_after=2026-09-24 12:00:00+00:00
[2026-09-24T08:19:55.914+0000] {processor.py:183} INFO - Processing /opt/airflow/dags/main.py took 0.172 seconds
[2026-09-24T08:20:26.112+0000] {processor.py:161} INFO - Started process (PID=2057) to work on /opt/airflow/dags/main.py
[2026-09-24T08:20:26.116+0000] {processor.py:830} INFO - Processing file /opt/airflow/dags/main.py for tasks to queue
[2026-09-24T08:20:26.120+0000] {logging_mixin.py:188} INFO - [2026-09-24T08:20:26.119+0000] {dagbag.py:545} INFO - Filling up the DagBag from /opt/airflow/dags/main.py
[2026-09-24T08:20:26.242+0000] {processor.py:840} INFO - DAG(s) 'produce_json' retrieved from /opt/airflow/dags/main.py
[2026-09-24T08:20:26.267+0000] {logging_mixin.py:188} INFO - [2026-09-24T08:20:26.267+0000] {dag.py:3096} INFO - Sync 1 DAGs
[2026-09-24T08:20:26.286+0000] {logging_mixin.py:188} INFO - [2026-09-24T08:20:26.286+0000] {dag.py:3954} INFO - Setting next_dagrun for produce_json to 2026-09-23 12:00:00+00:00, run_after=2026-09-24 12:00:00+00:00
[2026-09-24T08:20:26.306+0000] {processor.py:183} INFO - Processing /opt/airflow/dags/main.py took 0.202 seconds
[2026-09-24T08:20:56.619+0000] {processor.py:161} INFO - Started process (PID=2064) to work on /opt/airflow/dags/main.py
[2026-09-24T08:20:56.622+0000] {processor.py:830} INFO - Processing file /opt/airflow/dags/main.py for tasks to queue
[2026-09-24T08:20:56.625+0000] {logging_mixin.py:188} INFO - [2026-09-24T08:20:56.625+0000] {dagbag.py:545} INFO - Filling up the DagBag from /opt/airflow/dags/main.py
[2026-09-24T08:20:56.734+0000] {processor.py:840} INFO - DAG(s) 'produce_json' retrieved from /opt/airflow/dags/main.py
[2026-09-24T08:20:56.761+0000] {logging_mixin.py:188} INFO - [2026-09-24T08:20:56.760+0000] {dag.py:3096} INFO - Sync 1 DAGs
[2026-09-24T08:20:56.779+0000] {logging_mixin.py:188} INFO - [2026-09-24T08:20:56.779+0000] {dag.py:3954} INFO - Setting next_dagrun for produce_json to 2026-09-23 12:00:00+00:00, run_after=2026-09-24 12:00:00+00:00
[2026-09-24T08:20:56.799+0000] {processor.py:183} INFO - Processing /opt/airflow/dags/main.py took 0.189 seconds
[2026-09-24T08:21:26.939+0000] {processor.py:161} INFO - Started process (PID=2071) to work on /opt/airflow/dags/main.py
[2026-09-24T08:21:26.942+0000] {processor.py:830} INFO - Processing file /opt/airflow/dags/main.py for tasks to queue
[2026-09-24T08:21:26.945+0000] {logging_mixin.py:188} INFO - [2026-09-24T08:21:26.945+0000] {dagbag.py:545} INFO - Filling up the DagBag from /opt/airflow/dags/main.py
[2026-09-24T08:21:27.075+0000] {processor.py:840} INFO - DAG(s) 'produce_json' retrieved from /opt/airflow/dags/main.py
[2026-09-24T08:21:27.116+0000] {logging_mixin.py:188} INFO - [2026-09-24T08:21:27.116+0000] {dag.py:3096} INFO - Sync 1 DAGs
[2026-09-24T08:21:27.143+0000] {logging_mixin.py:188} INFO - [2026-09-24T08:21:27.143+0000] {dag.py:3954} INFO - Setting next_dagrun for produce_json to 2026-09-23 12:00:00+00:00, run_after=2026-09-24 12:00:00+00:00
[2026-09-24T08:21:27.167+0000] {processor.py:183} INFO - Processing /opt/airflow/dags/main.py took 0.233 seconds
[2026-09-24T08:21:57.471+0000] {processor.py:161} INFO - Started process (PID=2078) to work on /opt/airflow/dags/main.py
[2026-09-24T08:21:57.474+0000] {processor.py:830} INFO - Processing file /opt/airflow/dags/main.py for tasks to queue
[2026-09-24T08:21:57.478+0000] {logging_mixin.py:188} INFO - [2026-09-24T08:21:57.478+0000] {dagbag.py:545} INFO - Filling up the DagBag from /opt/airflow/dags/main.py
[2026-09-24T08:21:57.590+0000] {processor.py:840} INFO - DAG(s) 'produce_json' retrieved from /opt/airflow/dags/main.py
[2026-09-24T08:21:57.616+0000] {logging_mixin.py:188} INFO - [2026-09-24T08:21:57.616+0000] {dag.py:3096} INFO - Sync 1 DAGs
[2026-09-24T08:21:57.635+0000] {logging_mixin.py:188} INFO - [2026-09-24T08:21:57.634+0000] {dag.py:3954} INFO - Setting next_dagrun for produce_json to 2026-09-23 12:00:00+00:00, run_after=2026-09-24 12:00:00+00:00
[2026-09-24T08:21:57.657+0000] {processor.py:183} INFO - Processing /opt/airflow/dags/main.py took 0.192 seconds
[2026-09-24T08:22:27.824+0000] {processor.py:161} INFO - Started process (PID=2085) to work on /opt/airflow/dags/main.py
[2026-09-24T08:22:27.826+0000] {processor.py:830} INFO - Processing file /opt/airflow/dags/main.py for tasks to queue
[2026-09-24T08:22:27.829+0000] {logging_mixin.py:188} INFO - [2026-09-24T08:22:27.829+0000] {dagbag.py:545} INFO - Filling up the DagBag from /opt/airflow/dags/main.py
[2026-09-24T08:22:27.936+0000] {processor.py:840} INFO - DAG(s) 'produce_json' retrieved from /opt/airflow/dags/main.py
[2026-09-24T08:22:27.964+0000] {logging_mixin.py:188} INFO - [2026-09-24T08:22:27.964+0000] {dag.py:3096} INFO - Sync 1 DAGs
[2026-09-24T08:22:27.984+0000] {logging_mixin.py:188} INFO - [2026-09-24T08:22:27.984+0000] {dag.py:3954} INFO - Setting next_dagrun for produce_json to 2026-09-23 12:00:00+00:00, run_after=2026-09-24 12:00:00+00:00
[2026-09-24T08:22:28.006+0000] {processor.py:183} INFO - Processing /opt/airflow/dags/main.py took 0.188 seconds
[2026-09-24T08:22:58.341+0000] {processor.py:161} INFO - Started process (PID=2098) to work on /opt/airflow/dags/main.py
[2026-09-24T08:22:58.344+0000] {processor.py:830} INFO - Processing file /opt/airflow/dags/main.py for tasks to queue
[2026-09-24T08:22:58.347+0000] {logging_mixin.py:188} INFO - [2026-09-24T08:22:58.347+0000] {dagbag.py:545} INFO - Filling up the DagBag from /opt/airflow/dags/main.py
[2026-09-24T08:22:58.461+0000] {processor.py:840} INFO - DAG(s) 'produce_json' retrieved from /opt/airflow/dags/main.py
[2026-09-24T08:22:58.485+0000] {logging_mixin.py:188} INFO - [2026-09-24T08:22:58.485+0000] {dag.py:3096} INFO - Sync 1 DAGs
[2026-09-24T08:22:58.503+0000] {logging_mixin.py:188} INFO - [2026-09-24T08:22:58.503+0000] {dag.py:3954} INFO - Setting next_dagrun for produce_json to 2026-09-23 12:00:00+00:00, run_after=2026-09-24 12:00:00+00:00
[2026-09-24T08:22:58.526+0000] {processor.py:183} INFO - Processing /opt/airflow/dags/main.py took 0.189 seconds
[2026-09-24T08:23:28.683+0000] {processor.py:161} INFO - Started process (PID=2105) to work on /opt/airflow/dags/main.py
[2026-09-24T08:23:28.685+0000] {processor.py:830} INFO - Processing file /opt/airflow/dags/main.py for tasks to queue
[2026-09-24T08:23:28.688+0000] {logging_mixin.py:188} INFO - [2026-09-24T08:23:28.688+0000] {dagbag.py:545} INFO - Filling up the DagBag from /opt/airflow/dags/main.py
[2026-09-24T08:23:28.816+0000] {processor.py:840} INFO - DAG(s) 'produce_json' retrieved from /opt/airflow/dags/main.py
[2026-09-24T08:23:28.838+0000] {logging_mixin.py:188} INFO - [2026-09-24T08:23:28.838+0000] {dag.py:3096} INFO - Sync 1 DAGs
[2026-09-24T08:23:28.856+0000] {logging_mixin.py:188} INFO - [2026-09-24T08:23:28.856+0000] {dag.py:3954} INFO - Setting next_dagrun for produce_json to 2026-09-23 12:00:00+00:00, run_after=2026-09-24 12:00:00+00:00
[2026-09-24T08:23:28.877+0000] {processor.py:183} INFO - Processing /opt/airflow/dags/main.py took 0.200 seconds
[2026-09-24T08:23:59.488+0000] {processor.py:161} INFO - Started process (PID=2112) to work on /opt/airflow/dags/main.py
[2026-09-24T08:23:59.492+0000] {processor.py:830} INFO - Processing file /opt/airflow/dags/main.py for tasks to queue
[2026-09-24T08:23:59.499+0000] {logging_mixin.py:188} INFO - [2026-09-24T08:23:59.498+0000] {dagbag.py:545} INFO - Filling up the DagBag from /opt/airflow/dags/main.py
[2026-09-24T08:23:59.665+0000] {processor.py:840} INFO - DAG(s) 'produce_json' retrieved from /opt/airflow/dags/main.py
[2026-09-24T08:23:59.711+0000] {logging_mixin.py:188} INFO - [2026-09-24T08:23:59.711+0000] {dag.py:3096} INFO - Sync 1 DAGs
[2026-09-24T08:23:59.740+0000] {logging_mixin.py:188} INFO - [2026-09-24T08:23:59.740+0000] {dag.py:3954} INFO - Setting next_dagrun for produce_json to 2026-09-23 12:00:00+00:00, run_after=2026-09-24 12:00:00+00:00
[2026-09-24T08:23:59.767+0000] {processor.py:183} INFO - Processing /opt/airflow/dags/main.py took 0.299 seconds
[2026-09-24T08:24:30.086+0000] {processor.py:161} INFO - Started process (PID=2119) to work on /opt/airflow/dags/main.py
[2026-09-24T08:24:30.090+0000] {processor.py:830} INFO - Processing file /opt/airflow/dags/main.py for tasks to queue
[2026-09-24T08:24:30.094+0000] {logging_mixin.py:188} INFO - [2026-09-24T08:24:30.093+0000] {dagbag.py:545} INFO - Filling up the DagBag from /opt/airflow/dags/main.py
[2026-09-24T08:24:30.208+0000] {processor.py:840} INFO - DAG(s) 'produce_json' retrieved from /opt/airflow/dags/main.py
[2026-09-24T08:24:30.240+0000] {logging_mixin.py:188} INFO - [2026-09-24T08:24:30.240+0000] {dag.py:3096} INFO - Sync 1 DAGs
[2026-09-24T08:24:30.264+0000] {logging_mixin.py:188} INFO - [2026-09-24T08:24:30.263+0000] {dag.py:3954} INFO - Setting next_dagrun for produce_json to 2026-09-23 12:00:00+00:00, run_after=2026-09-24 12:00:00+00:00
[2026-09-24T08:24:30.289+0000] {processor.py:183} INFO - Processing /opt/airflow/dags/main.py took 0.213 seconds
[2026-09-24T08:25:00.369+0000] {processor.py:161} INFO - Started process (PID=2126) to work on /opt/airflow/dags/main.py
[2026-09-24T08:25:00.372+0000] {processor.py:830} INFO - Processing file /opt/airflow/dags/main.py for tasks to queue
[2026-09-24T08:25:00.375+0000] {logging_mixin.py:188} INFO - [2026-09-24T08:25:00.375+0000] {dagbag.py:545} INFO - Filling up the DagBag from /opt/airflow/dags/main.py
[2026-09-24T08:25:00.490+0000] {processor.py:840} INFO - DAG(s) 'produce_json' retrieved from /opt/airflow/dags/main.py
[2026-09-24T08:25:00.521+0000] {logging_mixin.py:188} INFO - [2026-09-24T08:25:00.521+0000] {dag.py:3096} INFO - Sync 1 DAGs
[2026-09-24T08:25:00.544+0000] {logging_mixin.py:188} INFO - [2026-09-24T08:25:00.544+0000] {dag.py:3954} INFO - Setting next_dagrun for produce_json to 2026-09-23 12:00:00+00:00, run_after=2026-09-24 12:00:00+00:00
[2026-09-24T08:25:00.568+0000] {processor.py:183} INFO - Processing /opt/airflow/dags/main.py took 0.205 seconds
[2026-09-24T08:25:30.885+0000] {processor.py:161} INFO - Started process (PID=2133) to work on /opt/airflow/dags/main.py
[2026-09-24T08:25:30.888+0000] {processor.py:830} INFO - Processing file /opt/airflow/dags/main.py for tasks to queue
[2026-09-24T08:25:30.892+0000] {logging_mixin.py:188} INFO - [2026-09-24T08:25:30.891+0000] {dagbag.py:545} INFO - Filling up the DagBag from /opt/airflow/dags/main.py
[2026-09-24T08:25:30.998+0000] {processor.py:840} INFO - DAG(s) 'produce_json' retrieved from /opt/airflow/dags/main.py
[2026-09-24T08:25:31.029+0000] {logging_mixin.py:188} INFO - [2026-09-24T08:25:31.029+0000] {dag.py:3096} INFO - Sync 1 DAGs
[2026-09-24T08:25:31.051+0000] {logging_mixin.py:188} INFO - [2026-09-24T08:25:31.051+0000] {dag.py:3954} INFO - Setting next_dagrun for produce_json to 2026-09-23 12:00:00+00:00, run_after=2026-09-24 12:00:00+00:00
[2026-09-24T08:25:31.075+0000] {processor.py:183} INFO - Processing /opt/airflow/dags/main.py took 0.196 seconds
[2026-09-24T08:26:01.195+0000] {processor.py:161} INFO - Started process (PID=2140) to work on /opt/airflow/dags/main.py
[2026-09-24T08:26:01.198+0000] {processor.py:830} INFO - Processing file /opt/airflow/dags/main.py for tasks to queue
[2026-09-24T08:26:01.203+0000] {logging_mixin.py:188} INFO - [2026-09-24T08:26:01.203+0000] {dagbag.py:545} INFO - Filling up the DagBag from /opt/airflow/dags/main.py
[2026-09-24T08:26:01.313+0000] {processor.py:840} INFO - DAG(s) 'produce_json' retrieved from /opt/airflow/dags/main.py
[2026-09-24T08:26:01.341+0000] {logging_mixin.py:188} INFO - [2026-09-24T08:26:01.341+0000] {dag.py:3096} INFO - Sync 1 DAGs
[2026-09-24T08:26:01.362+0000] {logging_mixin.py:188} INFO - [2026-09-24T08:26:01.362+0000] {dag.py:3954} INFO - Setting next_dagrun for produce_json to 2026-09-23 12:00:00+00:00, run_after=2026-09-24 12:00:00+00:00
[2026-09-24T08:26:01.385+0000] {processor.py:183} INFO - Processing /opt/airflow/dags/main.py took 0.200 seconds
[2026-09-24T08:26:31.671+0000] {processor.py:161} INFO - Started process (PID=2147) to work on /opt/airflow/dags/main.py
[2026-09-24T08:26:31.674+0000] {processor.py:830} INFO - Processing file /opt/airflow/dags/main.py for tasks to queue
[2026-09-24T08:26:31.678+0000] {logging_mixin.py:188} INFO - [2026-09-24T08:26:31.677+0000] {dagbag.py:545} INFO - Filling up the DagBag from /opt/airflow/dags/main.py
[2026-09-24T08:26:31.828+0000] {processor.py:840} INFO - DAG(s) 'produce_json' retrieved from /opt/airflow/dags/main.py
[2026-09-24T08:26:31.882+0000] {logging_mixin.py:188} INFO - [2026-09-24T08:26:31.881+0000] {dag.py:3096} INFO - Sync 1 DAGs
[2026-09-24T08:26:31.907+0000] {logging_mixin.py:188} INFO - [2026-09-24T08:26:31.906+0000] {dag.py:3954} INFO - Setting next_dagrun for produce_json to 2026-09-23 12:00:00+00:00, run_after=2026-09-24 12:00:00+00:00
[2026-09-24T08:26:31.938+0000] {processor.py:183} INFO - Processing /opt/airflow/dags/main.py took 0.273 seconds
[2026-09-24T08:27:02.252+0000] {processor.py:161} INFO - Started process (PID=2154) to work on /opt/airflow/dags/main.py
[2026-09-24T08:27:02.255+0000] {processor.py:830} INFO - Processing file /opt/airflow/dags/main.py for tasks to queue
[2026-09-24T08:27:02.259+0000] {logging_mixin.py:188} INFO - [2026-09-24T08:27:02.258+0000] {dagbag.py:545} INFO - Filling up the DagBag from /opt/airflow/dags/main.py
[2026-09-24T08:27:02.380+0000] {processor.py:840} INFO - DAG(s) 'produce_json' retrieved from /opt/airflow/dags/main.py
[2026-09-24T08:27:02.418+0000] {logging_mixin.py:188} INFO - [2026-09-24T08:27:02.418+0000] {dag.py:3096} INFO - Sync 1 DAGs
[2026-09-24T08:27:02.439+0000] {logging_mixin.py:188} INFO - [2026-09-24T08:27:02.439+0000] {dag.py:3954} INFO - Setting next_dagrun for produce_json to 2026-09-23 12:00:00+00:00, run_after=2026-09-24 12:00:00+00:00
[2026-09-24T08:27:02.465+0000] {processor.py:183} INFO - Processing /opt/airflow/dags/main.py took 0.218 seconds
[2026-09-24T08:27:32.579+0000] {processor.py:161} INFO - Started process (PID=2161) to work on /opt/airflow/dags/main.py
[2026-09-24T08:27:32.582+0000] {processor.py:830} INFO - Processing file /opt/airflow/dags/main.py for tasks to queue
[2026-09-24T08:27:32.588+0000] {logging_mixin.py:188} INFO - [2026-09-24T08:27:32.587+0000] {dagbag.py:545} INFO - Filling up the DagBag from /opt/airflow/dags/main.py
[2026-09-24T08:27:32.703+0000] {processor.py:840} INFO - DAG(s) 'produce_json' retrieved from /opt/airflow/dags/main.py
[2026-09-24T08:27:32.736+0000] {logging_mixin.py:188} INFO - [2026-09-24T08:27:32.735+0000] {dag.py:3096} INFO - Sync 1 DAGs
[2026-09-24T08:27:32.760+0000] {logging_mixin.py:188} INFO - [2026-09-24T08:27:32.760+0000] {dag.py:3954} INFO - Setting next_dagrun for produce_json to 2026-09-23 12:00:00+00:00, run_after=2026-09-24 12:00:00+00:00
[2026-09-24T08:27:32.787+0000] {processor.py:183} INFO - Processing /opt/airflow/dags/main.py took 0.214 seconds
[2026-09-24T08:28:03.155+0000] {processor.py:161} INFO - Started process (PID=2168) to work on /opt/airflow/dags/main.py
[2026-09-24T08:28:03.160+0000] {processor.py:830} INFO - Processing file /opt/airflow/dags/main.py for tasks to queue
[2026-09-24T08:28:03.164+0000] {logging_mixin.py:188} INFO - [2026-09-24T08:28:03.163+0000] {dagbag.py:545} INFO - Filling up the DagBag from /opt/airflow/dags/main.py
[2026-09-24T08:28:03.294+0000] {processor.py:840} INFO - DAG(s) 'produce_json' retrieved from /opt/airflow/dags/main.py
[2026-09-24T08:28:03.362+0000] {logging_mixin.py:188} INFO - [2026-09-24T08:28:03.362+0000] {dag.py:3096} INFO - Sync 1 DAGs
[2026-09-24T08:28:03.401+0000] {logging_mixin.py:188} INFO - [2026-09-24T08:28:03.400+0000] {dag.py:3954} INFO - Setting next_dagrun for produce_json to 2026-09-23 12:00:00+00:00, run_after=2026-09-24 12:00:00+00:00
[2026-09-24T08:28:03.429+0000] {processor.py:183} INFO - Processing /opt/airflow/dags/main.py took 0.281 seconds
[2026-09-24T08:28:33.811+0000] {processor.py:161} INFO - Started process (PID=2175) to work on /opt/airflow/dags/main.py
[2026-09-24T08:28:33.813+0000] {processor.py:830} INFO - Processing file /opt/airflow/dags/main.py for tasks to queue
[2026-09-24T08:28:33.818+0000] {logging_mixin.py:188} INFO - [2026-09-24T08:28:33.818+0000] {dagbag.py:545} INFO - Filling up the DagBag from /opt/airflow/dags/main.py
[2026-09-24T08:28:33.924+0000] {processor.py:840} INFO - DAG(s) 'produce_json' retrieved from /opt/airflow/dags/main.py
[2026-09-24T08:28:33.956+0000] {logging_mixin.py:188} INFO - [2026-09-24T08:28:33.955+0000] {dag.py:3096} INFO - Sync 1 DAGs
[2026-09-24T08:28:33.996+0000] {logging_mixin.py:188} INFO - [2026-09-24T08:28:33.995+0000] {dag.py:3954} INFO - Setting next_dagrun for produce_json to 2026-09-23 12:00:00+00:00, run_after=2026-09-24 12:00:00+00:00
[2026-09-24T08:28:34.043+0000] {processor.py:183} INFO - Processing /opt/airflow/dags/main.py took 0.240 seconds
[2026-09-24T08:29:04.133+0000] {processor.py:161} INFO - Started process (PID=2182) to work on /opt/airflow/dags/main.py
[2026-09-24T08:29:04.136+0000] {processor.py:830} INFO - Processing file /opt/airflow/dags/main.py for tasks to queue
[2026-09-24T08:29:04.141+0000] {logging_mixin.py:188} INFO - [2026-09-24T08:29:04.140+0000] {dagbag.py:545} INFO - Filling up the DagBag from /opt/airflow/dags/main.py
[2026-09-24T08:29:04.246+0000] {processor.py:840} INFO - DAG(s) 'produce_json' retrieved from /opt/airflow/dags/main.py
[2026-09-24T08:29:04.282+0000] {logging_mixin.py:188} INFO - [2026-09-24T08:29:04.282+0000] {dag.py:3096} INFO - Sync 1 DAGs
[2026-09-24T08:29:04.314+0000] {logging_mixin.py:188} INFO - [2026-09-24T08:29:04.313+0000] {dag.py:3954} INFO - Setting next_dagrun for produce_json to 2026-09-23 12:00:00+00:00, run_after=2026-09-24 12:00:00+00:00
[2026-09-24T08:29:04.342+0000] {processor.py:183} INFO - Processing /opt/airflow/dags/main.py took 0.220 seconds
[2026-09-24T08:29:34.438+0000] {processor.py:161} INFO - Started process (PID=2189) to work on /opt/airflow/dags/main.py
[2026-09-24T08:29:34.441+0000] {processor.py:830} INFO - Processing file /opt/airflow/dags/main.py for tasks to queue
[2026-09-24T08:29:34.444+0000] {logging_mixin.py:188} INFO - [2026-09-24T08:29:34.444+0000] {dagbag.py:545} INFO - Filling up the DagBag from /opt/airflow/dags/main.py
[2026-09-24T08:29:34.552+0000] {processor.py:840} INFO - DAG(s) 'produce_json' retrieved from /opt/airflow/dags/main.py
[2026-09-24T08:29:34.585+0000] {logging_mixin.py:188} INFO - [2026-09-24T08:29:34.585+0000] {dag.py:3096} INFO - Sync 1 DAGs
[2026-09-24T08:29:34.606+0000] {logging_mixin.py:188} INFO - [2026-09-24T08:29:34.606+0000] {dag.py:3954} INFO - Setting next_dagrun for produce_json to 2026-09-23 12:00:00+00:00, run_after=2026-09-24 12:00:00+00:00
[2026-09-24T08:29:34.633+0000] {processor.py:183} INFO - Processing /opt/airflow/dags/main.py took 0.203 seconds
[2026-09-24T08:30:05.006+0000] {processor.py:161} INFO - Started process (PID=2196) to work on /opt/airflow/dags/main.py
[2026-09-24T08:30:05.008+0000] {processor.py:830} INFO - Processing file /opt/airflow/dags/main.py for tasks to queue
[2026-09-24T08:30:05.013+0000] {logging_mixin.py:188} INFO - [2026-09-24T08:30:05.013+0000] {dagbag.py:545} INFO - Filling up the DagBag from /opt/airflow/dags/main.py
[2026-09-24T08:30:05.130+0000] {processor.py:840} INFO - DAG(s) 'produce_json' retrieved from /opt/airflow/dags/main.py
[2026-09-24T08:30:05.167+0000] {logging_mixin.py:188} INFO - [2026-09-24T08:30:05.167+0000] {dag.py:3096} INFO - Sync 1 DAGs
[2026-09-24T08:30:05.196+0000] {logging_mixin.py:188} INFO - [2026-09-24T08:30:05.196+0000] {dag.py:3954} INFO - Setting next_dagrun for produce_json to 2026-09-23 12:00:00+00:00, run_after=2026-09-24 12:00:00+00:00
[2026-09-24T08:30:05.229+0000] {processor.py:183} INFO - Processing /opt/airflow/dags/main.py took 0.231 seconds
[2026-09-24T08:30:35.353+0000] {processor.py:161} INFO - Started process (PID=2203) to work on /opt/airflow/dags/main.py
[2026-09-24T08:30:35.356+0000] {processor.py:830} INFO - Processing file /opt/airflow/dags/main.py for tasks to queue
[2026-09-24T08:30:35.359+0000] {logging_mixin.py:188} INFO - [2026-09-24T08:30:35.359+0000] {dagbag.py:545} INFO - Filling up the DagBag from /opt/airflow/dags/main.py
[2026-09-24T08:30:35.512+0000] {processor.py:840} INFO - DAG(s) 'produce_json' retrieved from /opt/airflow/dags/main.py
[2026-09-24T08:30:35.559+0000] {logging_mixin.py:188} INFO - [2026-09-24T08:30:35.559+0000] {dag.py:3096} INFO - Sync 1 DAGs
[2026-09-24T08:30:35.599+0000] {logging_mixin.py:188} INFO - [2026-09-24T08:30:35.599+0000] {dag.py:3954} INFO - Setting next_dagrun for produce_json to 2026-09-23 12:00:00+00:00, run_after=2026-09-24 12:00:00+00:00
[2026-09-24T08:30:35.649+0000] {processor.py:183} INFO - Processing /opt/airflow/dags/main.py took 0.303 seconds
[2026-09-24T08:31:05.891+0000] {processor.py:161} INFO - Started process (PID=2210) to work on /opt/airflow/dags/main.py
[2026-09-24T08:31:05.895+0000] {processor.py:830} INFO - Processing file /opt/airflow/dags/main.py for tasks to queue
[2026-09-24T08:31:05.898+0000] {logging_mixin.py:188} INFO - [2026-09-24T08:31:05.898+0000] {dagbag.py:545} INFO - Filling up the DagBag from /opt/airflow/dags/main.py
[2026-09-24T08:31:06.026+0000] {processor.py:840} INFO - DAG(s) 'produce_json' retrieved from /opt/airflow/dags/main.py
[2026-09-24T08:31:06.063+0000] {logging_mixin.py:188} INFO - [2026-09-24T08:31:06.063+0000] {dag.py:3096} INFO - Sync 1 DAGs
[2026-09-24T08:31:06.091+0000] {logging_mixin.py:188} INFO - [2026-09-24T08:31:06.091+0000] {dag.py:3954} INFO - Setting next_dagrun for produce_json to 2026-09-23 12:00:00+00:00, run_after=2026-09-24 12:00:00+00:00
[2026-09-24T08:31:06.118+0000] {processor.py:183} INFO - Processing /opt/airflow/dags/main.py took 0.235 seconds
[2026-09-24T08:31:36.344+0000] {processor.py:161} INFO - Started process (PID=2217) to work on /opt/airflow/dags/main.py
[2026-09-24T08:31:36.348+0000] {processor.py:830} INFO - Processing file /opt/airflow/dags/main.py for tasks to queue
[2026-09-24T08:31:36.355+0000] {logging_mixin.py:188} INFO - [2026-09-24T08:31:36.355+0000] {dagbag.py:545} INFO - Filling up the DagBag from /opt/airflow/dags/main.py
[2026-09-24T08:31:36.462+0000] {processor.py:840} INFO - DAG(s) 'produce_json' retrieved from /opt/airflow/dags/main.py
[2026-09-24T08:31:36.492+0000] {logging_mixin.py:188} INFO - [2026-09-24T08:31:36.491+0000] {dag.py:3096} INFO - Sync 1 DAGs
[2026-09-24T08:31:36.517+0000] {logging_mixin.py:188} INFO - [2026-09-24T08:31:36.517+0000] {dag.py:3954} INFO - Setting next_dagrun for produce_json to 2026-09-23 12:00:00+00:00, run_after=2026-09-24 12:00:00+00:00
[2026-09-24T08:31:36.542+0000] {processor.py:183} INFO - Processing /opt/airflow/dags/main.py took 0.208 seconds
[2026-09-24T08:32:06.973+0000] {processor.py:161} INFO - Started process (PID=2224) to work on /opt/airflow/dags/main.py
[2026-09-24T08:32:06.984+0000] {processor.py:830} INFO - Processing file /opt/airflow/dags/main.py for tasks to queue
[2026-09-24T08:32:07.007+0000] {logging_mixin.py:188} INFO - [2026-09-24T08:32:06.998+0000] {dagbag.py:545} INFO - Filling up the DagBag from /opt/airflow/dags/main.py
[2026-09-24T08:32:07.412+0000] {processor.py:840} INFO - DAG(s) 'produce_json' retrieved from /opt/airflow/dags/main.py
[2026-09-24T08:32:07.524+0000] {logging_mixin.py:188} INFO - [2026-09-24T08:32:07.524+0000] {dag.py:3096} INFO - Sync 1 DAGs
[2026-09-24T08:32:07.636+0000] {logging_mixin.py:188} INFO - [2026-09-24T08:32:07.634+0000] {dag.py:3954} INFO - Setting next_dagrun for produce_json to 2026-09-23 12:00:00+00:00, run_after=2026-09-24 12:00:00+00:00
[2026-09-24T08:32:07.697+0000] {processor.py:183} INFO - Processing /opt/airflow/dags/main.py took 0.800 seconds
[2026-09-24T08:32:38.123+0000] {processor.py:161} INFO - Started process (PID=2231) to work on /opt/airflow/dags/main.py
[2026-09-24T08:32:38.127+0000] {processor.py:830} INFO - Processing file /opt/airflow/dags/main.py for tasks to queue
[2026-09-24T08:32:38.130+0000] {logging_mixin.py:188} INFO - [2026-09-24T08:32:38.130+0000] {dagbag.py:545} INFO - Filling up the DagBag from /opt/airflow/dags/main.py
[2026-09-24T08:32:38.281+0000] {processor.py:840} INFO - DAG(s) 'produce_json' retrieved from /opt/airflow/dags/main.py
[2026-09-24T08:32:38.325+0000] {logging_mixin.py:188} INFO - [2026-09-24T08:32:38.324+0000] {dag.py:3096} INFO - Sync 1 DAGs
[2026-09-24T08:32:38.361+0000] {logging_mixin.py:188} INFO - [2026-09-24T08:32:38.360+0000] {dag.py:3954} INFO - Setting next_dagrun for produce_json to 2026-09-23 12:00:00+00:00, run_after=2026-09-24 12:00:00+00:00
[2026-09-24T08:32:38.392+0000] {processor.py:183} INFO - Processing /opt/airflow/dags/main.py took 0.277 seconds
[2026-09-24T08:33:08.601+0000] {processor.py:161} INFO - Started process (PID=2238) to work on /opt/airflow/dags/main.py
[2026-09-24T08:33:08.604+0000] {processor.py:830} INFO - Processing file /opt/airflow/dags/main.py for tasks to queue
[2026-09-24T08:33:08.608+0000] {logging_mixin.py:188} INFO - [2026-09-24T08:33:08.607+0000] {dagbag.py:545} INFO - Filling up the DagBag from /opt/airflow/dags/main.py
[2026-09-24T08:33:08.719+0000] {processor.py:840} INFO - DAG(s) 'produce_json' retrieved from /opt/airflow/dags/main.py
[2026-09-24T08:33:08.781+0000] {logging_mixin.py:188} INFO - [2026-09-24T08:33:08.781+0000] {dag.py:3096} INFO - Sync 1 DAGs
[2026-09-24T08:33:08.837+0000] {logging_mixin.py:188} INFO - [2026-09-24T08:33:08.837+0000] {dag.py:3954} INFO - Setting next_dagrun for produce_json to 2026-09-23 12:00:00+00:00, run_after=2026-09-24 12:00:00+00:00
[2026-09-24T08:33:08.883+0000] {processor.py:183} INFO - Processing /opt/airflow/dags/main.py took 0.292 seconds
[2026-09-24T08:33:39.105+0000] {processor.py:161} INFO - Started process (PID=2245) to work on /opt/airflow/dags/main.py
[2026-09-24T08:33:39.107+0000] {processor.py:830} INFO - Processing file /opt/airflow/dags/main.py for tasks to queue
[2026-09-24T08:33:39.111+0000] {logging_mixin.py:188} INFO - [2026-09-24T08:33:39.111+0000] {dagbag.py:545} INFO - Filling up the DagBag from /opt/airflow/dags/main.py
[2026-09-24T08:33:39.227+0000] {processor.py:840} INFO - DAG(s) 'produce_json' retrieved from /opt/airflow/dags/main.py
[2026-09-24T08:33:39.266+0000] {logging_mixin.py:188} INFO - [2026-09-24T08:33:39.266+0000] {dag.py:3096} INFO - Sync 1 DAGs
[2026-09-24T08:33:39.289+0000] {logging_mixin.py:188} INFO - [2026-09-24T08:33:39.289+0000] {dag.py:3954} INFO - Setting next_dagrun for produce_json to 2026-09-23 12:00:00+00:00, run_after=2026-09-24 12:00:00+00:00
[2026-09-24T08:33:39.314+0000] {processor.py:183} INFO - Processing /opt/airflow/dags/main.py took 0.217 seconds
[2026-09-24T08:34:09.822+0000] {processor.py:161} INFO - Started process (PID=2252) to work on /opt/airflow/dags/main.py
[2026-09-24T08:34:09.826+0000] {processor.py:830} INFO - Processing file /opt/airflow/dags/main.py for tasks to queue
[2026-09-24T08:34:09.830+0000] {logging_mixin.py:188} INFO - [2026-09-24T08:34:09.829+0000] {dagbag.py:545} INFO - Filling up the DagBag from /opt/airflow/dags/main.py
[2026-09-24T08:34:10.040+0000] {processor.py:840} INFO - DAG(s) 'produce_json' retrieved from /opt/airflow/dags/main.py
[2026-09-24T08:34:10.231+0000] {logging_mixin.py:188} INFO - [2026-09-24T08:34:10.230+0000] {dag.py:3096} INFO - Sync 1 DAGs
[2026-09-24T08:34:10.373+0000] {logging_mixin.py:188} INFO - [2026-09-24T08:34:10.372+0000] {dag.py:3954} INFO - Setting next_dagrun for produce_json to 2026-09-23 12:00:00+00:00, run_after=2026-09-24 12:00:00+00:00
[2026-09-24T08:34:10.459+0000] {processor.py:183} INFO - Processing /opt/airflow/dags/main.py took 0.650 seconds
[2026-09-24T08:34:40.884+0000] {processor.py:161} INFO - Started process (PID=2259) to work on /opt/airflow/dags/main.py
[2026-09-24T08:34:40.887+0000] {processor.py:830} INFO - Processing file /opt/airflow/dags/main.py for tasks to queue
[2026-09-24T08:34:40.891+0000] {logging_mixin.py:188} INFO - [2026-09-24T08:34:40.890+0000] {dagbag.py:545} INFO - Filling up the DagBag from /opt/airflow/dags/main.py
[2026-09-24T08:34:41.018+0000] {processor.py:840} INFO - DAG(s) 'produce_json' retrieved from /opt/airflow/dags/main.py
[2026-09-24T08:34:41.053+0000] {logging_mixin.py:188} INFO - [2026-09-24T08:34:41.053+0000] {dag.py:3096} INFO - Sync 1 DAGs
[2026-09-24T08:34:41.085+0000] {logging_mixin.py:188} INFO - [2026-09-24T08:34:41.085+0000] {dag.py:3954} INFO - Setting next_dagrun for produce_json to 2026-09-23 12:00:00+00:00, run_after=2026-09-24 12:00:00+00:00
[2026-09-24T08:34:41.117+0000] {processor.py:183} INFO - Processing /opt/airflow/dags/main.py took 0.247 seconds
[2026-09-24T08:35:11.544+0000] {processor.py:161} INFO - Started process (PID=2267) to work on /opt/airflow/dags/main.py
[2026-09-24T08:35:11.548+0000] {processor.py:830} INFO - Processing file /opt/airflow/dags/main.py for tasks to queue
[2026-09-24T08:35:11.560+0000] {logging_mixin.py:188} INFO - [2026-09-24T08:35:11.559+0000] {dagbag.py:545} INFO - Filling up the DagBag from /opt/airflow/dags/main.py
[2026-09-24T08:35:11.763+0000] {processor.py:840} INFO - DAG(s) 'produce_json' retrieved from /opt/airflow/dags/main.py
[2026-09-24T08:35:11.912+0000] {logging_mixin.py:188} INFO - [2026-09-24T08:35:11.911+0000] {dag.py:3096} INFO - Sync 1 DAGs
[2026-09-24T08:35:11.953+0000] {logging_mixin.py:188} INFO - [2026-09-24T08:35:11.952+0000] {dag.py:3954} INFO - Setting next_dagrun for produce_json to 2026-09-23 12:00:00+00:00, run_after=2026-09-24 12:00:00+00:00
[2026-09-24T08:35:11.995+0000] {processor.py:183} INFO - Processing /opt/airflow/dags/main.py took 0.466 seconds
[2026-09-24T08:35:42.355+0000] {processor.py:161} INFO - Started process (PID=2274) to work on /opt/airflow/dags/main.py
[2026-09-24T08:35:42.359+0000] {processor.py:830} INFO - Processing file /opt/airflow/dags/main.py for tasks to queue
[2026-09-24T08:35:42.364+0000] {logging_mixin.py:188} INFO - [2026-09-24T08:35:42.363+0000] {dagbag.py:545} INFO - Filling up the DagBag from /opt/airflow/dags/main.py
[2026-09-24T08:35:42.492+0000] {processor.py:840} INFO - DAG(s) 'produce_json' retrieved from /opt/airflow/dags/main.py
[2026-09-24T08:35:42.541+0000] {logging_mixin.py:188} INFO - [2026-09-24T08:35:42.541+0000] {dag.py:3096} INFO - Sync 1 DAGs
[2026-09-24T08:35:42.568+0000] {logging_mixin.py:188} INFO - [2026-09-24T08:35:42.568+0000] {dag.py:3954} INFO - Setting next_dagrun for produce_json to 2026-09-23 12:00:00+00:00, run_after=2026-09-24 12:00:00+00:00
[2026-09-24T08:35:42.601+0000] {processor.py:183} INFO - Processing /opt/airflow/dags/main.py took 0.256 seconds
[2026-09-24T08:36:12.942+0000] {processor.py:161} INFO - Started process (PID=2281) to work on /opt/airflow/dags/main.py
[2026-09-24T08:36:12.944+0000] {processor.py:830} INFO - Processing file /opt/airflow/dags/main.py for tasks to queue
[2026-09-24T08:36:12.947+0000] {logging_mixin.py:188} INFO - [2026-09-24T08:36:12.947+0000] {dagbag.py:545} INFO - Filling up the DagBag from /opt/airflow/dags/main.py
[2026-09-24T08:36:13.049+0000] {processor.py:840} INFO - DAG(s) 'produce_json' retrieved from /opt/airflow/dags/main.py
[2026-09-24T08:36:13.085+0000] {logging_mixin.py:188} INFO - [2026-09-24T08:36:13.085+0000] {dag.py:3096} INFO - Sync 1 DAGs
[2026-09-24T08:36:13.111+0000] {logging_mixin.py:188} INFO - [2026-09-24T08:36:13.111+0000] {dag.py:3954} INFO - Setting next_dagrun for produce_json to 2026-09-23 12:00:00+00:00, run_after=2026-09-24 12:00:00+00:00
[2026-09-24T08:36:13.134+0000] {processor.py:183} INFO - Processing /opt/airflow/dags/main.py took 0.199 seconds
[2026-09-24T08:36:43.228+0000] {processor.py:161} INFO - Started process (PID=2288) to work on /opt/airflow/dags/main.py
[2026-09-24T08:36:43.231+0000] {processor.py:830} INFO - Processing file /opt/airflow/dags/main.py for tasks to queue
[2026-09-24T08:36:43.234+0000] {logging_mixin.py:188} INFO - [2026-09-24T08:36:43.234+0000] {dagbag.py:545} INFO - Filling up the DagBag from /opt/airflow/dags/main.py
[2026-09-24T08:36:43.356+0000] {processor.py:840} INFO - DAG(s) 'produce_json' retrieved from /opt/airflow/dags/main.py
[2026-09-24T08:36:43.397+0000] {logging_mixin.py:188} INFO - [2026-09-24T08:36:43.397+0000] {dag.py:3096} INFO - Sync 1 DAGs
[2026-09-24T08:36:43.423+0000] {logging_mixin.py:188} INFO - [2026-09-24T08:36:43.423+0000] {dag.py:3954} INFO - Setting next_dagrun for produce_json to 2026-09-23 12:00:00+00:00, run_after=2026-09-24 12:00:00+00:00
[2026-09-24T08:36:43.449+0000] {processor.py:183} INFO - Processing /opt/airflow/dags/main.py took 0.227 seconds
[2026-09-24T08:37:13.728+0000] {processor.py:161} INFO - Started process (PID=2295) to work on /opt/airflow/dags/main.py
[2026-09-24T08:37:13.731+0000] {processor.py:830} INFO - Processing file /opt/airflow/dags/main.py for tasks to queue
[2026-09-24T08:37:13.735+0000] {logging_mixin.py:188} INFO - [2026-09-24T08:37:13.735+0000] {dagbag.py:545} INFO - Filling up the DagBag from /opt/airflow/dags/main.py
[2026-09-24T08:37:13.903+0000] {processor.py:840} INFO - DAG(s) 'produce_json' retrieved from /opt/airflow/dags/main.py
[2026-09-24T08:37:13.947+0000] {logging_mixin.py:188} INFO - [2026-09-24T08:37:13.947+0000] {dag.py:3096} INFO - Sync 1 DAGs
[2026-09-24T08:37:13.972+0000] {logging_mixin.py:188} INFO - [2026-09-24T08:37:13.972+0000] {dag.py:3954} INFO - Setting next_dagrun for produce_json to 2026-09-23 12:00:00+00:00, run_after=2026-09-24 12:00:00+00:00
[2026-09-24T08:37:14.002+0000] {processor.py:183} INFO - Processing /opt/airflow/dags/main.py took 0.281 seconds
[2026-09-24T08:37:44.357+0000] {processor.py:161} INFO - Started process (PID=2302) to work on /opt/airflow/dags/main.py
[2026-09-24T08:37:44.361+0000] {processor.py:830} INFO - Processing file /opt/airflow/dags/main.py for tasks to queue
[2026-09-24T08:37:44.369+0000] {logging_mixin.py:188} INFO - [2026-09-24T08:37:44.368+0000] {dagbag.py:545} INFO - Filling up the DagBag from /opt/airflow/dags/main.py
[2026-09-24T08:37:44.478+0000] {processor.py:840} INFO - DAG(s) 'produce_json' retrieved from /opt/airflow/dags/main.py
[2026-09-24T08:37:44.511+0000] {logging_mixin.py:188} INFO - [2026-09-24T08:37:44.511+0000] {dag.py:3096} INFO - Sync 1 DAGs
[2026-09-24T08:37:44.538+0000] {logging_mixin.py:188} INFO - [2026-09-24T08:37:44.538+0000] {dag.py:3954} INFO - Setting next_dagrun for produce_json to 2026-09-23 12:00:00+00:00, run_after=2026-09-24 12:00:00+00:00
[2026-09-24T08:37:44.570+0000] {processor.py:183} INFO - Processing /opt/airflow/dags/main.py took 0.223 seconds
[2026-09-24T08:38:14.664+0000] {processor.py:161} INFO - Started process (PID=2309) to work on /opt/airflow/dags/main.py
[2026-09-24T08:38:14.667+0000] {processor.py:830} INFO - Processing file /opt/airflow/dags/main.py for tasks to queue
[2026-09-24T08:38:14.673+0000] {logging_mixin.py:188} INFO - [2026-09-24T08:38:14.672+0000] {dagbag.py:545} INFO - Filling up the DagBag from /opt/airflow/dags/main.py
[2026-09-24T08:38:14.799+0000] {processor.py:840} INFO - DAG(s) 'produce_json' retrieved from /opt/airflow/dags/main.py
[2026-09-24T08:38:14.857+0000] {logging_mixin.py:188} INFO - [2026-09-24T08:38:14.857+0000] {dag.py:3096} INFO - Sync 1 DAGs
[2026-09-24T08:38:14.912+0000] {logging_mixin.py:188} INFO - [2026-09-24T08:38:14.911+0000] {dag.py:3954} INFO - Setting next_dagrun for produce_json to 2026-09-23 12:00:00+00:00, run_after=2026-09-24 12:00:00+00:00
[2026-09-24T08:38:14.946+0000] {processor.py:183} INFO - Processing /opt/airflow/dags/main.py took 0.287 seconds
[2026-09-24T08:38:45.293+0000] {processor.py:161} INFO - Started process (PID=2316) to work on /opt/airflow/dags/main.py
[2026-09-24T08:38:45.296+0000] {processor.py:830} INFO - Processing file /opt/airflow/dags/main.py for tasks to queue
[2026-09-24T08:38:45.303+0000] {logging_mixin.py:188} INFO - [2026-09-24T08:38:45.302+0000] {dagbag.py:545} INFO - Filling up the DagBag from /opt/airflow/dags/main.py
[2026-09-24T08:38:45.419+0000] {processor.py:840} INFO - DAG(s) 'produce_json' retrieved from /opt/airflow/dags/main.py
[2026-09-24T08:38:45.458+0000] {logging_mixin.py:188} INFO - [2026-09-24T08:38:45.458+0000] {dag.py:3096} INFO - Sync 1 DAGs
[2026-09-24T08:38:45.486+0000] {logging_mixin.py:188} INFO - [2026-09-24T08:38:45.485+0000] {dag.py:3954} INFO - Setting next_dagrun for produce_json to 2026-09-23 12:00:00+00:00, run_after=2026-09-24 12:00:00+00:00
[2026-09-24T08:38:45.529+0000] {processor.py:183} INFO - Processing /opt/airflow/dags/main.py took 0.244 seconds
[2026-09-24T08:39:15.624+0000] {processor.py:161} INFO - Started process (PID=2323) to work on /opt/airflow/dags/main.py
[2026-09-24T08:39:15.630+0000] {processor.py:830} INFO - Processing file /opt/airflow/dags/main.py for tasks to queue
[2026-09-24T08:39:15.638+0000] {logging_mixin.py:188} INFO - [2026-09-24T08:39:15.637+0000] {dagbag.py:545} INFO - Filling up the DagBag from /opt/airflow/dags/main.py
[2026-09-24T08:39:15.776+0000] {processor.py:840} INFO - DAG(s) 'produce_json' retrieved from /opt/airflow/dags/main.py
[2026-09-24T08:39:15.818+0000] {logging_mixin.py:188} INFO - [2026-09-24T08:39:15.818+0000] {dag.py:3096} INFO - Sync 1 DAGs
[2026-09-24T08:39:15.869+0000] {logging_mixin.py:188} INFO - [2026-09-24T08:39:15.869+0000] {dag.py:3954} INFO - Setting next_dagrun for produce_json to 2026-09-23 12:00:00+00:00, run_after=2026-09-24 12:00:00+00:00
[2026-09-24T08:39:15.896+0000] {processor.py:183} INFO - Processing /opt/airflow/dags/main.py took 0.285 seconds
[2026-09-24T08:39:46.221+0000] {processor.py:161} INFO - Started process (PID=2330) to work on /opt/airflow/dags/main.py
[2026-09-24T08:39:46.224+0000] {processor.py:830} INFO - Processing file /opt/airflow/dags/main.py for tasks to queue
[2026-09-24T08:39:46.228+0000] {logging_mixin.py:188} INFO - [2026-09-24T08:39:46.227+0000] {dagbag.py:545} INFO - Filling up the DagBag from /opt/airflow/dags/main.py
[2026-09-24T08:39:46.334+0000] {processor.py:840} INFO - DAG(s) 'produce_json' retrieved from /opt/airflow/dags/main.py
[2026-09-24T08:39:46.366+0000] {logging_mixin.py:188} INFO - [2026-09-24T08:39:46.366+0000] {dag.py:3096} INFO - Sync 1 DAGs
[2026-09-24T08:39:46.390+0000] {logging_mixin.py:188} INFO - [2026-09-24T08:39:46.390+0000] {dag.py:3954} INFO - Setting next_dagrun for produce_json to 2026-09-23 12:00:00+00:00, run_after=2026-09-24 12:00:00+00:00
[2026-09-24T08:39:46.419+0000] {processor.py:183} INFO - Processing /opt/airflow/dags/main.py took 0.203 seconds
[2026-09-24T08:40:16.547+0000] {processor.py:161} INFO - Started process (PID=2337) to work on /opt/airflow/dags/main.py
[2026-09-24T08:40:16.550+0000] {processor.py:830} INFO - Processing file /opt/airflow/dags/main.py for tasks to queue
[2026-09-24T08:40:16.553+0000] {logging_mixin.py:188} INFO - [2026-09-24T08:40:16.553+0000] {dagbag.py:545} INFO - Filling up the DagBag from /opt/airflow/dags/main.py
[2026-09-24T08:40:16.659+0000] {processor.py:840} INFO - DAG(s) 'produce_json' retrieved from /opt/airflow/dags/main.py
[2026-09-24T08:40:16.686+0000] {logging_mixin.py:188} INFO - [2026-09-24T08:40:16.685+0000] {dag.py:3096} INFO - Sync 1 DAGs
[2026-09-24T08:40:16.706+0000] {logging_mixin.py:188} INFO - [2026-09-24T08:40:16.705+0000] {dag.py:3954} INFO - Setting next_dagrun for produce_json to 2026-09-23 12:00:00+00:00, run_after=2026-09-24 12:00:00+00:00
[2026-09-24T08:40:16.749+0000] {processor.py:183} INFO - Processing /opt/airflow/dags/main.py took 0.208 seconds
[2026-09-24T08:40:47.009+0000] {processor.py:161} INFO - Started process (PID=2344) to work on /opt/airflow/dags/main.py
[2026-09-24T08:40:47.011+0000] {processor.py:830} INFO - Processing file /opt/airflow/dags/main.py for tasks to queue
[2026-09-24T08:40:47.015+0000] {logging_mixin.py:188} INFO - [2026-09-24T08:40:47.015+0000] {dagbag.py:545} INFO - Filling up the DagBag from /opt/airflow/dags/main.py
[2026-09-24T08:40:47.128+0000] {processor.py:840} INFO - DAG(s) 'produce_json' retrieved from /opt/airflow/dags/main.py
[2026-09-24T08:40:47.155+0000] {logging_mixin.py:188} INFO - [2026-09-24T08:40:47.154+0000] {dag.py:3096} INFO - Sync 1 DAGs
[2026-09-24T08:40:47.176+0000] {logging_mixin.py:188} INFO - [2026-09-24T08:40:47.176+0000] {dag.py:3954} INFO - Setting next_dagrun for produce_json to 2026-09-23 12:00:00+00:00, run_after=2026-09-24 12:00:00+00:00
[2026-09-24T08:40:47.196+0000] {processor.py:183} INFO - Processing /opt/airflow/dags/main.py took 0.193 seconds
[2026-09-24T08:41:17.353+0000] {processor.py:161} INFO - Started process (PID=2351) to work on /opt/airflow/dags/main.py
[2026-09-24T08:41:17.356+0000] {processor.py:830} INFO - Processing file /opt/airflow/dags/main.py for tasks to queue
[2026-09-24T08:41:17.359+0000] {logging_mixin.py:188} INFO - [2026-09-24T08:41:17.359+0000] {dagbag.py:545} INFO - Filling up the DagBag from /opt/airflow/dags/main.py
[2026-09-24T08:41:17.463+0000] {processor.py:840} INFO - DAG(s) 'produce_json' retrieved from /opt/airflow/dags/main.py
[2026-09-24T08:41:17.490+0000] {logging_mixin.py:188} INFO - [2026-09-24T08:41:17.490+0000] {dag.py:3096} INFO - Sync 1 DAGs
[2026-09-24T08:41:17.510+0000] {logging_mixin.py:188} INFO - [2026-09-24T08:41:17.510+0000] {dag.py:3954} INFO - Setting next_dagrun for produce_json to 2026-09-23 12:00:00+00:00, run_after=2026-09-24 12:00:00+00:00
[2026-09-24T08:41:17.531+0000] {processor.py:183} INFO - Processing /opt/airflow/dags/main.py took 0.184 seconds
[2026-09-24T08:41:47.808+0000] {processor.py:161} INFO - Started process (PID=2358) to work on /opt/airflow/dags/main.py
[2026-09-24T08:41:47.810+0000] {processor.py:830} INFO - Processing file /opt/airflow/dags/main.py for tasks to queue
[2026-09-24T08:41:47.813+0000] {logging_mixin.py:188} INFO - [2026-09-24T08:41:47.813+0000] {dagbag.py:545} INFO - Filling up the DagBag from /opt/airflow/dags/main.py
[2026-09-24T08:41:47.911+0000] {processor.py:840} INFO - DAG(s) 'produce_json' retrieved from /opt/airflow/dags/main.py
[2026-09-24T08:41:47.939+0000] {logging_mixin.py:188} INFO - [2026-09-24T08:41:47.939+0000] {dag.py:3096} INFO - Sync 1 DAGs
[2026-09-24T08:41:47.957+0000] {logging_mixin.py:188} INFO - [2026-09-24T08:41:47.957+0000] {dag.py:3954} INFO - Setting next_dagrun for produce_json to 2026-09-23 12:00:00+00:00, run_after=2026-09-24 12:00:00+00:00
[2026-09-24T08:41:47.978+0000] {processor.py:183} INFO - Processing /opt/airflow/dags/main.py took 0.176 seconds
[2026-09-24T08:42:18.116+0000] {processor.py:161} INFO - Started process (PID=2365) to work on /opt/airflow/dags/main.py
[2026-09-24T08:42:18.119+0000] {processor.py:830} INFO - Processing file /opt/airflow/dags/main.py for tasks to queue
[2026-09-24T08:42:18.126+0000] {logging_mixin.py:188} INFO - [2026-09-24T08:42:18.125+0000] {dagbag.py:545} INFO - Filling up the DagBag from /opt/airflow/dags/main.py
[2026-09-24T08:42:18.230+0000] {processor.py:840} INFO - DAG(s) 'produce_json' retrieved from /opt/airflow/dags/main.py
[2026-09-24T08:42:18.255+0000] {logging_mixin.py:188} INFO - [2026-09-24T08:42:18.254+0000] {dag.py:3096} INFO - Sync 1 DAGs
[2026-09-24T08:42:18.272+0000] {logging_mixin.py:188} INFO - [2026-09-24T08:42:18.272+0000] {dag.py:3954} INFO - Setting next_dagrun for produce_json to 2026-09-23 12:00:00+00:00, run_after=2026-09-24 12:00:00+00:00
[2026-09-24T08:42:18.294+0000] {processor.py:183} INFO - Processing /opt/airflow/dags/main.py took 0.184 seconds
[2026-09-24T08:42:48.565+0000] {processor.py:161} INFO - Started process (PID=2372) to work on /opt/airflow/dags/main.py
[2026-09-24T08:42:48.568+0000] {processor.py:830} INFO - Processing file /opt/airflow/dags/main.py for tasks to queue
[2026-09-24T08:42:48.572+0000] {logging_mixin.py:188} INFO - [2026-09-24T08:42:48.571+0000] {dagbag.py:545} INFO - Filling up the DagBag from /opt/airflow/dags/main.py
[2026-09-24T08:42:48.638+0000] {processor.py:840} INFO - DAG(s) 'produce_json' retrieved from /opt/airflow/dags/main.py
[2026-09-24T08:42:48.664+0000] {logging_mixin.py:188} INFO - [2026-09-24T08:42:48.664+0000] {dag.py:3096} INFO - Sync 1 DAGs
[2026-09-24T08:42:48.682+0000] {logging_mixin.py:188} INFO - [2026-09-24T08:42:48.681+0000] {dag.py:3954} INFO - Setting next_dagrun for produce_json to 2026-09-23 12:00:00+00:00, run_after=2026-09-24 12:00:00+00:00
[2026-09-24T08:42:48.703+0000] {processor.py:183} INFO - Processing /opt/airflow/dags/main.py took 0.144 seconds
[2026-09-24T08:43:18.859+0000] {processor.py:161} INFO - Started process (PID=2379) to work on /opt/airflow/dags/main.py
[2026-09-24T08:43:18.862+0000] {processor.py:830} INFO - Processing file /opt/airflow/dags/main.py for tasks to queue
[2026-09-24T08:43:18.865+0000] {logging_mixin.py:188} INFO - [2026-09-24T08:43:18.865+0000] {dagbag.py:545} INFO - Filling up the DagBag from /opt/airflow/dags/main.py
[2026-09-24T08:43:18.956+0000] {processor.py:840} INFO - DAG(s) 'produce_json' retrieved from /opt/airflow/dags/main.py
[2026-09-24T08:43:18.982+0000] {logging_mixin.py:188} INFO - [2026-09-24T08:43:18.982+0000] {dag.py:3096} INFO - Sync 1 DAGs
[2026-09-24T08:43:19.002+0000] {logging_mixin.py:188} INFO - [2026-09-24T08:43:19.002+0000] {dag.py:3954} INFO - Setting next_dagrun for produce_json to 2026-09-23 12:00:00+00:00, run_after=2026-09-24 12:00:00+00:00
[2026-09-24T08:43:19.025+0000] {processor.py:183} INFO - Processing /opt/airflow/dags/main.py took 0.173 seconds
[2026-09-24T08:43:49.325+0000] {processor.py:161} INFO - Started process (PID=2386) to work on /opt/airflow/dags/main.py
[2026-09-24T08:43:49.328+0000] {processor.py:830} INFO - Processing file /opt/airflow/dags/main.py for tasks to queue
[2026-09-24T08:43:49.331+0000] {logging_mixin.py:188} INFO - [2026-09-24T08:43:49.331+0000] {dagbag.py:545} INFO - Filling up the DagBag from /opt/airflow/dags/main.py
[2026-09-24T08:43:49.430+0000] {processor.py:840} INFO - DAG(s) 'produce_json' retrieved from /opt/airflow/dags/main.py
[2026-09-24T08:43:49.453+0000] {logging_mixin.py:188} INFO - [2026-09-24T08:43:49.453+0000] {dag.py:3096} INFO - Sync 1 DAGs
[2026-09-24T08:43:49.472+0000] {logging_mixin.py:188} INFO - [2026-09-24T08:43:49.472+0000] {dag.py:3954} INFO - Setting next_dagrun for produce_json to 2026-09-23 12:00:00+00:00, run_after=2026-09-24 12:00:00+00:00
[2026-09-24T08:43:49.494+0000] {processor.py:183} INFO - Processing /opt/airflow/dags/main.py took 0.174 seconds
[2026-09-24T08:44:19.922+0000] {processor.py:161} INFO - Started process (PID=2393) to work on /opt/airflow/dags/main.py
[2026-09-24T08:44:19.925+0000] {processor.py:830} INFO - Processing file /opt/airflow/dags/main.py for tasks to queue
[2026-09-24T08:44:19.929+0000] {logging_mixin.py:188} INFO - [2026-09-24T08:44:19.929+0000] {dagbag.py:545} INFO - Filling up the DagBag from /opt/airflow/dags/main.py
[2026-09-24T08:44:20.030+0000] {processor.py:840} INFO - DAG(s) 'produce_json' retrieved from /opt/airflow/dags/main.py
[2026-09-24T08:44:20.064+0000] {logging_mixin.py:188} INFO - [2026-09-24T08:44:20.063+0000] {dag.py:3096} INFO - Sync 1 DAGs
[2026-09-24T08:44:20.089+0000] {logging_mixin.py:188} INFO - [2026-09-24T08:44:20.089+0000] {dag.py:3954} INFO - Setting next_dagrun for produce_json to 2026-09-23 12:00:00+00:00, run_after=2026-09-24 12:00:00+00:00
[2026-09-24T08:44:20.116+0000] {processor.py:183} INFO - Processing /opt/airflow/dags/main.py took 0.201 seconds
[2026-09-24T08:44:50.267+0000] {processor.py:161} INFO - Started process (PID=2400) to work on /opt/airflow/dags/main.py
[2026-09-24T08:44:50.270+0000] {processor.py:830} INFO - Processing file /opt/airflow/dags/main.py for tasks to queue
[2026-09-24T08:44:50.274+0000] {logging_mixin.py:188} INFO - [2026-09-24T08:44:50.274+0000] {dagbag.py:545} INFO - Filling up the DagBag from /opt/airflow/dags/main.py
[2026-09-24T08:44:50.396+0000] {processor.py:840} INFO - DAG(s) 'produce_json' retrieved from /opt/airflow/dags/main.py
[2026-09-24T08:44:50.451+0000] {logging_mixin.py:188} INFO - [2026-09-24T08:44:50.450+0000] {dag.py:3096} INFO - Sync 1 DAGs
[2026-09-24T08:44:50.493+0000] {logging_mixin.py:188} INFO - [2026-09-24T08:44:50.492+0000] {dag.py:3954} INFO - Setting next_dagrun for produce_json to 2026-09-23 12:00:00+00:00, run_after=2026-09-24 12:00:00+00:00
[2026-09-24T08:44:50.554+0000] {processor.py:183} INFO - Processing /opt/airflow/dags/main.py took 0.295 seconds
[2026-09-24T08:45:20.693+0000] {processor.py:161} INFO - Started process (PID=2407) to work on /opt/airflow/dags/main.py
[2026-09-24T08:45:20.695+0000] {processor.py:830} INFO - Processing file /opt/airflow/dags/main.py for tasks to queue
[2026-09-24T08:45:20.700+0000] {logging_mixin.py:188} INFO - [2026-09-24T08:45:20.699+0000] {dagbag.py:545} INFO - Filling up the DagBag from /opt/airflow/dags/main.py
[2026-09-24T08:45:20.790+0000] {processor.py:840} INFO - DAG(s) 'produce_json' retrieved from /opt/airflow/dags/main.py
[2026-09-24T08:45:20.817+0000] {logging_mixin.py:188} INFO - [2026-09-24T08:45:20.817+0000] {dag.py:3096} INFO - Sync 1 DAGs
[2026-09-24T08:45:20.841+0000] {logging_mixin.py:188} INFO - [2026-09-24T08:45:20.841+0000] {dag.py:3954} INFO - Setting next_dagrun for produce_json to 2026-09-23 12:00:00+00:00, run_after=2026-09-24 12:00:00+00:00
[2026-09-24T08:45:20.867+0000] {processor.py:183} INFO - Processing /opt/airflow/dags/main.py took 0.185 seconds
[2026-09-24T08:45:51.167+0000] {processor.py:161} INFO - Started process (PID=2414) to work on /opt/airflow/dags/main.py
[2026-09-24T08:45:51.169+0000] {processor.py:830} INFO - Processing file /opt/airflow/dags/main.py for tasks to queue
[2026-09-24T08:45:51.173+0000] {logging_mixin.py:188} INFO - [2026-09-24T08:45:51.172+0000] {dagbag.py:545} INFO - Filling up the DagBag from /opt/airflow/dags/main.py
[2026-09-24T08:45:51.263+0000] {processor.py:840} INFO - DAG(s) 'produce_json' retrieved from /opt/airflow/dags/main.py
[2026-09-24T08:45:51.288+0000] {logging_mixin.py:188} INFO - [2026-09-24T08:45:51.287+0000] {dag.py:3096} INFO - Sync 1 DAGs
[2026-09-24T08:45:51.308+0000] {logging_mixin.py:188} INFO - [2026-09-24T08:45:51.308+0000] {dag.py:3954} INFO - Setting next_dagrun for produce_json to 2026-09-23 12:00:00+00:00, run_after=2026-09-24 12:00:00+00:00
[2026-09-24T08:45:51.332+0000] {processor.py:183} INFO - Processing /opt/airflow/dags/main.py took 0.169 seconds
[2026-09-24T08:46:21.493+0000] {processor.py:161} INFO - Started process (PID=2421) to work on /opt/airflow/dags/main.py
[2026-09-24T08:46:21.496+0000] {processor.py:830} INFO - Processing file /opt/airflow/dags/main.py for tasks to queue
[2026-09-24T08:46:21.501+0000] {logging_mixin.py:188} INFO - [2026-09-24T08:46:21.500+0000] {dagbag.py:545} INFO - Filling up the DagBag from /opt/airflow/dags/main.py
[2026-09-24T08:46:21.651+0000] {processor.py:840} INFO - DAG(s) 'produce_json' retrieved from /opt/airflow/dags/main.py
[2026-09-24T08:46:21.681+0000] {logging_mixin.py:188} INFO - [2026-09-24T08:46:21.680+0000] {dag.py:3096} INFO - Sync 1 DAGs
[2026-09-24T08:46:21.733+0000] {logging_mixin.py:188} INFO - [2026-09-24T08:46:21.732+0000] {dag.py:3954} INFO - Setting next_dagrun for produce_json to 2026-09-23 12:00:00+00:00, run_after=2026-09-24 12:00:00+00:00
[2026-09-24T08:46:21.766+0000] {processor.py:183} INFO - Processing /opt/airflow/dags/main.py took 0.279 seconds
[2026-09-24T08:46:51.959+0000] {processor.py:161} INFO - Started process (PID=2428) to work on /opt/airflow/dags/main.py
[2026-09-24T08:46:51.962+0000] {processor.py:830} INFO - Processing file /opt/airflow/dags/main.py for tasks to queue
[2026-09-24T08:46:51.966+0000] {logging_mixin.py:188} INFO - [2026-09-24T08:46:51.965+0000] {dagbag.py:545} INFO - Filling up the DagBag from /opt/airflow/dags/main.py
[2026-09-24T08:46:52.068+0000] {processor.py:840} INFO - DAG(s) 'produce_json' retrieved from /opt/airflow/dags/main.py
[2026-09-24T08:46:52.097+0000] {logging_mixin.py:188} INFO - [2026-09-24T08:46:52.097+0000] {dag.py:3096} INFO - Sync 1 DAGs
[2026-09-24T08:46:52.119+0000] {logging_mixin.py:188} INFO - [2026-09-24T08:46:52.118+0000] {dag.py:3954} INFO - Setting next_dagrun for produce_json to 2026-09-23 12:00:00+00:00, run_after=2026-09-24 12:00:00+00:00
[2026-09-24T08:46:52.144+0000] {processor.py:183} INFO - Processing /opt/airflow/dags/main.py took 0.193 seconds
[2026-09-24T08:47:22.400+0000] {processor.py:161} INFO - Started process (PID=2435) to work on /opt/airflow/dags/main.py
[2026-09-24T08:47:22.405+0000] {processor.py:830} INFO - Processing file /opt/airflow/dags/main.py for tasks to queue
[2026-09-24T08:47:22.408+0000] {logging_mixin.py:188} INFO - [2026-09-24T08:47:22.408+0000] {dagbag.py:545} INFO - Filling up the DagBag from /opt/airflow/dags/main.py
[2026-09-24T08:47:22.501+0000] {processor.py:840} INFO - DAG(s) 'produce_json' retrieved from /opt/airflow/dags/main.py
[2026-09-24T08:47:22.529+0000] {logging_mixin.py:188} INFO - [2026-09-24T08:47:22.528+0000] {dag.py:3096} INFO - Sync 1 DAGs
[2026-09-24T08:47:22.553+0000] {logging_mixin.py:188} INFO - [2026-09-24T08:47:22.553+0000] {dag.py:3954} INFO - Setting next_dagrun for produce_json to 2026-09-23 12:00:00+00:00, run_after=2026-09-24 12:00:00+00:00
[2026-09-24T08:47:22.577+0000] {processor.py:183} INFO - Processing /opt/airflow/dags/main.py took 0.187 seconds
[2026-09-24T08:47:51.775+0000] {processor.py:161} INFO - Started process (PID=2442) to work on /opt/airflow/dags/main.py
[2026-09-24T08:47:51.779+0000] {processor.py:830} INFO - Processing file /opt/airflow/dags/main.py for tasks to queue
[2026-09-24T08:47:51.790+0000] {logging_mixin.py:188} INFO - [2026-09-24T08:47:51.789+0000] {dagbag.py:545} INFO - Filling up the DagBag from /opt/airflow/dags/main.py
[2026-09-24T08:47:51.943+0000] {processor.py:840} INFO - DAG(s) 'produce_json' retrieved from /opt/airflow/dags/main.py
[2026-09-24T08:47:52.077+0000] {logging_mixin.py:188} INFO - [2026-09-24T08:47:52.077+0000] {dag.py:3096} INFO - Sync 1 DAGs
[2026-09-24T08:47:52.094+0000] {logging_mixin.py:188} INFO - [2026-09-24T08:47:52.094+0000] {dag.py:3954} INFO - Setting next_dagrun for produce_json to 2026-09-23 12:00:00+00:00, run_after=2026-09-24 12:00:00+00:00
[2026-09-24T08:47:52.135+0000] {processor.py:183} INFO - Processing /opt/airflow/dags/main.py took 0.381 seconds
[2026-09-24T08:47:53.951+0000] {processor.py:161} INFO - Started process (PID=2443) to work on /opt/airflow/dags/main.py
[2026-09-24T08:47:53.954+0000] {processor.py:830} INFO - Processing file /opt/airflow/dags/main.py for tasks to queue
[2026-09-24T08:47:53.957+0000] {logging_mixin.py:188} INFO - [2026-09-24T08:47:53.957+0000] {dagbag.py:545} INFO - Filling up the DagBag from /opt/airflow/dags/main.py
[2026-09-24T08:47:54.161+0000] {processor.py:840} INFO - DAG(s) 'produce_json' retrieved from /opt/airflow/dags/main.py
[2026-09-24T08:47:54.181+0000] {logging_mixin.py:188} INFO - [2026-09-24T08:47:54.181+0000] {dag.py:3096} INFO - Sync 1 DAGs
[2026-09-24T08:47:54.206+0000] {logging_mixin.py:188} INFO - [2026-09-24T08:47:54.206+0000] {dag.py:3954} INFO - Setting next_dagrun for produce_json to 2026-09-23 12:00:00+00:00, run_after=2026-09-24 12:00:00+00:00
[2026-09-24T08:47:54.239+0000] {processor.py:183} INFO - Processing /opt/airflow/dags/main.py took 0.294 seconds
[2026-09-24T08:48:00.290+0000] {processor.py:161} INFO - Started process (PID=2444) to work on /opt/airflow/dags/main.py
[2026-09-24T08:48:00.293+0000] {processor.py:830} INFO - Processing file /opt/airflow/dags/main.py for tasks to queue
[2026-09-24T08:48:00.299+0000] {logging_mixin.py:188} INFO - [2026-09-24T08:48:00.299+0000] {dagbag.py:545} INFO - Filling up the DagBag from /opt/airflow/dags/main.py
[2026-09-24T08:48:00.433+0000] {processor.py:840} INFO - DAG(s) 'produce_json' retrieved from /opt/airflow/dags/main.py
[2026-09-24T08:48:00.448+0000] {logging_mixin.py:188} INFO - [2026-09-24T08:48:00.447+0000] {dag.py:3096} INFO - Sync 1 DAGs
[2026-09-24T08:48:00.473+0000] {logging_mixin.py:188} INFO - [2026-09-24T08:48:00.472+0000] {dag.py:3954} INFO - Setting next_dagrun for produce_json to 2026-09-23 12:00:00+00:00, run_after=2026-09-24 12:00:00+00:00
[2026-09-24T08:48:00.519+0000] {processor.py:183} INFO - Processing /opt/airflow/dags/main.py took 0.237 seconds
[2026-09-24T08:48:02.623+0000] {processor.py:161} INFO - Started process (PID=2445) to work on /opt/airflow/dags/main.py
[2026-09-24T08:48:02.625+0000] {processor.py:830} INFO - Processing file /opt/airflow/dags/main.py for tasks to queue
[2026-09-24T08:48:02.630+0000] {logging_mixin.py:188} INFO - [2026-09-24T08:48:02.629+0000] {dagbag.py:545} INFO - Filling up the DagBag from /opt/airflow/dags/main.py
[2026-09-24T08:48:02.797+0000] {processor.py:840} INFO - DAG(s) 'produce_json' retrieved from /opt/airflow/dags/main.py
[2026-09-24T08:48:02.814+0000] {logging_mixin.py:188} INFO - [2026-09-24T08:48:02.814+0000] {dag.py:3096} INFO - Sync 1 DAGs
[2026-09-24T08:48:02.839+0000] {logging_mixin.py:188} INFO - [2026-09-24T08:48:02.838+0000] {dag.py:3954} INFO - Setting next_dagrun for produce_json to 2026-09-23 12:00:00+00:00, run_after=2026-09-24 12:00:00+00:00
[2026-09-24T08:48:02.870+0000] {processor.py:183} INFO - Processing /opt/airflow/dags/main.py took 0.254 seconds
[2026-09-24T08:48:13.094+0000] {processor.py:161} INFO - Started process (PID=2452) to work on /opt/airflow/dags/main.py
[2026-09-24T08:48:13.098+0000] {processor.py:830} INFO - Processing file /opt/airflow/dags/main.py for tasks to queue
[2026-09-24T08:48:13.105+0000] {logging_mixin.py:188} INFO - [2026-09-24T08:48:13.105+0000] {dagbag.py:545} INFO - Filling up the DagBag from /opt/airflow/dags/main.py
[2026-09-24T08:48:13.277+0000] {processor.py:840} INFO - DAG(s) 'produce_json' retrieved from /opt/airflow/dags/main.py
[2026-09-24T08:48:13.298+0000] {logging_mixin.py:188} INFO - [2026-09-24T08:48:13.297+0000] {dag.py:3096} INFO - Sync 1 DAGs
[2026-09-24T08:48:13.327+0000] {logging_mixin.py:188} INFO - [2026-09-24T08:48:13.326+0000] {dag.py:3954} INFO - Setting next_dagrun for produce_json to 2026-09-23 12:00:00+00:00, run_after=2026-09-24 12:00:00+00:00
[2026-09-24T08:48:13.366+0000] {processor.py:183} INFO - Processing /opt/airflow/dags/main.py took 0.287 seconds
[2026-09-24T08:48:15.114+0000] {processor.py:161} INFO - Started process (PID=2453) to work on /opt/airflow/dags/main.py
[2026-09-24T08:48:15.117+0000] {processor.py:830} INFO - Processing file /opt/airflow/dags/main.py for tasks to queue
[2026-09-24T08:48:15.120+0000] {logging_mixin.py:188} INFO - [2026-09-24T08:48:15.120+0000] {dagbag.py:545} INFO - Filling up the DagBag from /opt/airflow/dags/main.py
[2026-09-24T08:48:15.250+0000] {processor.py:840} INFO - DAG(s) 'produce_json' retrieved from /opt/airflow/dags/main.py
[2026-09-24T08:48:15.265+0000] {logging_mixin.py:188} INFO - [2026-09-24T08:48:15.265+0000] {dag.py:3096} INFO - Sync 1 DAGs
[2026-09-24T08:48:15.290+0000] {logging_mixin.py:188} INFO - [2026-09-24T08:48:15.289+0000] {dag.py:3954} INFO - Setting next_dagrun for produce_json to 2026-09-23 12:00:00+00:00, run_after=2026-09-24 12:00:00+00:00
[2026-09-24T08:48:15.323+0000] {processor.py:183} INFO - Processing /opt/airflow/dags/main.py took 0.217 seconds
[2026-09-24T08:48:45.652+0000] {processor.py:161} INFO - Started process (PID=2460) to work on /opt/airflow/dags/main.py
[2026-09-24T08:48:45.655+0000] {processor.py:830} INFO - Processing file /opt/airflow/dags/main.py for tasks to queue
[2026-09-24T08:48:45.661+0000] {logging_mixin.py:188} INFO - [2026-09-24T08:48:45.661+0000] {dagbag.py:545} INFO - Filling up the DagBag from /opt/airflow/dags/main.py
[2026-09-24T08:48:45.775+0000] {processor.py:840} INFO - DAG(s) 'produce_json' retrieved from /opt/airflow/dags/main.py
[2026-09-24T08:48:45.904+0000] {logging_mixin.py:188} INFO - [2026-09-24T08:48:45.903+0000] {dag.py:3096} INFO - Sync 1 DAGs
[2026-09-24T08:48:45.942+0000] {logging_mixin.py:188} INFO - [2026-09-24T08:48:45.942+0000] {dag.py:3954} INFO - Setting next_dagrun for produce_json to 2026-09-23 12:00:00+00:00, run_after=2026-09-24 12:00:00+00:00
[2026-09-24T08:48:45.975+0000] {processor.py:183} INFO - Processing /opt/airflow/dags/main.py took 0.328 seconds
[2026-09-24T08:49:16.230+0000] {processor.py:161} INFO - Started process (PID=2467) to work on /opt/airflow/dags/main.py
[2026-09-24T08:49:16.233+0000] {processor.py:830} INFO - Processing file /opt/airflow/dags/main.py for tasks to queue
[2026-09-24T08:49:16.236+0000] {logging_mixin.py:188} INFO - [2026-09-24T08:49:16.235+0000] {dagbag.py:545} INFO - Filling up the DagBag from /opt/airflow/dags/main.py
[2026-09-24T08:49:16.341+0000] {processor.py:840} INFO - DAG(s) 'produce_json' retrieved from /opt/airflow/dags/main.py
[2026-09-24T08:49:16.369+0000] {logging_mixin.py:188} INFO - [2026-09-24T08:49:16.368+0000] {dag.py:3096} INFO - Sync 1 DAGs
[2026-09-24T08:49:16.389+0000] {logging_mixin.py:188} INFO - [2026-09-24T08:49:16.389+0000] {dag.py:3954} INFO - Setting next_dagrun for produce_json to 2026-09-23 12:00:00+00:00, run_after=2026-09-24 12:00:00+00:00
[2026-09-24T08:49:16.417+0000] {processor.py:183} INFO - Processing /opt/airflow/dags/main.py took 0.193 seconds
[2026-09-24T08:49:46.592+0000] {processor.py:161} INFO - Started process (PID=2474) to work on /opt/airflow/dags/main.py
[2026-09-24T08:49:46.595+0000] {processor.py:830} INFO - Processing file /opt/airflow/dags/main.py for tasks to queue
[2026-09-24T08:49:46.599+0000] {logging_mixin.py:188} INFO - [2026-09-24T08:49:46.598+0000] {dagbag.py:545} INFO - Filling up the DagBag from /opt/airflow/dags/main.py
[2026-09-24T08:49:46.705+0000] {processor.py:840} INFO - DAG(s) 'produce_json' retrieved from /opt/airflow/dags/main.py
[2026-09-24T08:49:46.732+0000] {logging_mixin.py:188} INFO - [2026-09-24T08:49:46.732+0000] {dag.py:3096} INFO - Sync 1 DAGs
[2026-09-24T08:49:46.754+0000] {logging_mixin.py:188} INFO - [2026-09-24T08:49:46.754+0000] {dag.py:3954} INFO - Setting next_dagrun for produce_json to 2026-09-23 12:00:00+00:00, run_after=2026-09-24 12:00:00+00:00
[2026-09-24T08:49:46.779+0000] {processor.py:183} INFO - Processing /opt/airflow/dags/main.py took 0.194 seconds
[2026-09-24T08:50:17.013+0000] {processor.py:161} INFO - Started process (PID=2481) to work on /opt/airflow/dags/main.py
[2026-09-24T08:50:17.016+0000] {processor.py:830} INFO - Processing file /opt/airflow/dags/main.py for tasks to queue
[2026-09-24T08:50:17.019+0000] {logging_mixin.py:188} INFO - [2026-09-24T08:50:17.018+0000] {dagbag.py:545} INFO - Filling up the DagBag from /opt/airflow/dags/main.py
[2026-09-24T08:50:17.130+0000] {processor.py:840} INFO - DAG(s) 'produce_json' retrieved from /opt/airflow/dags/main.py
[2026-09-24T08:50:17.168+0000] {logging_mixin.py:188} INFO - [2026-09-24T08:50:17.167+0000] {dag.py:3096} INFO - Sync 1 DAGs
[2026-09-24T08:50:17.198+0000] {logging_mixin.py:188} INFO - [2026-09-24T08:50:17.198+0000] {dag.py:3954} INFO - Setting next_dagrun for produce_json to 2026-09-23 12:00:00+00:00, run_after=2026-09-24 12:00:00+00:00
[2026-09-24T08:50:17.231+0000] {processor.py:183} INFO - Processing /opt/airflow/dags/main.py took 0.225 seconds
[2026-09-24T08:50:37.425+0000] {processor.py:161} INFO - Started process (PID=2488) to work on /opt/airflow/dags/main.py
[2026-09-24T08:50:37.430+0000] {processor.py:830} INFO - Processing file /opt/airflow/dags/main.py for tasks to queue
[2026-09-24T08:50:37.443+0000] {logging_mixin.py:188} INFO - [2026-09-24T08:50:37.440+0000] {dagbag.py:545} INFO - Filling up the DagBag from /opt/airflow/dags/main.py
[2026-09-24T08:50:37.759+0000] {processor.py:840} INFO - DAG(s) 'produce_json' retrieved from /opt/airflow/dags/main.py
[2026-09-24T08:50:37.821+0000] {logging_mixin.py:188} INFO - [2026-09-24T08:50:37.820+0000] {dag.py:3096} INFO - Sync 1 DAGs
[2026-09-24T08:50:37.868+0000] {logging_mixin.py:188} INFO - [2026-09-24T08:50:37.867+0000] {dag.py:3954} INFO - Setting next_dagrun for produce_json to 2026-09-23 12:00:00+00:00, run_after=2026-09-24 12:00:00+00:00
[2026-09-24T08:50:37.924+0000] {processor.py:183} INFO - Processing /opt/airflow/dags/main.py took 0.536 seconds
[2026-09-24T08:50:44.604+0000] {processor.py:161} INFO - Started process (PID=2489) to work on /opt/airflow/dags/main.py
[2026-09-24T08:50:44.607+0000] {processor.py:830} INFO - Processing file /opt/airflow/dags/main.py for tasks to queue
[2026-09-24T08:50:44.611+0000] {logging_mixin.py:188} INFO - [2026-09-24T08:50:44.610+0000] {dagbag.py:545} INFO - Filling up the DagBag from /opt/airflow/dags/main.py
[2026-09-24T08:50:44.822+0000] {logging_mixin.py:188} INFO - [2026-09-24T08:50:44.809+0000] {dagbag.py:355} ERROR - Failed to import: /opt/airflow/dags/main.py
Traceback (most recent call last):
  File "/home/airflow/.local/lib/python3.10/site-packages/airflow/models/dagbag.py", line 351, in parse
    loader.exec_module(new_module)
  File "<frozen importlib._bootstrap_external>", line 883, in exec_module
  File "<frozen importlib._bootstrap>", line 241, in _call_with_frames_removed
  File "/opt/airflow/dags/main.py", line 25, in <module>
    update
NameError: name 'update' is not defined
[2026-09-24T08:50:44.825+0000] {processor.py:842} WARNING - No viable dags retrieved from /opt/airflow/dags/main.py
[2026-09-24T08:50:44.858+0000] {processor.py:183} INFO - Processing /opt/airflow/dags/main.py took 0.267 seconds
[2026-09-24T08:50:47.673+0000] {processor.py:161} INFO - Started process (PID=2490) to work on /opt/airflow/dags/main.py
[2026-09-24T08:50:47.675+0000] {processor.py:830} INFO - Processing file /opt/airflow/dags/main.py for tasks to queue
[2026-09-24T08:50:47.679+0000] {logging_mixin.py:188} INFO - [2026-09-24T08:50:47.678+0000] {dagbag.py:545} INFO - Filling up the DagBag from /opt/airflow/dags/main.py
[2026-09-24T08:50:47.830+0000] {logging_mixin.py:188} INFO - [2026-09-24T08:50:47.820+0000] {dagbag.py:355} ERROR - Failed to import: /opt/airflow/dags/main.py
Traceback (most recent call last):
  File "/home/airflow/.local/lib/python3.10/site-packages/airflow/models/dagbag.py", line 351, in parse
    loader.exec_module(new_module)
  File "<frozen importlib._bootstrap_external>", line 883, in exec_module
  File "<frozen importlib._bootstrap>", line 241, in _call_with_frames_removed
  File "/opt/airflow/dags/main.py", line 25, in <module>
    update_staging
NameError: name 'update_staging' is not defined
[2026-09-24T08:50:47.835+0000] {processor.py:842} WARNING - No viable dags retrieved from /opt/airflow/dags/main.py
[2026-09-24T08:50:47.861+0000] {processor.py:183} INFO - Processing /opt/airflow/dags/main.py took 0.200 seconds
[2026-09-24T08:50:49.714+0000] {processor.py:161} INFO - Started process (PID=2491) to work on /opt/airflow/dags/main.py
[2026-09-24T08:50:49.716+0000] {processor.py:830} INFO - Processing file /opt/airflow/dags/main.py for tasks to queue
[2026-09-24T08:50:49.720+0000] {logging_mixin.py:188} INFO - [2026-09-24T08:50:49.720+0000] {dagbag.py:545} INFO - Filling up the DagBag from /opt/airflow/dags/main.py
[2026-09-24T08:50:49.855+0000] {logging_mixin.py:188} INFO - [2026-09-24T08:50:49.844+0000] {dagbag.py:355} ERROR - Failed to import: /opt/airflow/dags/main.py
Traceback (most recent call last):
  File "/home/airflow/.local/lib/python3.10/site-packages/airflow/models/dagbag.py", line 351, in parse
    loader.exec_module(new_module)
  File "<frozen importlib._bootstrap_external>", line 883, in exec_module
  File "<frozen importlib._bootstrap>", line 241, in _call_with_frames_removed
  File "/opt/airflow/dags/main.py", line 25, in <module>
    update_staging = stag
NameError: name 'stag' is not defined
[2026-09-24T08:50:49.859+0000] {processor.py:842} WARNING - No viable dags retrieved from /opt/airflow/dags/main.py
[2026-09-24T08:50:49.904+0000] {processor.py:183} INFO - Processing /opt/airflow/dags/main.py took 0.197 seconds
[2026-09-24T08:50:55.062+0000] {processor.py:161} INFO - Started process (PID=2492) to work on /opt/airflow/dags/main.py
[2026-09-24T08:50:55.066+0000] {processor.py:830} INFO - Processing file /opt/airflow/dags/main.py for tasks to queue
[2026-09-24T08:50:55.070+0000] {logging_mixin.py:188} INFO - [2026-09-24T08:50:55.070+0000] {dagbag.py:545} INFO - Filling up the DagBag from /opt/airflow/dags/main.py
[2026-09-24T08:50:55.217+0000] {logging_mixin.py:188} INFO - [2026-09-24T08:50:55.207+0000] {dagbag.py:355} ERROR - Failed to import: /opt/airflow/dags/main.py
Traceback (most recent call last):
  File "/home/airflow/.local/lib/python3.10/site-packages/airflow/models/dagbag.py", line 351, in parse
    loader.exec_module(new_module)
  File "<frozen importlib._bootstrap_external>", line 883, in exec_module
  File "<frozen importlib._bootstrap>", line 241, in _call_with_frames_removed
  File "/opt/airflow/dags/main.py", line 25, in <module>
    update_staging = staging_table
NameError: name 'staging_table' is not defined
[2026-09-24T08:50:55.221+0000] {processor.py:842} WARNING - No viable dags retrieved from /opt/airflow/dags/main.py
[2026-09-24T08:50:55.247+0000] {processor.py:183} INFO - Processing /opt/airflow/dags/main.py took 0.193 seconds
[2026-09-24T08:50:57.131+0000] {processor.py:161} INFO - Started process (PID=2493) to work on /opt/airflow/dags/main.py
[2026-09-24T08:50:57.142+0000] {processor.py:830} INFO - Processing file /opt/airflow/dags/main.py for tasks to queue
[2026-09-24T08:50:57.154+0000] {logging_mixin.py:188} INFO - [2026-09-24T08:50:57.152+0000] {dagbag.py:545} INFO - Filling up the DagBag from /opt/airflow/dags/main.py
[2026-09-24T08:50:57.647+0000] {logging_mixin.py:188} INFO - [2026-09-24T08:50:57.623+0000] {dagbag.py:355} ERROR - Failed to import: /opt/airflow/dags/main.py
Traceback (most recent call last):
  File "/home/airflow/.local/lib/python3.10/site-packages/airflow/models/dagbag.py", line 351, in parse
    loader.exec_module(new_module)
  File "<frozen importlib._bootstrap_external>", line 883, in exec_module
  File "<frozen importlib._bootstrap>", line 241, in _call_with_frames_removed
  File "/opt/airflow/dags/main.py", line 25, in <module>
    update_staging = staging_table()
NameError: name 'staging_table' is not defined
[2026-09-24T08:50:57.663+0000] {processor.py:842} WARNING - No viable dags retrieved from /opt/airflow/dags/main.py
[2026-09-24T08:50:57.767+0000] {processor.py:183} INFO - Processing /opt/airflow/dags/main.py took 0.659 seconds
[2026-09-24T08:51:28.169+0000] {processor.py:161} INFO - Started process (PID=2500) to work on /opt/airflow/dags/main.py
[2026-09-24T08:51:28.171+0000] {processor.py:830} INFO - Processing file /opt/airflow/dags/main.py for tasks to queue
[2026-09-24T08:51:28.175+0000] {logging_mixin.py:188} INFO - [2026-09-24T08:51:28.174+0000] {dagbag.py:545} INFO - Filling up the DagBag from /opt/airflow/dags/main.py
[2026-09-24T08:51:28.280+0000] {logging_mixin.py:188} INFO - [2026-09-24T08:51:28.269+0000] {dagbag.py:355} ERROR - Failed to import: /opt/airflow/dags/main.py
Traceback (most recent call last):
  File "/home/airflow/.local/lib/python3.10/site-packages/airflow/models/dagbag.py", line 351, in parse
    loader.exec_module(new_module)
  File "<frozen importlib._bootstrap_external>", line 883, in exec_module
  File "<frozen importlib._bootstrap>", line 241, in _call_with_frames_removed
  File "/opt/airflow/dags/main.py", line 25, in <module>
    update_staging = staging_table()
NameError: name 'staging_table' is not defined
[2026-09-24T08:51:28.285+0000] {processor.py:842} WARNING - No viable dags retrieved from /opt/airflow/dags/main.py
[2026-09-24T08:51:28.335+0000] {processor.py:183} INFO - Processing /opt/airflow/dags/main.py took 0.174 seconds
[2026-09-24T08:51:29.194+0000] {processor.py:161} INFO - Started process (PID=2501) to work on /opt/airflow/dags/main.py
[2026-09-24T08:51:29.199+0000] {processor.py:830} INFO - Processing file /opt/airflow/dags/main.py for tasks to queue
[2026-09-24T08:51:29.207+0000] {logging_mixin.py:188} INFO - [2026-09-24T08:51:29.205+0000] {dagbag.py:545} INFO - Filling up the DagBag from /opt/airflow/dags/main.py
[2026-09-24T08:51:29.384+0000] {logging_mixin.py:188} INFO - [2026-09-24T08:51:29.375+0000] {dagbag.py:355} ERROR - Failed to import: /opt/airflow/dags/main.py
Traceback (most recent call last):
  File "/home/airflow/.local/lib/python3.10/site-packages/airflow/models/dagbag.py", line 351, in parse
    loader.exec_module(new_module)
  File "<frozen importlib._bootstrap_external>", line 883, in exec_module
  File "<frozen importlib._bootstrap>", line 241, in _call_with_frames_removed
  File "/opt/airflow/dags/main.py", line 25, in <module>
    update_staging = staging_table()
NameError: name 'staging_table' is not defined
[2026-09-24T08:51:29.388+0000] {processor.py:842} WARNING - No viable dags retrieved from /opt/airflow/dags/main.py
[2026-09-24T08:51:29.423+0000] {processor.py:183} INFO - Processing /opt/airflow/dags/main.py took 0.240 seconds
[2026-09-24T08:51:31.455+0000] {processor.py:161} INFO - Started process (PID=2502) to work on /opt/airflow/dags/main.py
[2026-09-24T08:51:31.457+0000] {processor.py:830} INFO - Processing file /opt/airflow/dags/main.py for tasks to queue
[2026-09-24T08:51:31.461+0000] {logging_mixin.py:188} INFO - [2026-09-24T08:51:31.461+0000] {dagbag.py:545} INFO - Filling up the DagBag from /opt/airflow/dags/main.py
[2026-09-24T08:51:31.597+0000] {logging_mixin.py:188} INFO - [2026-09-24T08:51:31.586+0000] {dagbag.py:355} ERROR - Failed to import: /opt/airflow/dags/main.py
Traceback (most recent call last):
  File "/home/airflow/.local/lib/python3.10/site-packages/airflow/models/dagbag.py", line 351, in parse
    loader.exec_module(new_module)
  File "<frozen importlib._bootstrap_external>", line 883, in exec_module
  File "<frozen importlib._bootstrap>", line 241, in _call_with_frames_removed
  File "/opt/airflow/dags/main.py", line 25, in <module>
    update_staging = staging_table()
NameError: name 'staging_table' is not defined
[2026-09-24T08:51:31.601+0000] {processor.py:842} WARNING - No viable dags retrieved from /opt/airflow/dags/main.py
[2026-09-24T08:51:31.624+0000] {processor.py:183} INFO - Processing /opt/airflow/dags/main.py took 0.176 seconds
[2026-09-24T08:51:37.591+0000] {processor.py:161} INFO - Started process (PID=2509) to work on /opt/airflow/dags/main.py
[2026-09-24T08:51:37.595+0000] {processor.py:830} INFO - Processing file /opt/airflow/dags/main.py for tasks to queue
[2026-09-24T08:51:37.599+0000] {logging_mixin.py:188} INFO - [2026-09-24T08:51:37.599+0000] {dagbag.py:545} INFO - Filling up the DagBag from /opt/airflow/dags/main.py
[2026-09-24T08:51:37.714+0000] {logging_mixin.py:188} INFO - [2026-09-24T08:51:37.702+0000] {dagbag.py:355} ERROR - Failed to import: /opt/airflow/dags/main.py
Traceback (most recent call last):
  File "/home/airflow/.local/lib/python3.10/site-packages/airflow/models/dagbag.py", line 351, in parse
    loader.exec_module(new_module)
  File "<frozen importlib._bootstrap_external>", line 883, in exec_module
  File "<frozen importlib._bootstrap>", line 241, in _call_with_frames_removed
  File "/opt/airflow/dags/main.py", line 25, in <module>
    update_staging = staging_table()
NameError: name 'staging_table' is not defined
[2026-09-24T08:51:37.719+0000] {processor.py:842} WARNING - No viable dags retrieved from /opt/airflow/dags/main.py
[2026-09-24T08:51:37.739+0000] {processor.py:183} INFO - Processing /opt/airflow/dags/main.py took 0.162 seconds
[2026-09-24T08:51:39.773+0000] {processor.py:161} INFO - Started process (PID=2510) to work on /opt/airflow/dags/main.py
[2026-09-24T08:51:39.777+0000] {processor.py:830} INFO - Processing file /opt/airflow/dags/main.py for tasks to queue
[2026-09-24T08:51:39.780+0000] {logging_mixin.py:188} INFO - [2026-09-24T08:51:39.780+0000] {dagbag.py:545} INFO - Filling up the DagBag from /opt/airflow/dags/main.py
[2026-09-24T08:51:39.829+0000] {logging_mixin.py:188} INFO - [2026-09-24T08:51:39.828+0000] {dagbag.py:355} ERROR - Failed to import: /opt/airflow/dags/main.py
Traceback (most recent call last):
  File "/home/airflow/.local/lib/python3.10/site-packages/airflow/models/dagbag.py", line 351, in parse
    loader.exec_module(new_module)
  File "<frozen importlib._bootstrap_external>", line 879, in exec_module
  File "<frozen importlib._bootstrap_external>", line 1017, in get_code
  File "<frozen importlib._bootstrap_external>", line 947, in source_to_code
  File "<frozen importlib._bootstrap>", line 241, in _call_with_frames_removed
  File "/opt/airflow/dags/main.py", line 26
    update_core =
                 ^
SyntaxError: invalid syntax
[2026-09-24T08:51:39.831+0000] {processor.py:842} WARNING - No viable dags retrieved from /opt/airflow/dags/main.py
[2026-09-24T08:51:39.851+0000] {processor.py:183} INFO - Processing /opt/airflow/dags/main.py took 0.086 seconds
[2026-09-24T08:51:41.859+0000] {processor.py:161} INFO - Started process (PID=2511) to work on /opt/airflow/dags/main.py
[2026-09-24T08:51:41.863+0000] {processor.py:830} INFO - Processing file /opt/airflow/dags/main.py for tasks to queue
[2026-09-24T08:51:41.869+0000] {logging_mixin.py:188} INFO - [2026-09-24T08:51:41.868+0000] {dagbag.py:545} INFO - Filling up the DagBag from /opt/airflow/dags/main.py
[2026-09-24T08:51:42.094+0000] {logging_mixin.py:188} INFO - [2026-09-24T08:51:42.084+0000] {dagbag.py:355} ERROR - Failed to import: /opt/airflow/dags/main.py
Traceback (most recent call last):
  File "/home/airflow/.local/lib/python3.10/site-packages/airflow/models/dagbag.py", line 351, in parse
    loader.exec_module(new_module)
  File "<frozen importlib._bootstrap_external>", line 883, in exec_module
  File "<frozen importlib._bootstrap>", line 241, in _call_with_frames_removed
  File "/opt/airflow/dags/main.py", line 25, in <module>
    update_staging = staging_table()
NameError: name 'staging_table' is not defined
[2026-09-24T08:51:42.098+0000] {processor.py:842} WARNING - No viable dags retrieved from /opt/airflow/dags/main.py
[2026-09-24T08:51:42.125+0000] {processor.py:183} INFO - Processing /opt/airflow/dags/main.py took 0.276 seconds
[2026-09-24T08:51:44.221+0000] {processor.py:161} INFO - Started process (PID=2512) to work on /opt/airflow/dags/main.py
[2026-09-24T08:51:44.224+0000] {processor.py:830} INFO - Processing file /opt/airflow/dags/main.py for tasks to queue
[2026-09-24T08:51:44.227+0000] {logging_mixin.py:188} INFO - [2026-09-24T08:51:44.227+0000] {dagbag.py:545} INFO - Filling up the DagBag from /opt/airflow/dags/main.py
[2026-09-24T08:51:44.360+0000] {logging_mixin.py:188} INFO - [2026-09-24T08:51:44.349+0000] {dagbag.py:355} ERROR - Failed to import: /opt/airflow/dags/main.py
Traceback (most recent call last):
  File "/home/airflow/.local/lib/python3.10/site-packages/airflow/models/dagbag.py", line 351, in parse
    loader.exec_module(new_module)
  File "<frozen importlib._bootstrap_external>", line 883, in exec_module
  File "<frozen importlib._bootstrap>", line 241, in _call_with_frames_removed
  File "/opt/airflow/dags/main.py", line 25, in <module>
    update_staging = staging_table()
NameError: name 'staging_table' is not defined
[2026-09-24T08:51:44.366+0000] {processor.py:842} WARNING - No viable dags retrieved from /opt/airflow/dags/main.py
[2026-09-24T08:51:44.418+0000] {processor.py:183} INFO - Processing /opt/airflow/dags/main.py took 0.204 seconds
[2026-09-24T08:51:47.285+0000] {processor.py:161} INFO - Started process (PID=2513) to work on /opt/airflow/dags/main.py
[2026-09-24T08:51:47.290+0000] {processor.py:830} INFO - Processing file /opt/airflow/dags/main.py for tasks to queue
[2026-09-24T08:51:47.292+0000] {logging_mixin.py:188} INFO - [2026-09-24T08:51:47.291+0000] {dagbag.py:545} INFO - Filling up the DagBag from /opt/airflow/dags/main.py
[2026-09-24T08:51:47.425+0000] {logging_mixin.py:188} INFO - [2026-09-24T08:51:47.413+0000] {dagbag.py:355} ERROR - Failed to import: /opt/airflow/dags/main.py
Traceback (most recent call last):
  File "/home/airflow/.local/lib/python3.10/site-packages/airflow/models/dagbag.py", line 351, in parse
    loader.exec_module(new_module)
  File "<frozen importlib._bootstrap_external>", line 883, in exec_module
  File "<frozen importlib._bootstrap>", line 241, in _call_with_frames_removed
  File "/opt/airflow/dags/main.py", line 25, in <module>
    update_staging = staging_table()
NameError: name 'staging_table' is not defined
[2026-09-24T08:51:47.431+0000] {processor.py:842} WARNING - No viable dags retrieved from /opt/airflow/dags/main.py
[2026-09-24T08:51:47.452+0000] {processor.py:183} INFO - Processing /opt/airflow/dags/main.py took 0.176 seconds
[2026-09-24T08:52:17.779+0000] {processor.py:161} INFO - Started process (PID=2520) to work on /opt/airflow/dags/main.py
[2026-09-24T08:52:17.782+0000] {processor.py:830} INFO - Processing file /opt/airflow/dags/main.py for tasks to queue
[2026-09-24T08:52:17.785+0000] {logging_mixin.py:188} INFO - [2026-09-24T08:52:17.784+0000] {dagbag.py:545} INFO - Filling up the DagBag from /opt/airflow/dags/main.py
[2026-09-24T08:52:17.908+0000] {logging_mixin.py:188} INFO - [2026-09-24T08:52:17.898+0000] {dagbag.py:355} ERROR - Failed to import: /opt/airflow/dags/main.py
Traceback (most recent call last):
  File "/home/airflow/.local/lib/python3.10/site-packages/airflow/models/dagbag.py", line 351, in parse
    loader.exec_module(new_module)
  File "<frozen importlib._bootstrap_external>", line 883, in exec_module
  File "<frozen importlib._bootstrap>", line 241, in _call_with_frames_removed
  File "/opt/airflow/dags/main.py", line 25, in <module>
    update_staging = staging_table()
NameError: name 'staging_table' is not defined
[2026-09-24T08:52:17.912+0000] {processor.py:842} WARNING - No viable dags retrieved from /opt/airflow/dags/main.py
[2026-09-24T08:52:17.939+0000] {processor.py:183} INFO - Processing /opt/airflow/dags/main.py took 0.165 seconds
[2026-09-24T08:52:48.108+0000] {processor.py:161} INFO - Started process (PID=2527) to work on /opt/airflow/dags/main.py
[2026-09-24T08:52:48.111+0000] {processor.py:830} INFO - Processing file /opt/airflow/dags/main.py for tasks to queue
[2026-09-24T08:52:48.113+0000] {logging_mixin.py:188} INFO - [2026-09-24T08:52:48.113+0000] {dagbag.py:545} INFO - Filling up the DagBag from /opt/airflow/dags/main.py
[2026-09-24T08:52:48.227+0000] {logging_mixin.py:188} INFO - [2026-09-24T08:52:48.216+0000] {dagbag.py:355} ERROR - Failed to import: /opt/airflow/dags/main.py
Traceback (most recent call last):
  File "/home/airflow/.local/lib/python3.10/site-packages/airflow/models/dagbag.py", line 351, in parse
    loader.exec_module(new_module)
  File "<frozen importlib._bootstrap_external>", line 883, in exec_module
  File "<frozen importlib._bootstrap>", line 241, in _call_with_frames_removed
  File "/opt/airflow/dags/main.py", line 25, in <module>
    update_staging = staging_table()
NameError: name 'staging_table' is not defined
[2026-09-24T08:52:48.231+0000] {processor.py:842} WARNING - No viable dags retrieved from /opt/airflow/dags/main.py
[2026-09-24T08:52:48.249+0000] {processor.py:183} INFO - Processing /opt/airflow/dags/main.py took 0.148 seconds
[2026-09-24T08:53:18.569+0000] {processor.py:161} INFO - Started process (PID=2534) to work on /opt/airflow/dags/main.py
[2026-09-24T08:53:18.573+0000] {processor.py:830} INFO - Processing file /opt/airflow/dags/main.py for tasks to queue
[2026-09-24T08:53:18.577+0000] {logging_mixin.py:188} INFO - [2026-09-24T08:53:18.577+0000] {dagbag.py:545} INFO - Filling up the DagBag from /opt/airflow/dags/main.py
[2026-09-24T08:53:18.797+0000] {logging_mixin.py:188} INFO - [2026-09-24T08:53:18.774+0000] {dagbag.py:355} ERROR - Failed to import: /opt/airflow/dags/main.py
Traceback (most recent call last):
  File "/home/airflow/.local/lib/python3.10/site-packages/airflow/models/dagbag.py", line 351, in parse
    loader.exec_module(new_module)
  File "<frozen importlib._bootstrap_external>", line 883, in exec_module
  File "<frozen importlib._bootstrap>", line 241, in _call_with_frames_removed
  File "/opt/airflow/dags/main.py", line 25, in <module>
    update_staging = staging_table()
NameError: name 'staging_table' is not defined
[2026-09-24T08:53:18.804+0000] {processor.py:842} WARNING - No viable dags retrieved from /opt/airflow/dags/main.py
[2026-09-24T08:53:18.860+0000] {processor.py:183} INFO - Processing /opt/airflow/dags/main.py took 0.300 seconds
[2026-09-24T08:53:49.265+0000] {processor.py:161} INFO - Started process (PID=2541) to work on /opt/airflow/dags/main.py
[2026-09-24T08:53:49.268+0000] {processor.py:830} INFO - Processing file /opt/airflow/dags/main.py for tasks to queue
[2026-09-24T08:53:49.272+0000] {logging_mixin.py:188} INFO - [2026-09-24T08:53:49.272+0000] {dagbag.py:545} INFO - Filling up the DagBag from /opt/airflow/dags/main.py
[2026-09-24T08:53:49.422+0000] {logging_mixin.py:188} INFO - [2026-09-24T08:53:49.409+0000] {dagbag.py:355} ERROR - Failed to import: /opt/airflow/dags/main.py
Traceback (most recent call last):
  File "/home/airflow/.local/lib/python3.10/site-packages/airflow/models/dagbag.py", line 351, in parse
    loader.exec_module(new_module)
  File "<frozen importlib._bootstrap_external>", line 883, in exec_module
  File "<frozen importlib._bootstrap>", line 241, in _call_with_frames_removed
  File "/opt/airflow/dags/main.py", line 25, in <module>
    update_staging = staging_table()
NameError: name 'staging_table' is not defined
[2026-09-24T08:53:49.428+0000] {processor.py:842} WARNING - No viable dags retrieved from /opt/airflow/dags/main.py
[2026-09-24T08:53:49.451+0000] {processor.py:183} INFO - Processing /opt/airflow/dags/main.py took 0.193 seconds
[2026-09-24T08:54:10.854+0000] {processor.py:161} INFO - Started process (PID=2548) to work on /opt/airflow/dags/main.py
[2026-09-24T08:54:10.857+0000] {processor.py:830} INFO - Processing file /opt/airflow/dags/main.py for tasks to queue
[2026-09-24T08:54:10.862+0000] {logging_mixin.py:188} INFO - [2026-09-24T08:54:10.860+0000] {dagbag.py:545} INFO - Filling up the DagBag from /opt/airflow/dags/main.py
[2026-09-24T08:54:10.917+0000] {logging_mixin.py:188} INFO - [2026-09-24T08:54:10.915+0000] {dagbag.py:355} ERROR - Failed to import: /opt/airflow/dags/main.py
Traceback (most recent call last):
  File "/home/airflow/.local/lib/python3.10/site-packages/airflow/models/dagbag.py", line 351, in parse
    loader.exec_module(new_module)
  File "<frozen importlib._bootstrap_external>", line 879, in exec_module
  File "<frozen importlib._bootstrap_external>", line 1017, in get_code
  File "<frozen importlib._bootstrap_external>", line 947, in source_to_code
  File "<frozen importlib._bootstrap>", line 241, in _call_with_frames_removed
  File "/opt/airflow/dags/main.py", line 5
    from data
             ^
SyntaxError: invalid syntax
[2026-09-24T08:54:10.921+0000] {processor.py:842} WARNING - No viable dags retrieved from /opt/airflow/dags/main.py
[2026-09-24T08:54:11.011+0000] {processor.py:183} INFO - Processing /opt/airflow/dags/main.py took 0.166 seconds
[2026-09-24T08:54:11.910+0000] {processor.py:161} INFO - Started process (PID=2549) to work on /opt/airflow/dags/main.py
[2026-09-24T08:54:11.913+0000] {processor.py:830} INFO - Processing file /opt/airflow/dags/main.py for tasks to queue
[2026-09-24T08:54:11.916+0000] {logging_mixin.py:188} INFO - [2026-09-24T08:54:11.916+0000] {dagbag.py:545} INFO - Filling up the DagBag from /opt/airflow/dags/main.py
[2026-09-24T08:54:11.967+0000] {logging_mixin.py:188} INFO - [2026-09-24T08:54:11.965+0000] {dagbag.py:355} ERROR - Failed to import: /opt/airflow/dags/main.py
Traceback (most recent call last):
  File "/home/airflow/.local/lib/python3.10/site-packages/airflow/models/dagbag.py", line 351, in parse
    loader.exec_module(new_module)
  File "<frozen importlib._bootstrap_external>", line 879, in exec_module
  File "<frozen importlib._bootstrap_external>", line 1017, in get_code
  File "<frozen importlib._bootstrap_external>", line 947, in source_to_code
  File "<frozen importlib._bootstrap>", line 241, in _call_with_frames_removed
  File "/opt/airflow/dags/main.py", line 5
    from datawarehouse.
                       ^
SyntaxError: invalid syntax
[2026-09-24T08:54:11.970+0000] {processor.py:842} WARNING - No viable dags retrieved from /opt/airflow/dags/main.py
[2026-09-24T08:54:12.027+0000] {processor.py:183} INFO - Processing /opt/airflow/dags/main.py took 0.123 seconds
[2026-09-24T08:54:13.939+0000] {processor.py:161} INFO - Started process (PID=2550) to work on /opt/airflow/dags/main.py
[2026-09-24T08:54:13.943+0000] {processor.py:830} INFO - Processing file /opt/airflow/dags/main.py for tasks to queue
[2026-09-24T08:54:13.946+0000] {logging_mixin.py:188} INFO - [2026-09-24T08:54:13.946+0000] {dagbag.py:545} INFO - Filling up the DagBag from /opt/airflow/dags/main.py
[2026-09-24T08:54:14.014+0000] {logging_mixin.py:188} INFO - [2026-09-24T08:54:14.012+0000] {dagbag.py:355} ERROR - Failed to import: /opt/airflow/dags/main.py
Traceback (most recent call last):
  File "/home/airflow/.local/lib/python3.10/site-packages/airflow/models/dagbag.py", line 351, in parse
    loader.exec_module(new_module)
  File "<frozen importlib._bootstrap_external>", line 879, in exec_module
  File "<frozen importlib._bootstrap_external>", line 1017, in get_code
  File "<frozen importlib._bootstrap_external>", line 947, in source_to_code
  File "<frozen importlib._bootstrap>", line 241, in _call_with_frames_removed
  File "/opt/airflow/dags/main.py", line 5
    from datawarehouse.dwh
                          ^
SyntaxError: invalid syntax
[2026-09-24T08:54:14.017+0000] {processor.py:842} WARNING - No viable dags retrieved from /opt/airflow/dags/main.py
[2026-09-24T08:54:14.084+0000] {processor.py:183} INFO - Processing /opt/airflow/dags/main.py took 0.151 seconds
[2026-09-24T08:54:17.205+0000] {processor.py:161} INFO - Started process (PID=2551) to work on /opt/airflow/dags/main.py
[2026-09-24T08:54:17.210+0000] {processor.py:830} INFO - Processing file /opt/airflow/dags/main.py for tasks to queue
[2026-09-24T08:54:17.214+0000] {logging_mixin.py:188} INFO - [2026-09-24T08:54:17.213+0000] {dagbag.py:545} INFO - Filling up the DagBag from /opt/airflow/dags/main.py
[2026-09-24T08:54:17.737+0000] {logging_mixin.py:188} INFO - [2026-09-24T08:54:17.724+0000] {dagbag.py:355} ERROR - Failed to import: /opt/airflow/dags/main.py
Traceback (most recent call last):
  File "/home/airflow/.local/lib/python3.10/site-packages/airflow/models/dagbag.py", line 351, in parse
    loader.exec_module(new_module)
  File "<frozen importlib._bootstrap_external>", line 883, in exec_module
  File "<frozen importlib._bootstrap>", line 241, in _call_with_frames_removed
  File "/opt/airflow/dags/main.py", line 26, in <module>
    update_core = core_table()
NameError: name 'core_table' is not defined
[2026-09-24T08:54:17.743+0000] {processor.py:842} WARNING - No viable dags retrieved from /opt/airflow/dags/main.py
[2026-09-24T08:54:17.765+0000] {processor.py:183} INFO - Processing /opt/airflow/dags/main.py took 0.572 seconds
[2026-09-24T08:54:18.843+0000] {processor.py:161} INFO - Started process (PID=2552) to work on /opt/airflow/dags/main.py
[2026-09-24T08:54:18.846+0000] {processor.py:830} INFO - Processing file /opt/airflow/dags/main.py for tasks to queue
[2026-09-24T08:54:18.849+0000] {logging_mixin.py:188} INFO - [2026-09-24T08:54:18.849+0000] {dagbag.py:545} INFO - Filling up the DagBag from /opt/airflow/dags/main.py
[2026-09-24T08:54:19.114+0000] {logging_mixin.py:188} INFO - [2026-09-24T08:54:19.105+0000] {dagbag.py:355} ERROR - Failed to import: /opt/airflow/dags/main.py
Traceback (most recent call last):
  File "/home/airflow/.local/lib/python3.10/site-packages/airflow/models/dagbag.py", line 351, in parse
    loader.exec_module(new_module)
  File "<frozen importlib._bootstrap_external>", line 883, in exec_module
  File "<frozen importlib._bootstrap>", line 241, in _call_with_frames_removed
  File "/opt/airflow/dags/main.py", line 26, in <module>
    update_core = cores_table()
NameError: name 'cores_table' is not defined
[2026-09-24T08:54:19.119+0000] {processor.py:842} WARNING - No viable dags retrieved from /opt/airflow/dags/main.py
[2026-09-24T08:54:19.144+0000] {processor.py:183} INFO - Processing /opt/airflow/dags/main.py took 0.309 seconds
[2026-09-24T08:54:35.367+0000] {processor.py:161} INFO - Started process (PID=2559) to work on /opt/airflow/dags/main.py
[2026-09-24T08:54:35.371+0000] {processor.py:830} INFO - Processing file /opt/airflow/dags/main.py for tasks to queue
[2026-09-24T08:54:35.375+0000] {logging_mixin.py:188} INFO - [2026-09-24T08:54:35.374+0000] {dagbag.py:545} INFO - Filling up the DagBag from /opt/airflow/dags/main.py
[2026-09-24T08:54:35.744+0000] {logging_mixin.py:188} INFO - [2026-09-24T08:54:35.735+0000] {dagbag.py:355} ERROR - Failed to import: /opt/airflow/dags/main.py
Traceback (most recent call last):
  File "/home/airflow/.local/lib/python3.10/site-packages/airflow/models/dagbag.py", line 351, in parse
    loader.exec_module(new_module)
  File "<frozen importlib._bootstrap_external>", line 883, in exec_module
  File "<frozen importlib._bootstrap>", line 241, in _call_with_frames_removed
  File "/opt/airflow/dags/main.py", line 28, in <module>
    video_ids = get_video_ids(playlist_id)
TypeError: get_video_ids() missing 1 required positional argument: 'schema'
[2026-09-24T08:54:35.748+0000] {processor.py:842} WARNING - No viable dags retrieved from /opt/airflow/dags/main.py
[2026-09-24T08:54:35.780+0000] {processor.py:183} INFO - Processing /opt/airflow/dags/main.py took 0.421 seconds
[2026-09-24T08:55:06.128+0000] {processor.py:161} INFO - Started process (PID=2566) to work on /opt/airflow/dags/main.py
[2026-09-24T08:55:06.131+0000] {processor.py:830} INFO - Processing file /opt/airflow/dags/main.py for tasks to queue
[2026-09-24T08:55:06.134+0000] {logging_mixin.py:188} INFO - [2026-09-24T08:55:06.133+0000] {dagbag.py:545} INFO - Filling up the DagBag from /opt/airflow/dags/main.py
[2026-09-24T08:55:06.413+0000] {logging_mixin.py:188} INFO - [2026-09-24T08:55:06.402+0000] {dagbag.py:355} ERROR - Failed to import: /opt/airflow/dags/main.py
Traceback (most recent call last):
  File "/home/airflow/.local/lib/python3.10/site-packages/airflow/models/dagbag.py", line 351, in parse
    loader.exec_module(new_module)
  File "<frozen importlib._bootstrap_external>", line 883, in exec_module
  File "<frozen importlib._bootstrap>", line 241, in _call_with_frames_removed
  File "/opt/airflow/dags/main.py", line 28, in <module>
    video_ids = get_video_ids(playlist_id)
TypeError: get_video_ids() missing 1 required positional argument: 'schema'
[2026-09-24T08:55:06.417+0000] {processor.py:842} WARNING - No viable dags retrieved from /opt/airflow/dags/main.py
[2026-09-24T08:55:06.444+0000] {processor.py:183} INFO - Processing /opt/airflow/dags/main.py took 0.325 seconds
[2026-09-24T08:55:11.207+0000] {processor.py:161} INFO - Started process (PID=2567) to work on /opt/airflow/dags/main.py
[2026-09-24T08:55:11.210+0000] {processor.py:830} INFO - Processing file /opt/airflow/dags/main.py for tasks to queue
[2026-09-24T08:55:11.212+0000] {logging_mixin.py:188} INFO - [2026-09-24T08:55:11.212+0000] {dagbag.py:545} INFO - Filling up the DagBag from /opt/airflow/dags/main.py
[2026-09-24T08:55:11.529+0000] {processor.py:840} INFO - DAG(s) 'produce_json' retrieved from /opt/airflow/dags/main.py
[2026-09-24T08:55:11.664+0000] {logging_mixin.py:188} INFO - [2026-09-24T08:55:11.663+0000] {dag.py:3096} INFO - Sync 1 DAGs
[2026-09-24T08:55:11.695+0000] {logging_mixin.py:188} INFO - [2026-09-24T08:55:11.694+0000] {dag.py:3954} INFO - Setting next_dagrun for produce_json to 2026-09-23 12:00:00+00:00, run_after=2026-09-24 12:00:00+00:00
[2026-09-24T08:55:11.742+0000] {processor.py:183} INFO - Processing /opt/airflow/dags/main.py took 0.543 seconds
[2026-09-24T08:55:16.627+0000] {processor.py:161} INFO - Started process (PID=2568) to work on /opt/airflow/dags/main.py
[2026-09-24T08:55:16.631+0000] {processor.py:830} INFO - Processing file /opt/airflow/dags/main.py for tasks to queue
[2026-09-24T08:55:16.633+0000] {logging_mixin.py:188} INFO - [2026-09-24T08:55:16.633+0000] {dagbag.py:545} INFO - Filling up the DagBag from /opt/airflow/dags/main.py
[2026-09-24T08:55:16.980+0000] {logging_mixin.py:188} INFO - [2026-09-24T08:55:16.967+0000] {dagbag.py:355} ERROR - Failed to import: /opt/airflow/dags/main.py
Traceback (most recent call last):
  File "/home/airflow/.local/lib/python3.10/site-packages/airflow/models/dagbag.py", line 351, in parse
    loader.exec_module(new_module)
  File "<frozen importlib._bootstrap_external>", line 883, in exec_module
  File "<frozen importlib._bootstrap>", line 241, in _call_with_frames_removed
  File "/opt/airflow/dags/main.py", line 27, in <module>
    u
NameError: name 'u' is not defined
[2026-09-24T08:55:16.986+0000] {processor.py:842} WARNING - No viable dags retrieved from /opt/airflow/dags/main.py
[2026-09-24T08:55:17.016+0000] {processor.py:183} INFO - Processing /opt/airflow/dags/main.py took 0.396 seconds
[2026-09-24T08:55:21.240+0000] {processor.py:161} INFO - Started process (PID=2569) to work on /opt/airflow/dags/main.py
[2026-09-24T08:55:21.244+0000] {processor.py:830} INFO - Processing file /opt/airflow/dags/main.py for tasks to queue
[2026-09-24T08:55:21.250+0000] {logging_mixin.py:188} INFO - [2026-09-24T08:55:21.249+0000] {dagbag.py:545} INFO - Filling up the DagBag from /opt/airflow/dags/main.py
[2026-09-24T08:55:21.626+0000] {processor.py:840} INFO - DAG(s) 'produce_json' retrieved from /opt/airflow/dags/main.py
[2026-09-24T08:55:21.647+0000] {logging_mixin.py:188} INFO - [2026-09-24T08:55:21.646+0000] {dag.py:3096} INFO - Sync 1 DAGs
[2026-09-24T08:55:21.701+0000] {logging_mixin.py:188} INFO - [2026-09-24T08:55:21.701+0000] {dag.py:3954} INFO - Setting next_dagrun for produce_json to 2026-09-23 12:00:00+00:00, run_after=2026-09-24 12:00:00+00:00
[2026-09-24T08:55:21.732+0000] {processor.py:183} INFO - Processing /opt/airflow/dags/main.py took 0.528 seconds
[2026-09-24T08:55:24.869+0000] {processor.py:161} INFO - Started process (PID=2570) to work on /opt/airflow/dags/main.py
[2026-09-24T08:55:24.872+0000] {processor.py:830} INFO - Processing file /opt/airflow/dags/main.py for tasks to queue
[2026-09-24T08:55:24.874+0000] {logging_mixin.py:188} INFO - [2026-09-24T08:55:24.874+0000] {dagbag.py:545} INFO - Filling up the DagBag from /opt/airflow/dags/main.py
[2026-09-24T08:55:25.306+0000] {processor.py:840} INFO - DAG(s) 'produce_json' retrieved from /opt/airflow/dags/main.py
[2026-09-24T08:55:25.334+0000] {logging_mixin.py:188} INFO - [2026-09-24T08:55:25.333+0000] {dag.py:3096} INFO - Sync 1 DAGs
[2026-09-24T08:55:25.370+0000] {logging_mixin.py:188} INFO - [2026-09-24T08:55:25.370+0000] {dag.py:3954} INFO - Setting next_dagrun for produce_json to 2026-09-23 12:00:00+00:00, run_after=2026-09-24 12:00:00+00:00
[2026-09-24T08:55:25.433+0000] {processor.py:183} INFO - Processing /opt/airflow/dags/main.py took 0.576 seconds
[2026-09-24T08:55:28.315+0000] {processor.py:161} INFO - Started process (PID=2571) to work on /opt/airflow/dags/main.py
[2026-09-24T08:55:28.318+0000] {processor.py:830} INFO - Processing file /opt/airflow/dags/main.py for tasks to queue
[2026-09-24T08:55:28.326+0000] {logging_mixin.py:188} INFO - [2026-09-24T08:55:28.320+0000] {dagbag.py:545} INFO - Filling up the DagBag from /opt/airflow/dags/main.py
[2026-09-24T08:55:28.635+0000] {logging_mixin.py:188} INFO - [2026-09-24T08:55:28.626+0000] {dagbag.py:355} ERROR - Failed to import: /opt/airflow/dags/main.py
Traceback (most recent call last):
  File "/home/airflow/.local/lib/python3.10/site-packages/airflow/models/dagbag.py", line 351, in parse
    loader.exec_module(new_module)
  File "<frozen importlib._bootstrap_external>", line 883, in exec_module
  File "<frozen importlib._bootstrap>", line 241, in _call_with_frames_removed
  File "/opt/airflow/dags/main.py", line 28, in <module>
    update_staging >> upda
NameError: name 'upda' is not defined
[2026-09-24T08:55:28.639+0000] {processor.py:842} WARNING - No viable dags retrieved from /opt/airflow/dags/main.py
[2026-09-24T08:55:28.658+0000] {processor.py:183} INFO - Processing /opt/airflow/dags/main.py took 0.350 seconds
[2026-09-24T08:55:29.538+0000] {processor.py:161} INFO - Started process (PID=2572) to work on /opt/airflow/dags/main.py
[2026-09-24T08:55:29.540+0000] {processor.py:830} INFO - Processing file /opt/airflow/dags/main.py for tasks to queue
[2026-09-24T08:55:29.543+0000] {logging_mixin.py:188} INFO - [2026-09-24T08:55:29.543+0000] {dagbag.py:545} INFO - Filling up the DagBag from /opt/airflow/dags/main.py
[2026-09-24T08:55:29.815+0000] {processor.py:840} INFO - DAG(s) 'produce_json' retrieved from /opt/airflow/dags/main.py
[2026-09-24T08:55:29.828+0000] {logging_mixin.py:188} INFO - [2026-09-24T08:55:29.828+0000] {dag.py:3096} INFO - Sync 1 DAGs
[2026-09-24T08:55:29.853+0000] {logging_mixin.py:188} INFO - [2026-09-24T08:55:29.852+0000] {dag.py:3954} INFO - Setting next_dagrun for produce_json to 2026-09-23 12:00:00+00:00, run_after=2026-09-24 12:00:00+00:00
[2026-09-24T08:55:29.885+0000] {processor.py:183} INFO - Processing /opt/airflow/dags/main.py took 0.353 seconds
[2026-09-24T08:56:00.027+0000] {processor.py:161} INFO - Started process (PID=2580) to work on /opt/airflow/dags/main.py
[2026-09-24T08:56:00.030+0000] {processor.py:830} INFO - Processing file /opt/airflow/dags/main.py for tasks to queue
[2026-09-24T08:56:00.034+0000] {logging_mixin.py:188} INFO - [2026-09-24T08:56:00.033+0000] {dagbag.py:545} INFO - Filling up the DagBag from /opt/airflow/dags/main.py
[2026-09-24T08:56:00.276+0000] {processor.py:840} INFO - DAG(s) 'produce_json' retrieved from /opt/airflow/dags/main.py
[2026-09-24T08:56:00.355+0000] {logging_mixin.py:188} INFO - [2026-09-24T08:56:00.355+0000] {dag.py:3096} INFO - Sync 1 DAGs
[2026-09-24T08:56:00.373+0000] {logging_mixin.py:188} INFO - [2026-09-24T08:56:00.373+0000] {dag.py:3954} INFO - Setting next_dagrun for produce_json to 2026-09-23 12:00:00+00:00, run_after=2026-09-24 12:00:00+00:00
[2026-09-24T08:56:00.396+0000] {processor.py:183} INFO - Processing /opt/airflow/dags/main.py took 0.378 seconds
[2026-09-24T08:56:30.723+0000] {processor.py:161} INFO - Started process (PID=2587) to work on /opt/airflow/dags/main.py
[2026-09-24T08:56:30.727+0000] {processor.py:830} INFO - Processing file /opt/airflow/dags/main.py for tasks to queue
[2026-09-24T08:56:30.729+0000] {logging_mixin.py:188} INFO - [2026-09-24T08:56:30.729+0000] {dagbag.py:545} INFO - Filling up the DagBag from /opt/airflow/dags/main.py
[2026-09-24T08:56:31.002+0000] {processor.py:840} INFO - DAG(s) 'produce_json' retrieved from /opt/airflow/dags/main.py
[2026-09-24T08:56:31.078+0000] {logging_mixin.py:188} INFO - [2026-09-24T08:56:31.077+0000] {dag.py:3096} INFO - Sync 1 DAGs
[2026-09-24T08:56:31.127+0000] {logging_mixin.py:188} INFO - [2026-09-24T08:56:31.127+0000] {dag.py:3954} INFO - Setting next_dagrun for produce_json to 2026-09-23 12:00:00+00:00, run_after=2026-09-24 12:00:00+00:00
[2026-09-24T08:56:31.168+0000] {processor.py:183} INFO - Processing /opt/airflow/dags/main.py took 0.451 seconds
[2026-09-24T08:57:01.536+0000] {processor.py:161} INFO - Started process (PID=2594) to work on /opt/airflow/dags/main.py
[2026-09-24T08:57:01.539+0000] {processor.py:830} INFO - Processing file /opt/airflow/dags/main.py for tasks to queue
[2026-09-24T08:57:01.542+0000] {logging_mixin.py:188} INFO - [2026-09-24T08:57:01.542+0000] {dagbag.py:545} INFO - Filling up the DagBag from /opt/airflow/dags/main.py
[2026-09-24T08:57:01.802+0000] {processor.py:840} INFO - DAG(s) 'produce_json' retrieved from /opt/airflow/dags/main.py
[2026-09-24T08:57:01.835+0000] {logging_mixin.py:188} INFO - [2026-09-24T08:57:01.835+0000] {dag.py:3096} INFO - Sync 1 DAGs
[2026-09-24T08:57:01.867+0000] {logging_mixin.py:188} INFO - [2026-09-24T08:57:01.867+0000] {dag.py:3954} INFO - Setting next_dagrun for produce_json to 2026-09-23 12:00:00+00:00, run_after=2026-09-24 12:00:00+00:00
[2026-09-24T08:57:01.899+0000] {processor.py:183} INFO - Processing /opt/airflow/dags/main.py took 0.369 seconds
[2026-09-24T08:57:32.218+0000] {processor.py:161} INFO - Started process (PID=2601) to work on /opt/airflow/dags/main.py
[2026-09-24T08:57:32.221+0000] {processor.py:830} INFO - Processing file /opt/airflow/dags/main.py for tasks to queue
[2026-09-24T08:57:32.223+0000] {logging_mixin.py:188} INFO - [2026-09-24T08:57:32.223+0000] {dagbag.py:545} INFO - Filling up the DagBag from /opt/airflow/dags/main.py
[2026-09-24T08:57:32.468+0000] {processor.py:840} INFO - DAG(s) 'produce_json' retrieved from /opt/airflow/dags/main.py
[2026-09-24T08:57:32.499+0000] {logging_mixin.py:188} INFO - [2026-09-24T08:57:32.498+0000] {dag.py:3096} INFO - Sync 1 DAGs
[2026-09-24T08:57:32.521+0000] {logging_mixin.py:188} INFO - [2026-09-24T08:57:32.521+0000] {dag.py:3954} INFO - Setting next_dagrun for produce_json to 2026-09-23 12:00:00+00:00, run_after=2026-09-24 12:00:00+00:00
[2026-09-24T08:57:32.544+0000] {processor.py:183} INFO - Processing /opt/airflow/dags/main.py took 0.334 seconds
[2026-09-24T08:58:02.903+0000] {processor.py:161} INFO - Started process (PID=2608) to work on /opt/airflow/dags/main.py
[2026-09-24T08:58:02.905+0000] {processor.py:830} INFO - Processing file /opt/airflow/dags/main.py for tasks to queue
[2026-09-24T08:58:02.908+0000] {logging_mixin.py:188} INFO - [2026-09-24T08:58:02.908+0000] {dagbag.py:545} INFO - Filling up the DagBag from /opt/airflow/dags/main.py
[2026-09-24T08:58:03.153+0000] {processor.py:840} INFO - DAG(s) 'produce_json' retrieved from /opt/airflow/dags/main.py
[2026-09-24T08:58:03.179+0000] {logging_mixin.py:188} INFO - [2026-09-24T08:58:03.179+0000] {dag.py:3096} INFO - Sync 1 DAGs
[2026-09-24T08:58:03.197+0000] {logging_mixin.py:188} INFO - [2026-09-24T08:58:03.197+0000] {dag.py:3954} INFO - Setting next_dagrun for produce_json to 2026-09-23 12:00:00+00:00, run_after=2026-09-24 12:00:00+00:00
[2026-09-24T08:58:03.219+0000] {processor.py:183} INFO - Processing /opt/airflow/dags/main.py took 0.322 seconds
[2026-09-24T08:58:33.566+0000] {processor.py:161} INFO - Started process (PID=2615) to work on /opt/airflow/dags/main.py
[2026-09-24T08:58:33.570+0000] {processor.py:830} INFO - Processing file /opt/airflow/dags/main.py for tasks to queue
[2026-09-24T08:58:33.573+0000] {logging_mixin.py:188} INFO - [2026-09-24T08:58:33.573+0000] {dagbag.py:545} INFO - Filling up the DagBag from /opt/airflow/dags/main.py
[2026-09-24T08:58:33.825+0000] {processor.py:840} INFO - DAG(s) 'produce_json' retrieved from /opt/airflow/dags/main.py
[2026-09-24T08:58:33.852+0000] {logging_mixin.py:188} INFO - [2026-09-24T08:58:33.852+0000] {dag.py:3096} INFO - Sync 1 DAGs
[2026-09-24T08:58:33.872+0000] {logging_mixin.py:188} INFO - [2026-09-24T08:58:33.872+0000] {dag.py:3954} INFO - Setting next_dagrun for produce_json to 2026-09-23 12:00:00+00:00, run_after=2026-09-24 12:00:00+00:00
[2026-09-24T08:58:33.894+0000] {processor.py:183} INFO - Processing /opt/airflow/dags/main.py took 0.340 seconds
[2026-09-24T08:59:04.327+0000] {processor.py:161} INFO - Started process (PID=2628) to work on /opt/airflow/dags/main.py
[2026-09-24T08:59:04.332+0000] {processor.py:830} INFO - Processing file /opt/airflow/dags/main.py for tasks to queue
[2026-09-24T08:59:04.335+0000] {logging_mixin.py:188} INFO - [2026-09-24T08:59:04.334+0000] {dagbag.py:545} INFO - Filling up the DagBag from /opt/airflow/dags/main.py
[2026-09-24T08:59:04.632+0000] {processor.py:840} INFO - DAG(s) 'produce_json' retrieved from /opt/airflow/dags/main.py
[2026-09-24T08:59:04.681+0000] {logging_mixin.py:188} INFO - [2026-09-24T08:59:04.680+0000] {dag.py:3096} INFO - Sync 1 DAGs
[2026-09-24T08:59:04.710+0000] {logging_mixin.py:188} INFO - [2026-09-24T08:59:04.709+0000] {dag.py:3954} INFO - Setting next_dagrun for produce_json to 2026-09-23 12:00:00+00:00, run_after=2026-09-24 12:00:00+00:00
[2026-09-24T08:59:04.745+0000] {processor.py:183} INFO - Processing /opt/airflow/dags/main.py took 0.436 seconds
[2026-09-24T09:00:25.424+0000] {processor.py:161} INFO - Started process (PID=58) to work on /opt/airflow/dags/main.py
[2026-09-24T09:00:25.428+0000] {processor.py:830} INFO - Processing file /opt/airflow/dags/main.py for tasks to queue
[2026-09-24T09:00:25.433+0000] {logging_mixin.py:188} INFO - [2026-09-24T09:00:25.432+0000] {dagbag.py:545} INFO - Filling up the DagBag from /opt/airflow/dags/main.py
[2026-09-24T09:00:25.928+0000] {processor.py:840} INFO - DAG(s) 'produce_json' retrieved from /opt/airflow/dags/main.py
[2026-09-24T09:00:26.278+0000] {logging_mixin.py:188} INFO - [2026-09-24T09:00:26.278+0000] {dag.py:3096} INFO - Sync 1 DAGs
[2026-09-24T09:00:26.313+0000] {logging_mixin.py:188} INFO - [2026-09-24T09:00:26.313+0000] {dag.py:3954} INFO - Setting next_dagrun for produce_json to 2026-09-23 12:00:00+00:00, run_after=2026-09-24 12:00:00+00:00
[2026-09-24T09:00:26.345+0000] {processor.py:183} INFO - Processing /opt/airflow/dags/main.py took 0.931 seconds
[2026-09-24T09:00:56.725+0000] {processor.py:161} INFO - Started process (PID=65) to work on /opt/airflow/dags/main.py
[2026-09-24T09:00:56.728+0000] {processor.py:830} INFO - Processing file /opt/airflow/dags/main.py for tasks to queue
[2026-09-24T09:00:56.735+0000] {logging_mixin.py:188} INFO - [2026-09-24T09:00:56.734+0000] {dagbag.py:545} INFO - Filling up the DagBag from /opt/airflow/dags/main.py
[2026-09-24T09:00:57.006+0000] {processor.py:840} INFO - DAG(s) 'produce_json' retrieved from /opt/airflow/dags/main.py
[2026-09-24T09:00:57.035+0000] {logging_mixin.py:188} INFO - [2026-09-24T09:00:57.035+0000] {dag.py:3096} INFO - Sync 1 DAGs
[2026-09-24T09:00:57.055+0000] {logging_mixin.py:188} INFO - [2026-09-24T09:00:57.055+0000] {dag.py:3954} INFO - Setting next_dagrun for produce_json to 2026-09-23 12:00:00+00:00, run_after=2026-09-24 12:00:00+00:00
[2026-09-24T09:00:57.077+0000] {processor.py:183} INFO - Processing /opt/airflow/dags/main.py took 0.361 seconds
[2026-09-24T09:01:27.446+0000] {processor.py:161} INFO - Started process (PID=72) to work on /opt/airflow/dags/main.py
[2026-09-24T09:01:27.450+0000] {processor.py:830} INFO - Processing file /opt/airflow/dags/main.py for tasks to queue
[2026-09-24T09:01:27.455+0000] {logging_mixin.py:188} INFO - [2026-09-24T09:01:27.455+0000] {dagbag.py:545} INFO - Filling up the DagBag from /opt/airflow/dags/main.py
[2026-09-24T09:01:27.753+0000] {processor.py:840} INFO - DAG(s) 'produce_json' retrieved from /opt/airflow/dags/main.py
[2026-09-24T09:01:27.780+0000] {logging_mixin.py:188} INFO - [2026-09-24T09:01:27.780+0000] {dag.py:3096} INFO - Sync 1 DAGs
[2026-09-24T09:01:27.800+0000] {logging_mixin.py:188} INFO - [2026-09-24T09:01:27.800+0000] {dag.py:3954} INFO - Setting next_dagrun for produce_json to 2026-09-23 12:00:00+00:00, run_after=2026-09-24 12:00:00+00:00
[2026-09-24T09:01:27.823+0000] {processor.py:183} INFO - Processing /opt/airflow/dags/main.py took 0.383 seconds
[2026-09-24T09:01:58.208+0000] {processor.py:161} INFO - Started process (PID=79) to work on /opt/airflow/dags/main.py
[2026-09-24T09:01:58.214+0000] {processor.py:830} INFO - Processing file /opt/airflow/dags/main.py for tasks to queue
[2026-09-24T09:01:58.222+0000] {logging_mixin.py:188} INFO - [2026-09-24T09:01:58.220+0000] {dagbag.py:545} INFO - Filling up the DagBag from /opt/airflow/dags/main.py
[2026-09-24T09:01:58.556+0000] {processor.py:840} INFO - DAG(s) 'produce_json' retrieved from /opt/airflow/dags/main.py
[2026-09-24T09:01:58.617+0000] {logging_mixin.py:188} INFO - [2026-09-24T09:01:58.616+0000] {dag.py:3096} INFO - Sync 1 DAGs
[2026-09-24T09:01:58.651+0000] {logging_mixin.py:188} INFO - [2026-09-24T09:01:58.650+0000] {dag.py:3954} INFO - Setting next_dagrun for produce_json to 2026-09-23 12:00:00+00:00, run_after=2026-09-24 12:00:00+00:00
[2026-09-24T09:01:58.685+0000] {processor.py:183} INFO - Processing /opt/airflow/dags/main.py took 0.499 seconds
[2026-09-24T09:02:29.010+0000] {processor.py:161} INFO - Started process (PID=92) to work on /opt/airflow/dags/main.py
[2026-09-24T09:02:29.012+0000] {processor.py:830} INFO - Processing file /opt/airflow/dags/main.py for tasks to queue
[2026-09-24T09:02:29.016+0000] {logging_mixin.py:188} INFO - [2026-09-24T09:02:29.015+0000] {dagbag.py:545} INFO - Filling up the DagBag from /opt/airflow/dags/main.py
[2026-09-24T09:02:29.300+0000] {processor.py:840} INFO - DAG(s) 'produce_json' retrieved from /opt/airflow/dags/main.py
[2026-09-24T09:02:29.346+0000] {logging_mixin.py:188} INFO - [2026-09-24T09:02:29.346+0000] {dag.py:3096} INFO - Sync 1 DAGs
[2026-09-24T09:02:29.387+0000] {logging_mixin.py:188} INFO - [2026-09-24T09:02:29.387+0000] {dag.py:3954} INFO - Setting next_dagrun for produce_json to 2026-09-23 12:00:00+00:00, run_after=2026-09-24 12:00:00+00:00
[2026-09-24T09:02:29.412+0000] {processor.py:183} INFO - Processing /opt/airflow/dags/main.py took 0.409 seconds
[2026-09-24T09:02:59.731+0000] {processor.py:161} INFO - Started process (PID=99) to work on /opt/airflow/dags/main.py
[2026-09-24T09:02:59.734+0000] {processor.py:830} INFO - Processing file /opt/airflow/dags/main.py for tasks to queue
[2026-09-24T09:02:59.739+0000] {logging_mixin.py:188} INFO - [2026-09-24T09:02:59.739+0000] {dagbag.py:545} INFO - Filling up the DagBag from /opt/airflow/dags/main.py
[2026-09-24T09:03:00.043+0000] {processor.py:840} INFO - DAG(s) 'produce_json' retrieved from /opt/airflow/dags/main.py
[2026-09-24T09:03:00.075+0000] {logging_mixin.py:188} INFO - [2026-09-24T09:03:00.075+0000] {dag.py:3096} INFO - Sync 1 DAGs
[2026-09-24T09:03:00.103+0000] {logging_mixin.py:188} INFO - [2026-09-24T09:03:00.103+0000] {dag.py:3954} INFO - Setting next_dagrun for produce_json to 2026-09-23 12:00:00+00:00, run_after=2026-09-24 12:00:00+00:00
[2026-09-24T09:03:00.129+0000] {processor.py:183} INFO - Processing /opt/airflow/dags/main.py took 0.404 seconds
[2026-09-24T09:03:30.511+0000] {processor.py:161} INFO - Started process (PID=106) to work on /opt/airflow/dags/main.py
[2026-09-24T09:03:30.514+0000] {processor.py:830} INFO - Processing file /opt/airflow/dags/main.py for tasks to queue
[2026-09-24T09:03:30.518+0000] {logging_mixin.py:188} INFO - [2026-09-24T09:03:30.518+0000] {dagbag.py:545} INFO - Filling up the DagBag from /opt/airflow/dags/main.py
[2026-09-24T09:03:30.757+0000] {processor.py:840} INFO - DAG(s) 'produce_json' retrieved from /opt/airflow/dags/main.py
[2026-09-24T09:03:30.791+0000] {logging_mixin.py:188} INFO - [2026-09-24T09:03:30.791+0000] {dag.py:3096} INFO - Sync 1 DAGs
[2026-09-24T09:03:30.815+0000] {logging_mixin.py:188} INFO - [2026-09-24T09:03:30.815+0000] {dag.py:3954} INFO - Setting next_dagrun for produce_json to 2026-09-23 12:00:00+00:00, run_after=2026-09-24 12:00:00+00:00
[2026-09-24T09:03:30.841+0000] {processor.py:183} INFO - Processing /opt/airflow/dags/main.py took 0.350 seconds
[2026-09-24T09:04:01.162+0000] {processor.py:161} INFO - Started process (PID=113) to work on /opt/airflow/dags/main.py
[2026-09-24T09:04:01.165+0000] {processor.py:830} INFO - Processing file /opt/airflow/dags/main.py for tasks to queue
[2026-09-24T09:04:01.169+0000] {logging_mixin.py:188} INFO - [2026-09-24T09:04:01.169+0000] {dagbag.py:545} INFO - Filling up the DagBag from /opt/airflow/dags/main.py
[2026-09-24T09:04:01.421+0000] {processor.py:840} INFO - DAG(s) 'produce_json' retrieved from /opt/airflow/dags/main.py
[2026-09-24T09:04:01.448+0000] {logging_mixin.py:188} INFO - [2026-09-24T09:04:01.448+0000] {dag.py:3096} INFO - Sync 1 DAGs
[2026-09-24T09:04:01.469+0000] {logging_mixin.py:188} INFO - [2026-09-24T09:04:01.468+0000] {dag.py:3954} INFO - Setting next_dagrun for produce_json to 2026-09-23 12:00:00+00:00, run_after=2026-09-24 12:00:00+00:00
[2026-09-24T09:04:01.502+0000] {processor.py:183} INFO - Processing /opt/airflow/dags/main.py took 0.347 seconds
[2026-09-24T09:04:31.837+0000] {processor.py:161} INFO - Started process (PID=120) to work on /opt/airflow/dags/main.py
[2026-09-24T09:04:31.839+0000] {processor.py:830} INFO - Processing file /opt/airflow/dags/main.py for tasks to queue
[2026-09-24T09:04:31.845+0000] {logging_mixin.py:188} INFO - [2026-09-24T09:04:31.844+0000] {dagbag.py:545} INFO - Filling up the DagBag from /opt/airflow/dags/main.py
[2026-09-24T09:04:32.078+0000] {processor.py:840} INFO - DAG(s) 'produce_json' retrieved from /opt/airflow/dags/main.py
[2026-09-24T09:04:32.119+0000] {logging_mixin.py:188} INFO - [2026-09-24T09:04:32.119+0000] {dag.py:3096} INFO - Sync 1 DAGs
[2026-09-24T09:04:32.146+0000] {logging_mixin.py:188} INFO - [2026-09-24T09:04:32.145+0000] {dag.py:3954} INFO - Setting next_dagrun for produce_json to 2026-09-23 12:00:00+00:00, run_after=2026-09-24 12:00:00+00:00
[2026-09-24T09:04:32.176+0000] {processor.py:183} INFO - Processing /opt/airflow/dags/main.py took 0.348 seconds
[2026-09-24T09:05:02.502+0000] {processor.py:161} INFO - Started process (PID=127) to work on /opt/airflow/dags/main.py
[2026-09-24T09:05:02.506+0000] {processor.py:830} INFO - Processing file /opt/airflow/dags/main.py for tasks to queue
[2026-09-24T09:05:02.509+0000] {logging_mixin.py:188} INFO - [2026-09-24T09:05:02.509+0000] {dagbag.py:545} INFO - Filling up the DagBag from /opt/airflow/dags/main.py
[2026-09-24T09:05:02.813+0000] {processor.py:840} INFO - DAG(s) 'produce_json' retrieved from /opt/airflow/dags/main.py
[2026-09-24T09:05:02.842+0000] {logging_mixin.py:188} INFO - [2026-09-24T09:05:02.842+0000] {dag.py:3096} INFO - Sync 1 DAGs
[2026-09-24T09:05:02.863+0000] {logging_mixin.py:188} INFO - [2026-09-24T09:05:02.863+0000] {dag.py:3954} INFO - Setting next_dagrun for produce_json to 2026-09-23 12:00:00+00:00, run_after=2026-09-24 12:00:00+00:00
[2026-09-24T09:05:02.888+0000] {processor.py:183} INFO - Processing /opt/airflow/dags/main.py took 0.392 seconds
[2026-09-24T09:05:33.734+0000] {processor.py:161} INFO - Started process (PID=134) to work on /opt/airflow/dags/main.py
[2026-09-24T09:05:33.737+0000] {processor.py:830} INFO - Processing file /opt/airflow/dags/main.py for tasks to queue
[2026-09-24T09:05:33.741+0000] {logging_mixin.py:188} INFO - [2026-09-24T09:05:33.740+0000] {dagbag.py:545} INFO - Filling up the DagBag from /opt/airflow/dags/main.py
[2026-09-24T09:05:33.954+0000] {processor.py:840} INFO - DAG(s) 'produce_json' retrieved from /opt/airflow/dags/main.py
[2026-09-24T09:05:33.983+0000] {logging_mixin.py:188} INFO - [2026-09-24T09:05:33.982+0000] {dag.py:3096} INFO - Sync 1 DAGs
[2026-09-24T09:05:34.013+0000] {logging_mixin.py:188} INFO - [2026-09-24T09:05:34.013+0000] {dag.py:3954} INFO - Setting next_dagrun for produce_json to 2026-09-23 12:00:00+00:00, run_after=2026-09-24 12:00:00+00:00
[2026-09-24T09:05:34.077+0000] {processor.py:183} INFO - Processing /opt/airflow/dags/main.py took 0.350 seconds
[2026-09-24T09:06:04.478+0000] {processor.py:161} INFO - Started process (PID=141) to work on /opt/airflow/dags/main.py
[2026-09-24T09:06:04.481+0000] {processor.py:830} INFO - Processing file /opt/airflow/dags/main.py for tasks to queue
[2026-09-24T09:06:04.494+0000] {logging_mixin.py:188} INFO - [2026-09-24T09:06:04.493+0000] {dagbag.py:545} INFO - Filling up the DagBag from /opt/airflow/dags/main.py
[2026-09-24T09:06:04.771+0000] {processor.py:840} INFO - DAG(s) 'produce_json' retrieved from /opt/airflow/dags/main.py
[2026-09-24T09:06:04.839+0000] {logging_mixin.py:188} INFO - [2026-09-24T09:06:04.839+0000] {dag.py:3096} INFO - Sync 1 DAGs
[2026-09-24T09:06:04.869+0000] {logging_mixin.py:188} INFO - [2026-09-24T09:06:04.869+0000] {dag.py:3954} INFO - Setting next_dagrun for produce_json to 2026-09-23 12:00:00+00:00, run_after=2026-09-24 12:00:00+00:00
[2026-09-24T09:06:04.924+0000] {processor.py:183} INFO - Processing /opt/airflow/dags/main.py took 0.462 seconds
[2026-09-24T09:06:35.326+0000] {processor.py:161} INFO - Started process (PID=148) to work on /opt/airflow/dags/main.py
[2026-09-24T09:06:35.329+0000] {processor.py:830} INFO - Processing file /opt/airflow/dags/main.py for tasks to queue
[2026-09-24T09:06:35.332+0000] {logging_mixin.py:188} INFO - [2026-09-24T09:06:35.332+0000] {dagbag.py:545} INFO - Filling up the DagBag from /opt/airflow/dags/main.py
[2026-09-24T09:06:35.630+0000] {processor.py:840} INFO - DAG(s) 'produce_json' retrieved from /opt/airflow/dags/main.py
[2026-09-24T09:06:35.657+0000] {logging_mixin.py:188} INFO - [2026-09-24T09:06:35.657+0000] {dag.py:3096} INFO - Sync 1 DAGs
[2026-09-24T09:06:35.676+0000] {logging_mixin.py:188} INFO - [2026-09-24T09:06:35.676+0000] {dag.py:3954} INFO - Setting next_dagrun for produce_json to 2026-09-23 12:00:00+00:00, run_after=2026-09-24 12:00:00+00:00
[2026-09-24T09:06:35.695+0000] {processor.py:183} INFO - Processing /opt/airflow/dags/main.py took 0.375 seconds
[2026-09-24T09:07:06.086+0000] {processor.py:161} INFO - Started process (PID=155) to work on /opt/airflow/dags/main.py
[2026-09-24T09:07:06.091+0000] {processor.py:830} INFO - Processing file /opt/airflow/dags/main.py for tasks to queue
[2026-09-24T09:07:06.098+0000] {logging_mixin.py:188} INFO - [2026-09-24T09:07:06.098+0000] {dagbag.py:545} INFO - Filling up the DagBag from /opt/airflow/dags/main.py
[2026-09-24T09:07:06.396+0000] {processor.py:840} INFO - DAG(s) 'produce_json' retrieved from /opt/airflow/dags/main.py
[2026-09-24T09:07:06.423+0000] {logging_mixin.py:188} INFO - [2026-09-24T09:07:06.423+0000] {dag.py:3096} INFO - Sync 1 DAGs
[2026-09-24T09:07:06.446+0000] {logging_mixin.py:188} INFO - [2026-09-24T09:07:06.445+0000] {dag.py:3954} INFO - Setting next_dagrun for produce_json to 2026-09-23 12:00:00+00:00, run_after=2026-09-24 12:00:00+00:00
[2026-09-24T09:07:06.470+0000] {processor.py:183} INFO - Processing /opt/airflow/dags/main.py took 0.401 seconds
[2026-09-24T09:07:36.803+0000] {processor.py:161} INFO - Started process (PID=162) to work on /opt/airflow/dags/main.py
[2026-09-24T09:07:36.806+0000] {processor.py:830} INFO - Processing file /opt/airflow/dags/main.py for tasks to queue
[2026-09-24T09:07:36.809+0000] {logging_mixin.py:188} INFO - [2026-09-24T09:07:36.809+0000] {dagbag.py:545} INFO - Filling up the DagBag from /opt/airflow/dags/main.py
[2026-09-24T09:07:37.054+0000] {processor.py:840} INFO - DAG(s) 'produce_json' retrieved from /opt/airflow/dags/main.py
[2026-09-24T09:07:37.082+0000] {logging_mixin.py:188} INFO - [2026-09-24T09:07:37.082+0000] {dag.py:3096} INFO - Sync 1 DAGs
[2026-09-24T09:07:37.103+0000] {logging_mixin.py:188} INFO - [2026-09-24T09:07:37.102+0000] {dag.py:3954} INFO - Setting next_dagrun for produce_json to 2026-09-23 12:00:00+00:00, run_after=2026-09-24 12:00:00+00:00
[2026-09-24T09:07:37.127+0000] {processor.py:183} INFO - Processing /opt/airflow/dags/main.py took 0.330 seconds
[2026-09-24T09:07:44.258+0000] {processor.py:161} INFO - Started process (PID=163) to work on /opt/airflow/dags/main.py
[2026-09-24T09:07:44.262+0000] {processor.py:830} INFO - Processing file /opt/airflow/dags/main.py for tasks to queue
[2026-09-24T09:07:44.266+0000] {logging_mixin.py:188} INFO - [2026-09-24T09:07:44.265+0000] {dagbag.py:545} INFO - Filling up the DagBag from /opt/airflow/dags/main.py
[2026-09-24T09:07:44.599+0000] {processor.py:840} INFO - DAG(s) 'update' retrieved from /opt/airflow/dags/main.py
[2026-09-24T09:07:44.767+0000] {logging_mixin.py:188} INFO - [2026-09-24T09:07:44.766+0000] {override.py:1829} INFO - Created Permission View: can edit on DAG:update
[2026-09-24T09:07:44.777+0000] {logging_mixin.py:188} INFO - [2026-09-24T09:07:44.776+0000] {override.py:1829} INFO - Created Permission View: can read on DAG:update
[2026-09-24T09:07:44.796+0000] {logging_mixin.py:188} INFO - [2026-09-24T09:07:44.796+0000] {override.py:1829} INFO - Created Permission View: can delete on DAG:update
[2026-09-24T09:07:44.799+0000] {logging_mixin.py:188} INFO - [2026-09-24T09:07:44.799+0000] {dag.py:3096} INFO - Sync 1 DAGs
[2026-09-24T09:07:44.836+0000] {logging_mixin.py:188} INFO - [2026-09-24T09:07:44.835+0000] {dag.py:3118} INFO - Creating ORM DAG for update
[2026-09-24T09:07:44.860+0000] {logging_mixin.py:188} INFO - [2026-09-24T09:07:44.860+0000] {dag.py:3954} INFO - Setting next_dagrun for update to 2026-09-22 12:00:00+00:00, run_after=2026-09-23 12:00:00+00:00
[2026-09-24T09:07:44.909+0000] {processor.py:183} INFO - Processing /opt/airflow/dags/main.py took 0.658 seconds
[2026-09-24T09:07:45.973+0000] {processor.py:161} INFO - Started process (PID=164) to work on /opt/airflow/dags/main.py
[2026-09-24T09:07:45.979+0000] {processor.py:830} INFO - Processing file /opt/airflow/dags/main.py for tasks to queue
[2026-09-24T09:07:45.994+0000] {logging_mixin.py:188} INFO - [2026-09-24T09:07:45.992+0000] {dagbag.py:545} INFO - Filling up the DagBag from /opt/airflow/dags/main.py
[2026-09-24T09:07:46.714+0000] {processor.py:840} INFO - DAG(s) 'update_db' retrieved from /opt/airflow/dags/main.py
[2026-09-24T09:07:46.814+0000] {logging_mixin.py:188} INFO - [2026-09-24T09:07:46.813+0000] {override.py:1829} INFO - Created Permission View: can edit on DAG:update_db
[2026-09-24T09:07:46.825+0000] {logging_mixin.py:188} INFO - [2026-09-24T09:07:46.824+0000] {override.py:1829} INFO - Created Permission View: can read on DAG:update_db
[2026-09-24T09:07:46.832+0000] {logging_mixin.py:188} INFO - [2026-09-24T09:07:46.832+0000] {override.py:1829} INFO - Created Permission View: can delete on DAG:update_db
[2026-09-24T09:07:46.834+0000] {logging_mixin.py:188} INFO - [2026-09-24T09:07:46.834+0000] {dag.py:3096} INFO - Sync 1 DAGs
[2026-09-24T09:07:46.845+0000] {logging_mixin.py:188} INFO - [2026-09-24T09:07:46.845+0000] {dag.py:3118} INFO - Creating ORM DAG for update_db
[2026-09-24T09:07:46.856+0000] {logging_mixin.py:188} INFO - [2026-09-24T09:07:46.856+0000] {dag.py:3954} INFO - Setting next_dagrun for update_db to 2026-09-22 12:00:00+00:00, run_after=2026-09-23 12:00:00+00:00
[2026-09-24T09:07:46.889+0000] {processor.py:183} INFO - Processing /opt/airflow/dags/main.py took 0.942 seconds
[2026-09-24T09:07:51.020+0000] {processor.py:161} INFO - Started process (PID=165) to work on /opt/airflow/dags/main.py
[2026-09-24T09:07:51.024+0000] {processor.py:830} INFO - Processing file /opt/airflow/dags/main.py for tasks to queue
[2026-09-24T09:07:51.029+0000] {logging_mixin.py:188} INFO - [2026-09-24T09:07:51.028+0000] {dagbag.py:545} INFO - Filling up the DagBag from /opt/airflow/dags/main.py
[2026-09-24T09:07:51.311+0000] {processor.py:840} INFO - DAG(s) 'update_db' retrieved from /opt/airflow/dags/main.py
[2026-09-24T09:07:51.325+0000] {logging_mixin.py:188} INFO - [2026-09-24T09:07:51.324+0000] {dag.py:3096} INFO - Sync 1 DAGs
[2026-09-24T09:07:51.344+0000] {logging_mixin.py:188} INFO - [2026-09-24T09:07:51.344+0000] {dag.py:3954} INFO - Setting next_dagrun for update_db to 2026-09-22 12:00:00+00:00, run_after=2026-09-23 12:00:00+00:00
[2026-09-24T09:07:51.378+0000] {processor.py:183} INFO - Processing /opt/airflow/dags/main.py took 0.372 seconds
[2026-09-24T09:07:53.115+0000] {processor.py:161} INFO - Started process (PID=166) to work on /opt/airflow/dags/main.py
[2026-09-24T09:07:53.118+0000] {processor.py:830} INFO - Processing file /opt/airflow/dags/main.py for tasks to queue
[2026-09-24T09:07:53.122+0000] {logging_mixin.py:188} INFO - [2026-09-24T09:07:53.122+0000] {dagbag.py:545} INFO - Filling up the DagBag from /opt/airflow/dags/main.py
[2026-09-24T09:07:53.402+0000] {processor.py:840} INFO - DAG(s) 'update_db' retrieved from /opt/airflow/dags/main.py
[2026-09-24T09:07:53.415+0000] {logging_mixin.py:188} INFO - [2026-09-24T09:07:53.415+0000] {dag.py:3096} INFO - Sync 1 DAGs
[2026-09-24T09:07:53.436+0000] {logging_mixin.py:188} INFO - [2026-09-24T09:07:53.436+0000] {dag.py:3954} INFO - Setting next_dagrun for update_db to 2026-09-22 12:00:00+00:00, run_after=2026-09-23 12:00:00+00:00
[2026-09-24T09:07:53.469+0000] {processor.py:183} INFO - Processing /opt/airflow/dags/main.py took 0.359 seconds
[2026-09-24T09:08:23.767+0000] {processor.py:161} INFO - Started process (PID=173) to work on /opt/airflow/dags/main.py
[2026-09-24T09:08:23.770+0000] {processor.py:830} INFO - Processing file /opt/airflow/dags/main.py for tasks to queue
[2026-09-24T09:08:23.775+0000] {logging_mixin.py:188} INFO - [2026-09-24T09:08:23.774+0000] {dagbag.py:545} INFO - Filling up the DagBag from /opt/airflow/dags/main.py
[2026-09-24T09:08:24.026+0000] {processor.py:840} INFO - DAG(s) 'update_db' retrieved from /opt/airflow/dags/main.py
[2026-09-24T09:08:24.060+0000] {logging_mixin.py:188} INFO - [2026-09-24T09:08:24.060+0000] {dag.py:3096} INFO - Sync 1 DAGs
[2026-09-24T09:08:24.085+0000] {logging_mixin.py:188} INFO - [2026-09-24T09:08:24.084+0000] {dag.py:3954} INFO - Setting next_dagrun for update_db to 2026-09-22 12:00:00+00:00, run_after=2026-09-23 12:00:00+00:00
[2026-09-24T09:08:24.118+0000] {processor.py:183} INFO - Processing /opt/airflow/dags/main.py took 0.360 seconds
[2026-09-24T09:08:54.451+0000] {processor.py:161} INFO - Started process (PID=180) to work on /opt/airflow/dags/main.py
[2026-09-24T09:08:54.454+0000] {processor.py:830} INFO - Processing file /opt/airflow/dags/main.py for tasks to queue
[2026-09-24T09:08:54.459+0000] {logging_mixin.py:188} INFO - [2026-09-24T09:08:54.459+0000] {dagbag.py:545} INFO - Filling up the DagBag from /opt/airflow/dags/main.py
[2026-09-24T09:08:54.719+0000] {processor.py:840} INFO - DAG(s) 'update_db' retrieved from /opt/airflow/dags/main.py
[2026-09-24T09:08:54.758+0000] {logging_mixin.py:188} INFO - [2026-09-24T09:08:54.757+0000] {dag.py:3096} INFO - Sync 1 DAGs
[2026-09-24T09:08:54.781+0000] {logging_mixin.py:188} INFO - [2026-09-24T09:08:54.781+0000] {dag.py:3954} INFO - Setting next_dagrun for update_db to 2026-09-22 12:00:00+00:00, run_after=2026-09-23 12:00:00+00:00
[2026-09-24T09:08:54.805+0000] {processor.py:183} INFO - Processing /opt/airflow/dags/main.py took 0.360 seconds
[2026-09-24T09:09:25.165+0000] {processor.py:161} INFO - Started process (PID=187) to work on /opt/airflow/dags/main.py
[2026-09-24T09:09:25.168+0000] {processor.py:830} INFO - Processing file /opt/airflow/dags/main.py for tasks to queue
[2026-09-24T09:09:25.171+0000] {logging_mixin.py:188} INFO - [2026-09-24T09:09:25.171+0000] {dagbag.py:545} INFO - Filling up the DagBag from /opt/airflow/dags/main.py
[2026-09-24T09:09:25.445+0000] {processor.py:840} INFO - DAG(s) 'update_db' retrieved from /opt/airflow/dags/main.py
[2026-09-24T09:09:25.506+0000] {logging_mixin.py:188} INFO - [2026-09-24T09:09:25.505+0000] {dag.py:3096} INFO - Sync 1 DAGs
[2026-09-24T09:09:25.574+0000] {logging_mixin.py:188} INFO - [2026-09-24T09:09:25.572+0000] {dag.py:3954} INFO - Setting next_dagrun for update_db to 2026-09-22 12:00:00+00:00, run_after=2026-09-23 12:00:00+00:00
[2026-09-24T09:09:25.636+0000] {processor.py:183} INFO - Processing /opt/airflow/dags/main.py took 0.477 seconds
[2026-09-24T09:09:55.966+0000] {processor.py:161} INFO - Started process (PID=194) to work on /opt/airflow/dags/main.py
[2026-09-24T09:09:55.969+0000] {processor.py:830} INFO - Processing file /opt/airflow/dags/main.py for tasks to queue
[2026-09-24T09:09:55.971+0000] {logging_mixin.py:188} INFO - [2026-09-24T09:09:55.971+0000] {dagbag.py:545} INFO - Filling up the DagBag from /opt/airflow/dags/main.py
[2026-09-24T09:09:56.247+0000] {processor.py:840} INFO - DAG(s) 'update_db' retrieved from /opt/airflow/dags/main.py
[2026-09-24T09:09:56.323+0000] {logging_mixin.py:188} INFO - [2026-09-24T09:09:56.322+0000] {dag.py:3096} INFO - Sync 1 DAGs
[2026-09-24T09:09:56.399+0000] {logging_mixin.py:188} INFO - [2026-09-24T09:09:56.399+0000] {dag.py:3954} INFO - Setting next_dagrun for update_db to 2026-09-23 12:00:00+00:00, run_after=2026-09-24 12:00:00+00:00
[2026-09-24T09:09:56.450+0000] {processor.py:183} INFO - Processing /opt/airflow/dags/main.py took 0.489 seconds
[2026-09-24T09:10:27.097+0000] {processor.py:161} INFO - Started process (PID=201) to work on /opt/airflow/dags/main.py
[2026-09-24T09:10:27.100+0000] {processor.py:830} INFO - Processing file /opt/airflow/dags/main.py for tasks to queue
[2026-09-24T09:10:27.102+0000] {logging_mixin.py:188} INFO - [2026-09-24T09:10:27.101+0000] {dagbag.py:545} INFO - Filling up the DagBag from /opt/airflow/dags/main.py
[2026-09-24T09:10:27.376+0000] {processor.py:840} INFO - DAG(s) 'update_db' retrieved from /opt/airflow/dags/main.py
[2026-09-24T09:10:27.403+0000] {logging_mixin.py:188} INFO - [2026-09-24T09:10:27.403+0000] {dag.py:3096} INFO - Sync 1 DAGs
[2026-09-24T09:10:27.421+0000] {logging_mixin.py:188} INFO - [2026-09-24T09:10:27.421+0000] {dag.py:3954} INFO - Setting next_dagrun for update_db to 2026-09-23 12:00:00+00:00, run_after=2026-09-24 12:00:00+00:00
[2026-09-24T09:10:27.444+0000] {processor.py:183} INFO - Processing /opt/airflow/dags/main.py took 0.360 seconds
[2026-09-24T09:10:57.770+0000] {processor.py:161} INFO - Started process (PID=208) to work on /opt/airflow/dags/main.py
[2026-09-24T09:10:57.773+0000] {processor.py:830} INFO - Processing file /opt/airflow/dags/main.py for tasks to queue
[2026-09-24T09:10:57.776+0000] {logging_mixin.py:188} INFO - [2026-09-24T09:10:57.775+0000] {dagbag.py:545} INFO - Filling up the DagBag from /opt/airflow/dags/main.py
[2026-09-24T09:10:58.058+0000] {processor.py:840} INFO - DAG(s) 'update_db' retrieved from /opt/airflow/dags/main.py
[2026-09-24T09:10:58.080+0000] {logging_mixin.py:188} INFO - [2026-09-24T09:10:58.080+0000] {dag.py:3096} INFO - Sync 1 DAGs
[2026-09-24T09:10:58.098+0000] {logging_mixin.py:188} INFO - [2026-09-24T09:10:58.098+0000] {dag.py:3954} INFO - Setting next_dagrun for update_db to 2026-09-23 12:00:00+00:00, run_after=2026-09-24 12:00:00+00:00
[2026-09-24T09:10:58.118+0000] {processor.py:183} INFO - Processing /opt/airflow/dags/main.py took 0.355 seconds
[2026-09-24T09:11:28.441+0000] {processor.py:161} INFO - Started process (PID=215) to work on /opt/airflow/dags/main.py
[2026-09-24T09:11:28.444+0000] {processor.py:830} INFO - Processing file /opt/airflow/dags/main.py for tasks to queue
[2026-09-24T09:11:28.446+0000] {logging_mixin.py:188} INFO - [2026-09-24T09:11:28.446+0000] {dagbag.py:545} INFO - Filling up the DagBag from /opt/airflow/dags/main.py
[2026-09-24T09:11:28.854+0000] {processor.py:840} INFO - DAG(s) 'update_db' retrieved from /opt/airflow/dags/main.py
[2026-09-24T09:11:28.917+0000] {logging_mixin.py:188} INFO - [2026-09-24T09:11:28.916+0000] {dag.py:3096} INFO - Sync 1 DAGs
[2026-09-24T09:11:28.946+0000] {logging_mixin.py:188} INFO - [2026-09-24T09:11:28.945+0000] {dag.py:3954} INFO - Setting next_dagrun for update_db to 2026-09-23 12:00:00+00:00, run_after=2026-09-24 12:00:00+00:00
[2026-09-24T09:11:28.975+0000] {processor.py:183} INFO - Processing /opt/airflow/dags/main.py took 0.540 seconds
[2026-09-24T09:11:59.371+0000] {processor.py:161} INFO - Started process (PID=222) to work on /opt/airflow/dags/main.py
[2026-09-24T09:11:59.375+0000] {processor.py:830} INFO - Processing file /opt/airflow/dags/main.py for tasks to queue
[2026-09-24T09:11:59.380+0000] {logging_mixin.py:188} INFO - [2026-09-24T09:11:59.379+0000] {dagbag.py:545} INFO - Filling up the DagBag from /opt/airflow/dags/main.py
[2026-09-24T09:11:59.642+0000] {processor.py:840} INFO - DAG(s) 'update_db' retrieved from /opt/airflow/dags/main.py
[2026-09-24T09:11:59.690+0000] {logging_mixin.py:188} INFO - [2026-09-24T09:11:59.689+0000] {dag.py:3096} INFO - Sync 1 DAGs
[2026-09-24T09:11:59.715+0000] {logging_mixin.py:188} INFO - [2026-09-24T09:11:59.715+0000] {dag.py:3954} INFO - Setting next_dagrun for update_db to 2026-09-23 12:00:00+00:00, run_after=2026-09-24 12:00:00+00:00
[2026-09-24T09:11:59.756+0000] {processor.py:183} INFO - Processing /opt/airflow/dags/main.py took 0.394 seconds
[2026-09-24T09:12:30.037+0000] {processor.py:161} INFO - Started process (PID=236) to work on /opt/airflow/dags/main.py
[2026-09-24T09:12:30.040+0000] {processor.py:830} INFO - Processing file /opt/airflow/dags/main.py for tasks to queue
[2026-09-24T09:12:30.043+0000] {logging_mixin.py:188} INFO - [2026-09-24T09:12:30.043+0000] {dagbag.py:545} INFO - Filling up the DagBag from /opt/airflow/dags/main.py
[2026-09-24T09:12:30.285+0000] {processor.py:840} INFO - DAG(s) 'update_db' retrieved from /opt/airflow/dags/main.py
[2026-09-24T09:12:30.313+0000] {logging_mixin.py:188} INFO - [2026-09-24T09:12:30.313+0000] {dag.py:3096} INFO - Sync 1 DAGs
[2026-09-24T09:12:30.334+0000] {logging_mixin.py:188} INFO - [2026-09-24T09:12:30.334+0000] {dag.py:3954} INFO - Setting next_dagrun for update_db to 2026-09-23 12:00:00+00:00, run_after=2026-09-24 12:00:00+00:00
[2026-09-24T09:12:30.354+0000] {processor.py:183} INFO - Processing /opt/airflow/dags/main.py took 0.322 seconds
[2026-09-24T09:13:00.678+0000] {processor.py:161} INFO - Started process (PID=243) to work on /opt/airflow/dags/main.py
[2026-09-24T09:13:00.681+0000] {processor.py:830} INFO - Processing file /opt/airflow/dags/main.py for tasks to queue
[2026-09-24T09:13:00.684+0000] {logging_mixin.py:188} INFO - [2026-09-24T09:13:00.683+0000] {dagbag.py:545} INFO - Filling up the DagBag from /opt/airflow/dags/main.py
[2026-09-24T09:13:00.977+0000] {processor.py:840} INFO - DAG(s) 'update_db' retrieved from /opt/airflow/dags/main.py
[2026-09-24T09:13:00.998+0000] {logging_mixin.py:188} INFO - [2026-09-24T09:13:00.998+0000] {dag.py:3096} INFO - Sync 1 DAGs
[2026-09-24T09:13:01.015+0000] {logging_mixin.py:188} INFO - [2026-09-24T09:13:01.015+0000] {dag.py:3954} INFO - Setting next_dagrun for update_db to 2026-09-23 12:00:00+00:00, run_after=2026-09-24 12:00:00+00:00
[2026-09-24T09:13:01.035+0000] {processor.py:183} INFO - Processing /opt/airflow/dags/main.py took 0.363 seconds
[2026-09-24T09:13:31.392+0000] {processor.py:161} INFO - Started process (PID=250) to work on /opt/airflow/dags/main.py
[2026-09-24T09:13:31.395+0000] {processor.py:830} INFO - Processing file /opt/airflow/dags/main.py for tasks to queue
[2026-09-24T09:13:31.399+0000] {logging_mixin.py:188} INFO - [2026-09-24T09:13:31.398+0000] {dagbag.py:545} INFO - Filling up the DagBag from /opt/airflow/dags/main.py
[2026-09-24T09:13:31.683+0000] {processor.py:840} INFO - DAG(s) 'update_db' retrieved from /opt/airflow/dags/main.py
[2026-09-24T09:13:31.716+0000] {logging_mixin.py:188} INFO - [2026-09-24T09:13:31.716+0000] {dag.py:3096} INFO - Sync 1 DAGs
[2026-09-24T09:13:31.757+0000] {logging_mixin.py:188} INFO - [2026-09-24T09:13:31.756+0000] {dag.py:3954} INFO - Setting next_dagrun for update_db to 2026-09-23 12:00:00+00:00, run_after=2026-09-24 12:00:00+00:00
[2026-09-24T09:13:31.790+0000] {processor.py:183} INFO - Processing /opt/airflow/dags/main.py took 0.408 seconds
[2026-09-24T09:14:02.124+0000] {processor.py:161} INFO - Started process (PID=257) to work on /opt/airflow/dags/main.py
[2026-09-24T09:14:02.127+0000] {processor.py:830} INFO - Processing file /opt/airflow/dags/main.py for tasks to queue
[2026-09-24T09:14:02.130+0000] {logging_mixin.py:188} INFO - [2026-09-24T09:14:02.129+0000] {dagbag.py:545} INFO - Filling up the DagBag from /opt/airflow/dags/main.py
[2026-09-24T09:14:02.372+0000] {processor.py:840} INFO - DAG(s) 'update_db' retrieved from /opt/airflow/dags/main.py
[2026-09-24T09:14:02.398+0000] {logging_mixin.py:188} INFO - [2026-09-24T09:14:02.398+0000] {dag.py:3096} INFO - Sync 1 DAGs
[2026-09-24T09:14:02.420+0000] {logging_mixin.py:188} INFO - [2026-09-24T09:14:02.420+0000] {dag.py:3954} INFO - Setting next_dagrun for update_db to 2026-09-23 12:00:00+00:00, run_after=2026-09-24 12:00:00+00:00
[2026-09-24T09:14:02.446+0000] {processor.py:183} INFO - Processing /opt/airflow/dags/main.py took 0.326 seconds
[2026-09-24T09:14:32.814+0000] {processor.py:161} INFO - Started process (PID=264) to work on /opt/airflow/dags/main.py
[2026-09-24T09:14:32.817+0000] {processor.py:830} INFO - Processing file /opt/airflow/dags/main.py for tasks to queue
[2026-09-24T09:14:32.822+0000] {logging_mixin.py:188} INFO - [2026-09-24T09:14:32.821+0000] {dagbag.py:545} INFO - Filling up the DagBag from /opt/airflow/dags/main.py
[2026-09-24T09:14:33.168+0000] {processor.py:840} INFO - DAG(s) 'update_db' retrieved from /opt/airflow/dags/main.py
[2026-09-24T09:14:33.230+0000] {logging_mixin.py:188} INFO - [2026-09-24T09:14:33.229+0000] {dag.py:3096} INFO - Sync 1 DAGs
[2026-09-24T09:14:33.279+0000] {logging_mixin.py:188} INFO - [2026-09-24T09:14:33.279+0000] {dag.py:3954} INFO - Setting next_dagrun for update_db to 2026-09-23 12:00:00+00:00, run_after=2026-09-24 12:00:00+00:00
[2026-09-24T09:14:33.342+0000] {processor.py:183} INFO - Processing /opt/airflow/dags/main.py took 0.542 seconds
[2026-09-24T09:15:03.706+0000] {processor.py:161} INFO - Started process (PID=271) to work on /opt/airflow/dags/main.py
[2026-09-24T09:15:03.710+0000] {processor.py:830} INFO - Processing file /opt/airflow/dags/main.py for tasks to queue
[2026-09-24T09:15:03.712+0000] {logging_mixin.py:188} INFO - [2026-09-24T09:15:03.712+0000] {dagbag.py:545} INFO - Filling up the DagBag from /opt/airflow/dags/main.py
[2026-09-24T09:15:03.965+0000] {processor.py:840} INFO - DAG(s) 'update_db' retrieved from /opt/airflow/dags/main.py
[2026-09-24T09:15:03.993+0000] {logging_mixin.py:188} INFO - [2026-09-24T09:15:03.993+0000] {dag.py:3096} INFO - Sync 1 DAGs
[2026-09-24T09:15:04.015+0000] {logging_mixin.py:188} INFO - [2026-09-24T09:15:04.015+0000] {dag.py:3954} INFO - Setting next_dagrun for update_db to 2026-09-23 12:00:00+00:00, run_after=2026-09-24 12:00:00+00:00
[2026-09-24T09:15:04.036+0000] {processor.py:183} INFO - Processing /opt/airflow/dags/main.py took 0.337 seconds
[2026-09-24T09:15:34.484+0000] {processor.py:161} INFO - Started process (PID=278) to work on /opt/airflow/dags/main.py
[2026-09-24T09:15:34.487+0000] {processor.py:830} INFO - Processing file /opt/airflow/dags/main.py for tasks to queue
[2026-09-24T09:15:34.490+0000] {logging_mixin.py:188} INFO - [2026-09-24T09:15:34.489+0000] {dagbag.py:545} INFO - Filling up the DagBag from /opt/airflow/dags/main.py
[2026-09-24T09:15:34.794+0000] {processor.py:840} INFO - DAG(s) 'update_db' retrieved from /opt/airflow/dags/main.py
[2026-09-24T09:15:34.827+0000] {logging_mixin.py:188} INFO - [2026-09-24T09:15:34.827+0000] {dag.py:3096} INFO - Sync 1 DAGs
[2026-09-24T09:15:34.850+0000] {logging_mixin.py:188} INFO - [2026-09-24T09:15:34.850+0000] {dag.py:3954} INFO - Setting next_dagrun for update_db to 2026-09-23 12:00:00+00:00, run_after=2026-09-24 12:00:00+00:00
[2026-09-24T09:15:34.879+0000] {processor.py:183} INFO - Processing /opt/airflow/dags/main.py took 0.403 seconds
[2026-09-24T09:16:05.208+0000] {processor.py:161} INFO - Started process (PID=285) to work on /opt/airflow/dags/main.py
[2026-09-24T09:16:05.211+0000] {processor.py:830} INFO - Processing file /opt/airflow/dags/main.py for tasks to queue
[2026-09-24T09:16:05.215+0000] {logging_mixin.py:188} INFO - [2026-09-24T09:16:05.214+0000] {dagbag.py:545} INFO - Filling up the DagBag from /opt/airflow/dags/main.py
[2026-09-24T09:16:05.448+0000] {processor.py:840} INFO - DAG(s) 'update_db' retrieved from /opt/airflow/dags/main.py
[2026-09-24T09:16:05.483+0000] {logging_mixin.py:188} INFO - [2026-09-24T09:16:05.482+0000] {dag.py:3096} INFO - Sync 1 DAGs
[2026-09-24T09:16:05.512+0000] {logging_mixin.py:188} INFO - [2026-09-24T09:16:05.512+0000] {dag.py:3954} INFO - Setting next_dagrun for update_db to 2026-09-23 12:00:00+00:00, run_after=2026-09-24 12:00:00+00:00
[2026-09-24T09:16:05.539+0000] {processor.py:183} INFO - Processing /opt/airflow/dags/main.py took 0.343 seconds
[2026-09-24T09:16:35.865+0000] {processor.py:161} INFO - Started process (PID=292) to work on /opt/airflow/dags/main.py
[2026-09-24T09:16:35.869+0000] {processor.py:830} INFO - Processing file /opt/airflow/dags/main.py for tasks to queue
[2026-09-24T09:16:35.872+0000] {logging_mixin.py:188} INFO - [2026-09-24T09:16:35.872+0000] {dagbag.py:545} INFO - Filling up the DagBag from /opt/airflow/dags/main.py
[2026-09-24T09:16:36.122+0000] {processor.py:840} INFO - DAG(s) 'update_db' retrieved from /opt/airflow/dags/main.py
[2026-09-24T09:16:36.152+0000] {logging_mixin.py:188} INFO - [2026-09-24T09:16:36.151+0000] {dag.py:3096} INFO - Sync 1 DAGs
[2026-09-24T09:16:36.175+0000] {logging_mixin.py:188} INFO - [2026-09-24T09:16:36.175+0000] {dag.py:3954} INFO - Setting next_dagrun for update_db to 2026-09-23 12:00:00+00:00, run_after=2026-09-24 12:00:00+00:00
[2026-09-24T09:16:36.199+0000] {processor.py:183} INFO - Processing /opt/airflow/dags/main.py took 0.341 seconds
[2026-09-24T09:17:06.644+0000] {processor.py:161} INFO - Started process (PID=299) to work on /opt/airflow/dags/main.py
[2026-09-24T09:17:06.651+0000] {processor.py:830} INFO - Processing file /opt/airflow/dags/main.py for tasks to queue
[2026-09-24T09:17:06.659+0000] {logging_mixin.py:188} INFO - [2026-09-24T09:17:06.658+0000] {dagbag.py:545} INFO - Filling up the DagBag from /opt/airflow/dags/main.py
[2026-09-24T09:17:06.966+0000] {processor.py:840} INFO - DAG(s) 'update_db' retrieved from /opt/airflow/dags/main.py
[2026-09-24T09:17:07.011+0000] {logging_mixin.py:188} INFO - [2026-09-24T09:17:07.010+0000] {dag.py:3096} INFO - Sync 1 DAGs
[2026-09-24T09:17:07.039+0000] {logging_mixin.py:188} INFO - [2026-09-24T09:17:07.039+0000] {dag.py:3954} INFO - Setting next_dagrun for update_db to 2026-09-23 12:00:00+00:00, run_after=2026-09-24 12:00:00+00:00
[2026-09-24T09:17:07.063+0000] {processor.py:183} INFO - Processing /opt/airflow/dags/main.py took 0.453 seconds
[2026-09-24T09:17:37.397+0000] {processor.py:161} INFO - Started process (PID=306) to work on /opt/airflow/dags/main.py
[2026-09-24T09:17:37.400+0000] {processor.py:830} INFO - Processing file /opt/airflow/dags/main.py for tasks to queue
[2026-09-24T09:17:37.402+0000] {logging_mixin.py:188} INFO - [2026-09-24T09:17:37.402+0000] {dagbag.py:545} INFO - Filling up the DagBag from /opt/airflow/dags/main.py
[2026-09-24T09:17:37.682+0000] {processor.py:840} INFO - DAG(s) 'update_db' retrieved from /opt/airflow/dags/main.py
[2026-09-24T09:17:37.711+0000] {logging_mixin.py:188} INFO - [2026-09-24T09:17:37.711+0000] {dag.py:3096} INFO - Sync 1 DAGs
[2026-09-24T09:17:37.729+0000] {logging_mixin.py:188} INFO - [2026-09-24T09:17:37.729+0000] {dag.py:3954} INFO - Setting next_dagrun for update_db to 2026-09-23 12:00:00+00:00, run_after=2026-09-24 12:00:00+00:00
[2026-09-24T09:17:37.751+0000] {processor.py:183} INFO - Processing /opt/airflow/dags/main.py took 0.361 seconds
[2026-09-24T09:18:08.098+0000] {processor.py:161} INFO - Started process (PID=313) to work on /opt/airflow/dags/main.py
[2026-09-24T09:18:08.100+0000] {processor.py:830} INFO - Processing file /opt/airflow/dags/main.py for tasks to queue
[2026-09-24T09:18:08.103+0000] {logging_mixin.py:188} INFO - [2026-09-24T09:18:08.103+0000] {dagbag.py:545} INFO - Filling up the DagBag from /opt/airflow/dags/main.py
[2026-09-24T09:18:08.342+0000] {processor.py:840} INFO - DAG(s) 'update_db' retrieved from /opt/airflow/dags/main.py
[2026-09-24T09:18:08.371+0000] {logging_mixin.py:188} INFO - [2026-09-24T09:18:08.371+0000] {dag.py:3096} INFO - Sync 1 DAGs
[2026-09-24T09:18:08.390+0000] {logging_mixin.py:188} INFO - [2026-09-24T09:18:08.390+0000] {dag.py:3954} INFO - Setting next_dagrun for update_db to 2026-09-23 12:00:00+00:00, run_after=2026-09-24 12:00:00+00:00
[2026-09-24T09:18:08.411+0000] {processor.py:183} INFO - Processing /opt/airflow/dags/main.py took 0.319 seconds
[2026-09-24T09:18:38.736+0000] {processor.py:161} INFO - Started process (PID=320) to work on /opt/airflow/dags/main.py
[2026-09-24T09:18:38.739+0000] {processor.py:830} INFO - Processing file /opt/airflow/dags/main.py for tasks to queue
[2026-09-24T09:18:38.741+0000] {logging_mixin.py:188} INFO - [2026-09-24T09:18:38.741+0000] {dagbag.py:545} INFO - Filling up the DagBag from /opt/airflow/dags/main.py
[2026-09-24T09:18:39.116+0000] {processor.py:840} INFO - DAG(s) 'update_db' retrieved from /opt/airflow/dags/main.py
[2026-09-24T09:18:39.160+0000] {logging_mixin.py:188} INFO - [2026-09-24T09:18:39.160+0000] {dag.py:3096} INFO - Sync 1 DAGs
[2026-09-24T09:18:39.186+0000] {logging_mixin.py:188} INFO - [2026-09-24T09:18:39.186+0000] {dag.py:3954} INFO - Setting next_dagrun for update_db to 2026-09-23 12:00:00+00:00, run_after=2026-09-24 12:00:00+00:00
[2026-09-24T09:18:39.216+0000] {processor.py:183} INFO - Processing /opt/airflow/dags/main.py took 0.486 seconds
[2026-09-24T09:19:09.550+0000] {processor.py:161} INFO - Started process (PID=327) to work on /opt/airflow/dags/main.py
[2026-09-24T09:19:09.552+0000] {processor.py:830} INFO - Processing file /opt/airflow/dags/main.py for tasks to queue
[2026-09-24T09:19:09.555+0000] {logging_mixin.py:188} INFO - [2026-09-24T09:19:09.554+0000] {dagbag.py:545} INFO - Filling up the DagBag from /opt/airflow/dags/main.py
[2026-09-24T09:19:09.840+0000] {processor.py:840} INFO - DAG(s) 'update_db' retrieved from /opt/airflow/dags/main.py
[2026-09-24T09:19:09.863+0000] {logging_mixin.py:188} INFO - [2026-09-24T09:19:09.863+0000] {dag.py:3096} INFO - Sync 1 DAGs
[2026-09-24T09:19:09.880+0000] {logging_mixin.py:188} INFO - [2026-09-24T09:19:09.880+0000] {dag.py:3954} INFO - Setting next_dagrun for update_db to 2026-09-23 12:00:00+00:00, run_after=2026-09-24 12:00:00+00:00
[2026-09-24T09:19:09.901+0000] {processor.py:183} INFO - Processing /opt/airflow/dags/main.py took 0.357 seconds
[2026-09-24T09:19:40.259+0000] {processor.py:161} INFO - Started process (PID=334) to work on /opt/airflow/dags/main.py
[2026-09-24T09:19:40.262+0000] {processor.py:830} INFO - Processing file /opt/airflow/dags/main.py for tasks to queue
[2026-09-24T09:19:40.264+0000] {logging_mixin.py:188} INFO - [2026-09-24T09:19:40.264+0000] {dagbag.py:545} INFO - Filling up the DagBag from /opt/airflow/dags/main.py
[2026-09-24T09:19:40.523+0000] {processor.py:840} INFO - DAG(s) 'update_db' retrieved from /opt/airflow/dags/main.py
[2026-09-24T09:19:40.555+0000] {logging_mixin.py:188} INFO - [2026-09-24T09:19:40.555+0000] {dag.py:3096} INFO - Sync 1 DAGs
[2026-09-24T09:19:40.577+0000] {logging_mixin.py:188} INFO - [2026-09-24T09:19:40.576+0000] {dag.py:3954} INFO - Setting next_dagrun for update_db to 2026-09-23 12:00:00+00:00, run_after=2026-09-24 12:00:00+00:00
[2026-09-24T09:19:40.602+0000] {processor.py:183} INFO - Processing /opt/airflow/dags/main.py took 0.350 seconds
[2026-09-24T09:20:10.969+0000] {processor.py:161} INFO - Started process (PID=341) to work on /opt/airflow/dags/main.py
[2026-09-24T09:20:10.973+0000] {processor.py:830} INFO - Processing file /opt/airflow/dags/main.py for tasks to queue
[2026-09-24T09:20:10.976+0000] {logging_mixin.py:188} INFO - [2026-09-24T09:20:10.976+0000] {dagbag.py:545} INFO - Filling up the DagBag from /opt/airflow/dags/main.py
[2026-09-24T09:20:11.293+0000] {processor.py:840} INFO - DAG(s) 'update_db' retrieved from /opt/airflow/dags/main.py
[2026-09-24T09:20:11.338+0000] {logging_mixin.py:188} INFO - [2026-09-24T09:20:11.338+0000] {dag.py:3096} INFO - Sync 1 DAGs
[2026-09-24T09:20:11.365+0000] {logging_mixin.py:188} INFO - [2026-09-24T09:20:11.365+0000] {dag.py:3954} INFO - Setting next_dagrun for update_db to 2026-09-23 12:00:00+00:00, run_after=2026-09-24 12:00:00+00:00
[2026-09-24T09:20:11.388+0000] {processor.py:183} INFO - Processing /opt/airflow/dags/main.py took 0.427 seconds
[2026-09-24T09:20:41.783+0000] {processor.py:161} INFO - Started process (PID=348) to work on /opt/airflow/dags/main.py
[2026-09-24T09:20:41.786+0000] {processor.py:830} INFO - Processing file /opt/airflow/dags/main.py for tasks to queue
[2026-09-24T09:20:41.789+0000] {logging_mixin.py:188} INFO - [2026-09-24T09:20:41.789+0000] {dagbag.py:545} INFO - Filling up the DagBag from /opt/airflow/dags/main.py
[2026-09-24T09:20:42.092+0000] {processor.py:840} INFO - DAG(s) 'update_db' retrieved from /opt/airflow/dags/main.py
[2026-09-24T09:20:42.116+0000] {logging_mixin.py:188} INFO - [2026-09-24T09:20:42.116+0000] {dag.py:3096} INFO - Sync 1 DAGs
[2026-09-24T09:20:42.135+0000] {logging_mixin.py:188} INFO - [2026-09-24T09:20:42.135+0000] {dag.py:3954} INFO - Setting next_dagrun for update_db to 2026-09-23 12:00:00+00:00, run_after=2026-09-24 12:00:00+00:00
[2026-09-24T09:20:42.156+0000] {processor.py:183} INFO - Processing /opt/airflow/dags/main.py took 0.380 seconds
[2026-09-24T09:21:12.527+0000] {processor.py:161} INFO - Started process (PID=355) to work on /opt/airflow/dags/main.py
[2026-09-24T09:21:12.530+0000] {processor.py:830} INFO - Processing file /opt/airflow/dags/main.py for tasks to queue
[2026-09-24T09:21:12.532+0000] {logging_mixin.py:188} INFO - [2026-09-24T09:21:12.532+0000] {dagbag.py:545} INFO - Filling up the DagBag from /opt/airflow/dags/main.py
[2026-09-24T09:21:12.847+0000] {processor.py:840} INFO - DAG(s) 'update_db' retrieved from /opt/airflow/dags/main.py
[2026-09-24T09:21:12.890+0000] {logging_mixin.py:188} INFO - [2026-09-24T09:21:12.888+0000] {dag.py:3096} INFO - Sync 1 DAGs
[2026-09-24T09:21:12.944+0000] {logging_mixin.py:188} INFO - [2026-09-24T09:21:12.942+0000] {dag.py:3954} INFO - Setting next_dagrun for update_db to 2026-09-23 12:00:00+00:00, run_after=2026-09-24 12:00:00+00:00
[2026-09-24T09:21:12.996+0000] {processor.py:183} INFO - Processing /opt/airflow/dags/main.py took 0.476 seconds
[2026-09-24T09:21:43.380+0000] {processor.py:161} INFO - Started process (PID=362) to work on /opt/airflow/dags/main.py
[2026-09-24T09:21:43.383+0000] {processor.py:830} INFO - Processing file /opt/airflow/dags/main.py for tasks to queue
[2026-09-24T09:21:43.386+0000] {logging_mixin.py:188} INFO - [2026-09-24T09:21:43.386+0000] {dagbag.py:545} INFO - Filling up the DagBag from /opt/airflow/dags/main.py
[2026-09-24T09:21:43.719+0000] {processor.py:840} INFO - DAG(s) 'update_db' retrieved from /opt/airflow/dags/main.py
[2026-09-24T09:21:43.788+0000] {logging_mixin.py:188} INFO - [2026-09-24T09:21:43.788+0000] {dag.py:3096} INFO - Sync 1 DAGs
[2026-09-24T09:21:43.818+0000] {logging_mixin.py:188} INFO - [2026-09-24T09:21:43.818+0000] {dag.py:3954} INFO - Setting next_dagrun for update_db to 2026-09-23 12:00:00+00:00, run_after=2026-09-24 12:00:00+00:00
[2026-09-24T09:21:43.843+0000] {processor.py:183} INFO - Processing /opt/airflow/dags/main.py took 0.468 seconds
[2026-09-24T09:22:14.134+0000] {processor.py:161} INFO - Started process (PID=369) to work on /opt/airflow/dags/main.py
[2026-09-24T09:22:14.136+0000] {processor.py:830} INFO - Processing file /opt/airflow/dags/main.py for tasks to queue
[2026-09-24T09:22:14.138+0000] {logging_mixin.py:188} INFO - [2026-09-24T09:22:14.138+0000] {dagbag.py:545} INFO - Filling up the DagBag from /opt/airflow/dags/main.py
[2026-09-24T09:22:14.391+0000] {processor.py:840} INFO - DAG(s) 'update_db' retrieved from /opt/airflow/dags/main.py
[2026-09-24T09:22:14.418+0000] {logging_mixin.py:188} INFO - [2026-09-24T09:22:14.418+0000] {dag.py:3096} INFO - Sync 1 DAGs
[2026-09-24T09:22:14.438+0000] {logging_mixin.py:188} INFO - [2026-09-24T09:22:14.438+0000] {dag.py:3954} INFO - Setting next_dagrun for update_db to 2026-09-23 12:00:00+00:00, run_after=2026-09-24 12:00:00+00:00
[2026-09-24T09:22:14.459+0000] {processor.py:183} INFO - Processing /opt/airflow/dags/main.py took 0.330 seconds
[2026-09-24T09:22:44.829+0000] {processor.py:161} INFO - Started process (PID=376) to work on /opt/airflow/dags/main.py
[2026-09-24T09:22:44.833+0000] {processor.py:830} INFO - Processing file /opt/airflow/dags/main.py for tasks to queue
[2026-09-24T09:22:44.836+0000] {logging_mixin.py:188} INFO - [2026-09-24T09:22:44.836+0000] {dagbag.py:545} INFO - Filling up the DagBag from /opt/airflow/dags/main.py
[2026-09-24T09:22:45.090+0000] {processor.py:840} INFO - DAG(s) 'update_db' retrieved from /opt/airflow/dags/main.py
[2026-09-24T09:22:45.128+0000] {logging_mixin.py:188} INFO - [2026-09-24T09:22:45.128+0000] {dag.py:3096} INFO - Sync 1 DAGs
[2026-09-24T09:22:45.159+0000] {logging_mixin.py:188} INFO - [2026-09-24T09:22:45.158+0000] {dag.py:3954} INFO - Setting next_dagrun for update_db to 2026-09-23 12:00:00+00:00, run_after=2026-09-24 12:00:00+00:00
[2026-09-24T09:22:45.188+0000] {processor.py:183} INFO - Processing /opt/airflow/dags/main.py took 0.367 seconds
[2026-09-24T09:23:15.533+0000] {processor.py:161} INFO - Started process (PID=383) to work on /opt/airflow/dags/main.py
[2026-09-24T09:23:15.536+0000] {processor.py:830} INFO - Processing file /opt/airflow/dags/main.py for tasks to queue
[2026-09-24T09:23:15.538+0000] {logging_mixin.py:188} INFO - [2026-09-24T09:23:15.538+0000] {dagbag.py:545} INFO - Filling up the DagBag from /opt/airflow/dags/main.py
[2026-09-24T09:23:15.796+0000] {processor.py:840} INFO - DAG(s) 'update_db' retrieved from /opt/airflow/dags/main.py
[2026-09-24T09:23:15.821+0000] {logging_mixin.py:188} INFO - [2026-09-24T09:23:15.821+0000] {dag.py:3096} INFO - Sync 1 DAGs
[2026-09-24T09:23:15.839+0000] {logging_mixin.py:188} INFO - [2026-09-24T09:23:15.839+0000] {dag.py:3954} INFO - Setting next_dagrun for update_db to 2026-09-23 12:00:00+00:00, run_after=2026-09-24 12:00:00+00:00
[2026-09-24T09:23:15.860+0000] {processor.py:183} INFO - Processing /opt/airflow/dags/main.py took 0.334 seconds
[2026-09-24T09:23:46.229+0000] {processor.py:161} INFO - Started process (PID=390) to work on /opt/airflow/dags/main.py
[2026-09-24T09:23:46.233+0000] {processor.py:830} INFO - Processing file /opt/airflow/dags/main.py for tasks to queue
[2026-09-24T09:23:46.235+0000] {logging_mixin.py:188} INFO - [2026-09-24T09:23:46.235+0000] {dagbag.py:545} INFO - Filling up the DagBag from /opt/airflow/dags/main.py
[2026-09-24T09:23:46.533+0000] {processor.py:840} INFO - DAG(s) 'update_db' retrieved from /opt/airflow/dags/main.py
[2026-09-24T09:23:46.561+0000] {logging_mixin.py:188} INFO - [2026-09-24T09:23:46.561+0000] {dag.py:3096} INFO - Sync 1 DAGs
[2026-09-24T09:23:46.582+0000] {logging_mixin.py:188} INFO - [2026-09-24T09:23:46.582+0000] {dag.py:3954} INFO - Setting next_dagrun for update_db to 2026-09-23 12:00:00+00:00, run_after=2026-09-24 12:00:00+00:00
[2026-09-24T09:23:46.602+0000] {processor.py:183} INFO - Processing /opt/airflow/dags/main.py took 0.380 seconds
[2026-09-24T09:24:17.010+0000] {processor.py:161} INFO - Started process (PID=397) to work on /opt/airflow/dags/main.py
[2026-09-24T09:24:17.013+0000] {processor.py:830} INFO - Processing file /opt/airflow/dags/main.py for tasks to queue
[2026-09-24T09:24:17.015+0000] {logging_mixin.py:188} INFO - [2026-09-24T09:24:17.015+0000] {dagbag.py:545} INFO - Filling up the DagBag from /opt/airflow/dags/main.py
[2026-09-24T09:24:17.286+0000] {processor.py:840} INFO - DAG(s) 'update_db' retrieved from /opt/airflow/dags/main.py
[2026-09-24T09:24:17.346+0000] {logging_mixin.py:188} INFO - [2026-09-24T09:24:17.345+0000] {dag.py:3096} INFO - Sync 1 DAGs
[2026-09-24T09:24:17.389+0000] {logging_mixin.py:188} INFO - [2026-09-24T09:24:17.389+0000] {dag.py:3954} INFO - Setting next_dagrun for update_db to 2026-09-23 12:00:00+00:00, run_after=2026-09-24 12:00:00+00:00
[2026-09-24T09:24:17.443+0000] {processor.py:183} INFO - Processing /opt/airflow/dags/main.py took 0.456 seconds
[2026-09-24T09:24:47.829+0000] {processor.py:161} INFO - Started process (PID=404) to work on /opt/airflow/dags/main.py
[2026-09-24T09:24:47.832+0000] {processor.py:830} INFO - Processing file /opt/airflow/dags/main.py for tasks to queue
[2026-09-24T09:24:47.834+0000] {logging_mixin.py:188} INFO - [2026-09-24T09:24:47.834+0000] {dagbag.py:545} INFO - Filling up the DagBag from /opt/airflow/dags/main.py
[2026-09-24T09:24:48.096+0000] {processor.py:840} INFO - DAG(s) 'update_db' retrieved from /opt/airflow/dags/main.py
[2026-09-24T09:24:48.155+0000] {logging_mixin.py:188} INFO - [2026-09-24T09:24:48.155+0000] {dag.py:3096} INFO - Sync 1 DAGs
[2026-09-24T09:24:48.186+0000] {logging_mixin.py:188} INFO - [2026-09-24T09:24:48.186+0000] {dag.py:3954} INFO - Setting next_dagrun for update_db to 2026-09-23 12:00:00+00:00, run_after=2026-09-24 12:00:00+00:00
[2026-09-24T09:24:48.210+0000] {processor.py:183} INFO - Processing /opt/airflow/dags/main.py took 0.388 seconds
[2026-09-24T09:25:18.564+0000] {processor.py:161} INFO - Started process (PID=411) to work on /opt/airflow/dags/main.py
[2026-09-24T09:25:18.567+0000] {processor.py:830} INFO - Processing file /opt/airflow/dags/main.py for tasks to queue
[2026-09-24T09:25:18.570+0000] {logging_mixin.py:188} INFO - [2026-09-24T09:25:18.569+0000] {dagbag.py:545} INFO - Filling up the DagBag from /opt/airflow/dags/main.py
[2026-09-24T09:25:18.826+0000] {processor.py:840} INFO - DAG(s) 'update_db' retrieved from /opt/airflow/dags/main.py
[2026-09-24T09:25:18.856+0000] {logging_mixin.py:188} INFO - [2026-09-24T09:25:18.855+0000] {dag.py:3096} INFO - Sync 1 DAGs
[2026-09-24T09:25:18.875+0000] {logging_mixin.py:188} INFO - [2026-09-24T09:25:18.875+0000] {dag.py:3954} INFO - Setting next_dagrun for update_db to 2026-09-23 12:00:00+00:00, run_after=2026-09-24 12:00:00+00:00
[2026-09-24T09:25:18.898+0000] {processor.py:183} INFO - Processing /opt/airflow/dags/main.py took 0.340 seconds
[2026-09-24T09:25:49.347+0000] {processor.py:161} INFO - Started process (PID=418) to work on /opt/airflow/dags/main.py
[2026-09-24T09:25:49.350+0000] {processor.py:830} INFO - Processing file /opt/airflow/dags/main.py for tasks to queue
[2026-09-24T09:25:49.352+0000] {logging_mixin.py:188} INFO - [2026-09-24T09:25:49.352+0000] {dagbag.py:545} INFO - Filling up the DagBag from /opt/airflow/dags/main.py
[2026-09-24T09:25:49.637+0000] {processor.py:840} INFO - DAG(s) 'update_db' retrieved from /opt/airflow/dags/main.py
[2026-09-24T09:25:49.664+0000] {logging_mixin.py:188} INFO - [2026-09-24T09:25:49.664+0000] {dag.py:3096} INFO - Sync 1 DAGs
[2026-09-24T09:25:49.684+0000] {logging_mixin.py:188} INFO - [2026-09-24T09:25:49.683+0000] {dag.py:3954} INFO - Setting next_dagrun for update_db to 2026-09-23 12:00:00+00:00, run_after=2026-09-24 12:00:00+00:00
[2026-09-24T09:25:49.704+0000] {processor.py:183} INFO - Processing /opt/airflow/dags/main.py took 0.364 seconds
[2026-09-24T09:26:20.061+0000] {processor.py:161} INFO - Started process (PID=425) to work on /opt/airflow/dags/main.py
[2026-09-24T09:26:20.066+0000] {processor.py:830} INFO - Processing file /opt/airflow/dags/main.py for tasks to queue
[2026-09-24T09:26:20.069+0000] {logging_mixin.py:188} INFO - [2026-09-24T09:26:20.069+0000] {dagbag.py:545} INFO - Filling up the DagBag from /opt/airflow/dags/main.py
[2026-09-24T09:26:20.359+0000] {processor.py:840} INFO - DAG(s) 'update_db' retrieved from /opt/airflow/dags/main.py
[2026-09-24T09:26:20.391+0000] {logging_mixin.py:188} INFO - [2026-09-24T09:26:20.391+0000] {dag.py:3096} INFO - Sync 1 DAGs
[2026-09-24T09:26:20.413+0000] {logging_mixin.py:188} INFO - [2026-09-24T09:26:20.413+0000] {dag.py:3954} INFO - Setting next_dagrun for update_db to 2026-09-23 12:00:00+00:00, run_after=2026-09-24 12:00:00+00:00
[2026-09-24T09:26:20.439+0000] {processor.py:183} INFO - Processing /opt/airflow/dags/main.py took 0.395 seconds
[2026-09-24T09:26:50.782+0000] {processor.py:161} INFO - Started process (PID=432) to work on /opt/airflow/dags/main.py
[2026-09-24T09:26:50.787+0000] {processor.py:830} INFO - Processing file /opt/airflow/dags/main.py for tasks to queue
[2026-09-24T09:26:50.790+0000] {logging_mixin.py:188} INFO - [2026-09-24T09:26:50.790+0000] {dagbag.py:545} INFO - Filling up the DagBag from /opt/airflow/dags/main.py
[2026-09-24T09:26:51.122+0000] {processor.py:840} INFO - DAG(s) 'update_db' retrieved from /opt/airflow/dags/main.py
[2026-09-24T09:26:51.171+0000] {logging_mixin.py:188} INFO - [2026-09-24T09:26:51.170+0000] {dag.py:3096} INFO - Sync 1 DAGs
[2026-09-24T09:26:51.208+0000] {logging_mixin.py:188} INFO - [2026-09-24T09:26:51.208+0000] {dag.py:3954} INFO - Setting next_dagrun for update_db to 2026-09-23 12:00:00+00:00, run_after=2026-09-24 12:00:00+00:00
[2026-09-24T09:26:51.256+0000] {processor.py:183} INFO - Processing /opt/airflow/dags/main.py took 0.485 seconds
[2026-09-24T09:27:21.577+0000] {processor.py:161} INFO - Started process (PID=439) to work on /opt/airflow/dags/main.py
[2026-09-24T09:27:21.580+0000] {processor.py:830} INFO - Processing file /opt/airflow/dags/main.py for tasks to queue
[2026-09-24T09:27:21.584+0000] {logging_mixin.py:188} INFO - [2026-09-24T09:27:21.583+0000] {dagbag.py:545} INFO - Filling up the DagBag from /opt/airflow/dags/main.py
[2026-09-24T09:27:21.871+0000] {processor.py:840} INFO - DAG(s) 'update_db' retrieved from /opt/airflow/dags/main.py
[2026-09-24T09:27:21.905+0000] {logging_mixin.py:188} INFO - [2026-09-24T09:27:21.905+0000] {dag.py:3096} INFO - Sync 1 DAGs
[2026-09-24T09:27:21.931+0000] {logging_mixin.py:188} INFO - [2026-09-24T09:27:21.930+0000] {dag.py:3954} INFO - Setting next_dagrun for update_db to 2026-09-23 12:00:00+00:00, run_after=2026-09-24 12:00:00+00:00
[2026-09-24T09:27:21.959+0000] {processor.py:183} INFO - Processing /opt/airflow/dags/main.py took 0.387 seconds
[2026-09-24T09:27:52.285+0000] {processor.py:161} INFO - Started process (PID=446) to work on /opt/airflow/dags/main.py
[2026-09-24T09:27:52.288+0000] {processor.py:830} INFO - Processing file /opt/airflow/dags/main.py for tasks to queue
[2026-09-24T09:27:52.290+0000] {logging_mixin.py:188} INFO - [2026-09-24T09:27:52.290+0000] {dagbag.py:545} INFO - Filling up the DagBag from /opt/airflow/dags/main.py
[2026-09-24T09:27:52.575+0000] {processor.py:840} INFO - DAG(s) 'update_db' retrieved from /opt/airflow/dags/main.py
[2026-09-24T09:27:52.614+0000] {logging_mixin.py:188} INFO - [2026-09-24T09:27:52.614+0000] {dag.py:3096} INFO - Sync 1 DAGs
[2026-09-24T09:27:52.637+0000] {logging_mixin.py:188} INFO - [2026-09-24T09:27:52.637+0000] {dag.py:3954} INFO - Setting next_dagrun for update_db to 2026-09-23 12:00:00+00:00, run_after=2026-09-24 12:00:00+00:00
[2026-09-24T09:27:52.663+0000] {processor.py:183} INFO - Processing /opt/airflow/dags/main.py took 0.383 seconds
[2026-09-24T09:28:23.025+0000] {processor.py:161} INFO - Started process (PID=454) to work on /opt/airflow/dags/main.py
[2026-09-24T09:28:23.029+0000] {processor.py:830} INFO - Processing file /opt/airflow/dags/main.py for tasks to queue
[2026-09-24T09:28:23.034+0000] {logging_mixin.py:188} INFO - [2026-09-24T09:28:23.033+0000] {dagbag.py:545} INFO - Filling up the DagBag from /opt/airflow/dags/main.py
[2026-09-24T09:28:23.262+0000] {processor.py:840} INFO - DAG(s) 'update_db' retrieved from /opt/airflow/dags/main.py
[2026-09-24T09:28:23.296+0000] {logging_mixin.py:188} INFO - [2026-09-24T09:28:23.295+0000] {dag.py:3096} INFO - Sync 1 DAGs
[2026-09-24T09:28:23.329+0000] {logging_mixin.py:188} INFO - [2026-09-24T09:28:23.329+0000] {dag.py:3954} INFO - Setting next_dagrun for update_db to 2026-09-23 12:00:00+00:00, run_after=2026-09-24 12:00:00+00:00
[2026-09-24T09:28:23.354+0000] {processor.py:183} INFO - Processing /opt/airflow/dags/main.py took 0.345 seconds
[2026-09-24T09:28:53.701+0000] {processor.py:161} INFO - Started process (PID=461) to work on /opt/airflow/dags/main.py
[2026-09-24T09:28:53.706+0000] {processor.py:830} INFO - Processing file /opt/airflow/dags/main.py for tasks to queue
[2026-09-24T09:28:53.715+0000] {logging_mixin.py:188} INFO - [2026-09-24T09:28:53.713+0000] {dagbag.py:545} INFO - Filling up the DagBag from /opt/airflow/dags/main.py
[2026-09-24T09:28:54.352+0000] {processor.py:840} INFO - DAG(s) 'update_db' retrieved from /opt/airflow/dags/main.py
[2026-09-24T09:28:54.420+0000] {logging_mixin.py:188} INFO - [2026-09-24T09:28:54.420+0000] {dag.py:3096} INFO - Sync 1 DAGs
[2026-09-24T09:28:54.469+0000] {logging_mixin.py:188} INFO - [2026-09-24T09:28:54.469+0000] {dag.py:3954} INFO - Setting next_dagrun for update_db to 2026-09-23 12:00:00+00:00, run_after=2026-09-24 12:00:00+00:00
[2026-09-24T09:28:54.511+0000] {processor.py:183} INFO - Processing /opt/airflow/dags/main.py took 0.824 seconds
[2026-09-24T09:29:24.746+0000] {processor.py:161} INFO - Started process (PID=468) to work on /opt/airflow/dags/main.py
[2026-09-24T09:29:24.749+0000] {processor.py:830} INFO - Processing file /opt/airflow/dags/main.py for tasks to queue
[2026-09-24T09:29:24.752+0000] {logging_mixin.py:188} INFO - [2026-09-24T09:29:24.751+0000] {dagbag.py:545} INFO - Filling up the DagBag from /opt/airflow/dags/main.py
[2026-09-24T09:29:24.978+0000] {processor.py:840} INFO - DAG(s) 'update_db' retrieved from /opt/airflow/dags/main.py
[2026-09-24T09:29:25.015+0000] {logging_mixin.py:188} INFO - [2026-09-24T09:29:25.014+0000] {dag.py:3096} INFO - Sync 1 DAGs
[2026-09-24T09:29:25.045+0000] {logging_mixin.py:188} INFO - [2026-09-24T09:29:25.044+0000] {dag.py:3954} INFO - Setting next_dagrun for update_db to 2026-09-23 12:00:00+00:00, run_after=2026-09-24 12:00:00+00:00
[2026-09-24T09:29:25.069+0000] {processor.py:183} INFO - Processing /opt/airflow/dags/main.py took 0.330 seconds
[2026-09-24T09:29:55.445+0000] {processor.py:161} INFO - Started process (PID=475) to work on /opt/airflow/dags/main.py
[2026-09-24T09:29:55.448+0000] {processor.py:830} INFO - Processing file /opt/airflow/dags/main.py for tasks to queue
[2026-09-24T09:29:55.452+0000] {logging_mixin.py:188} INFO - [2026-09-24T09:29:55.451+0000] {dagbag.py:545} INFO - Filling up the DagBag from /opt/airflow/dags/main.py
[2026-09-24T09:29:55.730+0000] {processor.py:840} INFO - DAG(s) 'update_db' retrieved from /opt/airflow/dags/main.py
[2026-09-24T09:29:55.778+0000] {logging_mixin.py:188} INFO - [2026-09-24T09:29:55.778+0000] {dag.py:3096} INFO - Sync 1 DAGs
[2026-09-24T09:29:55.825+0000] {logging_mixin.py:188} INFO - [2026-09-24T09:29:55.825+0000] {dag.py:3954} INFO - Setting next_dagrun for update_db to 2026-09-23 12:00:00+00:00, run_after=2026-09-24 12:00:00+00:00
[2026-09-24T09:29:55.856+0000] {processor.py:183} INFO - Processing /opt/airflow/dags/main.py took 0.422 seconds
[2026-09-24T14:06:14.207+0000] {processor.py:161} INFO - Started process (PID=71) to work on /opt/airflow/dags/main.py
[2026-09-24T14:06:14.212+0000] {processor.py:830} INFO - Processing file /opt/airflow/dags/main.py for tasks to queue
[2026-09-24T14:06:14.219+0000] {logging_mixin.py:188} INFO - [2026-09-24T14:06:14.218+0000] {dagbag.py:545} INFO - Filling up the DagBag from /opt/airflow/dags/main.py
[2026-09-24T14:06:14.652+0000] {processor.py:840} INFO - DAG(s) 'update_db' retrieved from /opt/airflow/dags/main.py
[2026-09-24T14:06:15.406+0000] {logging_mixin.py:188} INFO - [2026-09-24T14:06:15.406+0000] {dag.py:3096} INFO - Sync 1 DAGs
[2026-09-24T14:06:15.481+0000] {logging_mixin.py:188} INFO - [2026-09-24T14:06:15.481+0000] {dag.py:3954} INFO - Setting next_dagrun for update_db to 2026-09-23 12:00:00+00:00, run_after=2026-09-24 12:00:00+00:00
[2026-09-24T14:06:15.533+0000] {processor.py:183} INFO - Processing /opt/airflow/dags/main.py took 1.347 seconds
[2026-09-24T14:06:45.699+0000] {processor.py:161} INFO - Started process (PID=78) to work on /opt/airflow/dags/main.py
[2026-09-24T14:06:45.705+0000] {processor.py:830} INFO - Processing file /opt/airflow/dags/main.py for tasks to queue
[2026-09-24T14:06:45.713+0000] {logging_mixin.py:188} INFO - [2026-09-24T14:06:45.712+0000] {dagbag.py:545} INFO - Filling up the DagBag from /opt/airflow/dags/main.py
[2026-09-24T14:06:46.075+0000] {processor.py:840} INFO - DAG(s) 'update_db' retrieved from /opt/airflow/dags/main.py
[2026-09-24T14:06:46.178+0000] {logging_mixin.py:188} INFO - [2026-09-24T14:06:46.177+0000] {dag.py:3096} INFO - Sync 1 DAGs
[2026-09-24T14:06:46.224+0000] {logging_mixin.py:188} INFO - [2026-09-24T14:06:46.224+0000] {dag.py:3954} INFO - Setting next_dagrun for update_db to 2026-09-24 12:00:00+00:00, run_after=2026-09-25 12:00:00+00:00
[2026-09-24T14:06:46.259+0000] {processor.py:183} INFO - Processing /opt/airflow/dags/main.py took 0.581 seconds
[2026-09-24T14:07:16.702+0000] {processor.py:161} INFO - Started process (PID=85) to work on /opt/airflow/dags/main.py
[2026-09-24T14:07:16.707+0000] {processor.py:830} INFO - Processing file /opt/airflow/dags/main.py for tasks to queue
[2026-09-24T14:07:16.716+0000] {logging_mixin.py:188} INFO - [2026-09-24T14:07:16.715+0000] {dagbag.py:545} INFO - Filling up the DagBag from /opt/airflow/dags/main.py
[2026-09-24T14:07:17.067+0000] {processor.py:840} INFO - DAG(s) 'update_db' retrieved from /opt/airflow/dags/main.py
[2026-09-24T14:07:17.115+0000] {logging_mixin.py:188} INFO - [2026-09-24T14:07:17.115+0000] {dag.py:3096} INFO - Sync 1 DAGs
[2026-09-24T14:07:17.152+0000] {logging_mixin.py:188} INFO - [2026-09-24T14:07:17.151+0000] {dag.py:3954} INFO - Setting next_dagrun for update_db to 2026-09-24 12:00:00+00:00, run_after=2026-09-25 12:00:00+00:00
[2026-09-24T14:07:17.185+0000] {processor.py:183} INFO - Processing /opt/airflow/dags/main.py took 0.520 seconds
[2026-09-24T14:07:47.640+0000] {processor.py:161} INFO - Started process (PID=92) to work on /opt/airflow/dags/main.py
[2026-09-24T14:07:47.643+0000] {processor.py:830} INFO - Processing file /opt/airflow/dags/main.py for tasks to queue
[2026-09-24T14:07:47.647+0000] {logging_mixin.py:188} INFO - [2026-09-24T14:07:47.647+0000] {dagbag.py:545} INFO - Filling up the DagBag from /opt/airflow/dags/main.py
[2026-09-24T14:07:47.856+0000] {processor.py:840} INFO - DAG(s) 'update_db' retrieved from /opt/airflow/dags/main.py
[2026-09-24T14:07:47.898+0000] {logging_mixin.py:188} INFO - [2026-09-24T14:07:47.898+0000] {dag.py:3096} INFO - Sync 1 DAGs
[2026-09-24T14:07:47.931+0000] {logging_mixin.py:188} INFO - [2026-09-24T14:07:47.931+0000] {dag.py:3954} INFO - Setting next_dagrun for update_db to 2026-09-24 12:00:00+00:00, run_after=2026-09-25 12:00:00+00:00
[2026-09-24T14:07:47.969+0000] {processor.py:183} INFO - Processing /opt/airflow/dags/main.py took 0.338 seconds
[2026-09-24T14:08:18.109+0000] {processor.py:161} INFO - Started process (PID=99) to work on /opt/airflow/dags/main.py
[2026-09-24T14:08:18.111+0000] {processor.py:830} INFO - Processing file /opt/airflow/dags/main.py for tasks to queue
[2026-09-24T14:08:18.114+0000] {logging_mixin.py:188} INFO - [2026-09-24T14:08:18.114+0000] {dagbag.py:545} INFO - Filling up the DagBag from /opt/airflow/dags/main.py
[2026-09-24T14:08:18.286+0000] {processor.py:840} INFO - DAG(s) 'update_db' retrieved from /opt/airflow/dags/main.py
[2026-09-24T14:08:18.321+0000] {logging_mixin.py:188} INFO - [2026-09-24T14:08:18.321+0000] {dag.py:3096} INFO - Sync 1 DAGs
[2026-09-24T14:08:18.351+0000] {logging_mixin.py:188} INFO - [2026-09-24T14:08:18.351+0000] {dag.py:3954} INFO - Setting next_dagrun for update_db to 2026-09-24 12:00:00+00:00, run_after=2026-09-25 12:00:00+00:00
[2026-09-24T14:08:18.384+0000] {processor.py:183} INFO - Processing /opt/airflow/dags/main.py took 0.284 seconds
[2026-09-24T14:08:48.684+0000] {processor.py:161} INFO - Started process (PID=106) to work on /opt/airflow/dags/main.py
[2026-09-24T14:08:48.688+0000] {processor.py:830} INFO - Processing file /opt/airflow/dags/main.py for tasks to queue
[2026-09-24T14:08:48.694+0000] {logging_mixin.py:188} INFO - [2026-09-24T14:08:48.693+0000] {dagbag.py:545} INFO - Filling up the DagBag from /opt/airflow/dags/main.py
[2026-09-24T14:08:48.930+0000] {processor.py:840} INFO - DAG(s) 'update_db' retrieved from /opt/airflow/dags/main.py
[2026-09-24T14:08:48.976+0000] {logging_mixin.py:188} INFO - [2026-09-24T14:08:48.976+0000] {dag.py:3096} INFO - Sync 1 DAGs
[2026-09-24T14:08:49.014+0000] {logging_mixin.py:188} INFO - [2026-09-24T14:08:49.014+0000] {dag.py:3954} INFO - Setting next_dagrun for update_db to 2026-09-24 12:00:00+00:00, run_after=2026-09-25 12:00:00+00:00
[2026-09-24T14:08:49.081+0000] {processor.py:183} INFO - Processing /opt/airflow/dags/main.py took 0.411 seconds
[2026-09-24T14:09:19.821+0000] {processor.py:161} INFO - Started process (PID=113) to work on /opt/airflow/dags/main.py
[2026-09-24T14:09:19.831+0000] {processor.py:830} INFO - Processing file /opt/airflow/dags/main.py for tasks to queue
[2026-09-24T14:09:19.839+0000] {logging_mixin.py:188} INFO - [2026-09-24T14:09:19.838+0000] {dagbag.py:545} INFO - Filling up the DagBag from /opt/airflow/dags/main.py
[2026-09-24T14:09:20.208+0000] {processor.py:840} INFO - DAG(s) 'update_db' retrieved from /opt/airflow/dags/main.py
[2026-09-24T14:09:20.329+0000] {logging_mixin.py:188} INFO - [2026-09-24T14:09:20.328+0000] {dag.py:3096} INFO - Sync 1 DAGs
[2026-09-24T14:09:20.372+0000] {logging_mixin.py:188} INFO - [2026-09-24T14:09:20.372+0000] {dag.py:3954} INFO - Setting next_dagrun for update_db to 2026-09-24 12:00:00+00:00, run_after=2026-09-25 12:00:00+00:00
[2026-09-24T14:09:20.420+0000] {processor.py:183} INFO - Processing /opt/airflow/dags/main.py took 0.624 seconds
[2026-09-24T14:09:51.002+0000] {processor.py:161} INFO - Started process (PID=120) to work on /opt/airflow/dags/main.py
[2026-09-24T14:09:51.005+0000] {processor.py:830} INFO - Processing file /opt/airflow/dags/main.py for tasks to queue
[2026-09-24T14:09:51.012+0000] {logging_mixin.py:188} INFO - [2026-09-24T14:09:51.011+0000] {dagbag.py:545} INFO - Filling up the DagBag from /opt/airflow/dags/main.py
[2026-09-24T14:09:51.241+0000] {processor.py:840} INFO - DAG(s) 'update_db' retrieved from /opt/airflow/dags/main.py
[2026-09-24T14:09:51.307+0000] {logging_mixin.py:188} INFO - [2026-09-24T14:09:51.306+0000] {dag.py:3096} INFO - Sync 1 DAGs
[2026-09-24T14:09:51.417+0000] {logging_mixin.py:188} INFO - [2026-09-24T14:09:51.416+0000] {dag.py:3954} INFO - Setting next_dagrun for update_db to 2026-09-24 12:00:00+00:00, run_after=2026-09-25 12:00:00+00:00
[2026-09-24T14:09:51.502+0000] {processor.py:183} INFO - Processing /opt/airflow/dags/main.py took 0.510 seconds
[2026-09-24T14:10:22.422+0000] {processor.py:161} INFO - Started process (PID=127) to work on /opt/airflow/dags/main.py
[2026-09-24T14:10:22.427+0000] {processor.py:830} INFO - Processing file /opt/airflow/dags/main.py for tasks to queue
[2026-09-24T14:10:22.434+0000] {logging_mixin.py:188} INFO - [2026-09-24T14:10:22.434+0000] {dagbag.py:545} INFO - Filling up the DagBag from /opt/airflow/dags/main.py
[2026-09-24T14:10:22.620+0000] {processor.py:840} INFO - DAG(s) 'update_db' retrieved from /opt/airflow/dags/main.py
[2026-09-24T14:10:22.657+0000] {logging_mixin.py:188} INFO - [2026-09-24T14:10:22.657+0000] {dag.py:3096} INFO - Sync 1 DAGs
[2026-09-24T14:10:22.687+0000] {logging_mixin.py:188} INFO - [2026-09-24T14:10:22.687+0000] {dag.py:3954} INFO - Setting next_dagrun for update_db to 2026-09-24 12:00:00+00:00, run_after=2026-09-25 12:00:00+00:00
[2026-09-24T14:10:22.715+0000] {processor.py:183} INFO - Processing /opt/airflow/dags/main.py took 0.313 seconds
[2026-09-24T14:10:53.244+0000] {processor.py:161} INFO - Started process (PID=134) to work on /opt/airflow/dags/main.py
[2026-09-24T14:10:53.246+0000] {processor.py:830} INFO - Processing file /opt/airflow/dags/main.py for tasks to queue
[2026-09-24T14:10:53.250+0000] {logging_mixin.py:188} INFO - [2026-09-24T14:10:53.249+0000] {dagbag.py:545} INFO - Filling up the DagBag from /opt/airflow/dags/main.py
[2026-09-24T14:10:53.514+0000] {processor.py:840} INFO - DAG(s) 'update_db' retrieved from /opt/airflow/dags/main.py
[2026-09-24T14:10:53.541+0000] {logging_mixin.py:188} INFO - [2026-09-24T14:10:53.541+0000] {dag.py:3096} INFO - Sync 1 DAGs
[2026-09-24T14:10:53.563+0000] {logging_mixin.py:188} INFO - [2026-09-24T14:10:53.562+0000] {dag.py:3954} INFO - Setting next_dagrun for update_db to 2026-09-24 12:00:00+00:00, run_after=2026-09-25 12:00:00+00:00
[2026-09-24T14:10:53.586+0000] {processor.py:183} INFO - Processing /opt/airflow/dags/main.py took 0.348 seconds
[2026-09-24T14:11:24.069+0000] {processor.py:161} INFO - Started process (PID=141) to work on /opt/airflow/dags/main.py
[2026-09-24T14:11:24.072+0000] {processor.py:830} INFO - Processing file /opt/airflow/dags/main.py for tasks to queue
[2026-09-24T14:11:24.075+0000] {logging_mixin.py:188} INFO - [2026-09-24T14:11:24.075+0000] {dagbag.py:545} INFO - Filling up the DagBag from /opt/airflow/dags/main.py
[2026-09-24T14:11:24.330+0000] {processor.py:840} INFO - DAG(s) 'update_db' retrieved from /opt/airflow/dags/main.py
[2026-09-24T14:11:24.358+0000] {logging_mixin.py:188} INFO - [2026-09-24T14:11:24.358+0000] {dag.py:3096} INFO - Sync 1 DAGs
[2026-09-24T14:11:24.390+0000] {logging_mixin.py:188} INFO - [2026-09-24T14:11:24.389+0000] {dag.py:3954} INFO - Setting next_dagrun for update_db to 2026-09-24 12:00:00+00:00, run_after=2026-09-25 12:00:00+00:00
[2026-09-24T14:11:24.441+0000] {processor.py:183} INFO - Processing /opt/airflow/dags/main.py took 0.379 seconds
[2026-09-24T14:11:54.864+0000] {processor.py:161} INFO - Started process (PID=148) to work on /opt/airflow/dags/main.py
[2026-09-24T14:11:54.867+0000] {processor.py:830} INFO - Processing file /opt/airflow/dags/main.py for tasks to queue
[2026-09-24T14:11:54.871+0000] {logging_mixin.py:188} INFO - [2026-09-24T14:11:54.871+0000] {dagbag.py:545} INFO - Filling up the DagBag from /opt/airflow/dags/main.py
[2026-09-24T14:11:55.117+0000] {processor.py:840} INFO - DAG(s) 'update_db' retrieved from /opt/airflow/dags/main.py
[2026-09-24T14:11:55.145+0000] {logging_mixin.py:188} INFO - [2026-09-24T14:11:55.145+0000] {dag.py:3096} INFO - Sync 1 DAGs
[2026-09-24T14:11:55.168+0000] {logging_mixin.py:188} INFO - [2026-09-24T14:11:55.168+0000] {dag.py:3954} INFO - Setting next_dagrun for update_db to 2026-09-24 12:00:00+00:00, run_after=2026-09-25 12:00:00+00:00
[2026-09-24T14:11:55.192+0000] {processor.py:183} INFO - Processing /opt/airflow/dags/main.py took 0.338 seconds
[2026-09-24T14:12:25.684+0000] {processor.py:161} INFO - Started process (PID=155) to work on /opt/airflow/dags/main.py
[2026-09-24T14:12:25.686+0000] {processor.py:830} INFO - Processing file /opt/airflow/dags/main.py for tasks to queue
[2026-09-24T14:12:25.689+0000] {logging_mixin.py:188} INFO - [2026-09-24T14:12:25.689+0000] {dagbag.py:545} INFO - Filling up the DagBag from /opt/airflow/dags/main.py
[2026-09-24T14:12:25.931+0000] {processor.py:840} INFO - DAG(s) 'update_db' retrieved from /opt/airflow/dags/main.py
[2026-09-24T14:12:25.958+0000] {logging_mixin.py:188} INFO - [2026-09-24T14:12:25.958+0000] {dag.py:3096} INFO - Sync 1 DAGs
[2026-09-24T14:12:25.976+0000] {logging_mixin.py:188} INFO - [2026-09-24T14:12:25.976+0000] {dag.py:3954} INFO - Setting next_dagrun for update_db to 2026-09-24 12:00:00+00:00, run_after=2026-09-25 12:00:00+00:00
[2026-09-24T14:12:25.997+0000] {processor.py:183} INFO - Processing /opt/airflow/dags/main.py took 0.319 seconds
[2026-09-24T14:12:56.252+0000] {processor.py:161} INFO - Started process (PID=162) to work on /opt/airflow/dags/main.py
[2026-09-24T14:12:56.255+0000] {processor.py:830} INFO - Processing file /opt/airflow/dags/main.py for tasks to queue
[2026-09-24T14:12:56.258+0000] {logging_mixin.py:188} INFO - [2026-09-24T14:12:56.258+0000] {dagbag.py:545} INFO - Filling up the DagBag from /opt/airflow/dags/main.py
[2026-09-24T14:12:56.536+0000] {processor.py:840} INFO - DAG(s) 'update_db' retrieved from /opt/airflow/dags/main.py
[2026-09-24T14:12:56.563+0000] {logging_mixin.py:188} INFO - [2026-09-24T14:12:56.563+0000] {dag.py:3096} INFO - Sync 1 DAGs
[2026-09-24T14:12:56.586+0000] {logging_mixin.py:188} INFO - [2026-09-24T14:12:56.586+0000] {dag.py:3954} INFO - Setting next_dagrun for update_db to 2026-09-24 12:00:00+00:00, run_after=2026-09-25 12:00:00+00:00
[2026-09-24T14:12:56.609+0000] {processor.py:183} INFO - Processing /opt/airflow/dags/main.py took 0.362 seconds
[2026-09-24T14:13:26.894+0000] {processor.py:161} INFO - Started process (PID=169) to work on /opt/airflow/dags/main.py
[2026-09-24T14:13:26.897+0000] {processor.py:830} INFO - Processing file /opt/airflow/dags/main.py for tasks to queue
[2026-09-24T14:13:26.901+0000] {logging_mixin.py:188} INFO - [2026-09-24T14:13:26.900+0000] {dagbag.py:545} INFO - Filling up the DagBag from /opt/airflow/dags/main.py
[2026-09-24T14:13:27.155+0000] {processor.py:840} INFO - DAG(s) 'update_db' retrieved from /opt/airflow/dags/main.py
[2026-09-24T14:13:27.184+0000] {logging_mixin.py:188} INFO - [2026-09-24T14:13:27.184+0000] {dag.py:3096} INFO - Sync 1 DAGs
[2026-09-24T14:13:27.209+0000] {logging_mixin.py:188} INFO - [2026-09-24T14:13:27.208+0000] {dag.py:3954} INFO - Setting next_dagrun for update_db to 2026-09-24 12:00:00+00:00, run_after=2026-09-25 12:00:00+00:00
[2026-09-24T14:13:27.237+0000] {processor.py:183} INFO - Processing /opt/airflow/dags/main.py took 0.350 seconds
[2026-09-24T14:13:57.552+0000] {processor.py:161} INFO - Started process (PID=176) to work on /opt/airflow/dags/main.py
[2026-09-24T14:13:57.556+0000] {processor.py:830} INFO - Processing file /opt/airflow/dags/main.py for tasks to queue
[2026-09-24T14:13:57.560+0000] {logging_mixin.py:188} INFO - [2026-09-24T14:13:57.560+0000] {dagbag.py:545} INFO - Filling up the DagBag from /opt/airflow/dags/main.py
[2026-09-24T14:13:57.791+0000] {processor.py:840} INFO - DAG(s) 'update_db' retrieved from /opt/airflow/dags/main.py
[2026-09-24T14:13:57.816+0000] {logging_mixin.py:188} INFO - [2026-09-24T14:13:57.815+0000] {dag.py:3096} INFO - Sync 1 DAGs
[2026-09-24T14:13:57.835+0000] {logging_mixin.py:188} INFO - [2026-09-24T14:13:57.835+0000] {dag.py:3954} INFO - Setting next_dagrun for update_db to 2026-09-24 12:00:00+00:00, run_after=2026-09-25 12:00:00+00:00
[2026-09-24T14:13:57.857+0000] {processor.py:183} INFO - Processing /opt/airflow/dags/main.py took 0.312 seconds
[2026-09-24T14:14:28.005+0000] {processor.py:161} INFO - Started process (PID=183) to work on /opt/airflow/dags/main.py
[2026-09-24T14:14:28.011+0000] {processor.py:830} INFO - Processing file /opt/airflow/dags/main.py for tasks to queue
[2026-09-24T14:14:28.017+0000] {logging_mixin.py:188} INFO - [2026-09-24T14:14:28.017+0000] {dagbag.py:545} INFO - Filling up the DagBag from /opt/airflow/dags/main.py
[2026-09-24T14:14:28.314+0000] {processor.py:840} INFO - DAG(s) 'update_db' retrieved from /opt/airflow/dags/main.py
[2026-09-24T14:14:28.349+0000] {logging_mixin.py:188} INFO - [2026-09-24T14:14:28.349+0000] {dag.py:3096} INFO - Sync 1 DAGs
[2026-09-24T14:14:28.379+0000] {logging_mixin.py:188} INFO - [2026-09-24T14:14:28.378+0000] {dag.py:3954} INFO - Setting next_dagrun for update_db to 2026-09-24 12:00:00+00:00, run_after=2026-09-25 12:00:00+00:00
[2026-09-24T14:14:28.409+0000] {processor.py:183} INFO - Processing /opt/airflow/dags/main.py took 0.416 seconds
[2026-09-24T14:14:59.055+0000] {processor.py:161} INFO - Started process (PID=190) to work on /opt/airflow/dags/main.py
[2026-09-24T14:14:59.057+0000] {processor.py:830} INFO - Processing file /opt/airflow/dags/main.py for tasks to queue
[2026-09-24T14:14:59.060+0000] {logging_mixin.py:188} INFO - [2026-09-24T14:14:59.060+0000] {dagbag.py:545} INFO - Filling up the DagBag from /opt/airflow/dags/main.py
[2026-09-24T14:14:59.295+0000] {processor.py:840} INFO - DAG(s) 'update_db' retrieved from /opt/airflow/dags/main.py
[2026-09-24T14:14:59.356+0000] {logging_mixin.py:188} INFO - [2026-09-24T14:14:59.355+0000] {dag.py:3096} INFO - Sync 1 DAGs
[2026-09-24T14:14:59.391+0000] {logging_mixin.py:188} INFO - [2026-09-24T14:14:59.391+0000] {dag.py:3954} INFO - Setting next_dagrun for update_db to 2026-09-24 12:00:00+00:00, run_after=2026-09-25 12:00:00+00:00
[2026-09-24T14:14:59.426+0000] {processor.py:183} INFO - Processing /opt/airflow/dags/main.py took 0.376 seconds
[2026-09-24T14:15:29.850+0000] {processor.py:161} INFO - Started process (PID=197) to work on /opt/airflow/dags/main.py
[2026-09-24T14:15:29.852+0000] {processor.py:830} INFO - Processing file /opt/airflow/dags/main.py for tasks to queue
[2026-09-24T14:15:29.855+0000] {logging_mixin.py:188} INFO - [2026-09-24T14:15:29.855+0000] {dagbag.py:545} INFO - Filling up the DagBag from /opt/airflow/dags/main.py
[2026-09-24T14:15:30.088+0000] {processor.py:840} INFO - DAG(s) 'update_db' retrieved from /opt/airflow/dags/main.py
[2026-09-24T14:15:30.119+0000] {logging_mixin.py:188} INFO - [2026-09-24T14:15:30.119+0000] {dag.py:3096} INFO - Sync 1 DAGs
[2026-09-24T14:15:30.143+0000] {logging_mixin.py:188} INFO - [2026-09-24T14:15:30.143+0000] {dag.py:3954} INFO - Setting next_dagrun for update_db to 2026-09-24 12:00:00+00:00, run_after=2026-09-25 12:00:00+00:00
[2026-09-24T14:15:30.169+0000] {processor.py:183} INFO - Processing /opt/airflow/dags/main.py took 0.329 seconds
[2026-09-24T14:16:01.083+0000] {processor.py:161} INFO - Started process (PID=204) to work on /opt/airflow/dags/main.py
[2026-09-24T14:16:01.086+0000] {processor.py:830} INFO - Processing file /opt/airflow/dags/main.py for tasks to queue
[2026-09-24T14:16:01.090+0000] {logging_mixin.py:188} INFO - [2026-09-24T14:16:01.090+0000] {dagbag.py:545} INFO - Filling up the DagBag from /opt/airflow/dags/main.py
[2026-09-24T14:16:01.325+0000] {processor.py:840} INFO - DAG(s) 'update_db' retrieved from /opt/airflow/dags/main.py
[2026-09-24T14:16:01.364+0000] {logging_mixin.py:188} INFO - [2026-09-24T14:16:01.364+0000] {dag.py:3096} INFO - Sync 1 DAGs
[2026-09-24T14:16:01.391+0000] {logging_mixin.py:188} INFO - [2026-09-24T14:16:01.391+0000] {dag.py:3954} INFO - Setting next_dagrun for update_db to 2026-09-24 12:00:00+00:00, run_after=2026-09-25 12:00:00+00:00
[2026-09-24T14:16:01.436+0000] {processor.py:183} INFO - Processing /opt/airflow/dags/main.py took 0.362 seconds
[2026-09-24T14:16:32.431+0000] {processor.py:161} INFO - Started process (PID=211) to work on /opt/airflow/dags/main.py
[2026-09-24T14:16:32.434+0000] {processor.py:830} INFO - Processing file /opt/airflow/dags/main.py for tasks to queue
[2026-09-24T14:16:32.438+0000] {logging_mixin.py:188} INFO - [2026-09-24T14:16:32.437+0000] {dagbag.py:545} INFO - Filling up the DagBag from /opt/airflow/dags/main.py
[2026-09-24T14:16:32.741+0000] {processor.py:840} INFO - DAG(s) 'update_db' retrieved from /opt/airflow/dags/main.py
[2026-09-24T14:16:32.768+0000] {logging_mixin.py:188} INFO - [2026-09-24T14:16:32.768+0000] {dag.py:3096} INFO - Sync 1 DAGs
[2026-09-24T14:16:32.790+0000] {logging_mixin.py:188} INFO - [2026-09-24T14:16:32.789+0000] {dag.py:3954} INFO - Setting next_dagrun for update_db to 2026-09-24 12:00:00+00:00, run_after=2026-09-25 12:00:00+00:00
[2026-09-24T14:16:32.813+0000] {processor.py:183} INFO - Processing /opt/airflow/dags/main.py took 0.387 seconds
[2026-09-24T14:17:03.381+0000] {processor.py:161} INFO - Started process (PID=218) to work on /opt/airflow/dags/main.py
[2026-09-24T14:17:03.385+0000] {processor.py:830} INFO - Processing file /opt/airflow/dags/main.py for tasks to queue
[2026-09-24T14:17:03.392+0000] {logging_mixin.py:188} INFO - [2026-09-24T14:17:03.391+0000] {dagbag.py:545} INFO - Filling up the DagBag from /opt/airflow/dags/main.py
[2026-09-24T14:17:03.706+0000] {processor.py:840} INFO - DAG(s) 'update_db' retrieved from /opt/airflow/dags/main.py
[2026-09-24T14:17:03.736+0000] {logging_mixin.py:188} INFO - [2026-09-24T14:17:03.736+0000] {dag.py:3096} INFO - Sync 1 DAGs
[2026-09-24T14:17:03.762+0000] {logging_mixin.py:188} INFO - [2026-09-24T14:17:03.762+0000] {dag.py:3954} INFO - Setting next_dagrun for update_db to 2026-09-24 12:00:00+00:00, run_after=2026-09-25 12:00:00+00:00
[2026-09-24T14:17:03.787+0000] {processor.py:183} INFO - Processing /opt/airflow/dags/main.py took 0.422 seconds
[2026-09-24T14:17:33.906+0000] {processor.py:161} INFO - Started process (PID=225) to work on /opt/airflow/dags/main.py
[2026-09-24T14:17:33.909+0000] {processor.py:830} INFO - Processing file /opt/airflow/dags/main.py for tasks to queue
[2026-09-24T14:17:33.912+0000] {logging_mixin.py:188} INFO - [2026-09-24T14:17:33.912+0000] {dagbag.py:545} INFO - Filling up the DagBag from /opt/airflow/dags/main.py
[2026-09-24T14:17:34.188+0000] {processor.py:840} INFO - DAG(s) 'update_db' retrieved from /opt/airflow/dags/main.py
[2026-09-24T14:17:34.215+0000] {logging_mixin.py:188} INFO - [2026-09-24T14:17:34.215+0000] {dag.py:3096} INFO - Sync 1 DAGs
[2026-09-24T14:17:34.237+0000] {logging_mixin.py:188} INFO - [2026-09-24T14:17:34.237+0000] {dag.py:3954} INFO - Setting next_dagrun for update_db to 2026-09-24 12:00:00+00:00, run_after=2026-09-25 12:00:00+00:00
[2026-09-24T14:17:34.260+0000] {processor.py:183} INFO - Processing /opt/airflow/dags/main.py took 0.360 seconds
[2026-09-24T14:18:04.902+0000] {processor.py:161} INFO - Started process (PID=232) to work on /opt/airflow/dags/main.py
[2026-09-24T14:18:04.908+0000] {processor.py:830} INFO - Processing file /opt/airflow/dags/main.py for tasks to queue
[2026-09-24T14:18:04.917+0000] {logging_mixin.py:188} INFO - [2026-09-24T14:18:04.916+0000] {dagbag.py:545} INFO - Filling up the DagBag from /opt/airflow/dags/main.py
[2026-09-24T14:18:05.276+0000] {processor.py:840} INFO - DAG(s) 'update_db' retrieved from /opt/airflow/dags/main.py
[2026-09-24T14:18:05.320+0000] {logging_mixin.py:188} INFO - [2026-09-24T14:18:05.319+0000] {dag.py:3096} INFO - Sync 1 DAGs
[2026-09-24T14:18:05.359+0000] {logging_mixin.py:188} INFO - [2026-09-24T14:18:05.358+0000] {dag.py:3954} INFO - Setting next_dagrun for update_db to 2026-09-24 12:00:00+00:00, run_after=2026-09-25 12:00:00+00:00
[2026-09-24T14:18:05.400+0000] {processor.py:183} INFO - Processing /opt/airflow/dags/main.py took 0.511 seconds
[2026-09-24T14:18:36.348+0000] {processor.py:161} INFO - Started process (PID=239) to work on /opt/airflow/dags/main.py
[2026-09-24T14:18:36.351+0000] {processor.py:830} INFO - Processing file /opt/airflow/dags/main.py for tasks to queue
[2026-09-24T14:18:36.355+0000] {logging_mixin.py:188} INFO - [2026-09-24T14:18:36.355+0000] {dagbag.py:545} INFO - Filling up the DagBag from /opt/airflow/dags/main.py
[2026-09-24T14:18:36.592+0000] {processor.py:840} INFO - DAG(s) 'update_db' retrieved from /opt/airflow/dags/main.py
[2026-09-24T14:18:36.617+0000] {logging_mixin.py:188} INFO - [2026-09-24T14:18:36.617+0000] {dag.py:3096} INFO - Sync 1 DAGs
[2026-09-24T14:18:36.642+0000] {logging_mixin.py:188} INFO - [2026-09-24T14:18:36.641+0000] {dag.py:3954} INFO - Setting next_dagrun for update_db to 2026-09-24 12:00:00+00:00, run_after=2026-09-25 12:00:00+00:00
[2026-09-24T14:18:36.666+0000] {processor.py:183} INFO - Processing /opt/airflow/dags/main.py took 0.322 seconds
[2026-09-24T14:19:07.009+0000] {processor.py:161} INFO - Started process (PID=246) to work on /opt/airflow/dags/main.py
[2026-09-24T14:19:07.014+0000] {processor.py:830} INFO - Processing file /opt/airflow/dags/main.py for tasks to queue
[2026-09-24T14:19:07.019+0000] {logging_mixin.py:188} INFO - [2026-09-24T14:19:07.018+0000] {dagbag.py:545} INFO - Filling up the DagBag from /opt/airflow/dags/main.py
[2026-09-24T14:19:07.343+0000] {processor.py:840} INFO - DAG(s) 'update_db' retrieved from /opt/airflow/dags/main.py
[2026-09-24T14:19:07.394+0000] {logging_mixin.py:188} INFO - [2026-09-24T14:19:07.393+0000] {dag.py:3096} INFO - Sync 1 DAGs
[2026-09-24T14:19:07.427+0000] {logging_mixin.py:188} INFO - [2026-09-24T14:19:07.426+0000] {dag.py:3954} INFO - Setting next_dagrun for update_db to 2026-09-24 12:00:00+00:00, run_after=2026-09-25 12:00:00+00:00
[2026-09-24T14:19:07.460+0000] {processor.py:183} INFO - Processing /opt/airflow/dags/main.py took 0.460 seconds
[2026-09-24T14:19:37.975+0000] {processor.py:161} INFO - Started process (PID=253) to work on /opt/airflow/dags/main.py
[2026-09-24T14:19:37.978+0000] {processor.py:830} INFO - Processing file /opt/airflow/dags/main.py for tasks to queue
[2026-09-24T14:19:37.981+0000] {logging_mixin.py:188} INFO - [2026-09-24T14:19:37.981+0000] {dagbag.py:545} INFO - Filling up the DagBag from /opt/airflow/dags/main.py
[2026-09-24T14:19:38.232+0000] {processor.py:840} INFO - DAG(s) 'update_db' retrieved from /opt/airflow/dags/main.py
[2026-09-24T14:19:38.257+0000] {logging_mixin.py:188} INFO - [2026-09-24T14:19:38.257+0000] {dag.py:3096} INFO - Sync 1 DAGs
[2026-09-24T14:19:38.274+0000] {logging_mixin.py:188} INFO - [2026-09-24T14:19:38.274+0000] {dag.py:3954} INFO - Setting next_dagrun for update_db to 2026-09-24 12:00:00+00:00, run_after=2026-09-25 12:00:00+00:00
[2026-09-24T14:19:38.296+0000] {processor.py:183} INFO - Processing /opt/airflow/dags/main.py took 0.326 seconds
[2026-09-24T14:20:09.045+0000] {processor.py:161} INFO - Started process (PID=260) to work on /opt/airflow/dags/main.py
[2026-09-24T14:20:09.048+0000] {processor.py:830} INFO - Processing file /opt/airflow/dags/main.py for tasks to queue
[2026-09-24T14:20:09.051+0000] {logging_mixin.py:188} INFO - [2026-09-24T14:20:09.051+0000] {dagbag.py:545} INFO - Filling up the DagBag from /opt/airflow/dags/main.py
[2026-09-24T14:20:09.376+0000] {processor.py:840} INFO - DAG(s) 'update_db' retrieved from /opt/airflow/dags/main.py
[2026-09-24T14:20:09.403+0000] {logging_mixin.py:188} INFO - [2026-09-24T14:20:09.403+0000] {dag.py:3096} INFO - Sync 1 DAGs
[2026-09-24T14:20:09.424+0000] {logging_mixin.py:188} INFO - [2026-09-24T14:20:09.423+0000] {dag.py:3954} INFO - Setting next_dagrun for update_db to 2026-09-24 12:00:00+00:00, run_after=2026-09-25 12:00:00+00:00
[2026-09-24T14:20:09.445+0000] {processor.py:183} INFO - Processing /opt/airflow/dags/main.py took 0.408 seconds
[2026-09-24T14:20:39.697+0000] {processor.py:161} INFO - Started process (PID=267) to work on /opt/airflow/dags/main.py
[2026-09-24T14:20:39.700+0000] {processor.py:830} INFO - Processing file /opt/airflow/dags/main.py for tasks to queue
[2026-09-24T14:20:39.705+0000] {logging_mixin.py:188} INFO - [2026-09-24T14:20:39.705+0000] {dagbag.py:545} INFO - Filling up the DagBag from /opt/airflow/dags/main.py
[2026-09-24T14:20:39.921+0000] {processor.py:840} INFO - DAG(s) 'update_db' retrieved from /opt/airflow/dags/main.py
[2026-09-24T14:20:40.097+0000] {logging_mixin.py:188} INFO - [2026-09-24T14:20:40.096+0000] {dag.py:3096} INFO - Sync 1 DAGs
[2026-09-24T14:20:40.218+0000] {logging_mixin.py:188} INFO - [2026-09-24T14:20:40.216+0000] {dag.py:3954} INFO - Setting next_dagrun for update_db to 2026-09-24 12:00:00+00:00, run_after=2026-09-25 12:00:00+00:00
[2026-09-24T14:20:40.270+0000] {processor.py:183} INFO - Processing /opt/airflow/dags/main.py took 0.583 seconds
[2026-09-24T14:21:10.676+0000] {processor.py:161} INFO - Started process (PID=274) to work on /opt/airflow/dags/main.py
[2026-09-24T14:21:10.679+0000] {processor.py:830} INFO - Processing file /opt/airflow/dags/main.py for tasks to queue
[2026-09-24T14:21:10.683+0000] {logging_mixin.py:188} INFO - [2026-09-24T14:21:10.682+0000] {dagbag.py:545} INFO - Filling up the DagBag from /opt/airflow/dags/main.py
[2026-09-24T14:21:11.170+0000] {processor.py:840} INFO - DAG(s) 'update_db' retrieved from /opt/airflow/dags/main.py
[2026-09-24T14:21:11.197+0000] {logging_mixin.py:188} INFO - [2026-09-24T14:21:11.196+0000] {dag.py:3096} INFO - Sync 1 DAGs
[2026-09-24T14:21:11.215+0000] {logging_mixin.py:188} INFO - [2026-09-24T14:21:11.215+0000] {dag.py:3954} INFO - Setting next_dagrun for update_db to 2026-09-24 12:00:00+00:00, run_after=2026-09-25 12:00:00+00:00
[2026-09-24T14:21:11.234+0000] {processor.py:183} INFO - Processing /opt/airflow/dags/main.py took 0.565 seconds
[2026-09-24T14:21:41.356+0000] {processor.py:161} INFO - Started process (PID=281) to work on /opt/airflow/dags/main.py
[2026-09-24T14:21:41.359+0000] {processor.py:830} INFO - Processing file /opt/airflow/dags/main.py for tasks to queue
[2026-09-24T14:21:41.363+0000] {logging_mixin.py:188} INFO - [2026-09-24T14:21:41.363+0000] {dagbag.py:545} INFO - Filling up the DagBag from /opt/airflow/dags/main.py
[2026-09-24T14:21:41.738+0000] {processor.py:840} INFO - DAG(s) 'update_db' retrieved from /opt/airflow/dags/main.py
[2026-09-24T14:21:41.775+0000] {logging_mixin.py:188} INFO - [2026-09-24T14:21:41.775+0000] {dag.py:3096} INFO - Sync 1 DAGs
[2026-09-24T14:21:41.802+0000] {logging_mixin.py:188} INFO - [2026-09-24T14:21:41.802+0000] {dag.py:3954} INFO - Setting next_dagrun for update_db to 2026-09-24 12:00:00+00:00, run_after=2026-09-25 12:00:00+00:00
[2026-09-24T14:21:41.835+0000] {processor.py:183} INFO - Processing /opt/airflow/dags/main.py took 0.489 seconds
[2026-09-24T14:22:12.176+0000] {processor.py:161} INFO - Started process (PID=288) to work on /opt/airflow/dags/main.py
[2026-09-24T14:22:12.179+0000] {processor.py:830} INFO - Processing file /opt/airflow/dags/main.py for tasks to queue
[2026-09-24T14:22:12.182+0000] {logging_mixin.py:188} INFO - [2026-09-24T14:22:12.182+0000] {dagbag.py:545} INFO - Filling up the DagBag from /opt/airflow/dags/main.py
[2026-09-24T14:22:12.466+0000] {processor.py:840} INFO - DAG(s) 'update_db' retrieved from /opt/airflow/dags/main.py
[2026-09-24T14:22:12.498+0000] {logging_mixin.py:188} INFO - [2026-09-24T14:22:12.498+0000] {dag.py:3096} INFO - Sync 1 DAGs
[2026-09-24T14:22:12.518+0000] {logging_mixin.py:188} INFO - [2026-09-24T14:22:12.518+0000] {dag.py:3954} INFO - Setting next_dagrun for update_db to 2026-09-24 12:00:00+00:00, run_after=2026-09-25 12:00:00+00:00
[2026-09-24T14:22:12.541+0000] {processor.py:183} INFO - Processing /opt/airflow/dags/main.py took 0.372 seconds
[2026-09-24T14:22:42.953+0000] {processor.py:161} INFO - Started process (PID=295) to work on /opt/airflow/dags/main.py
[2026-09-24T14:22:42.955+0000] {processor.py:830} INFO - Processing file /opt/airflow/dags/main.py for tasks to queue
[2026-09-24T14:22:42.958+0000] {logging_mixin.py:188} INFO - [2026-09-24T14:22:42.958+0000] {dagbag.py:545} INFO - Filling up the DagBag from /opt/airflow/dags/main.py
[2026-09-24T14:22:43.207+0000] {processor.py:840} INFO - DAG(s) 'update_db' retrieved from /opt/airflow/dags/main.py
[2026-09-24T14:22:43.235+0000] {logging_mixin.py:188} INFO - [2026-09-24T14:22:43.234+0000] {dag.py:3096} INFO - Sync 1 DAGs
[2026-09-24T14:22:43.258+0000] {logging_mixin.py:188} INFO - [2026-09-24T14:22:43.257+0000] {dag.py:3954} INFO - Setting next_dagrun for update_db to 2026-09-24 12:00:00+00:00, run_after=2026-09-25 12:00:00+00:00
[2026-09-24T14:22:43.280+0000] {processor.py:183} INFO - Processing /opt/airflow/dags/main.py took 0.335 seconds
[2026-09-24T14:23:13.418+0000] {processor.py:161} INFO - Started process (PID=302) to work on /opt/airflow/dags/main.py
[2026-09-24T14:23:13.423+0000] {processor.py:830} INFO - Processing file /opt/airflow/dags/main.py for tasks to queue
[2026-09-24T14:23:13.428+0000] {logging_mixin.py:188} INFO - [2026-09-24T14:23:13.427+0000] {dagbag.py:545} INFO - Filling up the DagBag from /opt/airflow/dags/main.py
[2026-09-24T14:23:13.757+0000] {processor.py:840} INFO - DAG(s) 'update_db' retrieved from /opt/airflow/dags/main.py
[2026-09-24T14:23:13.830+0000] {logging_mixin.py:188} INFO - [2026-09-24T14:23:13.829+0000] {dag.py:3096} INFO - Sync 1 DAGs
[2026-09-24T14:23:13.911+0000] {logging_mixin.py:188} INFO - [2026-09-24T14:23:13.910+0000] {dag.py:3954} INFO - Setting next_dagrun for update_db to 2026-09-24 12:00:00+00:00, run_after=2026-09-25 12:00:00+00:00
[2026-09-24T14:23:13.949+0000] {processor.py:183} INFO - Processing /opt/airflow/dags/main.py took 0.537 seconds
[2026-09-24T14:23:44.649+0000] {processor.py:161} INFO - Started process (PID=315) to work on /opt/airflow/dags/main.py
[2026-09-24T14:23:44.651+0000] {processor.py:830} INFO - Processing file /opt/airflow/dags/main.py for tasks to queue
[2026-09-24T14:23:44.654+0000] {logging_mixin.py:188} INFO - [2026-09-24T14:23:44.654+0000] {dagbag.py:545} INFO - Filling up the DagBag from /opt/airflow/dags/main.py
[2026-09-24T14:23:44.904+0000] {processor.py:840} INFO - DAG(s) 'update_db' retrieved from /opt/airflow/dags/main.py
[2026-09-24T14:23:44.929+0000] {logging_mixin.py:188} INFO - [2026-09-24T14:23:44.929+0000] {dag.py:3096} INFO - Sync 1 DAGs
[2026-09-24T14:23:44.947+0000] {logging_mixin.py:188} INFO - [2026-09-24T14:23:44.947+0000] {dag.py:3954} INFO - Setting next_dagrun for update_db to 2026-09-24 12:00:00+00:00, run_after=2026-09-25 12:00:00+00:00
[2026-09-24T14:23:44.968+0000] {processor.py:183} INFO - Processing /opt/airflow/dags/main.py took 0.323 seconds
[2026-09-24T14:24:15.073+0000] {processor.py:161} INFO - Started process (PID=322) to work on /opt/airflow/dags/main.py
[2026-09-24T14:24:15.076+0000] {processor.py:830} INFO - Processing file /opt/airflow/dags/main.py for tasks to queue
[2026-09-24T14:24:15.078+0000] {logging_mixin.py:188} INFO - [2026-09-24T14:24:15.078+0000] {dagbag.py:545} INFO - Filling up the DagBag from /opt/airflow/dags/main.py
[2026-09-24T14:24:15.311+0000] {processor.py:840} INFO - DAG(s) 'update_db' retrieved from /opt/airflow/dags/main.py
[2026-09-24T14:24:15.338+0000] {logging_mixin.py:188} INFO - [2026-09-24T14:24:15.337+0000] {dag.py:3096} INFO - Sync 1 DAGs
[2026-09-24T14:24:15.357+0000] {logging_mixin.py:188} INFO - [2026-09-24T14:24:15.357+0000] {dag.py:3954} INFO - Setting next_dagrun for update_db to 2026-09-24 12:00:00+00:00, run_after=2026-09-25 12:00:00+00:00
[2026-09-24T14:24:15.388+0000] {processor.py:183} INFO - Processing /opt/airflow/dags/main.py took 0.320 seconds
[2026-09-24T14:24:45.707+0000] {processor.py:161} INFO - Started process (PID=330) to work on /opt/airflow/dags/main.py
[2026-09-24T14:24:45.709+0000] {processor.py:830} INFO - Processing file /opt/airflow/dags/main.py for tasks to queue
[2026-09-24T14:24:45.713+0000] {logging_mixin.py:188} INFO - [2026-09-24T14:24:45.713+0000] {dagbag.py:545} INFO - Filling up the DagBag from /opt/airflow/dags/main.py
[2026-09-24T14:24:45.936+0000] {processor.py:840} INFO - DAG(s) 'update_db' retrieved from /opt/airflow/dags/main.py
[2026-09-24T14:24:45.963+0000] {logging_mixin.py:188} INFO - [2026-09-24T14:24:45.963+0000] {dag.py:3096} INFO - Sync 1 DAGs
[2026-09-24T14:24:45.983+0000] {logging_mixin.py:188} INFO - [2026-09-24T14:24:45.983+0000] {dag.py:3954} INFO - Setting next_dagrun for update_db to 2026-09-24 12:00:00+00:00, run_after=2026-09-25 12:00:00+00:00
[2026-09-24T14:24:46.003+0000] {processor.py:183} INFO - Processing /opt/airflow/dags/main.py took 0.302 seconds
[2026-09-24T14:25:16.188+0000] {processor.py:161} INFO - Started process (PID=337) to work on /opt/airflow/dags/main.py
[2026-09-24T14:25:16.194+0000] {processor.py:830} INFO - Processing file /opt/airflow/dags/main.py for tasks to queue
[2026-09-24T14:25:16.203+0000] {logging_mixin.py:188} INFO - [2026-09-24T14:25:16.201+0000] {dagbag.py:545} INFO - Filling up the DagBag from /opt/airflow/dags/main.py
[2026-09-24T14:25:16.470+0000] {processor.py:840} INFO - DAG(s) 'update_db' retrieved from /opt/airflow/dags/main.py
[2026-09-24T14:25:16.505+0000] {logging_mixin.py:188} INFO - [2026-09-24T14:25:16.505+0000] {dag.py:3096} INFO - Sync 1 DAGs
[2026-09-24T14:25:16.532+0000] {logging_mixin.py:188} INFO - [2026-09-24T14:25:16.532+0000] {dag.py:3954} INFO - Setting next_dagrun for update_db to 2026-09-24 12:00:00+00:00, run_after=2026-09-25 12:00:00+00:00
[2026-09-24T14:25:16.559+0000] {processor.py:183} INFO - Processing /opt/airflow/dags/main.py took 0.393 seconds
[2026-09-24T14:25:46.916+0000] {processor.py:161} INFO - Started process (PID=344) to work on /opt/airflow/dags/main.py
[2026-09-24T14:25:46.919+0000] {processor.py:830} INFO - Processing file /opt/airflow/dags/main.py for tasks to queue
[2026-09-24T14:25:46.922+0000] {logging_mixin.py:188} INFO - [2026-09-24T14:25:46.922+0000] {dagbag.py:545} INFO - Filling up the DagBag from /opt/airflow/dags/main.py
[2026-09-24T14:25:47.152+0000] {processor.py:840} INFO - DAG(s) 'update_db' retrieved from /opt/airflow/dags/main.py
[2026-09-24T14:25:47.190+0000] {logging_mixin.py:188} INFO - [2026-09-24T14:25:47.190+0000] {dag.py:3096} INFO - Sync 1 DAGs
[2026-09-24T14:25:47.220+0000] {logging_mixin.py:188} INFO - [2026-09-24T14:25:47.220+0000] {dag.py:3954} INFO - Setting next_dagrun for update_db to 2026-09-24 12:00:00+00:00, run_after=2026-09-25 12:00:00+00:00
[2026-09-24T14:25:47.252+0000] {processor.py:183} INFO - Processing /opt/airflow/dags/main.py took 0.341 seconds
[2026-09-24T14:26:18.084+0000] {processor.py:161} INFO - Started process (PID=351) to work on /opt/airflow/dags/main.py
[2026-09-24T14:26:18.087+0000] {processor.py:830} INFO - Processing file /opt/airflow/dags/main.py for tasks to queue
[2026-09-24T14:26:18.091+0000] {logging_mixin.py:188} INFO - [2026-09-24T14:26:18.090+0000] {dagbag.py:545} INFO - Filling up the DagBag from /opt/airflow/dags/main.py
[2026-09-24T14:26:18.328+0000] {processor.py:840} INFO - DAG(s) 'update_db' retrieved from /opt/airflow/dags/main.py
[2026-09-24T14:26:18.357+0000] {logging_mixin.py:188} INFO - [2026-09-24T14:26:18.357+0000] {dag.py:3096} INFO - Sync 1 DAGs
[2026-09-24T14:26:18.385+0000] {logging_mixin.py:188} INFO - [2026-09-24T14:26:18.384+0000] {dag.py:3954} INFO - Setting next_dagrun for update_db to 2026-09-24 12:00:00+00:00, run_after=2026-09-25 12:00:00+00:00
[2026-09-24T14:26:18.409+0000] {processor.py:183} INFO - Processing /opt/airflow/dags/main.py took 0.330 seconds
[2026-09-24T14:26:48.495+0000] {processor.py:161} INFO - Started process (PID=358) to work on /opt/airflow/dags/main.py
[2026-09-24T14:26:48.499+0000] {processor.py:830} INFO - Processing file /opt/airflow/dags/main.py for tasks to queue
[2026-09-24T14:26:48.504+0000] {logging_mixin.py:188} INFO - [2026-09-24T14:26:48.503+0000] {dagbag.py:545} INFO - Filling up the DagBag from /opt/airflow/dags/main.py
[2026-09-24T14:26:48.777+0000] {processor.py:840} INFO - DAG(s) 'update_db' retrieved from /opt/airflow/dags/main.py
[2026-09-24T14:26:48.812+0000] {logging_mixin.py:188} INFO - [2026-09-24T14:26:48.811+0000] {dag.py:3096} INFO - Sync 1 DAGs
[2026-09-24T14:26:48.843+0000] {logging_mixin.py:188} INFO - [2026-09-24T14:26:48.843+0000] {dag.py:3954} INFO - Setting next_dagrun for update_db to 2026-09-24 12:00:00+00:00, run_after=2026-09-25 12:00:00+00:00
[2026-09-24T14:26:48.869+0000] {processor.py:183} INFO - Processing /opt/airflow/dags/main.py took 0.384 seconds
[2026-09-24T14:27:19.744+0000] {processor.py:161} INFO - Started process (PID=365) to work on /opt/airflow/dags/main.py
[2026-09-24T14:27:19.747+0000] {processor.py:830} INFO - Processing file /opt/airflow/dags/main.py for tasks to queue
[2026-09-24T14:27:19.751+0000] {logging_mixin.py:188} INFO - [2026-09-24T14:27:19.751+0000] {dagbag.py:545} INFO - Filling up the DagBag from /opt/airflow/dags/main.py
[2026-09-24T14:27:20.070+0000] {processor.py:840} INFO - DAG(s) 'update_db' retrieved from /opt/airflow/dags/main.py
[2026-09-24T14:27:20.138+0000] {logging_mixin.py:188} INFO - [2026-09-24T14:27:20.138+0000] {dag.py:3096} INFO - Sync 1 DAGs
[2026-09-24T14:27:20.187+0000] {logging_mixin.py:188} INFO - [2026-09-24T14:27:20.186+0000] {dag.py:3954} INFO - Setting next_dagrun for update_db to 2026-09-24 12:00:00+00:00, run_after=2026-09-25 12:00:00+00:00
[2026-09-24T14:27:20.256+0000] {processor.py:183} INFO - Processing /opt/airflow/dags/main.py took 0.517 seconds
[2026-09-24T14:27:50.906+0000] {processor.py:161} INFO - Started process (PID=372) to work on /opt/airflow/dags/main.py
[2026-09-24T14:27:50.910+0000] {processor.py:830} INFO - Processing file /opt/airflow/dags/main.py for tasks to queue
[2026-09-24T14:27:50.916+0000] {logging_mixin.py:188} INFO - [2026-09-24T14:27:50.916+0000] {dagbag.py:545} INFO - Filling up the DagBag from /opt/airflow/dags/main.py
[2026-09-24T14:27:51.219+0000] {processor.py:840} INFO - DAG(s) 'update_db' retrieved from /opt/airflow/dags/main.py
[2026-09-24T14:27:51.295+0000] {logging_mixin.py:188} INFO - [2026-09-24T14:27:51.293+0000] {dag.py:3096} INFO - Sync 1 DAGs
[2026-09-24T14:27:51.344+0000] {logging_mixin.py:188} INFO - [2026-09-24T14:27:51.343+0000] {dag.py:3954} INFO - Setting next_dagrun for update_db to 2026-09-24 12:00:00+00:00, run_after=2026-09-25 12:00:00+00:00
[2026-09-24T14:27:51.409+0000] {processor.py:183} INFO - Processing /opt/airflow/dags/main.py took 0.517 seconds
[2026-09-24T14:28:21.915+0000] {processor.py:161} INFO - Started process (PID=379) to work on /opt/airflow/dags/main.py
[2026-09-24T14:28:21.917+0000] {processor.py:830} INFO - Processing file /opt/airflow/dags/main.py for tasks to queue
[2026-09-24T14:28:21.922+0000] {logging_mixin.py:188} INFO - [2026-09-24T14:28:21.921+0000] {dagbag.py:545} INFO - Filling up the DagBag from /opt/airflow/dags/main.py
[2026-09-24T14:28:22.160+0000] {processor.py:840} INFO - DAG(s) 'update_db' retrieved from /opt/airflow/dags/main.py
[2026-09-24T14:28:22.186+0000] {logging_mixin.py:188} INFO - [2026-09-24T14:28:22.185+0000] {dag.py:3096} INFO - Sync 1 DAGs
[2026-09-24T14:28:22.214+0000] {logging_mixin.py:188} INFO - [2026-09-24T14:28:22.214+0000] {dag.py:3954} INFO - Setting next_dagrun for update_db to 2026-09-24 12:00:00+00:00, run_after=2026-09-25 12:00:00+00:00
[2026-09-24T14:28:22.237+0000] {processor.py:183} INFO - Processing /opt/airflow/dags/main.py took 0.327 seconds
[2026-09-24T14:28:52.785+0000] {processor.py:161} INFO - Started process (PID=385) to work on /opt/airflow/dags/main.py
[2026-09-24T14:28:52.788+0000] {processor.py:830} INFO - Processing file /opt/airflow/dags/main.py for tasks to queue
[2026-09-24T14:28:52.795+0000] {logging_mixin.py:188} INFO - [2026-09-24T14:28:52.794+0000] {dagbag.py:545} INFO - Filling up the DagBag from /opt/airflow/dags/main.py
[2026-09-24T14:28:53.087+0000] {processor.py:840} INFO - DAG(s) 'update_db' retrieved from /opt/airflow/dags/main.py
[2026-09-24T14:28:53.133+0000] {logging_mixin.py:188} INFO - [2026-09-24T14:28:53.133+0000] {dag.py:3096} INFO - Sync 1 DAGs
[2026-09-24T14:28:53.186+0000] {logging_mixin.py:188} INFO - [2026-09-24T14:28:53.186+0000] {dag.py:3954} INFO - Setting next_dagrun for update_db to 2026-09-24 12:00:00+00:00, run_after=2026-09-25 12:00:00+00:00
[2026-09-24T14:28:53.228+0000] {processor.py:183} INFO - Processing /opt/airflow/dags/main.py took 0.450 seconds
[2026-09-24T14:29:23.875+0000] {processor.py:161} INFO - Started process (PID=392) to work on /opt/airflow/dags/main.py
[2026-09-24T14:29:23.878+0000] {processor.py:830} INFO - Processing file /opt/airflow/dags/main.py for tasks to queue
[2026-09-24T14:29:23.884+0000] {logging_mixin.py:188} INFO - [2026-09-24T14:29:23.883+0000] {dagbag.py:545} INFO - Filling up the DagBag from /opt/airflow/dags/main.py
[2026-09-24T14:29:24.115+0000] {processor.py:840} INFO - DAG(s) 'update_db' retrieved from /opt/airflow/dags/main.py
[2026-09-24T14:29:24.175+0000] {logging_mixin.py:188} INFO - [2026-09-24T14:29:24.173+0000] {dag.py:3096} INFO - Sync 1 DAGs
[2026-09-24T14:29:24.236+0000] {logging_mixin.py:188} INFO - [2026-09-24T14:29:24.236+0000] {dag.py:3954} INFO - Setting next_dagrun for update_db to 2026-09-24 12:00:00+00:00, run_after=2026-09-25 12:00:00+00:00
[2026-09-24T14:29:24.277+0000] {processor.py:183} INFO - Processing /opt/airflow/dags/main.py took 0.412 seconds
[2026-09-24T14:29:54.495+0000] {processor.py:161} INFO - Started process (PID=399) to work on /opt/airflow/dags/main.py
[2026-09-24T14:29:54.497+0000] {processor.py:830} INFO - Processing file /opt/airflow/dags/main.py for tasks to queue
[2026-09-24T14:29:54.502+0000] {logging_mixin.py:188} INFO - [2026-09-24T14:29:54.501+0000] {dagbag.py:545} INFO - Filling up the DagBag from /opt/airflow/dags/main.py
[2026-09-24T14:29:54.838+0000] {processor.py:840} INFO - DAG(s) 'update_db' retrieved from /opt/airflow/dags/main.py
[2026-09-24T14:29:54.895+0000] {logging_mixin.py:188} INFO - [2026-09-24T14:29:54.895+0000] {dag.py:3096} INFO - Sync 1 DAGs
[2026-09-24T14:29:54.920+0000] {logging_mixin.py:188} INFO - [2026-09-24T14:29:54.919+0000] {dag.py:3954} INFO - Setting next_dagrun for update_db to 2026-09-24 12:00:00+00:00, run_after=2026-09-25 12:00:00+00:00
[2026-09-24T14:29:54.948+0000] {processor.py:183} INFO - Processing /opt/airflow/dags/main.py took 0.464 seconds
[2026-09-24T14:30:25.498+0000] {processor.py:161} INFO - Started process (PID=406) to work on /opt/airflow/dags/main.py
[2026-09-24T14:30:25.502+0000] {processor.py:830} INFO - Processing file /opt/airflow/dags/main.py for tasks to queue
[2026-09-24T14:30:25.505+0000] {logging_mixin.py:188} INFO - [2026-09-24T14:30:25.505+0000] {dagbag.py:545} INFO - Filling up the DagBag from /opt/airflow/dags/main.py
[2026-09-24T14:30:25.769+0000] {processor.py:840} INFO - DAG(s) 'update_db' retrieved from /opt/airflow/dags/main.py
[2026-09-24T14:30:25.793+0000] {logging_mixin.py:188} INFO - [2026-09-24T14:30:25.793+0000] {dag.py:3096} INFO - Sync 1 DAGs
[2026-09-24T14:30:25.813+0000] {logging_mixin.py:188} INFO - [2026-09-24T14:30:25.813+0000] {dag.py:3954} INFO - Setting next_dagrun for update_db to 2026-09-24 12:00:00+00:00, run_after=2026-09-25 12:00:00+00:00
[2026-09-24T14:30:25.834+0000] {processor.py:183} INFO - Processing /opt/airflow/dags/main.py took 0.343 seconds
[2026-09-24T14:30:56.181+0000] {processor.py:161} INFO - Started process (PID=413) to work on /opt/airflow/dags/main.py
[2026-09-24T14:30:56.183+0000] {processor.py:830} INFO - Processing file /opt/airflow/dags/main.py for tasks to queue
[2026-09-24T14:30:56.187+0000] {logging_mixin.py:188} INFO - [2026-09-24T14:30:56.186+0000] {dagbag.py:545} INFO - Filling up the DagBag from /opt/airflow/dags/main.py
[2026-09-24T14:30:56.462+0000] {processor.py:840} INFO - DAG(s) 'update_db' retrieved from /opt/airflow/dags/main.py
[2026-09-24T14:30:56.493+0000] {logging_mixin.py:188} INFO - [2026-09-24T14:30:56.492+0000] {dag.py:3096} INFO - Sync 1 DAGs
[2026-09-24T14:30:56.520+0000] {logging_mixin.py:188} INFO - [2026-09-24T14:30:56.520+0000] {dag.py:3954} INFO - Setting next_dagrun for update_db to 2026-09-24 12:00:00+00:00, run_after=2026-09-25 12:00:00+00:00
[2026-09-24T14:30:56.546+0000] {processor.py:183} INFO - Processing /opt/airflow/dags/main.py took 0.370 seconds
[2026-09-24T14:31:27.613+0000] {processor.py:161} INFO - Started process (PID=420) to work on /opt/airflow/dags/main.py
[2026-09-24T14:31:27.615+0000] {processor.py:830} INFO - Processing file /opt/airflow/dags/main.py for tasks to queue
[2026-09-24T14:31:27.618+0000] {logging_mixin.py:188} INFO - [2026-09-24T14:31:27.618+0000] {dagbag.py:545} INFO - Filling up the DagBag from /opt/airflow/dags/main.py
[2026-09-24T14:31:27.879+0000] {processor.py:840} INFO - DAG(s) 'update_db' retrieved from /opt/airflow/dags/main.py
[2026-09-24T14:31:27.905+0000] {logging_mixin.py:188} INFO - [2026-09-24T14:31:27.905+0000] {dag.py:3096} INFO - Sync 1 DAGs
[2026-09-24T14:31:27.925+0000] {logging_mixin.py:188} INFO - [2026-09-24T14:31:27.925+0000] {dag.py:3954} INFO - Setting next_dagrun for update_db to 2026-09-24 12:00:00+00:00, run_after=2026-09-25 12:00:00+00:00
[2026-09-24T14:31:27.945+0000] {processor.py:183} INFO - Processing /opt/airflow/dags/main.py took 0.337 seconds
[2026-09-24T14:31:58.321+0000] {processor.py:161} INFO - Started process (PID=427) to work on /opt/airflow/dags/main.py
[2026-09-24T14:31:58.323+0000] {processor.py:830} INFO - Processing file /opt/airflow/dags/main.py for tasks to queue
[2026-09-24T14:31:58.328+0000] {logging_mixin.py:188} INFO - [2026-09-24T14:31:58.327+0000] {dagbag.py:545} INFO - Filling up the DagBag from /opt/airflow/dags/main.py
[2026-09-24T14:31:58.648+0000] {processor.py:840} INFO - DAG(s) 'update_db' retrieved from /opt/airflow/dags/main.py
[2026-09-24T14:31:58.688+0000] {logging_mixin.py:188} INFO - [2026-09-24T14:31:58.687+0000] {dag.py:3096} INFO - Sync 1 DAGs
[2026-09-24T14:31:58.720+0000] {logging_mixin.py:188} INFO - [2026-09-24T14:31:58.719+0000] {dag.py:3954} INFO - Setting next_dagrun for update_db to 2026-09-24 12:00:00+00:00, run_after=2026-09-25 12:00:00+00:00
[2026-09-24T14:31:58.751+0000] {processor.py:183} INFO - Processing /opt/airflow/dags/main.py took 0.436 seconds
[2026-09-24T14:32:29.110+0000] {processor.py:161} INFO - Started process (PID=434) to work on /opt/airflow/dags/main.py
[2026-09-24T14:32:29.112+0000] {processor.py:830} INFO - Processing file /opt/airflow/dags/main.py for tasks to queue
[2026-09-24T14:32:29.115+0000] {logging_mixin.py:188} INFO - [2026-09-24T14:32:29.115+0000] {dagbag.py:545} INFO - Filling up the DagBag from /opt/airflow/dags/main.py
[2026-09-24T14:32:29.371+0000] {processor.py:840} INFO - DAG(s) 'update_db' retrieved from /opt/airflow/dags/main.py
[2026-09-24T14:32:29.401+0000] {logging_mixin.py:188} INFO - [2026-09-24T14:32:29.401+0000] {dag.py:3096} INFO - Sync 1 DAGs
[2026-09-24T14:32:29.427+0000] {logging_mixin.py:188} INFO - [2026-09-24T14:32:29.427+0000] {dag.py:3954} INFO - Setting next_dagrun for update_db to 2026-09-24 12:00:00+00:00, run_after=2026-09-25 12:00:00+00:00
[2026-09-24T14:32:29.451+0000] {processor.py:183} INFO - Processing /opt/airflow/dags/main.py took 0.346 seconds
[2026-09-24T14:32:59.759+0000] {processor.py:161} INFO - Started process (PID=441) to work on /opt/airflow/dags/main.py
[2026-09-24T14:32:59.762+0000] {processor.py:830} INFO - Processing file /opt/airflow/dags/main.py for tasks to queue
[2026-09-24T14:32:59.767+0000] {logging_mixin.py:188} INFO - [2026-09-24T14:32:59.767+0000] {dagbag.py:545} INFO - Filling up the DagBag from /opt/airflow/dags/main.py
[2026-09-24T14:33:00.049+0000] {processor.py:840} INFO - DAG(s) 'update_db' retrieved from /opt/airflow/dags/main.py
[2026-09-24T14:33:00.082+0000] {logging_mixin.py:188} INFO - [2026-09-24T14:33:00.082+0000] {dag.py:3096} INFO - Sync 1 DAGs
[2026-09-24T14:33:00.105+0000] {logging_mixin.py:188} INFO - [2026-09-24T14:33:00.105+0000] {dag.py:3954} INFO - Setting next_dagrun for update_db to 2026-09-24 12:00:00+00:00, run_after=2026-09-25 12:00:00+00:00
[2026-09-24T14:33:00.133+0000] {processor.py:183} INFO - Processing /opt/airflow/dags/main.py took 0.384 seconds
[2026-09-24T14:33:30.253+0000] {processor.py:161} INFO - Started process (PID=448) to work on /opt/airflow/dags/main.py
[2026-09-24T14:33:30.256+0000] {processor.py:830} INFO - Processing file /opt/airflow/dags/main.py for tasks to queue
[2026-09-24T14:33:30.260+0000] {logging_mixin.py:188} INFO - [2026-09-24T14:33:30.259+0000] {dagbag.py:545} INFO - Filling up the DagBag from /opt/airflow/dags/main.py
[2026-09-24T14:33:30.566+0000] {processor.py:840} INFO - DAG(s) 'update_db' retrieved from /opt/airflow/dags/main.py
[2026-09-24T14:33:30.623+0000] {logging_mixin.py:188} INFO - [2026-09-24T14:33:30.623+0000] {dag.py:3096} INFO - Sync 1 DAGs
[2026-09-24T14:33:30.655+0000] {logging_mixin.py:188} INFO - [2026-09-24T14:33:30.655+0000] {dag.py:3954} INFO - Setting next_dagrun for update_db to 2026-09-24 12:00:00+00:00, run_after=2026-09-25 12:00:00+00:00
[2026-09-24T14:33:30.676+0000] {processor.py:183} INFO - Processing /opt/airflow/dags/main.py took 0.429 seconds
[2026-09-24T14:34:01.277+0000] {processor.py:161} INFO - Started process (PID=455) to work on /opt/airflow/dags/main.py
[2026-09-24T14:34:01.280+0000] {processor.py:830} INFO - Processing file /opt/airflow/dags/main.py for tasks to queue
[2026-09-24T14:34:01.283+0000] {logging_mixin.py:188} INFO - [2026-09-24T14:34:01.283+0000] {dagbag.py:545} INFO - Filling up the DagBag from /opt/airflow/dags/main.py
[2026-09-24T14:34:01.567+0000] {processor.py:840} INFO - DAG(s) 'update_db' retrieved from /opt/airflow/dags/main.py
[2026-09-24T14:34:01.591+0000] {logging_mixin.py:188} INFO - [2026-09-24T14:34:01.591+0000] {dag.py:3096} INFO - Sync 1 DAGs
[2026-09-24T14:34:01.613+0000] {logging_mixin.py:188} INFO - [2026-09-24T14:34:01.612+0000] {dag.py:3954} INFO - Setting next_dagrun for update_db to 2026-09-24 12:00:00+00:00, run_after=2026-09-25 12:00:00+00:00
[2026-09-24T14:34:01.634+0000] {processor.py:183} INFO - Processing /opt/airflow/dags/main.py took 0.365 seconds
[2026-09-24T14:34:32.020+0000] {processor.py:161} INFO - Started process (PID=462) to work on /opt/airflow/dags/main.py
[2026-09-24T14:34:32.023+0000] {processor.py:830} INFO - Processing file /opt/airflow/dags/main.py for tasks to queue
[2026-09-24T14:34:32.031+0000] {logging_mixin.py:188} INFO - [2026-09-24T14:34:32.030+0000] {dagbag.py:545} INFO - Filling up the DagBag from /opt/airflow/dags/main.py
[2026-09-24T14:34:32.299+0000] {processor.py:840} INFO - DAG(s) 'update_db' retrieved from /opt/airflow/dags/main.py
[2026-09-24T14:34:32.329+0000] {logging_mixin.py:188} INFO - [2026-09-24T14:34:32.329+0000] {dag.py:3096} INFO - Sync 1 DAGs
[2026-09-24T14:34:32.359+0000] {logging_mixin.py:188} INFO - [2026-09-24T14:34:32.359+0000] {dag.py:3954} INFO - Setting next_dagrun for update_db to 2026-09-24 12:00:00+00:00, run_after=2026-09-25 12:00:00+00:00
[2026-09-24T14:34:32.386+0000] {processor.py:183} INFO - Processing /opt/airflow/dags/main.py took 0.378 seconds
[2026-09-24T14:35:02.800+0000] {processor.py:161} INFO - Started process (PID=469) to work on /opt/airflow/dags/main.py
[2026-09-24T14:35:02.802+0000] {processor.py:830} INFO - Processing file /opt/airflow/dags/main.py for tasks to queue
[2026-09-24T14:35:02.809+0000] {logging_mixin.py:188} INFO - [2026-09-24T14:35:02.808+0000] {dagbag.py:545} INFO - Filling up the DagBag from /opt/airflow/dags/main.py
[2026-09-24T14:35:03.099+0000] {processor.py:840} INFO - DAG(s) 'update_db' retrieved from /opt/airflow/dags/main.py
[2026-09-24T14:35:03.128+0000] {logging_mixin.py:188} INFO - [2026-09-24T14:35:03.127+0000] {dag.py:3096} INFO - Sync 1 DAGs
[2026-09-24T14:35:03.150+0000] {logging_mixin.py:188} INFO - [2026-09-24T14:35:03.149+0000] {dag.py:3954} INFO - Setting next_dagrun for update_db to 2026-09-24 12:00:00+00:00, run_after=2026-09-25 12:00:00+00:00
[2026-09-24T14:35:03.177+0000] {processor.py:183} INFO - Processing /opt/airflow/dags/main.py took 0.385 seconds
[2026-09-24T14:35:33.801+0000] {processor.py:161} INFO - Started process (PID=476) to work on /opt/airflow/dags/main.py
[2026-09-24T14:35:33.804+0000] {processor.py:830} INFO - Processing file /opt/airflow/dags/main.py for tasks to queue
[2026-09-24T14:35:33.807+0000] {logging_mixin.py:188} INFO - [2026-09-24T14:35:33.807+0000] {dagbag.py:545} INFO - Filling up the DagBag from /opt/airflow/dags/main.py
[2026-09-24T14:35:34.031+0000] {processor.py:840} INFO - DAG(s) 'update_db' retrieved from /opt/airflow/dags/main.py
[2026-09-24T14:35:34.064+0000] {logging_mixin.py:188} INFO - [2026-09-24T14:35:34.064+0000] {dag.py:3096} INFO - Sync 1 DAGs
[2026-09-24T14:35:34.089+0000] {logging_mixin.py:188} INFO - [2026-09-24T14:35:34.088+0000] {dag.py:3954} INFO - Setting next_dagrun for update_db to 2026-09-24 12:00:00+00:00, run_after=2026-09-25 12:00:00+00:00
[2026-09-24T14:35:34.111+0000] {processor.py:183} INFO - Processing /opt/airflow/dags/main.py took 0.315 seconds
[2026-09-24T14:36:04.393+0000] {processor.py:161} INFO - Started process (PID=483) to work on /opt/airflow/dags/main.py
[2026-09-24T14:36:04.396+0000] {processor.py:830} INFO - Processing file /opt/airflow/dags/main.py for tasks to queue
[2026-09-24T14:36:04.400+0000] {logging_mixin.py:188} INFO - [2026-09-24T14:36:04.400+0000] {dagbag.py:545} INFO - Filling up the DagBag from /opt/airflow/dags/main.py
[2026-09-24T14:36:04.641+0000] {processor.py:840} INFO - DAG(s) 'update_db' retrieved from /opt/airflow/dags/main.py
[2026-09-24T14:36:04.666+0000] {logging_mixin.py:188} INFO - [2026-09-24T14:36:04.666+0000] {dag.py:3096} INFO - Sync 1 DAGs
[2026-09-24T14:36:04.685+0000] {logging_mixin.py:188} INFO - [2026-09-24T14:36:04.684+0000] {dag.py:3954} INFO - Setting next_dagrun for update_db to 2026-09-24 12:00:00+00:00, run_after=2026-09-25 12:00:00+00:00
[2026-09-24T14:36:04.708+0000] {processor.py:183} INFO - Processing /opt/airflow/dags/main.py took 0.321 seconds
[2026-09-24T14:36:35.317+0000] {processor.py:161} INFO - Started process (PID=490) to work on /opt/airflow/dags/main.py
[2026-09-24T14:36:35.321+0000] {processor.py:830} INFO - Processing file /opt/airflow/dags/main.py for tasks to queue
[2026-09-24T14:36:35.329+0000] {logging_mixin.py:188} INFO - [2026-09-24T14:36:35.328+0000] {dagbag.py:545} INFO - Filling up the DagBag from /opt/airflow/dags/main.py
[2026-09-24T14:36:35.663+0000] {processor.py:840} INFO - DAG(s) 'update_db' retrieved from /opt/airflow/dags/main.py
[2026-09-24T14:36:35.721+0000] {logging_mixin.py:188} INFO - [2026-09-24T14:36:35.721+0000] {dag.py:3096} INFO - Sync 1 DAGs
[2026-09-24T14:36:35.787+0000] {logging_mixin.py:188} INFO - [2026-09-24T14:36:35.786+0000] {dag.py:3954} INFO - Setting next_dagrun for update_db to 2026-09-24 12:00:00+00:00, run_after=2026-09-25 12:00:00+00:00
[2026-09-24T14:36:35.914+0000] {processor.py:183} INFO - Processing /opt/airflow/dags/main.py took 0.617 seconds
[2026-09-24T14:37:06.605+0000] {processor.py:161} INFO - Started process (PID=497) to work on /opt/airflow/dags/main.py
[2026-09-24T14:37:06.608+0000] {processor.py:830} INFO - Processing file /opt/airflow/dags/main.py for tasks to queue
[2026-09-24T14:37:06.612+0000] {logging_mixin.py:188} INFO - [2026-09-24T14:37:06.612+0000] {dagbag.py:545} INFO - Filling up the DagBag from /opt/airflow/dags/main.py
[2026-09-24T14:37:06.894+0000] {processor.py:840} INFO - DAG(s) 'update_db' retrieved from /opt/airflow/dags/main.py
[2026-09-24T14:37:06.922+0000] {logging_mixin.py:188} INFO - [2026-09-24T14:37:06.921+0000] {dag.py:3096} INFO - Sync 1 DAGs
[2026-09-24T14:37:06.942+0000] {logging_mixin.py:188} INFO - [2026-09-24T14:37:06.941+0000] {dag.py:3954} INFO - Setting next_dagrun for update_db to 2026-09-24 12:00:00+00:00, run_after=2026-09-25 12:00:00+00:00
[2026-09-24T14:37:06.963+0000] {processor.py:183} INFO - Processing /opt/airflow/dags/main.py took 0.367 seconds
[2026-09-24T14:37:37.213+0000] {processor.py:161} INFO - Started process (PID=505) to work on /opt/airflow/dags/main.py
[2026-09-24T14:37:37.217+0000] {processor.py:830} INFO - Processing file /opt/airflow/dags/main.py for tasks to queue
[2026-09-24T14:37:37.221+0000] {logging_mixin.py:188} INFO - [2026-09-24T14:37:37.220+0000] {dagbag.py:545} INFO - Filling up the DagBag from /opt/airflow/dags/main.py
[2026-09-24T14:37:37.461+0000] {processor.py:840} INFO - DAG(s) 'update_db' retrieved from /opt/airflow/dags/main.py
[2026-09-24T14:37:37.494+0000] {logging_mixin.py:188} INFO - [2026-09-24T14:37:37.494+0000] {dag.py:3096} INFO - Sync 1 DAGs
[2026-09-24T14:37:37.518+0000] {logging_mixin.py:188} INFO - [2026-09-24T14:37:37.518+0000] {dag.py:3954} INFO - Setting next_dagrun for update_db to 2026-09-24 12:00:00+00:00, run_after=2026-09-25 12:00:00+00:00
[2026-09-24T14:37:37.544+0000] {processor.py:183} INFO - Processing /opt/airflow/dags/main.py took 0.341 seconds
[2026-09-24T14:38:07.873+0000] {processor.py:161} INFO - Started process (PID=512) to work on /opt/airflow/dags/main.py
[2026-09-24T14:38:07.875+0000] {processor.py:830} INFO - Processing file /opt/airflow/dags/main.py for tasks to queue
[2026-09-24T14:38:07.879+0000] {logging_mixin.py:188} INFO - [2026-09-24T14:38:07.878+0000] {dagbag.py:545} INFO - Filling up the DagBag from /opt/airflow/dags/main.py
[2026-09-24T14:38:08.132+0000] {processor.py:840} INFO - DAG(s) 'update_db' retrieved from /opt/airflow/dags/main.py
[2026-09-24T14:38:08.159+0000] {logging_mixin.py:188} INFO - [2026-09-24T14:38:08.158+0000] {dag.py:3096} INFO - Sync 1 DAGs
[2026-09-24T14:38:08.177+0000] {logging_mixin.py:188} INFO - [2026-09-24T14:38:08.177+0000] {dag.py:3954} INFO - Setting next_dagrun for update_db to 2026-09-24 12:00:00+00:00, run_after=2026-09-25 12:00:00+00:00
[2026-09-24T14:38:08.198+0000] {processor.py:183} INFO - Processing /opt/airflow/dags/main.py took 0.331 seconds
[2026-09-24T14:38:39.044+0000] {processor.py:161} INFO - Started process (PID=519) to work on /opt/airflow/dags/main.py
[2026-09-24T14:38:39.047+0000] {processor.py:830} INFO - Processing file /opt/airflow/dags/main.py for tasks to queue
[2026-09-24T14:38:39.051+0000] {logging_mixin.py:188} INFO - [2026-09-24T14:38:39.050+0000] {dagbag.py:545} INFO - Filling up the DagBag from /opt/airflow/dags/main.py
[2026-09-24T14:38:39.257+0000] {processor.py:840} INFO - DAG(s) 'update_db' retrieved from /opt/airflow/dags/main.py
[2026-09-24T14:38:39.286+0000] {logging_mixin.py:188} INFO - [2026-09-24T14:38:39.285+0000] {dag.py:3096} INFO - Sync 1 DAGs
[2026-09-24T14:38:39.306+0000] {logging_mixin.py:188} INFO - [2026-09-24T14:38:39.306+0000] {dag.py:3954} INFO - Setting next_dagrun for update_db to 2026-09-24 12:00:00+00:00, run_after=2026-09-25 12:00:00+00:00
[2026-09-24T14:38:39.341+0000] {processor.py:183} INFO - Processing /opt/airflow/dags/main.py took 0.304 seconds
[2026-09-24T14:39:09.853+0000] {processor.py:161} INFO - Started process (PID=526) to work on /opt/airflow/dags/main.py
[2026-09-24T14:39:09.855+0000] {processor.py:830} INFO - Processing file /opt/airflow/dags/main.py for tasks to queue
[2026-09-24T14:39:09.859+0000] {logging_mixin.py:188} INFO - [2026-09-24T14:39:09.858+0000] {dagbag.py:545} INFO - Filling up the DagBag from /opt/airflow/dags/main.py
[2026-09-24T14:39:10.118+0000] {processor.py:840} INFO - DAG(s) 'update_db' retrieved from /opt/airflow/dags/main.py
[2026-09-24T14:39:10.141+0000] {logging_mixin.py:188} INFO - [2026-09-24T14:39:10.140+0000] {dag.py:3096} INFO - Sync 1 DAGs
[2026-09-24T14:39:10.158+0000] {logging_mixin.py:188} INFO - [2026-09-24T14:39:10.158+0000] {dag.py:3954} INFO - Setting next_dagrun for update_db to 2026-09-24 12:00:00+00:00, run_after=2026-09-25 12:00:00+00:00
[2026-09-24T14:39:10.180+0000] {processor.py:183} INFO - Processing /opt/airflow/dags/main.py took 0.332 seconds
[2026-09-24T14:39:40.879+0000] {processor.py:161} INFO - Started process (PID=533) to work on /opt/airflow/dags/main.py
[2026-09-24T14:39:40.883+0000] {processor.py:830} INFO - Processing file /opt/airflow/dags/main.py for tasks to queue
[2026-09-24T14:39:40.889+0000] {logging_mixin.py:188} INFO - [2026-09-24T14:39:40.889+0000] {dagbag.py:545} INFO - Filling up the DagBag from /opt/airflow/dags/main.py
[2026-09-24T14:39:41.247+0000] {processor.py:840} INFO - DAG(s) 'update_db' retrieved from /opt/airflow/dags/main.py
[2026-09-24T14:39:41.318+0000] {logging_mixin.py:188} INFO - [2026-09-24T14:39:41.317+0000] {dag.py:3096} INFO - Sync 1 DAGs
[2026-09-24T14:39:41.363+0000] {logging_mixin.py:188} INFO - [2026-09-24T14:39:41.363+0000] {dag.py:3954} INFO - Setting next_dagrun for update_db to 2026-09-24 12:00:00+00:00, run_after=2026-09-25 12:00:00+00:00
[2026-09-24T14:39:41.395+0000] {processor.py:183} INFO - Processing /opt/airflow/dags/main.py took 0.522 seconds
[2026-09-24T14:40:12.348+0000] {processor.py:161} INFO - Started process (PID=540) to work on /opt/airflow/dags/main.py
[2026-09-24T14:40:12.355+0000] {processor.py:830} INFO - Processing file /opt/airflow/dags/main.py for tasks to queue
[2026-09-24T14:40:12.364+0000] {logging_mixin.py:188} INFO - [2026-09-24T14:40:12.363+0000] {dagbag.py:545} INFO - Filling up the DagBag from /opt/airflow/dags/main.py
[2026-09-24T14:40:12.690+0000] {processor.py:840} INFO - DAG(s) 'update_db' retrieved from /opt/airflow/dags/main.py
[2026-09-24T14:40:12.781+0000] {logging_mixin.py:188} INFO - [2026-09-24T14:40:12.780+0000] {dag.py:3096} INFO - Sync 1 DAGs
[2026-09-24T14:40:12.868+0000] {logging_mixin.py:188} INFO - [2026-09-24T14:40:12.867+0000] {dag.py:3954} INFO - Setting next_dagrun for update_db to 2026-09-24 12:00:00+00:00, run_after=2026-09-25 12:00:00+00:00
[2026-09-24T14:40:12.948+0000] {processor.py:183} INFO - Processing /opt/airflow/dags/main.py took 0.632 seconds
[2026-09-24T14:40:43.990+0000] {processor.py:161} INFO - Started process (PID=547) to work on /opt/airflow/dags/main.py
[2026-09-24T14:40:43.993+0000] {processor.py:830} INFO - Processing file /opt/airflow/dags/main.py for tasks to queue
[2026-09-24T14:40:43.999+0000] {logging_mixin.py:188} INFO - [2026-09-24T14:40:43.999+0000] {dagbag.py:545} INFO - Filling up the DagBag from /opt/airflow/dags/main.py
[2026-09-24T14:40:44.278+0000] {processor.py:840} INFO - DAG(s) 'update_db' retrieved from /opt/airflow/dags/main.py
[2026-09-24T14:40:44.307+0000] {logging_mixin.py:188} INFO - [2026-09-24T14:40:44.306+0000] {dag.py:3096} INFO - Sync 1 DAGs
[2026-09-24T14:40:44.327+0000] {logging_mixin.py:188} INFO - [2026-09-24T14:40:44.327+0000] {dag.py:3954} INFO - Setting next_dagrun for update_db to 2026-09-24 12:00:00+00:00, run_after=2026-09-25 12:00:00+00:00
[2026-09-24T14:40:44.349+0000] {processor.py:183} INFO - Processing /opt/airflow/dags/main.py took 0.366 seconds
[2026-09-24T14:41:14.980+0000] {processor.py:161} INFO - Started process (PID=554) to work on /opt/airflow/dags/main.py
[2026-09-24T14:41:14.982+0000] {processor.py:830} INFO - Processing file /opt/airflow/dags/main.py for tasks to queue
[2026-09-24T14:41:14.985+0000] {logging_mixin.py:188} INFO - [2026-09-24T14:41:14.985+0000] {dagbag.py:545} INFO - Filling up the DagBag from /opt/airflow/dags/main.py
[2026-09-24T14:41:15.220+0000] {processor.py:840} INFO - DAG(s) 'update_db' retrieved from /opt/airflow/dags/main.py
[2026-09-24T14:41:15.252+0000] {logging_mixin.py:188} INFO - [2026-09-24T14:41:15.252+0000] {dag.py:3096} INFO - Sync 1 DAGs
[2026-09-24T14:41:15.276+0000] {logging_mixin.py:188} INFO - [2026-09-24T14:41:15.275+0000] {dag.py:3954} INFO - Setting next_dagrun for update_db to 2026-09-24 12:00:00+00:00, run_after=2026-09-25 12:00:00+00:00
[2026-09-24T14:41:15.303+0000] {processor.py:183} INFO - Processing /opt/airflow/dags/main.py took 0.329 seconds
[2026-09-24T14:41:45.844+0000] {processor.py:161} INFO - Started process (PID=561) to work on /opt/airflow/dags/main.py
[2026-09-24T14:41:45.847+0000] {processor.py:830} INFO - Processing file /opt/airflow/dags/main.py for tasks to queue
[2026-09-24T14:41:45.851+0000] {logging_mixin.py:188} INFO - [2026-09-24T14:41:45.851+0000] {dagbag.py:545} INFO - Filling up the DagBag from /opt/airflow/dags/main.py
[2026-09-24T14:41:46.084+0000] {processor.py:840} INFO - DAG(s) 'update_db' retrieved from /opt/airflow/dags/main.py
[2026-09-24T14:41:46.114+0000] {logging_mixin.py:188} INFO - [2026-09-24T14:41:46.114+0000] {dag.py:3096} INFO - Sync 1 DAGs
[2026-09-24T14:41:46.145+0000] {logging_mixin.py:188} INFO - [2026-09-24T14:41:46.145+0000] {dag.py:3954} INFO - Setting next_dagrun for update_db to 2026-09-24 12:00:00+00:00, run_after=2026-09-25 12:00:00+00:00
[2026-09-24T14:41:46.171+0000] {processor.py:183} INFO - Processing /opt/airflow/dags/main.py took 0.334 seconds
[2026-09-24T14:42:16.487+0000] {processor.py:161} INFO - Started process (PID=569) to work on /opt/airflow/dags/main.py
[2026-09-24T14:42:16.490+0000] {processor.py:830} INFO - Processing file /opt/airflow/dags/main.py for tasks to queue
[2026-09-24T14:42:16.493+0000] {logging_mixin.py:188} INFO - [2026-09-24T14:42:16.493+0000] {dagbag.py:545} INFO - Filling up the DagBag from /opt/airflow/dags/main.py
[2026-09-24T14:42:16.700+0000] {processor.py:840} INFO - DAG(s) 'update_db' retrieved from /opt/airflow/dags/main.py
[2026-09-24T14:42:16.732+0000] {logging_mixin.py:188} INFO - [2026-09-24T14:42:16.732+0000] {dag.py:3096} INFO - Sync 1 DAGs
[2026-09-24T14:42:16.755+0000] {logging_mixin.py:188} INFO - [2026-09-24T14:42:16.754+0000] {dag.py:3954} INFO - Setting next_dagrun for update_db to 2026-09-24 12:00:00+00:00, run_after=2026-09-25 12:00:00+00:00
[2026-09-24T14:42:16.780+0000] {processor.py:183} INFO - Processing /opt/airflow/dags/main.py took 0.300 seconds
[2026-09-24T14:42:47.232+0000] {processor.py:161} INFO - Started process (PID=576) to work on /opt/airflow/dags/main.py
[2026-09-24T14:42:47.234+0000] {processor.py:830} INFO - Processing file /opt/airflow/dags/main.py for tasks to queue
[2026-09-24T14:42:47.237+0000] {logging_mixin.py:188} INFO - [2026-09-24T14:42:47.237+0000] {dagbag.py:545} INFO - Filling up the DagBag from /opt/airflow/dags/main.py
[2026-09-24T14:42:47.470+0000] {processor.py:840} INFO - DAG(s) 'update_db' retrieved from /opt/airflow/dags/main.py
[2026-09-24T14:42:47.503+0000] {logging_mixin.py:188} INFO - [2026-09-24T14:42:47.503+0000] {dag.py:3096} INFO - Sync 1 DAGs
[2026-09-24T14:42:47.525+0000] {logging_mixin.py:188} INFO - [2026-09-24T14:42:47.525+0000] {dag.py:3954} INFO - Setting next_dagrun for update_db to 2026-09-24 12:00:00+00:00, run_after=2026-09-25 12:00:00+00:00
[2026-09-24T14:42:47.548+0000] {processor.py:183} INFO - Processing /opt/airflow/dags/main.py took 0.323 seconds
[2026-09-24T14:43:18.054+0000] {processor.py:161} INFO - Started process (PID=589) to work on /opt/airflow/dags/main.py
[2026-09-24T14:43:18.057+0000] {processor.py:830} INFO - Processing file /opt/airflow/dags/main.py for tasks to queue
[2026-09-24T14:43:18.060+0000] {logging_mixin.py:188} INFO - [2026-09-24T14:43:18.059+0000] {dagbag.py:545} INFO - Filling up the DagBag from /opt/airflow/dags/main.py
[2026-09-24T14:43:18.291+0000] {processor.py:840} INFO - DAG(s) 'update_db' retrieved from /opt/airflow/dags/main.py
[2026-09-24T14:43:18.318+0000] {logging_mixin.py:188} INFO - [2026-09-24T14:43:18.318+0000] {dag.py:3096} INFO - Sync 1 DAGs
[2026-09-24T14:43:18.340+0000] {logging_mixin.py:188} INFO - [2026-09-24T14:43:18.340+0000] {dag.py:3954} INFO - Setting next_dagrun for update_db to 2026-09-24 12:00:00+00:00, run_after=2026-09-25 12:00:00+00:00
[2026-09-24T14:43:18.363+0000] {processor.py:183} INFO - Processing /opt/airflow/dags/main.py took 0.315 seconds
[2026-09-24T14:43:49.042+0000] {processor.py:161} INFO - Started process (PID=596) to work on /opt/airflow/dags/main.py
[2026-09-24T14:43:49.045+0000] {processor.py:830} INFO - Processing file /opt/airflow/dags/main.py for tasks to queue
[2026-09-24T14:43:49.051+0000] {logging_mixin.py:188} INFO - [2026-09-24T14:43:49.050+0000] {dagbag.py:545} INFO - Filling up the DagBag from /opt/airflow/dags/main.py
[2026-09-24T14:43:49.278+0000] {processor.py:840} INFO - DAG(s) 'update_db' retrieved from /opt/airflow/dags/main.py
[2026-09-24T14:43:49.309+0000] {logging_mixin.py:188} INFO - [2026-09-24T14:43:49.308+0000] {dag.py:3096} INFO - Sync 1 DAGs
[2026-09-24T14:43:49.330+0000] {logging_mixin.py:188} INFO - [2026-09-24T14:43:49.329+0000] {dag.py:3954} INFO - Setting next_dagrun for update_db to 2026-09-24 12:00:00+00:00, run_after=2026-09-25 12:00:00+00:00
[2026-09-24T14:43:49.350+0000] {processor.py:183} INFO - Processing /opt/airflow/dags/main.py took 0.316 seconds
[2026-09-24T14:44:20.228+0000] {processor.py:161} INFO - Started process (PID=603) to work on /opt/airflow/dags/main.py
[2026-09-24T14:44:20.230+0000] {processor.py:830} INFO - Processing file /opt/airflow/dags/main.py for tasks to queue
[2026-09-24T14:44:20.234+0000] {logging_mixin.py:188} INFO - [2026-09-24T14:44:20.233+0000] {dagbag.py:545} INFO - Filling up the DagBag from /opt/airflow/dags/main.py
[2026-09-24T14:44:20.456+0000] {processor.py:840} INFO - DAG(s) 'update_db' retrieved from /opt/airflow/dags/main.py
[2026-09-24T14:44:20.482+0000] {logging_mixin.py:188} INFO - [2026-09-24T14:44:20.482+0000] {dag.py:3096} INFO - Sync 1 DAGs
[2026-09-24T14:44:20.505+0000] {logging_mixin.py:188} INFO - [2026-09-24T14:44:20.504+0000] {dag.py:3954} INFO - Setting next_dagrun for update_db to 2026-09-24 12:00:00+00:00, run_after=2026-09-25 12:00:00+00:00
[2026-09-24T14:44:20.529+0000] {processor.py:183} INFO - Processing /opt/airflow/dags/main.py took 0.308 seconds
[2026-09-24T14:44:51.281+0000] {processor.py:161} INFO - Started process (PID=610) to work on /opt/airflow/dags/main.py
[2026-09-24T14:44:51.283+0000] {processor.py:830} INFO - Processing file /opt/airflow/dags/main.py for tasks to queue
[2026-09-24T14:44:51.287+0000] {logging_mixin.py:188} INFO - [2026-09-24T14:44:51.287+0000] {dagbag.py:545} INFO - Filling up the DagBag from /opt/airflow/dags/main.py
[2026-09-24T14:44:51.495+0000] {processor.py:840} INFO - DAG(s) 'update_db' retrieved from /opt/airflow/dags/main.py
[2026-09-24T14:44:51.520+0000] {logging_mixin.py:188} INFO - [2026-09-24T14:44:51.519+0000] {dag.py:3096} INFO - Sync 1 DAGs
[2026-09-24T14:44:51.540+0000] {logging_mixin.py:188} INFO - [2026-09-24T14:44:51.539+0000] {dag.py:3954} INFO - Setting next_dagrun for update_db to 2026-09-24 12:00:00+00:00, run_after=2026-09-25 12:00:00+00:00
[2026-09-24T14:44:51.560+0000] {processor.py:183} INFO - Processing /opt/airflow/dags/main.py took 0.287 seconds
[2026-09-24T14:45:21.885+0000] {processor.py:161} INFO - Started process (PID=617) to work on /opt/airflow/dags/main.py
[2026-09-24T14:45:21.888+0000] {processor.py:830} INFO - Processing file /opt/airflow/dags/main.py for tasks to queue
[2026-09-24T14:45:21.891+0000] {logging_mixin.py:188} INFO - [2026-09-24T14:45:21.891+0000] {dagbag.py:545} INFO - Filling up the DagBag from /opt/airflow/dags/main.py
[2026-09-24T14:45:22.115+0000] {processor.py:840} INFO - DAG(s) 'update_db' retrieved from /opt/airflow/dags/main.py
[2026-09-24T14:45:22.139+0000] {logging_mixin.py:188} INFO - [2026-09-24T14:45:22.139+0000] {dag.py:3096} INFO - Sync 1 DAGs
[2026-09-24T14:45:22.160+0000] {logging_mixin.py:188} INFO - [2026-09-24T14:45:22.160+0000] {dag.py:3954} INFO - Setting next_dagrun for update_db to 2026-09-24 12:00:00+00:00, run_after=2026-09-25 12:00:00+00:00
[2026-09-24T14:45:22.184+0000] {processor.py:183} INFO - Processing /opt/airflow/dags/main.py took 0.306 seconds
[2026-09-24T14:45:52.587+0000] {processor.py:161} INFO - Started process (PID=624) to work on /opt/airflow/dags/main.py
[2026-09-24T14:45:52.589+0000] {processor.py:830} INFO - Processing file /opt/airflow/dags/main.py for tasks to queue
[2026-09-24T14:45:52.593+0000] {logging_mixin.py:188} INFO - [2026-09-24T14:45:52.593+0000] {dagbag.py:545} INFO - Filling up the DagBag from /opt/airflow/dags/main.py
[2026-09-24T14:45:52.861+0000] {processor.py:840} INFO - DAG(s) 'update_db' retrieved from /opt/airflow/dags/main.py
[2026-09-24T14:45:52.891+0000] {logging_mixin.py:188} INFO - [2026-09-24T14:45:52.891+0000] {dag.py:3096} INFO - Sync 1 DAGs
[2026-09-24T14:45:52.918+0000] {logging_mixin.py:188} INFO - [2026-09-24T14:45:52.917+0000] {dag.py:3954} INFO - Setting next_dagrun for update_db to 2026-09-24 12:00:00+00:00, run_after=2026-09-25 12:00:00+00:00
[2026-09-24T14:45:52.940+0000] {processor.py:183} INFO - Processing /opt/airflow/dags/main.py took 0.359 seconds
[2026-09-24T14:46:23.937+0000] {processor.py:161} INFO - Started process (PID=631) to work on /opt/airflow/dags/main.py
[2026-09-24T14:46:23.952+0000] {processor.py:830} INFO - Processing file /opt/airflow/dags/main.py for tasks to queue
[2026-09-24T14:46:23.964+0000] {logging_mixin.py:188} INFO - [2026-09-24T14:46:23.963+0000] {dagbag.py:545} INFO - Filling up the DagBag from /opt/airflow/dags/main.py
[2026-09-24T14:46:24.264+0000] {processor.py:840} INFO - DAG(s) 'update_db' retrieved from /opt/airflow/dags/main.py
[2026-09-24T14:46:24.318+0000] {logging_mixin.py:188} INFO - [2026-09-24T14:46:24.318+0000] {dag.py:3096} INFO - Sync 1 DAGs
[2026-09-24T14:46:24.375+0000] {logging_mixin.py:188} INFO - [2026-09-24T14:46:24.374+0000] {dag.py:3954} INFO - Setting next_dagrun for update_db to 2026-09-24 12:00:00+00:00, run_after=2026-09-25 12:00:00+00:00
[2026-09-24T14:46:24.412+0000] {processor.py:183} INFO - Processing /opt/airflow/dags/main.py took 0.528 seconds
[2026-09-24T14:46:54.625+0000] {processor.py:161} INFO - Started process (PID=638) to work on /opt/airflow/dags/main.py
[2026-09-24T14:46:54.628+0000] {processor.py:830} INFO - Processing file /opt/airflow/dags/main.py for tasks to queue
[2026-09-24T14:46:54.631+0000] {logging_mixin.py:188} INFO - [2026-09-24T14:46:54.631+0000] {dagbag.py:545} INFO - Filling up the DagBag from /opt/airflow/dags/main.py
[2026-09-24T14:46:54.872+0000] {processor.py:840} INFO - DAG(s) 'update_db' retrieved from /opt/airflow/dags/main.py
[2026-09-24T14:46:54.909+0000] {logging_mixin.py:188} INFO - [2026-09-24T14:46:54.909+0000] {dag.py:3096} INFO - Sync 1 DAGs
[2026-09-24T14:46:54.936+0000] {logging_mixin.py:188} INFO - [2026-09-24T14:46:54.936+0000] {dag.py:3954} INFO - Setting next_dagrun for update_db to 2026-09-24 12:00:00+00:00, run_after=2026-09-25 12:00:00+00:00
[2026-09-24T14:46:55.166+0000] {processor.py:183} INFO - Processing /opt/airflow/dags/main.py took 0.551 seconds
[2026-09-24T14:47:25.296+0000] {processor.py:161} INFO - Started process (PID=645) to work on /opt/airflow/dags/main.py
[2026-09-24T14:47:25.299+0000] {processor.py:830} INFO - Processing file /opt/airflow/dags/main.py for tasks to queue
[2026-09-24T14:47:25.303+0000] {logging_mixin.py:188} INFO - [2026-09-24T14:47:25.302+0000] {dagbag.py:545} INFO - Filling up the DagBag from /opt/airflow/dags/main.py
[2026-09-24T14:47:25.575+0000] {processor.py:840} INFO - DAG(s) 'update_db' retrieved from /opt/airflow/dags/main.py
[2026-09-24T14:47:25.609+0000] {logging_mixin.py:188} INFO - [2026-09-24T14:47:25.609+0000] {dag.py:3096} INFO - Sync 1 DAGs
[2026-09-24T14:47:25.628+0000] {logging_mixin.py:188} INFO - [2026-09-24T14:47:25.628+0000] {dag.py:3954} INFO - Setting next_dagrun for update_db to 2026-09-24 12:00:00+00:00, run_after=2026-09-25 12:00:00+00:00
[2026-09-24T14:47:25.651+0000] {processor.py:183} INFO - Processing /opt/airflow/dags/main.py took 0.360 seconds
[2026-09-24T14:47:56.297+0000] {processor.py:161} INFO - Started process (PID=652) to work on /opt/airflow/dags/main.py
[2026-09-24T14:47:56.300+0000] {processor.py:830} INFO - Processing file /opt/airflow/dags/main.py for tasks to queue
[2026-09-24T14:47:56.303+0000] {logging_mixin.py:188} INFO - [2026-09-24T14:47:56.303+0000] {dagbag.py:545} INFO - Filling up the DagBag from /opt/airflow/dags/main.py
[2026-09-24T14:47:56.546+0000] {processor.py:840} INFO - DAG(s) 'update_db' retrieved from /opt/airflow/dags/main.py
[2026-09-24T14:47:56.569+0000] {logging_mixin.py:188} INFO - [2026-09-24T14:47:56.569+0000] {dag.py:3096} INFO - Sync 1 DAGs
[2026-09-24T14:47:56.587+0000] {logging_mixin.py:188} INFO - [2026-09-24T14:47:56.587+0000] {dag.py:3954} INFO - Setting next_dagrun for update_db to 2026-09-24 12:00:00+00:00, run_after=2026-09-25 12:00:00+00:00
[2026-09-24T14:47:56.606+0000] {processor.py:183} INFO - Processing /opt/airflow/dags/main.py took 0.316 seconds
[2026-09-24T14:48:27.678+0000] {processor.py:161} INFO - Started process (PID=659) to work on /opt/airflow/dags/main.py
[2026-09-24T14:48:27.681+0000] {processor.py:830} INFO - Processing file /opt/airflow/dags/main.py for tasks to queue
[2026-09-24T14:48:27.685+0000] {logging_mixin.py:188} INFO - [2026-09-24T14:48:27.684+0000] {dagbag.py:545} INFO - Filling up the DagBag from /opt/airflow/dags/main.py
[2026-09-24T14:48:27.983+0000] {processor.py:840} INFO - DAG(s) 'update_db' retrieved from /opt/airflow/dags/main.py
[2026-09-24T14:48:28.009+0000] {logging_mixin.py:188} INFO - [2026-09-24T14:48:28.009+0000] {dag.py:3096} INFO - Sync 1 DAGs
[2026-09-24T14:48:28.035+0000] {logging_mixin.py:188} INFO - [2026-09-24T14:48:28.035+0000] {dag.py:3954} INFO - Setting next_dagrun for update_db to 2026-09-24 12:00:00+00:00, run_after=2026-09-25 12:00:00+00:00
[2026-09-24T14:48:28.061+0000] {processor.py:183} INFO - Processing /opt/airflow/dags/main.py took 0.390 seconds
[2026-09-24T14:48:58.165+0000] {processor.py:161} INFO - Started process (PID=666) to work on /opt/airflow/dags/main.py
[2026-09-24T14:48:58.168+0000] {processor.py:830} INFO - Processing file /opt/airflow/dags/main.py for tasks to queue
[2026-09-24T14:48:58.172+0000] {logging_mixin.py:188} INFO - [2026-09-24T14:48:58.171+0000] {dagbag.py:545} INFO - Filling up the DagBag from /opt/airflow/dags/main.py
[2026-09-24T14:48:58.431+0000] {processor.py:840} INFO - DAG(s) 'update_db' retrieved from /opt/airflow/dags/main.py
[2026-09-24T14:48:58.458+0000] {logging_mixin.py:188} INFO - [2026-09-24T14:48:58.458+0000] {dag.py:3096} INFO - Sync 1 DAGs
[2026-09-24T14:48:58.480+0000] {logging_mixin.py:188} INFO - [2026-09-24T14:48:58.480+0000] {dag.py:3954} INFO - Setting next_dagrun for update_db to 2026-09-24 12:00:00+00:00, run_after=2026-09-25 12:00:00+00:00
[2026-09-24T14:48:58.505+0000] {processor.py:183} INFO - Processing /opt/airflow/dags/main.py took 0.345 seconds
[2026-09-24T14:49:28.793+0000] {processor.py:161} INFO - Started process (PID=673) to work on /opt/airflow/dags/main.py
[2026-09-24T14:49:28.796+0000] {processor.py:830} INFO - Processing file /opt/airflow/dags/main.py for tasks to queue
[2026-09-24T14:49:28.800+0000] {logging_mixin.py:188} INFO - [2026-09-24T14:49:28.799+0000] {dagbag.py:545} INFO - Filling up the DagBag from /opt/airflow/dags/main.py
[2026-09-24T14:49:29.068+0000] {processor.py:840} INFO - DAG(s) 'update_db' retrieved from /opt/airflow/dags/main.py
[2026-09-24T14:49:29.094+0000] {logging_mixin.py:188} INFO - [2026-09-24T14:49:29.094+0000] {dag.py:3096} INFO - Sync 1 DAGs
[2026-09-24T14:49:29.116+0000] {logging_mixin.py:188} INFO - [2026-09-24T14:49:29.115+0000] {dag.py:3954} INFO - Setting next_dagrun for update_db to 2026-09-24 12:00:00+00:00, run_after=2026-09-25 12:00:00+00:00
[2026-09-24T14:49:29.137+0000] {processor.py:183} INFO - Processing /opt/airflow/dags/main.py took 0.350 seconds
[2026-09-24T14:49:59.476+0000] {processor.py:161} INFO - Started process (PID=680) to work on /opt/airflow/dags/main.py
[2026-09-24T14:49:59.479+0000] {processor.py:830} INFO - Processing file /opt/airflow/dags/main.py for tasks to queue
[2026-09-24T14:49:59.482+0000] {logging_mixin.py:188} INFO - [2026-09-24T14:49:59.482+0000] {dagbag.py:545} INFO - Filling up the DagBag from /opt/airflow/dags/main.py
[2026-09-24T14:49:59.734+0000] {processor.py:840} INFO - DAG(s) 'update_db' retrieved from /opt/airflow/dags/main.py
[2026-09-24T14:49:59.761+0000] {logging_mixin.py:188} INFO - [2026-09-24T14:49:59.761+0000] {dag.py:3096} INFO - Sync 1 DAGs
[2026-09-24T14:49:59.783+0000] {logging_mixin.py:188} INFO - [2026-09-24T14:49:59.783+0000] {dag.py:3954} INFO - Setting next_dagrun for update_db to 2026-09-24 12:00:00+00:00, run_after=2026-09-25 12:00:00+00:00
[2026-09-24T14:49:59.806+0000] {processor.py:183} INFO - Processing /opt/airflow/dags/main.py took 0.338 seconds
[2026-09-24T14:50:30.376+0000] {processor.py:161} INFO - Started process (PID=688) to work on /opt/airflow/dags/main.py
[2026-09-24T14:50:30.379+0000] {processor.py:830} INFO - Processing file /opt/airflow/dags/main.py for tasks to queue
[2026-09-24T14:50:30.383+0000] {logging_mixin.py:188} INFO - [2026-09-24T14:50:30.382+0000] {dagbag.py:545} INFO - Filling up the DagBag from /opt/airflow/dags/main.py
[2026-09-24T14:50:30.654+0000] {processor.py:840} INFO - DAG(s) 'update_db' retrieved from /opt/airflow/dags/main.py
[2026-09-24T14:50:30.682+0000] {logging_mixin.py:188} INFO - [2026-09-24T14:50:30.682+0000] {dag.py:3096} INFO - Sync 1 DAGs
[2026-09-24T14:50:30.705+0000] {logging_mixin.py:188} INFO - [2026-09-24T14:50:30.705+0000] {dag.py:3954} INFO - Setting next_dagrun for update_db to 2026-09-24 12:00:00+00:00, run_after=2026-09-25 12:00:00+00:00
[2026-09-24T14:50:30.730+0000] {processor.py:183} INFO - Processing /opt/airflow/dags/main.py took 0.358 seconds
[2026-09-24T14:51:01.168+0000] {processor.py:161} INFO - Started process (PID=695) to work on /opt/airflow/dags/main.py
[2026-09-24T14:51:01.171+0000] {processor.py:830} INFO - Processing file /opt/airflow/dags/main.py for tasks to queue
[2026-09-24T14:51:01.175+0000] {logging_mixin.py:188} INFO - [2026-09-24T14:51:01.175+0000] {dagbag.py:545} INFO - Filling up the DagBag from /opt/airflow/dags/main.py
[2026-09-24T14:51:01.477+0000] {processor.py:840} INFO - DAG(s) 'update_db' retrieved from /opt/airflow/dags/main.py
[2026-09-24T14:51:01.500+0000] {logging_mixin.py:188} INFO - [2026-09-24T14:51:01.500+0000] {dag.py:3096} INFO - Sync 1 DAGs
[2026-09-24T14:51:01.519+0000] {logging_mixin.py:188} INFO - [2026-09-24T14:51:01.518+0000] {dag.py:3954} INFO - Setting next_dagrun for update_db to 2026-09-24 12:00:00+00:00, run_after=2026-09-25 12:00:00+00:00
[2026-09-24T14:51:01.537+0000] {processor.py:183} INFO - Processing /opt/airflow/dags/main.py took 0.373 seconds
[2026-09-24T14:51:32.080+0000] {processor.py:161} INFO - Started process (PID=702) to work on /opt/airflow/dags/main.py
[2026-09-24T14:51:32.082+0000] {processor.py:830} INFO - Processing file /opt/airflow/dags/main.py for tasks to queue
[2026-09-24T14:51:32.085+0000] {logging_mixin.py:188} INFO - [2026-09-24T14:51:32.085+0000] {dagbag.py:545} INFO - Filling up the DagBag from /opt/airflow/dags/main.py
[2026-09-24T14:51:32.415+0000] {processor.py:840} INFO - DAG(s) 'update_db' retrieved from /opt/airflow/dags/main.py
[2026-09-24T14:51:32.442+0000] {logging_mixin.py:188} INFO - [2026-09-24T14:51:32.442+0000] {dag.py:3096} INFO - Sync 1 DAGs
[2026-09-24T14:51:32.463+0000] {logging_mixin.py:188} INFO - [2026-09-24T14:51:32.463+0000] {dag.py:3954} INFO - Setting next_dagrun for update_db to 2026-09-24 12:00:00+00:00, run_after=2026-09-25 12:00:00+00:00
[2026-09-24T14:51:32.482+0000] {processor.py:183} INFO - Processing /opt/airflow/dags/main.py took 0.408 seconds
[2026-09-24T14:52:03.198+0000] {processor.py:161} INFO - Started process (PID=709) to work on /opt/airflow/dags/main.py
[2026-09-24T14:52:03.202+0000] {processor.py:830} INFO - Processing file /opt/airflow/dags/main.py for tasks to queue
[2026-09-24T14:52:03.207+0000] {logging_mixin.py:188} INFO - [2026-09-24T14:52:03.207+0000] {dagbag.py:545} INFO - Filling up the DagBag from /opt/airflow/dags/main.py
[2026-09-24T14:52:03.459+0000] {processor.py:840} INFO - DAG(s) 'update_db' retrieved from /opt/airflow/dags/main.py
[2026-09-24T14:52:03.490+0000] {logging_mixin.py:188} INFO - [2026-09-24T14:52:03.490+0000] {dag.py:3096} INFO - Sync 1 DAGs
[2026-09-24T14:52:03.514+0000] {logging_mixin.py:188} INFO - [2026-09-24T14:52:03.514+0000] {dag.py:3954} INFO - Setting next_dagrun for update_db to 2026-09-24 12:00:00+00:00, run_after=2026-09-25 12:00:00+00:00
[2026-09-24T14:52:03.540+0000] {processor.py:183} INFO - Processing /opt/airflow/dags/main.py took 0.354 seconds
[2026-09-24T14:52:33.905+0000] {processor.py:161} INFO - Started process (PID=716) to work on /opt/airflow/dags/main.py
[2026-09-24T14:52:33.908+0000] {processor.py:830} INFO - Processing file /opt/airflow/dags/main.py for tasks to queue
[2026-09-24T14:52:33.913+0000] {logging_mixin.py:188} INFO - [2026-09-24T14:52:33.912+0000] {dagbag.py:545} INFO - Filling up the DagBag from /opt/airflow/dags/main.py
[2026-09-24T14:52:34.367+0000] {processor.py:840} INFO - DAG(s) 'update_db' retrieved from /opt/airflow/dags/main.py
[2026-09-24T14:52:34.402+0000] {logging_mixin.py:188} INFO - [2026-09-24T14:52:34.402+0000] {dag.py:3096} INFO - Sync 1 DAGs
[2026-09-24T14:52:34.429+0000] {logging_mixin.py:188} INFO - [2026-09-24T14:52:34.429+0000] {dag.py:3954} INFO - Setting next_dagrun for update_db to 2026-09-24 12:00:00+00:00, run_after=2026-09-25 12:00:00+00:00
[2026-09-24T14:52:34.455+0000] {processor.py:183} INFO - Processing /opt/airflow/dags/main.py took 0.565 seconds
[2026-09-24T14:53:05.009+0000] {processor.py:161} INFO - Started process (PID=723) to work on /opt/airflow/dags/main.py
[2026-09-24T14:53:05.011+0000] {processor.py:830} INFO - Processing file /opt/airflow/dags/main.py for tasks to queue
[2026-09-24T14:53:05.014+0000] {logging_mixin.py:188} INFO - [2026-09-24T14:53:05.014+0000] {dagbag.py:545} INFO - Filling up the DagBag from /opt/airflow/dags/main.py
[2026-09-24T14:53:05.218+0000] {processor.py:840} INFO - DAG(s) 'update_db' retrieved from /opt/airflow/dags/main.py
[2026-09-24T14:53:05.248+0000] {logging_mixin.py:188} INFO - [2026-09-24T14:53:05.248+0000] {dag.py:3096} INFO - Sync 1 DAGs
[2026-09-24T14:53:05.266+0000] {logging_mixin.py:188} INFO - [2026-09-24T14:53:05.266+0000] {dag.py:3954} INFO - Setting next_dagrun for update_db to 2026-09-24 12:00:00+00:00, run_after=2026-09-25 12:00:00+00:00
[2026-09-24T14:53:05.287+0000] {processor.py:183} INFO - Processing /opt/airflow/dags/main.py took 0.283 seconds
[2026-09-24T14:53:35.647+0000] {processor.py:161} INFO - Started process (PID=730) to work on /opt/airflow/dags/main.py
[2026-09-24T14:53:35.650+0000] {processor.py:830} INFO - Processing file /opt/airflow/dags/main.py for tasks to queue
[2026-09-24T14:53:35.653+0000] {logging_mixin.py:188} INFO - [2026-09-24T14:53:35.653+0000] {dagbag.py:545} INFO - Filling up the DagBag from /opt/airflow/dags/main.py
[2026-09-24T14:53:35.905+0000] {processor.py:840} INFO - DAG(s) 'update_db' retrieved from /opt/airflow/dags/main.py
[2026-09-24T14:53:35.927+0000] {logging_mixin.py:188} INFO - [2026-09-24T14:53:35.926+0000] {dag.py:3096} INFO - Sync 1 DAGs
[2026-09-24T14:53:35.944+0000] {logging_mixin.py:188} INFO - [2026-09-24T14:53:35.944+0000] {dag.py:3954} INFO - Setting next_dagrun for update_db to 2026-09-24 12:00:00+00:00, run_after=2026-09-25 12:00:00+00:00
[2026-09-24T14:53:36.171+0000] {processor.py:183} INFO - Processing /opt/airflow/dags/main.py took 0.529 seconds
[2026-09-24T14:54:06.632+0000] {processor.py:161} INFO - Started process (PID=737) to work on /opt/airflow/dags/main.py
[2026-09-24T14:54:06.636+0000] {processor.py:830} INFO - Processing file /opt/airflow/dags/main.py for tasks to queue
[2026-09-24T14:54:06.640+0000] {logging_mixin.py:188} INFO - [2026-09-24T14:54:06.639+0000] {dagbag.py:545} INFO - Filling up the DagBag from /opt/airflow/dags/main.py
[2026-09-24T14:54:06.861+0000] {processor.py:840} INFO - DAG(s) 'update_db' retrieved from /opt/airflow/dags/main.py
[2026-09-24T14:54:06.890+0000] {logging_mixin.py:188} INFO - [2026-09-24T14:54:06.890+0000] {dag.py:3096} INFO - Sync 1 DAGs
[2026-09-24T14:54:06.912+0000] {logging_mixin.py:188} INFO - [2026-09-24T14:54:06.912+0000] {dag.py:3954} INFO - Setting next_dagrun for update_db to 2026-09-24 12:00:00+00:00, run_after=2026-09-25 12:00:00+00:00
[2026-09-24T14:54:06.936+0000] {processor.py:183} INFO - Processing /opt/airflow/dags/main.py took 0.312 seconds
[2026-09-24T14:54:37.469+0000] {processor.py:161} INFO - Started process (PID=744) to work on /opt/airflow/dags/main.py
[2026-09-24T14:54:37.472+0000] {processor.py:830} INFO - Processing file /opt/airflow/dags/main.py for tasks to queue
[2026-09-24T14:54:37.476+0000] {logging_mixin.py:188} INFO - [2026-09-24T14:54:37.475+0000] {dagbag.py:545} INFO - Filling up the DagBag from /opt/airflow/dags/main.py
[2026-09-24T14:54:37.691+0000] {processor.py:840} INFO - DAG(s) 'update_db' retrieved from /opt/airflow/dags/main.py
[2026-09-24T14:54:37.725+0000] {logging_mixin.py:188} INFO - [2026-09-24T14:54:37.725+0000] {dag.py:3096} INFO - Sync 1 DAGs
[2026-09-24T14:54:37.745+0000] {logging_mixin.py:188} INFO - [2026-09-24T14:54:37.745+0000] {dag.py:3954} INFO - Setting next_dagrun for update_db to 2026-09-24 12:00:00+00:00, run_after=2026-09-25 12:00:00+00:00
[2026-09-24T14:54:37.764+0000] {processor.py:183} INFO - Processing /opt/airflow/dags/main.py took 0.301 seconds
[2026-09-24T14:55:08.233+0000] {processor.py:161} INFO - Started process (PID=751) to work on /opt/airflow/dags/main.py
[2026-09-24T14:55:08.236+0000] {processor.py:830} INFO - Processing file /opt/airflow/dags/main.py for tasks to queue
[2026-09-24T14:55:08.239+0000] {logging_mixin.py:188} INFO - [2026-09-24T14:55:08.239+0000] {dagbag.py:545} INFO - Filling up the DagBag from /opt/airflow/dags/main.py
[2026-09-24T14:55:08.470+0000] {processor.py:840} INFO - DAG(s) 'update_db' retrieved from /opt/airflow/dags/main.py
[2026-09-24T14:55:08.508+0000] {logging_mixin.py:188} INFO - [2026-09-24T14:55:08.507+0000] {dag.py:3096} INFO - Sync 1 DAGs
[2026-09-24T14:55:08.538+0000] {logging_mixin.py:188} INFO - [2026-09-24T14:55:08.538+0000] {dag.py:3954} INFO - Setting next_dagrun for update_db to 2026-09-24 12:00:00+00:00, run_after=2026-09-25 12:00:00+00:00
[2026-09-24T14:55:08.566+0000] {processor.py:183} INFO - Processing /opt/airflow/dags/main.py took 0.338 seconds
[2026-09-24T14:55:38.660+0000] {processor.py:161} INFO - Started process (PID=758) to work on /opt/airflow/dags/main.py
[2026-09-24T14:55:38.663+0000] {processor.py:830} INFO - Processing file /opt/airflow/dags/main.py for tasks to queue
[2026-09-24T14:55:38.667+0000] {logging_mixin.py:188} INFO - [2026-09-24T14:55:38.666+0000] {dagbag.py:545} INFO - Filling up the DagBag from /opt/airflow/dags/main.py
[2026-09-24T14:55:38.941+0000] {processor.py:840} INFO - DAG(s) 'update_db' retrieved from /opt/airflow/dags/main.py
[2026-09-24T14:55:38.972+0000] {logging_mixin.py:188} INFO - [2026-09-24T14:55:38.972+0000] {dag.py:3096} INFO - Sync 1 DAGs
[2026-09-24T14:55:38.997+0000] {logging_mixin.py:188} INFO - [2026-09-24T14:55:38.997+0000] {dag.py:3954} INFO - Setting next_dagrun for update_db to 2026-09-24 12:00:00+00:00, run_after=2026-09-25 12:00:00+00:00
[2026-09-24T14:55:39.023+0000] {processor.py:183} INFO - Processing /opt/airflow/dags/main.py took 0.372 seconds
[2026-09-24T14:56:09.444+0000] {processor.py:161} INFO - Started process (PID=765) to work on /opt/airflow/dags/main.py
[2026-09-24T14:56:09.447+0000] {processor.py:830} INFO - Processing file /opt/airflow/dags/main.py for tasks to queue
[2026-09-24T14:56:09.451+0000] {logging_mixin.py:188} INFO - [2026-09-24T14:56:09.451+0000] {dagbag.py:545} INFO - Filling up the DagBag from /opt/airflow/dags/main.py
[2026-09-24T14:56:09.748+0000] {processor.py:840} INFO - DAG(s) 'update_db' retrieved from /opt/airflow/dags/main.py
[2026-09-24T14:56:09.789+0000] {logging_mixin.py:188} INFO - [2026-09-24T14:56:09.789+0000] {dag.py:3096} INFO - Sync 1 DAGs
[2026-09-24T14:56:09.818+0000] {logging_mixin.py:188} INFO - [2026-09-24T14:56:09.818+0000] {dag.py:3954} INFO - Setting next_dagrun for update_db to 2026-09-24 12:00:00+00:00, run_after=2026-09-25 12:00:00+00:00
[2026-09-24T14:56:09.849+0000] {processor.py:183} INFO - Processing /opt/airflow/dags/main.py took 0.411 seconds
[2026-09-24T14:56:40.385+0000] {processor.py:161} INFO - Started process (PID=772) to work on /opt/airflow/dags/main.py
[2026-09-24T14:56:40.387+0000] {processor.py:830} INFO - Processing file /opt/airflow/dags/main.py for tasks to queue
[2026-09-24T14:56:40.391+0000] {logging_mixin.py:188} INFO - [2026-09-24T14:56:40.391+0000] {dagbag.py:545} INFO - Filling up the DagBag from /opt/airflow/dags/main.py
[2026-09-24T14:56:40.587+0000] {processor.py:840} INFO - DAG(s) 'update_db' retrieved from /opt/airflow/dags/main.py
[2026-09-24T14:56:40.624+0000] {logging_mixin.py:188} INFO - [2026-09-24T14:56:40.624+0000] {dag.py:3096} INFO - Sync 1 DAGs
[2026-09-24T14:56:40.654+0000] {logging_mixin.py:188} INFO - [2026-09-24T14:56:40.654+0000] {dag.py:3954} INFO - Setting next_dagrun for update_db to 2026-09-24 12:00:00+00:00, run_after=2026-09-25 12:00:00+00:00
[2026-09-24T14:56:40.687+0000] {processor.py:183} INFO - Processing /opt/airflow/dags/main.py took 0.311 seconds
[2026-09-24T14:57:10.941+0000] {processor.py:161} INFO - Started process (PID=779) to work on /opt/airflow/dags/main.py
[2026-09-24T14:57:10.944+0000] {processor.py:830} INFO - Processing file /opt/airflow/dags/main.py for tasks to queue
[2026-09-24T14:57:10.949+0000] {logging_mixin.py:188} INFO - [2026-09-24T14:57:10.948+0000] {dagbag.py:545} INFO - Filling up the DagBag from /opt/airflow/dags/main.py
[2026-09-24T14:57:11.294+0000] {processor.py:840} INFO - DAG(s) 'update_db' retrieved from /opt/airflow/dags/main.py
[2026-09-24T14:57:11.344+0000] {logging_mixin.py:188} INFO - [2026-09-24T14:57:11.343+0000] {dag.py:3096} INFO - Sync 1 DAGs
[2026-09-24T14:57:11.385+0000] {logging_mixin.py:188} INFO - [2026-09-24T14:57:11.385+0000] {dag.py:3954} INFO - Setting next_dagrun for update_db to 2026-09-24 12:00:00+00:00, run_after=2026-09-25 12:00:00+00:00
[2026-09-24T14:57:11.427+0000] {processor.py:183} INFO - Processing /opt/airflow/dags/main.py took 0.494 seconds
[2026-09-24T14:57:41.772+0000] {processor.py:161} INFO - Started process (PID=786) to work on /opt/airflow/dags/main.py
[2026-09-24T14:57:41.775+0000] {processor.py:830} INFO - Processing file /opt/airflow/dags/main.py for tasks to queue
[2026-09-24T14:57:41.780+0000] {logging_mixin.py:188} INFO - [2026-09-24T14:57:41.780+0000] {dagbag.py:545} INFO - Filling up the DagBag from /opt/airflow/dags/main.py
[2026-09-24T14:57:41.980+0000] {processor.py:840} INFO - DAG(s) 'update_db' retrieved from /opt/airflow/dags/main.py
[2026-09-24T14:57:42.013+0000] {logging_mixin.py:188} INFO - [2026-09-24T14:57:42.013+0000] {dag.py:3096} INFO - Sync 1 DAGs
[2026-09-24T14:57:42.039+0000] {logging_mixin.py:188} INFO - [2026-09-24T14:57:42.038+0000] {dag.py:3954} INFO - Setting next_dagrun for update_db to 2026-09-24 12:00:00+00:00, run_after=2026-09-25 12:00:00+00:00
[2026-09-24T14:57:42.064+0000] {processor.py:183} INFO - Processing /opt/airflow/dags/main.py took 0.298 seconds
[2026-09-24T14:58:12.194+0000] {processor.py:161} INFO - Started process (PID=793) to work on /opt/airflow/dags/main.py
[2026-09-24T14:58:12.197+0000] {processor.py:830} INFO - Processing file /opt/airflow/dags/main.py for tasks to queue
[2026-09-24T14:58:12.202+0000] {logging_mixin.py:188} INFO - [2026-09-24T14:58:12.202+0000] {dagbag.py:545} INFO - Filling up the DagBag from /opt/airflow/dags/main.py
[2026-09-24T14:58:12.438+0000] {processor.py:840} INFO - DAG(s) 'update_db' retrieved from /opt/airflow/dags/main.py
[2026-09-24T14:58:12.468+0000] {logging_mixin.py:188} INFO - [2026-09-24T14:58:12.468+0000] {dag.py:3096} INFO - Sync 1 DAGs
[2026-09-24T14:58:12.489+0000] {logging_mixin.py:188} INFO - [2026-09-24T14:58:12.489+0000] {dag.py:3954} INFO - Setting next_dagrun for update_db to 2026-09-24 12:00:00+00:00, run_after=2026-09-25 12:00:00+00:00
[2026-09-24T14:58:12.512+0000] {processor.py:183} INFO - Processing /opt/airflow/dags/main.py took 0.326 seconds
[2026-09-24T14:58:43.016+0000] {processor.py:161} INFO - Started process (PID=800) to work on /opt/airflow/dags/main.py
[2026-09-24T14:58:43.019+0000] {processor.py:830} INFO - Processing file /opt/airflow/dags/main.py for tasks to queue
[2026-09-24T14:58:43.023+0000] {logging_mixin.py:188} INFO - [2026-09-24T14:58:43.022+0000] {dagbag.py:545} INFO - Filling up the DagBag from /opt/airflow/dags/main.py
[2026-09-24T14:58:43.361+0000] {processor.py:840} INFO - DAG(s) 'update_db' retrieved from /opt/airflow/dags/main.py
[2026-09-24T14:58:43.395+0000] {logging_mixin.py:188} INFO - [2026-09-24T14:58:43.395+0000] {dag.py:3096} INFO - Sync 1 DAGs
[2026-09-24T14:58:43.419+0000] {logging_mixin.py:188} INFO - [2026-09-24T14:58:43.419+0000] {dag.py:3954} INFO - Setting next_dagrun for update_db to 2026-09-24 12:00:00+00:00, run_after=2026-09-25 12:00:00+00:00
[2026-09-24T14:58:43.442+0000] {processor.py:183} INFO - Processing /opt/airflow/dags/main.py took 0.433 seconds
[2026-09-24T14:59:13.844+0000] {processor.py:161} INFO - Started process (PID=807) to work on /opt/airflow/dags/main.py
[2026-09-24T14:59:13.847+0000] {processor.py:830} INFO - Processing file /opt/airflow/dags/main.py for tasks to queue
[2026-09-24T14:59:13.852+0000] {logging_mixin.py:188} INFO - [2026-09-24T14:59:13.851+0000] {dagbag.py:545} INFO - Filling up the DagBag from /opt/airflow/dags/main.py
[2026-09-24T14:59:14.131+0000] {processor.py:840} INFO - DAG(s) 'update_db' retrieved from /opt/airflow/dags/main.py
[2026-09-24T14:59:14.172+0000] {logging_mixin.py:188} INFO - [2026-09-24T14:59:14.172+0000] {dag.py:3096} INFO - Sync 1 DAGs
[2026-09-24T14:59:14.198+0000] {logging_mixin.py:188} INFO - [2026-09-24T14:59:14.198+0000] {dag.py:3954} INFO - Setting next_dagrun for update_db to 2026-09-24 12:00:00+00:00, run_after=2026-09-25 12:00:00+00:00
[2026-09-24T14:59:14.227+0000] {processor.py:183} INFO - Processing /opt/airflow/dags/main.py took 0.392 seconds
[2026-09-24T14:59:44.714+0000] {processor.py:161} INFO - Started process (PID=814) to work on /opt/airflow/dags/main.py
[2026-09-24T14:59:44.720+0000] {processor.py:830} INFO - Processing file /opt/airflow/dags/main.py for tasks to queue
[2026-09-24T14:59:44.730+0000] {logging_mixin.py:188} INFO - [2026-09-24T14:59:44.729+0000] {dagbag.py:545} INFO - Filling up the DagBag from /opt/airflow/dags/main.py
[2026-09-24T14:59:45.073+0000] {processor.py:840} INFO - DAG(s) 'update_db' retrieved from /opt/airflow/dags/main.py
[2026-09-24T14:59:45.140+0000] {logging_mixin.py:188} INFO - [2026-09-24T14:59:45.139+0000] {dag.py:3096} INFO - Sync 1 DAGs
[2026-09-24T14:59:45.188+0000] {logging_mixin.py:188} INFO - [2026-09-24T14:59:45.187+0000] {dag.py:3954} INFO - Setting next_dagrun for update_db to 2026-09-24 12:00:00+00:00, run_after=2026-09-25 12:00:00+00:00
[2026-09-24T14:59:45.243+0000] {processor.py:183} INFO - Processing /opt/airflow/dags/main.py took 0.547 seconds
[2026-09-24T15:00:15.766+0000] {processor.py:161} INFO - Started process (PID=821) to work on /opt/airflow/dags/main.py
[2026-09-24T15:00:15.769+0000] {processor.py:830} INFO - Processing file /opt/airflow/dags/main.py for tasks to queue
[2026-09-24T15:00:15.773+0000] {logging_mixin.py:188} INFO - [2026-09-24T15:00:15.772+0000] {dagbag.py:545} INFO - Filling up the DagBag from /opt/airflow/dags/main.py
[2026-09-24T15:00:16.143+0000] {processor.py:840} INFO - DAG(s) 'update_db' retrieved from /opt/airflow/dags/main.py
[2026-09-24T15:00:16.218+0000] {logging_mixin.py:188} INFO - [2026-09-24T15:00:16.218+0000] {dag.py:3096} INFO - Sync 1 DAGs
[2026-09-24T15:00:16.272+0000] {logging_mixin.py:188} INFO - [2026-09-24T15:00:16.271+0000] {dag.py:3954} INFO - Setting next_dagrun for update_db to 2026-09-24 12:00:00+00:00, run_after=2026-09-25 12:00:00+00:00
[2026-09-24T15:00:16.323+0000] {processor.py:183} INFO - Processing /opt/airflow/dags/main.py took 0.568 seconds
[2026-09-24T15:00:46.827+0000] {processor.py:161} INFO - Started process (PID=829) to work on /opt/airflow/dags/main.py
[2026-09-24T15:00:46.830+0000] {processor.py:830} INFO - Processing file /opt/airflow/dags/main.py for tasks to queue
[2026-09-24T15:00:46.834+0000] {logging_mixin.py:188} INFO - [2026-09-24T15:00:46.834+0000] {dagbag.py:545} INFO - Filling up the DagBag from /opt/airflow/dags/main.py
[2026-09-24T15:00:47.087+0000] {processor.py:840} INFO - DAG(s) 'update_db' retrieved from /opt/airflow/dags/main.py
[2026-09-24T15:00:47.124+0000] {logging_mixin.py:188} INFO - [2026-09-24T15:00:47.123+0000] {dag.py:3096} INFO - Sync 1 DAGs
[2026-09-24T15:00:47.155+0000] {logging_mixin.py:188} INFO - [2026-09-24T15:00:47.154+0000] {dag.py:3954} INFO - Setting next_dagrun for update_db to 2026-09-24 12:00:00+00:00, run_after=2026-09-25 12:00:00+00:00
[2026-09-24T15:00:47.184+0000] {processor.py:183} INFO - Processing /opt/airflow/dags/main.py took 0.363 seconds
[2026-09-24T15:01:17.317+0000] {processor.py:161} INFO - Started process (PID=836) to work on /opt/airflow/dags/main.py
[2026-09-24T15:01:17.327+0000] {processor.py:830} INFO - Processing file /opt/airflow/dags/main.py for tasks to queue
[2026-09-24T15:01:17.341+0000] {logging_mixin.py:188} INFO - [2026-09-24T15:01:17.340+0000] {dagbag.py:545} INFO - Filling up the DagBag from /opt/airflow/dags/main.py
[2026-09-24T15:01:17.716+0000] {processor.py:840} INFO - DAG(s) 'update_db' retrieved from /opt/airflow/dags/main.py
[2026-09-24T15:01:17.787+0000] {logging_mixin.py:188} INFO - [2026-09-24T15:01:17.786+0000] {dag.py:3096} INFO - Sync 1 DAGs
[2026-09-24T15:01:17.843+0000] {logging_mixin.py:188} INFO - [2026-09-24T15:01:17.842+0000] {dag.py:3954} INFO - Setting next_dagrun for update_db to 2026-09-24 12:00:00+00:00, run_after=2026-09-25 12:00:00+00:00
[2026-09-24T15:01:17.908+0000] {processor.py:183} INFO - Processing /opt/airflow/dags/main.py took 0.620 seconds
[2026-09-24T15:01:48.878+0000] {processor.py:161} INFO - Started process (PID=843) to work on /opt/airflow/dags/main.py
[2026-09-24T15:01:48.881+0000] {processor.py:830} INFO - Processing file /opt/airflow/dags/main.py for tasks to queue
[2026-09-24T15:01:48.884+0000] {logging_mixin.py:188} INFO - [2026-09-24T15:01:48.884+0000] {dagbag.py:545} INFO - Filling up the DagBag from /opt/airflow/dags/main.py
[2026-09-24T15:01:49.121+0000] {processor.py:840} INFO - DAG(s) 'update_db' retrieved from /opt/airflow/dags/main.py
[2026-09-24T15:01:49.149+0000] {logging_mixin.py:188} INFO - [2026-09-24T15:01:49.149+0000] {dag.py:3096} INFO - Sync 1 DAGs
[2026-09-24T15:01:49.171+0000] {logging_mixin.py:188} INFO - [2026-09-24T15:01:49.170+0000] {dag.py:3954} INFO - Setting next_dagrun for update_db to 2026-09-24 12:00:00+00:00, run_after=2026-09-25 12:00:00+00:00
[2026-09-24T15:01:49.193+0000] {processor.py:183} INFO - Processing /opt/airflow/dags/main.py took 0.321 seconds
[2026-09-24T15:02:19.296+0000] {processor.py:161} INFO - Started process (PID=850) to work on /opt/airflow/dags/main.py
[2026-09-24T15:02:19.299+0000] {processor.py:830} INFO - Processing file /opt/airflow/dags/main.py for tasks to queue
[2026-09-24T15:02:19.302+0000] {logging_mixin.py:188} INFO - [2026-09-24T15:02:19.302+0000] {dagbag.py:545} INFO - Filling up the DagBag from /opt/airflow/dags/main.py
[2026-09-24T15:02:19.557+0000] {processor.py:840} INFO - DAG(s) 'update_db' retrieved from /opt/airflow/dags/main.py
[2026-09-24T15:02:19.629+0000] {logging_mixin.py:188} INFO - [2026-09-24T15:02:19.628+0000] {dag.py:3096} INFO - Sync 1 DAGs
[2026-09-24T15:02:19.661+0000] {logging_mixin.py:188} INFO - [2026-09-24T15:02:19.661+0000] {dag.py:3954} INFO - Setting next_dagrun for update_db to 2026-09-24 12:00:00+00:00, run_after=2026-09-25 12:00:00+00:00
[2026-09-24T15:02:19.685+0000] {processor.py:183} INFO - Processing /opt/airflow/dags/main.py took 0.396 seconds
[2026-09-24T15:02:50.085+0000] {processor.py:161} INFO - Started process (PID=857) to work on /opt/airflow/dags/main.py
[2026-09-24T15:02:50.089+0000] {processor.py:830} INFO - Processing file /opt/airflow/dags/main.py for tasks to queue
[2026-09-24T15:02:50.093+0000] {logging_mixin.py:188} INFO - [2026-09-24T15:02:50.093+0000] {dagbag.py:545} INFO - Filling up the DagBag from /opt/airflow/dags/main.py
[2026-09-24T15:02:50.333+0000] {processor.py:840} INFO - DAG(s) 'update_db' retrieved from /opt/airflow/dags/main.py
[2026-09-24T15:02:50.362+0000] {logging_mixin.py:188} INFO - [2026-09-24T15:02:50.362+0000] {dag.py:3096} INFO - Sync 1 DAGs
[2026-09-24T15:02:50.381+0000] {logging_mixin.py:188} INFO - [2026-09-24T15:02:50.381+0000] {dag.py:3954} INFO - Setting next_dagrun for update_db to 2026-09-24 12:00:00+00:00, run_after=2026-09-25 12:00:00+00:00
[2026-09-24T15:02:50.409+0000] {processor.py:183} INFO - Processing /opt/airflow/dags/main.py took 0.330 seconds
[2026-09-24T15:03:20.870+0000] {processor.py:161} INFO - Started process (PID=864) to work on /opt/airflow/dags/main.py
[2026-09-24T15:03:20.873+0000] {processor.py:830} INFO - Processing file /opt/airflow/dags/main.py for tasks to queue
[2026-09-24T15:03:20.876+0000] {logging_mixin.py:188} INFO - [2026-09-24T15:03:20.875+0000] {dagbag.py:545} INFO - Filling up the DagBag from /opt/airflow/dags/main.py
[2026-09-24T15:03:21.127+0000] {processor.py:840} INFO - DAG(s) 'update_db' retrieved from /opt/airflow/dags/main.py
[2026-09-24T15:03:21.155+0000] {logging_mixin.py:188} INFO - [2026-09-24T15:03:21.155+0000] {dag.py:3096} INFO - Sync 1 DAGs
[2026-09-24T15:03:21.180+0000] {logging_mixin.py:188} INFO - [2026-09-24T15:03:21.180+0000] {dag.py:3954} INFO - Setting next_dagrun for update_db to 2026-09-24 12:00:00+00:00, run_after=2026-09-25 12:00:00+00:00
[2026-09-24T15:03:21.206+0000] {processor.py:183} INFO - Processing /opt/airflow/dags/main.py took 0.342 seconds
[2026-09-24T15:03:51.681+0000] {processor.py:161} INFO - Started process (PID=877) to work on /opt/airflow/dags/main.py
[2026-09-24T15:03:51.684+0000] {processor.py:830} INFO - Processing file /opt/airflow/dags/main.py for tasks to queue
[2026-09-24T15:03:51.690+0000] {logging_mixin.py:188} INFO - [2026-09-24T15:03:51.690+0000] {dagbag.py:545} INFO - Filling up the DagBag from /opt/airflow/dags/main.py
[2026-09-24T15:03:51.917+0000] {processor.py:840} INFO - DAG(s) 'update_db' retrieved from /opt/airflow/dags/main.py
[2026-09-24T15:03:51.945+0000] {logging_mixin.py:188} INFO - [2026-09-24T15:03:51.945+0000] {dag.py:3096} INFO - Sync 1 DAGs
[2026-09-24T15:03:51.969+0000] {logging_mixin.py:188} INFO - [2026-09-24T15:03:51.969+0000] {dag.py:3954} INFO - Setting next_dagrun for update_db to 2026-09-24 12:00:00+00:00, run_after=2026-09-25 12:00:00+00:00
[2026-09-24T15:03:51.995+0000] {processor.py:183} INFO - Processing /opt/airflow/dags/main.py took 0.321 seconds
[2026-09-24T15:04:22.713+0000] {processor.py:161} INFO - Started process (PID=884) to work on /opt/airflow/dags/main.py
[2026-09-24T15:04:22.716+0000] {processor.py:830} INFO - Processing file /opt/airflow/dags/main.py for tasks to queue
[2026-09-24T15:04:22.720+0000] {logging_mixin.py:188} INFO - [2026-09-24T15:04:22.720+0000] {dagbag.py:545} INFO - Filling up the DagBag from /opt/airflow/dags/main.py
[2026-09-24T15:04:23.170+0000] {processor.py:840} INFO - DAG(s) 'update_db' retrieved from /opt/airflow/dags/main.py
[2026-09-24T15:04:23.199+0000] {logging_mixin.py:188} INFO - [2026-09-24T15:04:23.199+0000] {dag.py:3096} INFO - Sync 1 DAGs
[2026-09-24T15:04:23.222+0000] {logging_mixin.py:188} INFO - [2026-09-24T15:04:23.222+0000] {dag.py:3954} INFO - Setting next_dagrun for update_db to 2026-09-24 12:00:00+00:00, run_after=2026-09-25 12:00:00+00:00
[2026-09-24T15:04:23.248+0000] {processor.py:183} INFO - Processing /opt/airflow/dags/main.py took 0.545 seconds
[2026-09-24T15:04:54.117+0000] {processor.py:161} INFO - Started process (PID=891) to work on /opt/airflow/dags/main.py
[2026-09-24T15:04:54.120+0000] {processor.py:830} INFO - Processing file /opt/airflow/dags/main.py for tasks to queue
[2026-09-24T15:04:54.124+0000] {logging_mixin.py:188} INFO - [2026-09-24T15:04:54.124+0000] {dagbag.py:545} INFO - Filling up the DagBag from /opt/airflow/dags/main.py
[2026-09-24T15:04:54.369+0000] {processor.py:840} INFO - DAG(s) 'update_db' retrieved from /opt/airflow/dags/main.py
[2026-09-24T15:04:54.397+0000] {logging_mixin.py:188} INFO - [2026-09-24T15:04:54.397+0000] {dag.py:3096} INFO - Sync 1 DAGs
[2026-09-24T15:04:54.421+0000] {logging_mixin.py:188} INFO - [2026-09-24T15:04:54.421+0000] {dag.py:3954} INFO - Setting next_dagrun for update_db to 2026-09-24 12:00:00+00:00, run_after=2026-09-25 12:00:00+00:00
[2026-09-24T15:04:54.446+0000] {processor.py:183} INFO - Processing /opt/airflow/dags/main.py took 0.335 seconds
[2026-09-24T15:05:24.541+0000] {processor.py:161} INFO - Started process (PID=898) to work on /opt/airflow/dags/main.py
[2026-09-24T15:05:24.543+0000] {processor.py:830} INFO - Processing file /opt/airflow/dags/main.py for tasks to queue
[2026-09-24T15:05:24.547+0000] {logging_mixin.py:188} INFO - [2026-09-24T15:05:24.546+0000] {dagbag.py:545} INFO - Filling up the DagBag from /opt/airflow/dags/main.py
[2026-09-24T15:05:24.798+0000] {processor.py:840} INFO - DAG(s) 'update_db' retrieved from /opt/airflow/dags/main.py
[2026-09-24T15:05:24.830+0000] {logging_mixin.py:188} INFO - [2026-09-24T15:05:24.830+0000] {dag.py:3096} INFO - Sync 1 DAGs
[2026-09-24T15:05:24.851+0000] {logging_mixin.py:188} INFO - [2026-09-24T15:05:24.851+0000] {dag.py:3954} INFO - Setting next_dagrun for update_db to 2026-09-24 12:00:00+00:00, run_after=2026-09-25 12:00:00+00:00
[2026-09-24T15:05:24.878+0000] {processor.py:183} INFO - Processing /opt/airflow/dags/main.py took 0.343 seconds
[2026-09-24T15:05:55.172+0000] {processor.py:161} INFO - Started process (PID=905) to work on /opt/airflow/dags/main.py
[2026-09-24T15:05:55.175+0000] {processor.py:830} INFO - Processing file /opt/airflow/dags/main.py for tasks to queue
[2026-09-24T15:05:55.178+0000] {logging_mixin.py:188} INFO - [2026-09-24T15:05:55.178+0000] {dagbag.py:545} INFO - Filling up the DagBag from /opt/airflow/dags/main.py
[2026-09-24T15:05:55.404+0000] {processor.py:840} INFO - DAG(s) 'update_db' retrieved from /opt/airflow/dags/main.py
[2026-09-24T15:05:55.436+0000] {logging_mixin.py:188} INFO - [2026-09-24T15:05:55.436+0000] {dag.py:3096} INFO - Sync 1 DAGs
[2026-09-24T15:05:55.461+0000] {logging_mixin.py:188} INFO - [2026-09-24T15:05:55.461+0000] {dag.py:3954} INFO - Setting next_dagrun for update_db to 2026-09-24 12:00:00+00:00, run_after=2026-09-25 12:00:00+00:00
[2026-09-24T15:05:55.485+0000] {processor.py:183} INFO - Processing /opt/airflow/dags/main.py took 0.323 seconds
[2026-09-24T15:06:25.555+0000] {processor.py:161} INFO - Started process (PID=912) to work on /opt/airflow/dags/main.py
[2026-09-24T15:06:25.559+0000] {processor.py:830} INFO - Processing file /opt/airflow/dags/main.py for tasks to queue
[2026-09-24T15:06:25.564+0000] {logging_mixin.py:188} INFO - [2026-09-24T15:06:25.564+0000] {dagbag.py:545} INFO - Filling up the DagBag from /opt/airflow/dags/main.py
[2026-09-24T15:06:25.810+0000] {processor.py:840} INFO - DAG(s) 'update_db' retrieved from /opt/airflow/dags/main.py
[2026-09-24T15:06:25.843+0000] {logging_mixin.py:188} INFO - [2026-09-24T15:06:25.843+0000] {dag.py:3096} INFO - Sync 1 DAGs
[2026-09-24T15:06:25.870+0000] {logging_mixin.py:188} INFO - [2026-09-24T15:06:25.870+0000] {dag.py:3954} INFO - Setting next_dagrun for update_db to 2026-09-24 12:00:00+00:00, run_after=2026-09-25 12:00:00+00:00
[2026-09-24T15:06:25.906+0000] {processor.py:183} INFO - Processing /opt/airflow/dags/main.py took 0.358 seconds
[2026-09-24T15:06:56.590+0000] {processor.py:161} INFO - Started process (PID=919) to work on /opt/airflow/dags/main.py
[2026-09-24T15:06:56.593+0000] {processor.py:830} INFO - Processing file /opt/airflow/dags/main.py for tasks to queue
[2026-09-24T15:06:56.598+0000] {logging_mixin.py:188} INFO - [2026-09-24T15:06:56.597+0000] {dagbag.py:545} INFO - Filling up the DagBag from /opt/airflow/dags/main.py
[2026-09-24T15:06:56.857+0000] {processor.py:840} INFO - DAG(s) 'update_db' retrieved from /opt/airflow/dags/main.py
[2026-09-24T15:06:56.892+0000] {logging_mixin.py:188} INFO - [2026-09-24T15:06:56.891+0000] {dag.py:3096} INFO - Sync 1 DAGs
[2026-09-24T15:06:56.917+0000] {logging_mixin.py:188} INFO - [2026-09-24T15:06:56.917+0000] {dag.py:3954} INFO - Setting next_dagrun for update_db to 2026-09-24 12:00:00+00:00, run_after=2026-09-25 12:00:00+00:00
[2026-09-24T15:06:56.941+0000] {processor.py:183} INFO - Processing /opt/airflow/dags/main.py took 0.359 seconds
[2026-09-24T15:07:27.433+0000] {processor.py:161} INFO - Started process (PID=926) to work on /opt/airflow/dags/main.py
[2026-09-24T15:07:27.436+0000] {processor.py:830} INFO - Processing file /opt/airflow/dags/main.py for tasks to queue
[2026-09-24T15:07:27.439+0000] {logging_mixin.py:188} INFO - [2026-09-24T15:07:27.439+0000] {dagbag.py:545} INFO - Filling up the DagBag from /opt/airflow/dags/main.py
[2026-09-24T15:07:27.676+0000] {processor.py:840} INFO - DAG(s) 'update_db' retrieved from /opt/airflow/dags/main.py
[2026-09-24T15:07:27.706+0000] {logging_mixin.py:188} INFO - [2026-09-24T15:07:27.706+0000] {dag.py:3096} INFO - Sync 1 DAGs
[2026-09-24T15:07:27.727+0000] {logging_mixin.py:188} INFO - [2026-09-24T15:07:27.727+0000] {dag.py:3954} INFO - Setting next_dagrun for update_db to 2026-09-24 12:00:00+00:00, run_after=2026-09-25 12:00:00+00:00
[2026-09-24T15:07:27.752+0000] {processor.py:183} INFO - Processing /opt/airflow/dags/main.py took 0.325 seconds
[2026-09-24T15:07:58.412+0000] {processor.py:161} INFO - Started process (PID=933) to work on /opt/airflow/dags/main.py
[2026-09-24T15:07:58.414+0000] {processor.py:830} INFO - Processing file /opt/airflow/dags/main.py for tasks to queue
[2026-09-24T15:07:58.418+0000] {logging_mixin.py:188} INFO - [2026-09-24T15:07:58.418+0000] {dagbag.py:545} INFO - Filling up the DagBag from /opt/airflow/dags/main.py
[2026-09-24T15:07:58.639+0000] {processor.py:840} INFO - DAG(s) 'update_db' retrieved from /opt/airflow/dags/main.py
[2026-09-24T15:07:58.672+0000] {logging_mixin.py:188} INFO - [2026-09-24T15:07:58.672+0000] {dag.py:3096} INFO - Sync 1 DAGs
[2026-09-24T15:07:58.697+0000] {logging_mixin.py:188} INFO - [2026-09-24T15:07:58.696+0000] {dag.py:3954} INFO - Setting next_dagrun for update_db to 2026-09-24 12:00:00+00:00, run_after=2026-09-25 12:00:00+00:00
[2026-09-24T15:07:58.725+0000] {processor.py:183} INFO - Processing /opt/airflow/dags/main.py took 0.319 seconds
[2026-09-24T15:08:29.005+0000] {processor.py:161} INFO - Started process (PID=940) to work on /opt/airflow/dags/main.py
[2026-09-24T15:08:29.008+0000] {processor.py:830} INFO - Processing file /opt/airflow/dags/main.py for tasks to queue
[2026-09-24T15:08:29.012+0000] {logging_mixin.py:188} INFO - [2026-09-24T15:08:29.011+0000] {dagbag.py:545} INFO - Filling up the DagBag from /opt/airflow/dags/main.py
[2026-09-24T15:08:29.240+0000] {processor.py:840} INFO - DAG(s) 'update_db' retrieved from /opt/airflow/dags/main.py
[2026-09-24T15:08:29.265+0000] {logging_mixin.py:188} INFO - [2026-09-24T15:08:29.265+0000] {dag.py:3096} INFO - Sync 1 DAGs
[2026-09-24T15:08:29.284+0000] {logging_mixin.py:188} INFO - [2026-09-24T15:08:29.284+0000] {dag.py:3954} INFO - Setting next_dagrun for update_db to 2026-09-24 12:00:00+00:00, run_after=2026-09-25 12:00:00+00:00
[2026-09-24T15:08:29.307+0000] {processor.py:183} INFO - Processing /opt/airflow/dags/main.py took 0.308 seconds
[2026-09-24T15:09:00.050+0000] {processor.py:161} INFO - Started process (PID=947) to work on /opt/airflow/dags/main.py
[2026-09-24T15:09:00.053+0000] {processor.py:830} INFO - Processing file /opt/airflow/dags/main.py for tasks to queue
[2026-09-24T15:09:00.058+0000] {logging_mixin.py:188} INFO - [2026-09-24T15:09:00.058+0000] {dagbag.py:545} INFO - Filling up the DagBag from /opt/airflow/dags/main.py
[2026-09-24T15:09:00.295+0000] {processor.py:840} INFO - DAG(s) 'update_db' retrieved from /opt/airflow/dags/main.py
[2026-09-24T15:09:00.323+0000] {logging_mixin.py:188} INFO - [2026-09-24T15:09:00.323+0000] {dag.py:3096} INFO - Sync 1 DAGs
[2026-09-24T15:09:00.349+0000] {logging_mixin.py:188} INFO - [2026-09-24T15:09:00.348+0000] {dag.py:3954} INFO - Setting next_dagrun for update_db to 2026-09-24 12:00:00+00:00, run_after=2026-09-25 12:00:00+00:00
[2026-09-24T15:09:00.378+0000] {processor.py:183} INFO - Processing /opt/airflow/dags/main.py took 0.335 seconds
[2026-09-24T15:09:30.695+0000] {processor.py:161} INFO - Started process (PID=954) to work on /opt/airflow/dags/main.py
[2026-09-24T15:09:30.697+0000] {processor.py:830} INFO - Processing file /opt/airflow/dags/main.py for tasks to queue
[2026-09-24T15:09:30.701+0000] {logging_mixin.py:188} INFO - [2026-09-24T15:09:30.700+0000] {dagbag.py:545} INFO - Filling up the DagBag from /opt/airflow/dags/main.py
[2026-09-24T15:09:30.958+0000] {processor.py:840} INFO - DAG(s) 'update_db' retrieved from /opt/airflow/dags/main.py
[2026-09-24T15:09:30.982+0000] {logging_mixin.py:188} INFO - [2026-09-24T15:09:30.982+0000] {dag.py:3096} INFO - Sync 1 DAGs
[2026-09-24T15:09:31.000+0000] {logging_mixin.py:188} INFO - [2026-09-24T15:09:31.000+0000] {dag.py:3954} INFO - Setting next_dagrun for update_db to 2026-09-24 12:00:00+00:00, run_after=2026-09-25 12:00:00+00:00
[2026-09-24T15:09:31.018+0000] {processor.py:183} INFO - Processing /opt/airflow/dags/main.py took 0.328 seconds
[2026-09-24T15:10:01.334+0000] {processor.py:161} INFO - Started process (PID=961) to work on /opt/airflow/dags/main.py
[2026-09-24T15:10:01.337+0000] {processor.py:830} INFO - Processing file /opt/airflow/dags/main.py for tasks to queue
[2026-09-24T15:10:01.357+0000] {logging_mixin.py:188} INFO - [2026-09-24T15:10:01.356+0000] {dagbag.py:545} INFO - Filling up the DagBag from /opt/airflow/dags/main.py
[2026-09-24T15:10:01.614+0000] {processor.py:840} INFO - DAG(s) 'update_db' retrieved from /opt/airflow/dags/main.py
[2026-09-24T15:10:01.643+0000] {logging_mixin.py:188} INFO - [2026-09-24T15:10:01.643+0000] {dag.py:3096} INFO - Sync 1 DAGs
[2026-09-24T15:10:01.665+0000] {logging_mixin.py:188} INFO - [2026-09-24T15:10:01.664+0000] {dag.py:3954} INFO - Setting next_dagrun for update_db to 2026-09-24 12:00:00+00:00, run_after=2026-09-25 12:00:00+00:00
[2026-09-24T15:10:01.687+0000] {processor.py:183} INFO - Processing /opt/airflow/dags/main.py took 0.361 seconds
[2026-09-24T15:10:32.390+0000] {processor.py:161} INFO - Started process (PID=968) to work on /opt/airflow/dags/main.py
[2026-09-24T15:10:32.393+0000] {processor.py:830} INFO - Processing file /opt/airflow/dags/main.py for tasks to queue
[2026-09-24T15:10:32.396+0000] {logging_mixin.py:188} INFO - [2026-09-24T15:10:32.395+0000] {dagbag.py:545} INFO - Filling up the DagBag from /opt/airflow/dags/main.py
[2026-09-24T15:10:32.634+0000] {processor.py:840} INFO - DAG(s) 'update_db' retrieved from /opt/airflow/dags/main.py
[2026-09-24T15:10:32.665+0000] {logging_mixin.py:188} INFO - [2026-09-24T15:10:32.664+0000] {dag.py:3096} INFO - Sync 1 DAGs
[2026-09-24T15:10:32.689+0000] {logging_mixin.py:188} INFO - [2026-09-24T15:10:32.688+0000] {dag.py:3954} INFO - Setting next_dagrun for update_db to 2026-09-24 12:00:00+00:00, run_after=2026-09-25 12:00:00+00:00
[2026-09-24T15:10:32.717+0000] {processor.py:183} INFO - Processing /opt/airflow/dags/main.py took 0.333 seconds
[2026-09-24T15:11:03.047+0000] {processor.py:161} INFO - Started process (PID=975) to work on /opt/airflow/dags/main.py
[2026-09-24T15:11:03.051+0000] {processor.py:830} INFO - Processing file /opt/airflow/dags/main.py for tasks to queue
[2026-09-24T15:11:03.054+0000] {logging_mixin.py:188} INFO - [2026-09-24T15:11:03.054+0000] {dagbag.py:545} INFO - Filling up the DagBag from /opt/airflow/dags/main.py
[2026-09-24T15:11:03.284+0000] {processor.py:840} INFO - DAG(s) 'update_db' retrieved from /opt/airflow/dags/main.py
[2026-09-24T15:11:03.311+0000] {logging_mixin.py:188} INFO - [2026-09-24T15:11:03.311+0000] {dag.py:3096} INFO - Sync 1 DAGs
[2026-09-24T15:11:03.333+0000] {logging_mixin.py:188} INFO - [2026-09-24T15:11:03.332+0000] {dag.py:3954} INFO - Setting next_dagrun for update_db to 2026-09-24 12:00:00+00:00, run_after=2026-09-25 12:00:00+00:00
[2026-09-24T15:11:03.354+0000] {processor.py:183} INFO - Processing /opt/airflow/dags/main.py took 0.315 seconds
[2026-09-24T15:11:33.714+0000] {processor.py:161} INFO - Started process (PID=982) to work on /opt/airflow/dags/main.py
[2026-09-24T15:11:33.717+0000] {processor.py:830} INFO - Processing file /opt/airflow/dags/main.py for tasks to queue
[2026-09-24T15:11:33.720+0000] {logging_mixin.py:188} INFO - [2026-09-24T15:11:33.720+0000] {dagbag.py:545} INFO - Filling up the DagBag from /opt/airflow/dags/main.py
[2026-09-24T15:11:33.980+0000] {processor.py:840} INFO - DAG(s) 'update_db' retrieved from /opt/airflow/dags/main.py
[2026-09-24T15:11:34.009+0000] {logging_mixin.py:188} INFO - [2026-09-24T15:11:34.008+0000] {dag.py:3096} INFO - Sync 1 DAGs
[2026-09-24T15:11:34.031+0000] {logging_mixin.py:188} INFO - [2026-09-24T15:11:34.031+0000] {dag.py:3954} INFO - Setting next_dagrun for update_db to 2026-09-24 12:00:00+00:00, run_after=2026-09-25 12:00:00+00:00
[2026-09-24T15:11:34.055+0000] {processor.py:183} INFO - Processing /opt/airflow/dags/main.py took 0.346 seconds
[2026-09-24T15:12:04.205+0000] {processor.py:161} INFO - Started process (PID=989) to work on /opt/airflow/dags/main.py
[2026-09-24T15:12:04.208+0000] {processor.py:830} INFO - Processing file /opt/airflow/dags/main.py for tasks to queue
[2026-09-24T15:12:04.212+0000] {logging_mixin.py:188} INFO - [2026-09-24T15:12:04.211+0000] {dagbag.py:545} INFO - Filling up the DagBag from /opt/airflow/dags/main.py
[2026-09-24T15:12:04.471+0000] {processor.py:840} INFO - DAG(s) 'update_db' retrieved from /opt/airflow/dags/main.py
[2026-09-24T15:12:04.521+0000] {logging_mixin.py:188} INFO - [2026-09-24T15:12:04.521+0000] {dag.py:3096} INFO - Sync 1 DAGs
[2026-09-24T15:12:04.547+0000] {logging_mixin.py:188} INFO - [2026-09-24T15:12:04.547+0000] {dag.py:3954} INFO - Setting next_dagrun for update_db to 2026-09-24 12:00:00+00:00, run_after=2026-09-25 12:00:00+00:00
[2026-09-24T15:12:04.574+0000] {processor.py:183} INFO - Processing /opt/airflow/dags/main.py took 0.376 seconds
[2026-09-24T15:12:34.871+0000] {processor.py:161} INFO - Started process (PID=996) to work on /opt/airflow/dags/main.py
[2026-09-24T15:12:34.873+0000] {processor.py:830} INFO - Processing file /opt/airflow/dags/main.py for tasks to queue
[2026-09-24T15:12:34.877+0000] {logging_mixin.py:188} INFO - [2026-09-24T15:12:34.877+0000] {dagbag.py:545} INFO - Filling up the DagBag from /opt/airflow/dags/main.py
[2026-09-24T15:12:35.104+0000] {processor.py:840} INFO - DAG(s) 'update_db' retrieved from /opt/airflow/dags/main.py
[2026-09-24T15:12:35.138+0000] {logging_mixin.py:188} INFO - [2026-09-24T15:12:35.137+0000] {dag.py:3096} INFO - Sync 1 DAGs
[2026-09-24T15:12:35.159+0000] {logging_mixin.py:188} INFO - [2026-09-24T15:12:35.159+0000] {dag.py:3954} INFO - Setting next_dagrun for update_db to 2026-09-24 12:00:00+00:00, run_after=2026-09-25 12:00:00+00:00
[2026-09-24T15:12:35.184+0000] {processor.py:183} INFO - Processing /opt/airflow/dags/main.py took 0.321 seconds
[2026-09-24T15:13:05.288+0000] {processor.py:161} INFO - Started process (PID=1003) to work on /opt/airflow/dags/main.py
[2026-09-24T15:13:05.291+0000] {processor.py:830} INFO - Processing file /opt/airflow/dags/main.py for tasks to queue
[2026-09-24T15:13:05.294+0000] {logging_mixin.py:188} INFO - [2026-09-24T15:13:05.294+0000] {dagbag.py:545} INFO - Filling up the DagBag from /opt/airflow/dags/main.py
[2026-09-24T15:13:05.570+0000] {processor.py:840} INFO - DAG(s) 'update_db' retrieved from /opt/airflow/dags/main.py
[2026-09-24T15:13:05.596+0000] {logging_mixin.py:188} INFO - [2026-09-24T15:13:05.596+0000] {dag.py:3096} INFO - Sync 1 DAGs
[2026-09-24T15:13:05.615+0000] {logging_mixin.py:188} INFO - [2026-09-24T15:13:05.615+0000] {dag.py:3954} INFO - Setting next_dagrun for update_db to 2026-09-24 12:00:00+00:00, run_after=2026-09-25 12:00:00+00:00
[2026-09-24T15:13:05.637+0000] {processor.py:183} INFO - Processing /opt/airflow/dags/main.py took 0.355 seconds
