[2026-09-27T15:04:34.065+0000] {processor.py:161} INFO - Started process (PID=64) to work on /opt/airflow/dags/main.py
[2026-09-27T15:04:34.074+0000] {processor.py:830} INFO - Processing file /opt/airflow/dags/main.py for tasks to queue
[2026-09-27T15:04:34.085+0000] {logging_mixin.py:188} INFO - [2026-09-27T15:04:34.084+0000] {dagbag.py:545} INFO - Filling up the DagBag from /opt/airflow/dags/main.py
[2026-09-27T15:04:34.938+0000] {processor.py:840} INFO - DAG(s) 'update_db' retrieved from /opt/airflow/dags/main.py
[2026-09-27T15:04:35.517+0000] {logging_mixin.py:188} INFO - [2026-09-27T15:04:35.516+0000] {dag.py:3096} INFO - Sync 1 DAGs
[2026-09-27T15:04:35.569+0000] {logging_mixin.py:188} INFO - [2026-09-27T15:04:35.568+0000] {dag.py:3954} INFO - Setting next_dagrun for update_db to 2026-09-26 12:00:00+00:00, run_after=2026-09-27 12:00:00+00:00
[2026-09-27T15:04:35.663+0000] {processor.py:183} INFO - Processing /opt/airflow/dags/main.py took 1.627 seconds
[2026-09-27T15:05:06.283+0000] {processor.py:161} INFO - Started process (PID=77) to work on /opt/airflow/dags/main.py
[2026-09-27T15:05:06.307+0000] {processor.py:830} INFO - Processing file /opt/airflow/dags/main.py for tasks to queue
[2026-09-27T15:05:06.337+0000] {logging_mixin.py:188} INFO - [2026-09-27T15:05:06.336+0000] {dagbag.py:545} INFO - Filling up the DagBag from /opt/airflow/dags/main.py
[2026-09-27T15:05:07.045+0000] {processor.py:840} INFO - DAG(s) 'update_db' retrieved from /opt/airflow/dags/main.py
[2026-09-27T15:05:07.129+0000] {logging_mixin.py:188} INFO - [2026-09-27T15:05:07.129+0000] {dag.py:3096} INFO - Sync 1 DAGs
[2026-09-27T15:05:07.192+0000] {logging_mixin.py:188} INFO - [2026-09-27T15:05:07.191+0000] {dag.py:3954} INFO - Setting next_dagrun for update_db to 2026-09-26 12:00:00+00:00, run_after=2026-09-27 12:00:00+00:00
[2026-09-27T15:05:07.239+0000] {processor.py:183} INFO - Processing /opt/airflow/dags/main.py took 1.025 seconds
[2026-09-27T15:05:37.470+0000] {processor.py:161} INFO - Started process (PID=84) to work on /opt/airflow/dags/main.py
[2026-09-27T15:05:37.472+0000] {processor.py:830} INFO - Processing file /opt/airflow/dags/main.py for tasks to queue
[2026-09-27T15:05:37.476+0000] {logging_mixin.py:188} INFO - [2026-09-27T15:05:37.476+0000] {dagbag.py:545} INFO - Filling up the DagBag from /opt/airflow/dags/main.py
[2026-09-27T15:05:37.742+0000] {processor.py:840} INFO - DAG(s) 'update_db' retrieved from /opt/airflow/dags/main.py
[2026-09-27T15:05:37.770+0000] {logging_mixin.py:188} INFO - [2026-09-27T15:05:37.770+0000] {dag.py:3096} INFO - Sync 1 DAGs
[2026-09-27T15:05:37.791+0000] {logging_mixin.py:188} INFO - [2026-09-27T15:05:37.791+0000] {dag.py:3954} INFO - Setting next_dagrun for update_db to 2026-09-26 12:00:00+00:00, run_after=2026-09-27 12:00:00+00:00
[2026-09-27T15:05:37.813+0000] {processor.py:183} INFO - Processing /opt/airflow/dags/main.py took 0.353 seconds
[2026-09-27T15:06:08.181+0000] {processor.py:161} INFO - Started process (PID=91) to work on /opt/airflow/dags/main.py
[2026-09-27T15:06:08.185+0000] {processor.py:830} INFO - Processing file /opt/airflow/dags/main.py for tasks to queue
[2026-09-27T15:06:08.188+0000] {logging_mixin.py:188} INFO - [2026-09-27T15:06:08.188+0000] {dagbag.py:545} INFO - Filling up the DagBag from /opt/airflow/dags/main.py
[2026-09-27T15:06:08.532+0000] {processor.py:840} INFO - DAG(s) 'update_db' retrieved from /opt/airflow/dags/main.py
[2026-09-27T15:06:08.587+0000] {logging_mixin.py:188} INFO - [2026-09-27T15:06:08.587+0000] {dag.py:3096} INFO - Sync 1 DAGs
[2026-09-27T15:06:08.618+0000] {logging_mixin.py:188} INFO - [2026-09-27T15:06:08.618+0000] {dag.py:3954} INFO - Setting next_dagrun for update_db to 2026-09-26 12:00:00+00:00, run_after=2026-09-27 12:00:00+00:00
[2026-09-27T15:06:08.656+0000] {processor.py:183} INFO - Processing /opt/airflow/dags/main.py took 0.484 seconds
[2026-09-27T15:06:39.059+0000] {processor.py:161} INFO - Started process (PID=98) to work on /opt/airflow/dags/main.py
[2026-09-27T15:06:39.064+0000] {processor.py:830} INFO - Processing file /opt/airflow/dags/main.py for tasks to queue
[2026-09-27T15:06:39.072+0000] {logging_mixin.py:188} INFO - [2026-09-27T15:06:39.072+0000] {dagbag.py:545} INFO - Filling up the DagBag from /opt/airflow/dags/main.py
[2026-09-27T15:06:39.410+0000] {processor.py:840} INFO - DAG(s) 'update_db' retrieved from /opt/airflow/dags/main.py
[2026-09-27T15:06:39.488+0000] {logging_mixin.py:188} INFO - [2026-09-27T15:06:39.488+0000] {dag.py:3096} INFO - Sync 1 DAGs
[2026-09-27T15:06:39.514+0000] {logging_mixin.py:188} INFO - [2026-09-27T15:06:39.514+0000] {dag.py:3954} INFO - Setting next_dagrun for update_db to 2026-09-26 12:00:00+00:00, run_after=2026-09-27 12:00:00+00:00
[2026-09-27T15:06:39.542+0000] {processor.py:183} INFO - Processing /opt/airflow/dags/main.py took 0.493 seconds
[2026-09-27T15:07:09.838+0000] {processor.py:161} INFO - Started process (PID=105) to work on /opt/airflow/dags/main.py
[2026-09-27T15:07:09.843+0000] {processor.py:830} INFO - Processing file /opt/airflow/dags/main.py for tasks to queue
[2026-09-27T15:07:09.851+0000] {logging_mixin.py:188} INFO - [2026-09-27T15:07:09.848+0000] {dagbag.py:545} INFO - Filling up the DagBag from /opt/airflow/dags/main.py
[2026-09-27T15:07:10.243+0000] {processor.py:840} INFO - DAG(s) 'update_db' retrieved from /opt/airflow/dags/main.py
[2026-09-27T15:07:10.328+0000] {logging_mixin.py:188} INFO - [2026-09-27T15:07:10.326+0000] {dag.py:3096} INFO - Sync 1 DAGs
[2026-09-27T15:07:10.410+0000] {logging_mixin.py:188} INFO - [2026-09-27T15:07:10.409+0000] {dag.py:3954} INFO - Setting next_dagrun for update_db to 2026-09-26 12:00:00+00:00, run_after=2026-09-27 12:00:00+00:00
[2026-09-27T15:07:10.454+0000] {processor.py:183} INFO - Processing /opt/airflow/dags/main.py took 0.628 seconds
[2026-09-27T15:07:40.838+0000] {processor.py:161} INFO - Started process (PID=112) to work on /opt/airflow/dags/main.py
[2026-09-27T15:07:40.842+0000] {processor.py:830} INFO - Processing file /opt/airflow/dags/main.py for tasks to queue
[2026-09-27T15:07:40.851+0000] {logging_mixin.py:188} INFO - [2026-09-27T15:07:40.851+0000] {dagbag.py:545} INFO - Filling up the DagBag from /opt/airflow/dags/main.py
[2026-09-27T15:07:41.148+0000] {processor.py:840} INFO - DAG(s) 'update_db' retrieved from /opt/airflow/dags/main.py
[2026-09-27T15:07:41.188+0000] {logging_mixin.py:188} INFO - [2026-09-27T15:07:41.187+0000] {dag.py:3096} INFO - Sync 1 DAGs
[2026-09-27T15:07:41.221+0000] {logging_mixin.py:188} INFO - [2026-09-27T15:07:41.220+0000] {dag.py:3954} INFO - Setting next_dagrun for update_db to 2026-09-26 12:00:00+00:00, run_after=2026-09-27 12:00:00+00:00
[2026-09-27T15:07:41.255+0000] {processor.py:183} INFO - Processing /opt/airflow/dags/main.py took 0.431 seconds
[2026-09-27T15:08:11.483+0000] {processor.py:161} INFO - Started process (PID=119) to work on /opt/airflow/dags/main.py
[2026-09-27T15:08:11.486+0000] {processor.py:830} INFO - Processing file /opt/airflow/dags/main.py for tasks to queue
[2026-09-27T15:08:11.489+0000] {logging_mixin.py:188} INFO - [2026-09-27T15:08:11.489+0000] {dagbag.py:545} INFO - Filling up the DagBag from /opt/airflow/dags/main.py
[2026-09-27T15:08:11.753+0000] {processor.py:840} INFO - DAG(s) 'update_db' retrieved from /opt/airflow/dags/main.py
[2026-09-27T15:08:11.782+0000] {logging_mixin.py:188} INFO - [2026-09-27T15:08:11.782+0000] {dag.py:3096} INFO - Sync 1 DAGs
[2026-09-27T15:08:11.804+0000] {logging_mixin.py:188} INFO - [2026-09-27T15:08:11.804+0000] {dag.py:3954} INFO - Setting next_dagrun for update_db to 2026-09-26 12:00:00+00:00, run_after=2026-09-27 12:00:00+00:00
[2026-09-27T15:08:11.822+0000] {processor.py:183} INFO - Processing /opt/airflow/dags/main.py took 0.345 seconds
[2026-09-27T15:08:42.164+0000] {processor.py:161} INFO - Started process (PID=126) to work on /opt/airflow/dags/main.py
[2026-09-27T15:08:42.167+0000] {processor.py:830} INFO - Processing file /opt/airflow/dags/main.py for tasks to queue
[2026-09-27T15:08:42.171+0000] {logging_mixin.py:188} INFO - [2026-09-27T15:08:42.171+0000] {dagbag.py:545} INFO - Filling up the DagBag from /opt/airflow/dags/main.py
[2026-09-27T15:08:42.435+0000] {processor.py:840} INFO - DAG(s) 'update_db' retrieved from /opt/airflow/dags/main.py
[2026-09-27T15:08:42.469+0000] {logging_mixin.py:188} INFO - [2026-09-27T15:08:42.468+0000] {dag.py:3096} INFO - Sync 1 DAGs
[2026-09-27T15:08:42.494+0000] {logging_mixin.py:188} INFO - [2026-09-27T15:08:42.494+0000] {dag.py:3954} INFO - Setting next_dagrun for update_db to 2026-09-26 12:00:00+00:00, run_after=2026-09-27 12:00:00+00:00
[2026-09-27T15:08:42.517+0000] {processor.py:183} INFO - Processing /opt/airflow/dags/main.py took 0.363 seconds
[2026-09-27T15:09:12.848+0000] {processor.py:161} INFO - Started process (PID=133) to work on /opt/airflow/dags/main.py
[2026-09-27T15:09:12.850+0000] {processor.py:830} INFO - Processing file /opt/airflow/dags/main.py for tasks to queue
[2026-09-27T15:09:12.854+0000] {logging_mixin.py:188} INFO - [2026-09-27T15:09:12.854+0000] {dagbag.py:545} INFO - Filling up the DagBag from /opt/airflow/dags/main.py
[2026-09-27T15:09:13.132+0000] {processor.py:840} INFO - DAG(s) 'update_db' retrieved from /opt/airflow/dags/main.py
[2026-09-27T15:09:13.162+0000] {logging_mixin.py:188} INFO - [2026-09-27T15:09:13.162+0000] {dag.py:3096} INFO - Sync 1 DAGs
[2026-09-27T15:09:13.183+0000] {logging_mixin.py:188} INFO - [2026-09-27T15:09:13.183+0000] {dag.py:3954} INFO - Setting next_dagrun for update_db to 2026-09-26 12:00:00+00:00, run_after=2026-09-27 12:00:00+00:00
[2026-09-27T15:09:13.216+0000] {processor.py:183} INFO - Processing /opt/airflow/dags/main.py took 0.374 seconds
[2026-09-27T15:09:43.626+0000] {processor.py:161} INFO - Started process (PID=140) to work on /opt/airflow/dags/main.py
[2026-09-27T15:09:43.633+0000] {processor.py:830} INFO - Processing file /opt/airflow/dags/main.py for tasks to queue
[2026-09-27T15:09:43.641+0000] {logging_mixin.py:188} INFO - [2026-09-27T15:09:43.640+0000] {dagbag.py:545} INFO - Filling up the DagBag from /opt/airflow/dags/main.py
[2026-09-27T15:09:43.950+0000] {processor.py:840} INFO - DAG(s) 'update_db' retrieved from /opt/airflow/dags/main.py
[2026-09-27T15:09:43.978+0000] {logging_mixin.py:188} INFO - [2026-09-27T15:09:43.977+0000] {dag.py:3096} INFO - Sync 1 DAGs
[2026-09-27T15:09:43.998+0000] {logging_mixin.py:188} INFO - [2026-09-27T15:09:43.997+0000] {dag.py:3954} INFO - Setting next_dagrun for update_db to 2026-09-26 12:00:00+00:00, run_after=2026-09-27 12:00:00+00:00
[2026-09-27T15:09:44.021+0000] {processor.py:183} INFO - Processing /opt/airflow/dags/main.py took 0.414 seconds
[2026-09-27T15:10:14.384+0000] {processor.py:161} INFO - Started process (PID=147) to work on /opt/airflow/dags/main.py
[2026-09-27T15:10:14.387+0000] {processor.py:830} INFO - Processing file /opt/airflow/dags/main.py for tasks to queue
[2026-09-27T15:10:14.390+0000] {logging_mixin.py:188} INFO - [2026-09-27T15:10:14.390+0000] {dagbag.py:545} INFO - Filling up the DagBag from /opt/airflow/dags/main.py
[2026-09-27T15:10:14.641+0000] {processor.py:840} INFO - DAG(s) 'update_db' retrieved from /opt/airflow/dags/main.py
[2026-09-27T15:10:14.677+0000] {logging_mixin.py:188} INFO - [2026-09-27T15:10:14.677+0000] {dag.py:3096} INFO - Sync 1 DAGs
[2026-09-27T15:10:14.699+0000] {logging_mixin.py:188} INFO - [2026-09-27T15:10:14.698+0000] {dag.py:3954} INFO - Setting next_dagrun for update_db to 2026-09-26 12:00:00+00:00, run_after=2026-09-27 12:00:00+00:00
[2026-09-27T15:10:14.724+0000] {processor.py:183} INFO - Processing /opt/airflow/dags/main.py took 0.345 seconds
[2026-09-27T15:10:45.077+0000] {processor.py:161} INFO - Started process (PID=154) to work on /opt/airflow/dags/main.py
[2026-09-27T15:10:45.080+0000] {processor.py:830} INFO - Processing file /opt/airflow/dags/main.py for tasks to queue
[2026-09-27T15:10:45.083+0000] {logging_mixin.py:188} INFO - [2026-09-27T15:10:45.083+0000] {dagbag.py:545} INFO - Filling up the DagBag from /opt/airflow/dags/main.py
[2026-09-27T15:10:45.329+0000] {processor.py:840} INFO - DAG(s) 'update_db' retrieved from /opt/airflow/dags/main.py
[2026-09-27T15:10:45.352+0000] {logging_mixin.py:188} INFO - [2026-09-27T15:10:45.352+0000] {dag.py:3096} INFO - Sync 1 DAGs
[2026-09-27T15:10:45.372+0000] {logging_mixin.py:188} INFO - [2026-09-27T15:10:45.371+0000] {dag.py:3954} INFO - Setting next_dagrun for update_db to 2026-09-26 12:00:00+00:00, run_after=2026-09-27 12:00:00+00:00
[2026-09-27T15:10:45.393+0000] {processor.py:183} INFO - Processing /opt/airflow/dags/main.py took 0.321 seconds
[2026-09-27T15:11:15.707+0000] {processor.py:161} INFO - Started process (PID=161) to work on /opt/airflow/dags/main.py
[2026-09-27T15:11:15.711+0000] {processor.py:830} INFO - Processing file /opt/airflow/dags/main.py for tasks to queue
[2026-09-27T15:11:15.715+0000] {logging_mixin.py:188} INFO - [2026-09-27T15:11:15.714+0000] {dagbag.py:545} INFO - Filling up the DagBag from /opt/airflow/dags/main.py
[2026-09-27T15:11:15.953+0000] {processor.py:840} INFO - DAG(s) 'update_db' retrieved from /opt/airflow/dags/main.py
[2026-09-27T15:11:15.988+0000] {logging_mixin.py:188} INFO - [2026-09-27T15:11:15.988+0000] {dag.py:3096} INFO - Sync 1 DAGs
[2026-09-27T15:11:16.012+0000] {logging_mixin.py:188} INFO - [2026-09-27T15:11:16.012+0000] {dag.py:3954} INFO - Setting next_dagrun for update_db to 2026-09-26 12:00:00+00:00, run_after=2026-09-27 12:00:00+00:00
[2026-09-27T15:11:16.038+0000] {processor.py:183} INFO - Processing /opt/airflow/dags/main.py took 0.339 seconds
[2026-09-27T15:11:46.387+0000] {processor.py:161} INFO - Started process (PID=168) to work on /opt/airflow/dags/main.py
[2026-09-27T15:11:46.390+0000] {processor.py:830} INFO - Processing file /opt/airflow/dags/main.py for tasks to queue
[2026-09-27T15:11:46.395+0000] {logging_mixin.py:188} INFO - [2026-09-27T15:11:46.395+0000] {dagbag.py:545} INFO - Filling up the DagBag from /opt/airflow/dags/main.py
[2026-09-27T15:11:46.678+0000] {processor.py:840} INFO - DAG(s) 'update_db' retrieved from /opt/airflow/dags/main.py
[2026-09-27T15:11:46.708+0000] {logging_mixin.py:188} INFO - [2026-09-27T15:11:46.708+0000] {dag.py:3096} INFO - Sync 1 DAGs
[2026-09-27T15:11:46.728+0000] {logging_mixin.py:188} INFO - [2026-09-27T15:11:46.728+0000] {dag.py:3954} INFO - Setting next_dagrun for update_db to 2026-09-26 12:00:00+00:00, run_after=2026-09-27 12:00:00+00:00
[2026-09-27T15:11:46.749+0000] {processor.py:183} INFO - Processing /opt/airflow/dags/main.py took 0.374 seconds
[2026-09-27T15:12:17.101+0000] {processor.py:161} INFO - Started process (PID=175) to work on /opt/airflow/dags/main.py
[2026-09-27T15:12:17.105+0000] {processor.py:830} INFO - Processing file /opt/airflow/dags/main.py for tasks to queue
[2026-09-27T15:12:17.109+0000] {logging_mixin.py:188} INFO - [2026-09-27T15:12:17.108+0000] {dagbag.py:545} INFO - Filling up the DagBag from /opt/airflow/dags/main.py
[2026-09-27T15:12:17.377+0000] {processor.py:840} INFO - DAG(s) 'update_db' retrieved from /opt/airflow/dags/main.py
[2026-09-27T15:12:17.404+0000] {logging_mixin.py:188} INFO - [2026-09-27T15:12:17.403+0000] {dag.py:3096} INFO - Sync 1 DAGs
[2026-09-27T15:12:17.423+0000] {logging_mixin.py:188} INFO - [2026-09-27T15:12:17.423+0000] {dag.py:3954} INFO - Setting next_dagrun for update_db to 2026-09-26 12:00:00+00:00, run_after=2026-09-27 12:00:00+00:00
[2026-09-27T15:12:17.444+0000] {processor.py:183} INFO - Processing /opt/airflow/dags/main.py took 0.349 seconds
[2026-09-27T15:12:47.810+0000] {processor.py:161} INFO - Started process (PID=182) to work on /opt/airflow/dags/main.py
[2026-09-27T15:12:47.813+0000] {processor.py:830} INFO - Processing file /opt/airflow/dags/main.py for tasks to queue
[2026-09-27T15:12:47.816+0000] {logging_mixin.py:188} INFO - [2026-09-27T15:12:47.816+0000] {dagbag.py:545} INFO - Filling up the DagBag from /opt/airflow/dags/main.py
[2026-09-27T15:12:48.061+0000] {processor.py:840} INFO - DAG(s) 'update_db' retrieved from /opt/airflow/dags/main.py
[2026-09-27T15:12:48.090+0000] {logging_mixin.py:188} INFO - [2026-09-27T15:12:48.090+0000] {dag.py:3096} INFO - Sync 1 DAGs
[2026-09-27T15:12:48.111+0000] {logging_mixin.py:188} INFO - [2026-09-27T15:12:48.111+0000] {dag.py:3954} INFO - Setting next_dagrun for update_db to 2026-09-26 12:00:00+00:00, run_after=2026-09-27 12:00:00+00:00
[2026-09-27T15:12:48.143+0000] {processor.py:183} INFO - Processing /opt/airflow/dags/main.py took 0.338 seconds
[2026-09-27T15:13:18.497+0000] {processor.py:161} INFO - Started process (PID=189) to work on /opt/airflow/dags/main.py
[2026-09-27T15:13:18.501+0000] {processor.py:830} INFO - Processing file /opt/airflow/dags/main.py for tasks to queue
[2026-09-27T15:13:18.508+0000] {logging_mixin.py:188} INFO - [2026-09-27T15:13:18.507+0000] {dagbag.py:545} INFO - Filling up the DagBag from /opt/airflow/dags/main.py
[2026-09-27T15:13:18.797+0000] {processor.py:840} INFO - DAG(s) 'update_db' retrieved from /opt/airflow/dags/main.py
[2026-09-27T15:13:18.834+0000] {logging_mixin.py:188} INFO - [2026-09-27T15:13:18.833+0000] {dag.py:3096} INFO - Sync 1 DAGs
[2026-09-27T15:13:18.865+0000] {logging_mixin.py:188} INFO - [2026-09-27T15:13:18.865+0000] {dag.py:3954} INFO - Setting next_dagrun for update_db to 2026-09-26 12:00:00+00:00, run_after=2026-09-27 12:00:00+00:00
[2026-09-27T15:13:18.895+0000] {processor.py:183} INFO - Processing /opt/airflow/dags/main.py took 0.404 seconds
[2026-09-27T15:13:49.218+0000] {processor.py:161} INFO - Started process (PID=196) to work on /opt/airflow/dags/main.py
[2026-09-27T15:13:49.220+0000] {processor.py:830} INFO - Processing file /opt/airflow/dags/main.py for tasks to queue
[2026-09-27T15:13:49.225+0000] {logging_mixin.py:188} INFO - [2026-09-27T15:13:49.225+0000] {dagbag.py:545} INFO - Filling up the DagBag from /opt/airflow/dags/main.py
[2026-09-27T15:13:49.499+0000] {processor.py:840} INFO - DAG(s) 'update_db' retrieved from /opt/airflow/dags/main.py
[2026-09-27T15:13:49.529+0000] {logging_mixin.py:188} INFO - [2026-09-27T15:13:49.529+0000] {dag.py:3096} INFO - Sync 1 DAGs
[2026-09-27T15:13:49.552+0000] {logging_mixin.py:188} INFO - [2026-09-27T15:13:49.552+0000] {dag.py:3954} INFO - Setting next_dagrun for update_db to 2026-09-26 12:00:00+00:00, run_after=2026-09-27 12:00:00+00:00
[2026-09-27T15:13:49.578+0000] {processor.py:183} INFO - Processing /opt/airflow/dags/main.py took 0.366 seconds
[2026-09-27T15:14:19.941+0000] {processor.py:161} INFO - Started process (PID=203) to work on /opt/airflow/dags/main.py
[2026-09-27T15:14:19.945+0000] {processor.py:830} INFO - Processing file /opt/airflow/dags/main.py for tasks to queue
[2026-09-27T15:14:19.950+0000] {logging_mixin.py:188} INFO - [2026-09-27T15:14:19.949+0000] {dagbag.py:545} INFO - Filling up the DagBag from /opt/airflow/dags/main.py
[2026-09-27T15:14:20.210+0000] {processor.py:840} INFO - DAG(s) 'update_db' retrieved from /opt/airflow/dags/main.py
[2026-09-27T15:14:20.232+0000] {logging_mixin.py:188} INFO - [2026-09-27T15:14:20.232+0000] {dag.py:3096} INFO - Sync 1 DAGs
[2026-09-27T15:14:20.249+0000] {logging_mixin.py:188} INFO - [2026-09-27T15:14:20.249+0000] {dag.py:3954} INFO - Setting next_dagrun for update_db to 2026-09-26 12:00:00+00:00, run_after=2026-09-27 12:00:00+00:00
[2026-09-27T15:14:20.270+0000] {processor.py:183} INFO - Processing /opt/airflow/dags/main.py took 0.335 seconds
[2026-09-27T15:14:50.640+0000] {processor.py:161} INFO - Started process (PID=210) to work on /opt/airflow/dags/main.py
[2026-09-27T15:14:50.643+0000] {processor.py:830} INFO - Processing file /opt/airflow/dags/main.py for tasks to queue
[2026-09-27T15:14:50.646+0000] {logging_mixin.py:188} INFO - [2026-09-27T15:14:50.646+0000] {dagbag.py:545} INFO - Filling up the DagBag from /opt/airflow/dags/main.py
[2026-09-27T15:14:50.896+0000] {processor.py:840} INFO - DAG(s) 'update_db' retrieved from /opt/airflow/dags/main.py
[2026-09-27T15:14:50.929+0000] {logging_mixin.py:188} INFO - [2026-09-27T15:14:50.929+0000] {dag.py:3096} INFO - Sync 1 DAGs
[2026-09-27T15:14:50.954+0000] {logging_mixin.py:188} INFO - [2026-09-27T15:14:50.953+0000] {dag.py:3954} INFO - Setting next_dagrun for update_db to 2026-09-26 12:00:00+00:00, run_after=2026-09-27 12:00:00+00:00
[2026-09-27T15:14:50.978+0000] {processor.py:183} INFO - Processing /opt/airflow/dags/main.py took 0.344 seconds
[2026-09-27T15:15:21.294+0000] {processor.py:161} INFO - Started process (PID=217) to work on /opt/airflow/dags/main.py
[2026-09-27T15:15:21.298+0000] {processor.py:830} INFO - Processing file /opt/airflow/dags/main.py for tasks to queue
[2026-09-27T15:15:21.302+0000] {logging_mixin.py:188} INFO - [2026-09-27T15:15:21.301+0000] {dagbag.py:545} INFO - Filling up the DagBag from /opt/airflow/dags/main.py
[2026-09-27T15:15:21.562+0000] {processor.py:840} INFO - DAG(s) 'update_db' retrieved from /opt/airflow/dags/main.py
[2026-09-27T15:15:21.591+0000] {logging_mixin.py:188} INFO - [2026-09-27T15:15:21.591+0000] {dag.py:3096} INFO - Sync 1 DAGs
[2026-09-27T15:15:21.612+0000] {logging_mixin.py:188} INFO - [2026-09-27T15:15:21.612+0000] {dag.py:3954} INFO - Setting next_dagrun for update_db to 2026-09-26 12:00:00+00:00, run_after=2026-09-27 12:00:00+00:00
[2026-09-27T15:15:21.637+0000] {processor.py:183} INFO - Processing /opt/airflow/dags/main.py took 0.349 seconds
[2026-09-27T15:15:51.967+0000] {processor.py:161} INFO - Started process (PID=224) to work on /opt/airflow/dags/main.py
[2026-09-27T15:15:51.969+0000] {processor.py:830} INFO - Processing file /opt/airflow/dags/main.py for tasks to queue
[2026-09-27T15:15:51.973+0000] {logging_mixin.py:188} INFO - [2026-09-27T15:15:51.973+0000] {dagbag.py:545} INFO - Filling up the DagBag from /opt/airflow/dags/main.py
[2026-09-27T15:15:52.211+0000] {processor.py:840} INFO - DAG(s) 'update_db' retrieved from /opt/airflow/dags/main.py
[2026-09-27T15:15:52.236+0000] {logging_mixin.py:188} INFO - [2026-09-27T15:15:52.236+0000] {dag.py:3096} INFO - Sync 1 DAGs
[2026-09-27T15:15:52.258+0000] {logging_mixin.py:188} INFO - [2026-09-27T15:15:52.258+0000] {dag.py:3954} INFO - Setting next_dagrun for update_db to 2026-09-26 12:00:00+00:00, run_after=2026-09-27 12:00:00+00:00
[2026-09-27T15:15:52.282+0000] {processor.py:183} INFO - Processing /opt/airflow/dags/main.py took 0.321 seconds
[2026-09-27T15:16:22.610+0000] {processor.py:161} INFO - Started process (PID=231) to work on /opt/airflow/dags/main.py
[2026-09-27T15:16:22.613+0000] {processor.py:830} INFO - Processing file /opt/airflow/dags/main.py for tasks to queue
[2026-09-27T15:16:22.616+0000] {logging_mixin.py:188} INFO - [2026-09-27T15:16:22.616+0000] {dagbag.py:545} INFO - Filling up the DagBag from /opt/airflow/dags/main.py
[2026-09-27T15:16:22.871+0000] {processor.py:840} INFO - DAG(s) 'update_db' retrieved from /opt/airflow/dags/main.py
[2026-09-27T15:16:22.917+0000] {logging_mixin.py:188} INFO - [2026-09-27T15:16:22.916+0000] {dag.py:3096} INFO - Sync 1 DAGs
[2026-09-27T15:16:22.952+0000] {logging_mixin.py:188} INFO - [2026-09-27T15:16:22.951+0000] {dag.py:3954} INFO - Setting next_dagrun for update_db to 2026-09-26 12:00:00+00:00, run_after=2026-09-27 12:00:00+00:00
[2026-09-27T15:16:22.988+0000] {processor.py:183} INFO - Processing /opt/airflow/dags/main.py took 0.384 seconds
[2026-09-27T15:16:53.336+0000] {processor.py:161} INFO - Started process (PID=238) to work on /opt/airflow/dags/main.py
[2026-09-27T15:16:53.339+0000] {processor.py:830} INFO - Processing file /opt/airflow/dags/main.py for tasks to queue
[2026-09-27T15:16:53.343+0000] {logging_mixin.py:188} INFO - [2026-09-27T15:16:53.343+0000] {dagbag.py:545} INFO - Filling up the DagBag from /opt/airflow/dags/main.py
[2026-09-27T15:16:53.621+0000] {processor.py:840} INFO - DAG(s) 'update_db' retrieved from /opt/airflow/dags/main.py
[2026-09-27T15:16:53.646+0000] {logging_mixin.py:188} INFO - [2026-09-27T15:16:53.646+0000] {dag.py:3096} INFO - Sync 1 DAGs
[2026-09-27T15:16:53.665+0000] {logging_mixin.py:188} INFO - [2026-09-27T15:16:53.665+0000] {dag.py:3954} INFO - Setting next_dagrun for update_db to 2026-09-26 12:00:00+00:00, run_after=2026-09-27 12:00:00+00:00
[2026-09-27T15:16:53.687+0000] {processor.py:183} INFO - Processing /opt/airflow/dags/main.py took 0.358 seconds
[2026-09-27T15:17:24.041+0000] {processor.py:161} INFO - Started process (PID=245) to work on /opt/airflow/dags/main.py
[2026-09-27T15:17:24.043+0000] {processor.py:830} INFO - Processing file /opt/airflow/dags/main.py for tasks to queue
[2026-09-27T15:17:24.047+0000] {logging_mixin.py:188} INFO - [2026-09-27T15:17:24.046+0000] {dagbag.py:545} INFO - Filling up the DagBag from /opt/airflow/dags/main.py
[2026-09-27T15:17:24.266+0000] {processor.py:840} INFO - DAG(s) 'update_db' retrieved from /opt/airflow/dags/main.py
[2026-09-27T15:17:24.296+0000] {logging_mixin.py:188} INFO - [2026-09-27T15:17:24.295+0000] {dag.py:3096} INFO - Sync 1 DAGs
[2026-09-27T15:17:24.316+0000] {logging_mixin.py:188} INFO - [2026-09-27T15:17:24.316+0000] {dag.py:3954} INFO - Setting next_dagrun for update_db to 2026-09-26 12:00:00+00:00, run_after=2026-09-27 12:00:00+00:00
[2026-09-27T15:17:24.334+0000] {processor.py:183} INFO - Processing /opt/airflow/dags/main.py took 0.299 seconds
[2026-09-27T15:17:54.696+0000] {processor.py:161} INFO - Started process (PID=252) to work on /opt/airflow/dags/main.py
[2026-09-27T15:17:54.699+0000] {processor.py:830} INFO - Processing file /opt/airflow/dags/main.py for tasks to queue
[2026-09-27T15:17:54.703+0000] {logging_mixin.py:188} INFO - [2026-09-27T15:17:54.703+0000] {dagbag.py:545} INFO - Filling up the DagBag from /opt/airflow/dags/main.py
[2026-09-27T15:17:55.081+0000] {processor.py:840} INFO - DAG(s) 'update_db' retrieved from /opt/airflow/dags/main.py
[2026-09-27T15:17:55.131+0000] {logging_mixin.py:188} INFO - [2026-09-27T15:17:55.131+0000] {dag.py:3096} INFO - Sync 1 DAGs
[2026-09-27T15:17:55.166+0000] {logging_mixin.py:188} INFO - [2026-09-27T15:17:55.166+0000] {dag.py:3954} INFO - Setting next_dagrun for update_db to 2026-09-26 12:00:00+00:00, run_after=2026-09-27 12:00:00+00:00
[2026-09-27T15:17:55.197+0000] {processor.py:183} INFO - Processing /opt/airflow/dags/main.py took 0.507 seconds
[2026-09-27T15:18:25.559+0000] {processor.py:161} INFO - Started process (PID=259) to work on /opt/airflow/dags/main.py
[2026-09-27T15:18:25.562+0000] {processor.py:830} INFO - Processing file /opt/airflow/dags/main.py for tasks to queue
[2026-09-27T15:18:25.569+0000] {logging_mixin.py:188} INFO - [2026-09-27T15:18:25.568+0000] {dagbag.py:545} INFO - Filling up the DagBag from /opt/airflow/dags/main.py
[2026-09-27T15:18:25.842+0000] {processor.py:840} INFO - DAG(s) 'update_db' retrieved from /opt/airflow/dags/main.py
[2026-09-27T15:18:25.869+0000] {logging_mixin.py:188} INFO - [2026-09-27T15:18:25.869+0000] {dag.py:3096} INFO - Sync 1 DAGs
[2026-09-27T15:18:25.888+0000] {logging_mixin.py:188} INFO - [2026-09-27T15:18:25.888+0000] {dag.py:3954} INFO - Setting next_dagrun for update_db to 2026-09-26 12:00:00+00:00, run_after=2026-09-27 12:00:00+00:00
[2026-09-27T15:18:25.911+0000] {processor.py:183} INFO - Processing /opt/airflow/dags/main.py took 0.362 seconds
[2026-09-27T15:18:56.279+0000] {processor.py:161} INFO - Started process (PID=266) to work on /opt/airflow/dags/main.py
[2026-09-27T15:18:56.283+0000] {processor.py:830} INFO - Processing file /opt/airflow/dags/main.py for tasks to queue
[2026-09-27T15:18:56.286+0000] {logging_mixin.py:188} INFO - [2026-09-27T15:18:56.286+0000] {dagbag.py:545} INFO - Filling up the DagBag from /opt/airflow/dags/main.py
[2026-09-27T15:18:56.560+0000] {processor.py:840} INFO - DAG(s) 'update_db' retrieved from /opt/airflow/dags/main.py
[2026-09-27T15:18:56.649+0000] {logging_mixin.py:188} INFO - [2026-09-27T15:18:56.649+0000] {dag.py:3096} INFO - Sync 1 DAGs
[2026-09-27T15:18:56.710+0000] {logging_mixin.py:188} INFO - [2026-09-27T15:18:56.709+0000] {dag.py:3954} INFO - Setting next_dagrun for update_db to 2026-09-26 12:00:00+00:00, run_after=2026-09-27 12:00:00+00:00
[2026-09-27T15:18:56.761+0000] {processor.py:183} INFO - Processing /opt/airflow/dags/main.py took 0.491 seconds
[2026-09-27T15:19:27.106+0000] {processor.py:161} INFO - Started process (PID=273) to work on /opt/airflow/dags/main.py
[2026-09-27T15:19:27.109+0000] {processor.py:830} INFO - Processing file /opt/airflow/dags/main.py for tasks to queue
[2026-09-27T15:19:27.113+0000] {logging_mixin.py:188} INFO - [2026-09-27T15:19:27.112+0000] {dagbag.py:545} INFO - Filling up the DagBag from /opt/airflow/dags/main.py
[2026-09-27T15:19:27.381+0000] {processor.py:840} INFO - DAG(s) 'update_db' retrieved from /opt/airflow/dags/main.py
[2026-09-27T15:19:27.410+0000] {logging_mixin.py:188} INFO - [2026-09-27T15:19:27.410+0000] {dag.py:3096} INFO - Sync 1 DAGs
[2026-09-27T15:19:27.433+0000] {logging_mixin.py:188} INFO - [2026-09-27T15:19:27.432+0000] {dag.py:3954} INFO - Setting next_dagrun for update_db to 2026-09-26 12:00:00+00:00, run_after=2026-09-27 12:00:00+00:00
[2026-09-27T15:19:27.457+0000] {processor.py:183} INFO - Processing /opt/airflow/dags/main.py took 0.359 seconds
[2026-09-27T15:19:57.815+0000] {processor.py:161} INFO - Started process (PID=280) to work on /opt/airflow/dags/main.py
[2026-09-27T15:19:57.818+0000] {processor.py:830} INFO - Processing file /opt/airflow/dags/main.py for tasks to queue
[2026-09-27T15:19:57.822+0000] {logging_mixin.py:188} INFO - [2026-09-27T15:19:57.822+0000] {dagbag.py:545} INFO - Filling up the DagBag from /opt/airflow/dags/main.py
[2026-09-27T15:19:58.082+0000] {processor.py:840} INFO - DAG(s) 'update_db' retrieved from /opt/airflow/dags/main.py
[2026-09-27T15:19:58.113+0000] {logging_mixin.py:188} INFO - [2026-09-27T15:19:58.113+0000] {dag.py:3096} INFO - Sync 1 DAGs
[2026-09-27T15:19:58.138+0000] {logging_mixin.py:188} INFO - [2026-09-27T15:19:58.138+0000] {dag.py:3954} INFO - Setting next_dagrun for update_db to 2026-09-26 12:00:00+00:00, run_after=2026-09-27 12:00:00+00:00
[2026-09-27T15:19:58.165+0000] {processor.py:183} INFO - Processing /opt/airflow/dags/main.py took 0.355 seconds
[2026-09-27T15:20:28.487+0000] {processor.py:161} INFO - Started process (PID=287) to work on /opt/airflow/dags/main.py
[2026-09-27T15:20:28.491+0000] {processor.py:830} INFO - Processing file /opt/airflow/dags/main.py for tasks to queue
[2026-09-27T15:20:28.495+0000] {logging_mixin.py:188} INFO - [2026-09-27T15:20:28.495+0000] {dagbag.py:545} INFO - Filling up the DagBag from /opt/airflow/dags/main.py
[2026-09-27T15:20:28.754+0000] {processor.py:840} INFO - DAG(s) 'update_db' retrieved from /opt/airflow/dags/main.py
[2026-09-27T15:20:28.825+0000] {logging_mixin.py:188} INFO - [2026-09-27T15:20:28.824+0000] {dag.py:3096} INFO - Sync 1 DAGs
[2026-09-27T15:20:28.854+0000] {logging_mixin.py:188} INFO - [2026-09-27T15:20:28.854+0000] {dag.py:3954} INFO - Setting next_dagrun for update_db to 2026-09-26 12:00:00+00:00, run_after=2026-09-27 12:00:00+00:00
[2026-09-27T15:20:28.888+0000] {processor.py:183} INFO - Processing /opt/airflow/dags/main.py took 0.411 seconds
[2026-09-27T15:20:59.228+0000] {processor.py:161} INFO - Started process (PID=294) to work on /opt/airflow/dags/main.py
[2026-09-27T15:20:59.231+0000] {processor.py:830} INFO - Processing file /opt/airflow/dags/main.py for tasks to queue
[2026-09-27T15:20:59.237+0000] {logging_mixin.py:188} INFO - [2026-09-27T15:20:59.236+0000] {dagbag.py:545} INFO - Filling up the DagBag from /opt/airflow/dags/main.py
[2026-09-27T15:20:59.522+0000] {processor.py:840} INFO - DAG(s) 'update_db' retrieved from /opt/airflow/dags/main.py
[2026-09-27T15:20:59.551+0000] {logging_mixin.py:188} INFO - [2026-09-27T15:20:59.551+0000] {dag.py:3096} INFO - Sync 1 DAGs
[2026-09-27T15:20:59.574+0000] {logging_mixin.py:188} INFO - [2026-09-27T15:20:59.574+0000] {dag.py:3954} INFO - Setting next_dagrun for update_db to 2026-09-26 12:00:00+00:00, run_after=2026-09-27 12:00:00+00:00
[2026-09-27T15:20:59.596+0000] {processor.py:183} INFO - Processing /opt/airflow/dags/main.py took 0.374 seconds
[2026-09-27T15:21:29.923+0000] {processor.py:161} INFO - Started process (PID=301) to work on /opt/airflow/dags/main.py
[2026-09-27T15:21:29.926+0000] {processor.py:830} INFO - Processing file /opt/airflow/dags/main.py for tasks to queue
[2026-09-27T15:21:29.932+0000] {logging_mixin.py:188} INFO - [2026-09-27T15:21:29.931+0000] {dagbag.py:545} INFO - Filling up the DagBag from /opt/airflow/dags/main.py
[2026-09-27T15:21:30.198+0000] {processor.py:840} INFO - DAG(s) 'update_db' retrieved from /opt/airflow/dags/main.py
[2026-09-27T15:21:30.228+0000] {logging_mixin.py:188} INFO - [2026-09-27T15:21:30.228+0000] {dag.py:3096} INFO - Sync 1 DAGs
[2026-09-27T15:21:30.251+0000] {logging_mixin.py:188} INFO - [2026-09-27T15:21:30.250+0000] {dag.py:3954} INFO - Setting next_dagrun for update_db to 2026-09-26 12:00:00+00:00, run_after=2026-09-27 12:00:00+00:00
[2026-09-27T15:21:30.276+0000] {processor.py:183} INFO - Processing /opt/airflow/dags/main.py took 0.359 seconds
[2026-09-27T15:22:00.626+0000] {processor.py:161} INFO - Started process (PID=309) to work on /opt/airflow/dags/main.py
[2026-09-27T15:22:00.630+0000] {processor.py:830} INFO - Processing file /opt/airflow/dags/main.py for tasks to queue
[2026-09-27T15:22:00.634+0000] {logging_mixin.py:188} INFO - [2026-09-27T15:22:00.634+0000] {dagbag.py:545} INFO - Filling up the DagBag from /opt/airflow/dags/main.py
[2026-09-27T15:22:00.904+0000] {processor.py:840} INFO - DAG(s) 'update_db' retrieved from /opt/airflow/dags/main.py
[2026-09-27T15:22:00.938+0000] {logging_mixin.py:188} INFO - [2026-09-27T15:22:00.938+0000] {dag.py:3096} INFO - Sync 1 DAGs
[2026-09-27T15:22:00.965+0000] {logging_mixin.py:188} INFO - [2026-09-27T15:22:00.965+0000] {dag.py:3954} INFO - Setting next_dagrun for update_db to 2026-09-26 12:00:00+00:00, run_after=2026-09-27 12:00:00+00:00
[2026-09-27T15:22:00.995+0000] {processor.py:183} INFO - Processing /opt/airflow/dags/main.py took 0.380 seconds
[2026-09-27T15:22:31.310+0000] {processor.py:161} INFO - Started process (PID=316) to work on /opt/airflow/dags/main.py
[2026-09-27T15:22:31.313+0000] {processor.py:830} INFO - Processing file /opt/airflow/dags/main.py for tasks to queue
[2026-09-27T15:22:31.318+0000] {logging_mixin.py:188} INFO - [2026-09-27T15:22:31.317+0000] {dagbag.py:545} INFO - Filling up the DagBag from /opt/airflow/dags/main.py
[2026-09-27T15:22:31.585+0000] {processor.py:840} INFO - DAG(s) 'update_db' retrieved from /opt/airflow/dags/main.py
[2026-09-27T15:22:31.615+0000] {logging_mixin.py:188} INFO - [2026-09-27T15:22:31.615+0000] {dag.py:3096} INFO - Sync 1 DAGs
[2026-09-27T15:22:31.638+0000] {logging_mixin.py:188} INFO - [2026-09-27T15:22:31.638+0000] {dag.py:3954} INFO - Setting next_dagrun for update_db to 2026-09-26 12:00:00+00:00, run_after=2026-09-27 12:00:00+00:00
[2026-09-27T15:22:31.665+0000] {processor.py:183} INFO - Processing /opt/airflow/dags/main.py took 0.363 seconds
[2026-09-27T15:23:02.019+0000] {processor.py:161} INFO - Started process (PID=323) to work on /opt/airflow/dags/main.py
[2026-09-27T15:23:02.021+0000] {processor.py:830} INFO - Processing file /opt/airflow/dags/main.py for tasks to queue
[2026-09-27T15:23:02.024+0000] {logging_mixin.py:188} INFO - [2026-09-27T15:23:02.024+0000] {dagbag.py:545} INFO - Filling up the DagBag from /opt/airflow/dags/main.py
[2026-09-27T15:23:02.291+0000] {processor.py:840} INFO - DAG(s) 'update_db' retrieved from /opt/airflow/dags/main.py
[2026-09-27T15:23:02.325+0000] {logging_mixin.py:188} INFO - [2026-09-27T15:23:02.325+0000] {dag.py:3096} INFO - Sync 1 DAGs
[2026-09-27T15:23:02.350+0000] {logging_mixin.py:188} INFO - [2026-09-27T15:23:02.350+0000] {dag.py:3954} INFO - Setting next_dagrun for update_db to 2026-09-26 12:00:00+00:00, run_after=2026-09-27 12:00:00+00:00
[2026-09-27T15:23:02.381+0000] {processor.py:183} INFO - Processing /opt/airflow/dags/main.py took 0.368 seconds
[2026-09-27T15:23:32.711+0000] {processor.py:161} INFO - Started process (PID=331) to work on /opt/airflow/dags/main.py
[2026-09-27T15:23:32.714+0000] {processor.py:830} INFO - Processing file /opt/airflow/dags/main.py for tasks to queue
[2026-09-27T15:23:32.717+0000] {logging_mixin.py:188} INFO - [2026-09-27T15:23:32.717+0000] {dagbag.py:545} INFO - Filling up the DagBag from /opt/airflow/dags/main.py
[2026-09-27T15:23:32.979+0000] {processor.py:840} INFO - DAG(s) 'update_db' retrieved from /opt/airflow/dags/main.py
[2026-09-27T15:23:33.019+0000] {logging_mixin.py:188} INFO - [2026-09-27T15:23:33.018+0000] {dag.py:3096} INFO - Sync 1 DAGs
[2026-09-27T15:23:33.044+0000] {logging_mixin.py:188} INFO - [2026-09-27T15:23:33.043+0000] {dag.py:3954} INFO - Setting next_dagrun for update_db to 2026-09-26 12:00:00+00:00, run_after=2026-09-27 12:00:00+00:00
[2026-09-27T15:23:33.070+0000] {processor.py:183} INFO - Processing /opt/airflow/dags/main.py took 0.365 seconds
[2026-09-27T15:24:03.435+0000] {processor.py:161} INFO - Started process (PID=338) to work on /opt/airflow/dags/main.py
[2026-09-27T15:24:03.438+0000] {processor.py:830} INFO - Processing file /opt/airflow/dags/main.py for tasks to queue
[2026-09-27T15:24:03.446+0000] {logging_mixin.py:188} INFO - [2026-09-27T15:24:03.445+0000] {dagbag.py:545} INFO - Filling up the DagBag from /opt/airflow/dags/main.py
[2026-09-27T15:24:03.672+0000] {processor.py:840} INFO - DAG(s) 'update_db' retrieved from /opt/airflow/dags/main.py
[2026-09-27T15:24:03.697+0000] {logging_mixin.py:188} INFO - [2026-09-27T15:24:03.697+0000] {dag.py:3096} INFO - Sync 1 DAGs
[2026-09-27T15:24:03.715+0000] {logging_mixin.py:188} INFO - [2026-09-27T15:24:03.715+0000] {dag.py:3954} INFO - Setting next_dagrun for update_db to 2026-09-26 12:00:00+00:00, run_after=2026-09-27 12:00:00+00:00
[2026-09-27T15:24:03.735+0000] {processor.py:183} INFO - Processing /opt/airflow/dags/main.py took 0.308 seconds
[2026-09-27T15:24:34.257+0000] {processor.py:161} INFO - Started process (PID=346) to work on /opt/airflow/dags/main.py
[2026-09-27T15:24:34.260+0000] {processor.py:830} INFO - Processing file /opt/airflow/dags/main.py for tasks to queue
[2026-09-27T15:24:34.264+0000] {logging_mixin.py:188} INFO - [2026-09-27T15:24:34.263+0000] {dagbag.py:545} INFO - Filling up the DagBag from /opt/airflow/dags/main.py
[2026-09-27T15:24:34.539+0000] {processor.py:840} INFO - DAG(s) 'update_db' retrieved from /opt/airflow/dags/main.py
[2026-09-27T15:24:34.581+0000] {logging_mixin.py:188} INFO - [2026-09-27T15:24:34.580+0000] {dag.py:3096} INFO - Sync 1 DAGs
[2026-09-27T15:24:34.610+0000] {logging_mixin.py:188} INFO - [2026-09-27T15:24:34.609+0000] {dag.py:3954} INFO - Setting next_dagrun for update_db to 2026-09-26 12:00:00+00:00, run_after=2026-09-27 12:00:00+00:00
[2026-09-27T15:24:34.648+0000] {processor.py:183} INFO - Processing /opt/airflow/dags/main.py took 0.395 seconds
[2026-09-27T15:25:05.011+0000] {processor.py:161} INFO - Started process (PID=353) to work on /opt/airflow/dags/main.py
[2026-09-27T15:25:05.014+0000] {processor.py:830} INFO - Processing file /opt/airflow/dags/main.py for tasks to queue
[2026-09-27T15:25:05.019+0000] {logging_mixin.py:188} INFO - [2026-09-27T15:25:05.018+0000] {dagbag.py:545} INFO - Filling up the DagBag from /opt/airflow/dags/main.py
[2026-09-27T15:25:05.304+0000] {processor.py:840} INFO - DAG(s) 'update_db' retrieved from /opt/airflow/dags/main.py
[2026-09-27T15:25:05.373+0000] {logging_mixin.py:188} INFO - [2026-09-27T15:25:05.372+0000] {dag.py:3096} INFO - Sync 1 DAGs
[2026-09-27T15:25:05.472+0000] {logging_mixin.py:188} INFO - [2026-09-27T15:25:05.471+0000] {dag.py:3954} INFO - Setting next_dagrun for update_db to 2026-09-26 12:00:00+00:00, run_after=2026-09-27 12:00:00+00:00
[2026-09-27T15:25:05.569+0000] {processor.py:183} INFO - Processing /opt/airflow/dags/main.py took 0.567 seconds
[2026-09-27T15:25:35.911+0000] {processor.py:161} INFO - Started process (PID=360) to work on /opt/airflow/dags/main.py
[2026-09-27T15:25:35.914+0000] {processor.py:830} INFO - Processing file /opt/airflow/dags/main.py for tasks to queue
[2026-09-27T15:25:35.919+0000] {logging_mixin.py:188} INFO - [2026-09-27T15:25:35.919+0000] {dagbag.py:545} INFO - Filling up the DagBag from /opt/airflow/dags/main.py
[2026-09-27T15:25:36.177+0000] {processor.py:840} INFO - DAG(s) 'update_db' retrieved from /opt/airflow/dags/main.py
[2026-09-27T15:25:36.208+0000] {logging_mixin.py:188} INFO - [2026-09-27T15:25:36.208+0000] {dag.py:3096} INFO - Sync 1 DAGs
[2026-09-27T15:25:36.234+0000] {logging_mixin.py:188} INFO - [2026-09-27T15:25:36.234+0000] {dag.py:3954} INFO - Setting next_dagrun for update_db to 2026-09-26 12:00:00+00:00, run_after=2026-09-27 12:00:00+00:00
[2026-09-27T15:25:36.272+0000] {processor.py:183} INFO - Processing /opt/airflow/dags/main.py took 0.368 seconds
[2026-09-27T15:26:06.659+0000] {processor.py:161} INFO - Started process (PID=367) to work on /opt/airflow/dags/main.py
[2026-09-27T15:26:06.662+0000] {processor.py:830} INFO - Processing file /opt/airflow/dags/main.py for tasks to queue
[2026-09-27T15:26:06.666+0000] {logging_mixin.py:188} INFO - [2026-09-27T15:26:06.665+0000] {dagbag.py:545} INFO - Filling up the DagBag from /opt/airflow/dags/main.py
[2026-09-27T15:26:06.918+0000] {processor.py:840} INFO - DAG(s) 'update_db' retrieved from /opt/airflow/dags/main.py
[2026-09-27T15:26:06.977+0000] {logging_mixin.py:188} INFO - [2026-09-27T15:26:06.977+0000] {dag.py:3096} INFO - Sync 1 DAGs
[2026-09-27T15:26:07.024+0000] {logging_mixin.py:188} INFO - [2026-09-27T15:26:07.024+0000] {dag.py:3954} INFO - Setting next_dagrun for update_db to 2026-09-26 12:00:00+00:00, run_after=2026-09-27 12:00:00+00:00
[2026-09-27T15:26:07.061+0000] {processor.py:183} INFO - Processing /opt/airflow/dags/main.py took 0.408 seconds
[2026-09-27T15:26:37.428+0000] {processor.py:161} INFO - Started process (PID=374) to work on /opt/airflow/dags/main.py
[2026-09-27T15:26:37.432+0000] {processor.py:830} INFO - Processing file /opt/airflow/dags/main.py for tasks to queue
[2026-09-27T15:26:37.438+0000] {logging_mixin.py:188} INFO - [2026-09-27T15:26:37.437+0000] {dagbag.py:545} INFO - Filling up the DagBag from /opt/airflow/dags/main.py
[2026-09-27T15:26:37.648+0000] {processor.py:840} INFO - DAG(s) 'update_db' retrieved from /opt/airflow/dags/main.py
[2026-09-27T15:26:37.678+0000] {logging_mixin.py:188} INFO - [2026-09-27T15:26:37.677+0000] {dag.py:3096} INFO - Sync 1 DAGs
[2026-09-27T15:26:37.699+0000] {logging_mixin.py:188} INFO - [2026-09-27T15:26:37.699+0000] {dag.py:3954} INFO - Setting next_dagrun for update_db to 2026-09-26 12:00:00+00:00, run_after=2026-09-27 12:00:00+00:00
[2026-09-27T15:26:37.732+0000] {processor.py:183} INFO - Processing /opt/airflow/dags/main.py took 0.317 seconds
[2026-09-27T15:27:08.091+0000] {processor.py:161} INFO - Started process (PID=381) to work on /opt/airflow/dags/main.py
[2026-09-27T15:27:08.095+0000] {processor.py:830} INFO - Processing file /opt/airflow/dags/main.py for tasks to queue
[2026-09-27T15:27:08.098+0000] {logging_mixin.py:188} INFO - [2026-09-27T15:27:08.098+0000] {dagbag.py:545} INFO - Filling up the DagBag from /opt/airflow/dags/main.py
[2026-09-27T15:27:08.321+0000] {processor.py:840} INFO - DAG(s) 'update_db' retrieved from /opt/airflow/dags/main.py
[2026-09-27T15:27:08.345+0000] {logging_mixin.py:188} INFO - [2026-09-27T15:27:08.344+0000] {dag.py:3096} INFO - Sync 1 DAGs
[2026-09-27T15:27:08.363+0000] {logging_mixin.py:188} INFO - [2026-09-27T15:27:08.362+0000] {dag.py:3954} INFO - Setting next_dagrun for update_db to 2026-09-26 12:00:00+00:00, run_after=2026-09-27 12:00:00+00:00
[2026-09-27T15:27:08.385+0000] {processor.py:183} INFO - Processing /opt/airflow/dags/main.py took 0.300 seconds
[2026-09-27T15:27:38.696+0000] {processor.py:161} INFO - Started process (PID=388) to work on /opt/airflow/dags/main.py
[2026-09-27T15:27:38.700+0000] {processor.py:830} INFO - Processing file /opt/airflow/dags/main.py for tasks to queue
[2026-09-27T15:27:38.703+0000] {logging_mixin.py:188} INFO - [2026-09-27T15:27:38.703+0000] {dagbag.py:545} INFO - Filling up the DagBag from /opt/airflow/dags/main.py
[2026-09-27T15:27:38.956+0000] {processor.py:840} INFO - DAG(s) 'update_db' retrieved from /opt/airflow/dags/main.py
[2026-09-27T15:27:38.982+0000] {logging_mixin.py:188} INFO - [2026-09-27T15:27:38.981+0000] {dag.py:3096} INFO - Sync 1 DAGs
[2026-09-27T15:27:39.001+0000] {logging_mixin.py:188} INFO - [2026-09-27T15:27:39.001+0000] {dag.py:3954} INFO - Setting next_dagrun for update_db to 2026-09-26 12:00:00+00:00, run_after=2026-09-27 12:00:00+00:00
[2026-09-27T15:27:39.024+0000] {processor.py:183} INFO - Processing /opt/airflow/dags/main.py took 0.335 seconds
[2026-09-27T15:28:09.354+0000] {processor.py:161} INFO - Started process (PID=395) to work on /opt/airflow/dags/main.py
[2026-09-27T15:28:09.357+0000] {processor.py:830} INFO - Processing file /opt/airflow/dags/main.py for tasks to queue
[2026-09-27T15:28:09.361+0000] {logging_mixin.py:188} INFO - [2026-09-27T15:28:09.360+0000] {dagbag.py:545} INFO - Filling up the DagBag from /opt/airflow/dags/main.py
[2026-09-27T15:28:09.661+0000] {processor.py:840} INFO - DAG(s) 'update_db' retrieved from /opt/airflow/dags/main.py
[2026-09-27T15:28:09.699+0000] {logging_mixin.py:188} INFO - [2026-09-27T15:28:09.698+0000] {dag.py:3096} INFO - Sync 1 DAGs
[2026-09-27T15:28:09.729+0000] {logging_mixin.py:188} INFO - [2026-09-27T15:28:09.729+0000] {dag.py:3954} INFO - Setting next_dagrun for update_db to 2026-09-26 12:00:00+00:00, run_after=2026-09-27 12:00:00+00:00
[2026-09-27T15:28:09.761+0000] {processor.py:183} INFO - Processing /opt/airflow/dags/main.py took 0.414 seconds
[2026-09-27T15:28:40.113+0000] {processor.py:161} INFO - Started process (PID=402) to work on /opt/airflow/dags/main.py
[2026-09-27T15:28:40.116+0000] {processor.py:830} INFO - Processing file /opt/airflow/dags/main.py for tasks to queue
[2026-09-27T15:28:40.120+0000] {logging_mixin.py:188} INFO - [2026-09-27T15:28:40.120+0000] {dagbag.py:545} INFO - Filling up the DagBag from /opt/airflow/dags/main.py
[2026-09-27T15:28:40.371+0000] {processor.py:840} INFO - DAG(s) 'update_db' retrieved from /opt/airflow/dags/main.py
[2026-09-27T15:28:40.401+0000] {logging_mixin.py:188} INFO - [2026-09-27T15:28:40.400+0000] {dag.py:3096} INFO - Sync 1 DAGs
[2026-09-27T15:28:40.422+0000] {logging_mixin.py:188} INFO - [2026-09-27T15:28:40.422+0000] {dag.py:3954} INFO - Setting next_dagrun for update_db to 2026-09-26 12:00:00+00:00, run_after=2026-09-27 12:00:00+00:00
[2026-09-27T15:28:40.445+0000] {processor.py:183} INFO - Processing /opt/airflow/dags/main.py took 0.338 seconds
[2026-09-27T15:29:10.767+0000] {processor.py:161} INFO - Started process (PID=415) to work on /opt/airflow/dags/main.py
[2026-09-27T15:29:10.770+0000] {processor.py:830} INFO - Processing file /opt/airflow/dags/main.py for tasks to queue
[2026-09-27T15:29:10.774+0000] {logging_mixin.py:188} INFO - [2026-09-27T15:29:10.773+0000] {dagbag.py:545} INFO - Filling up the DagBag from /opt/airflow/dags/main.py
[2026-09-27T15:29:11.002+0000] {processor.py:840} INFO - DAG(s) 'update_db' retrieved from /opt/airflow/dags/main.py
[2026-09-27T15:29:11.038+0000] {logging_mixin.py:188} INFO - [2026-09-27T15:29:11.038+0000] {dag.py:3096} INFO - Sync 1 DAGs
[2026-09-27T15:29:11.066+0000] {logging_mixin.py:188} INFO - [2026-09-27T15:29:11.066+0000] {dag.py:3954} INFO - Setting next_dagrun for update_db to 2026-09-26 12:00:00+00:00, run_after=2026-09-27 12:00:00+00:00
[2026-09-27T15:29:11.095+0000] {processor.py:183} INFO - Processing /opt/airflow/dags/main.py took 0.338 seconds
[2026-09-27T15:29:41.459+0000] {processor.py:161} INFO - Started process (PID=423) to work on /opt/airflow/dags/main.py
[2026-09-27T15:29:41.462+0000] {processor.py:830} INFO - Processing file /opt/airflow/dags/main.py for tasks to queue
[2026-09-27T15:29:41.466+0000] {logging_mixin.py:188} INFO - [2026-09-27T15:29:41.465+0000] {dagbag.py:545} INFO - Filling up the DagBag from /opt/airflow/dags/main.py
[2026-09-27T15:29:41.692+0000] {processor.py:840} INFO - DAG(s) 'update_db' retrieved from /opt/airflow/dags/main.py
[2026-09-27T15:29:41.717+0000] {logging_mixin.py:188} INFO - [2026-09-27T15:29:41.716+0000] {dag.py:3096} INFO - Sync 1 DAGs
[2026-09-27T15:29:41.735+0000] {logging_mixin.py:188} INFO - [2026-09-27T15:29:41.735+0000] {dag.py:3954} INFO - Setting next_dagrun for update_db to 2026-09-26 12:00:00+00:00, run_after=2026-09-27 12:00:00+00:00
[2026-09-27T15:29:41.756+0000] {processor.py:183} INFO - Processing /opt/airflow/dags/main.py took 0.302 seconds
[2026-09-27T15:30:12.087+0000] {processor.py:161} INFO - Started process (PID=430) to work on /opt/airflow/dags/main.py
[2026-09-27T15:30:12.090+0000] {processor.py:830} INFO - Processing file /opt/airflow/dags/main.py for tasks to queue
[2026-09-27T15:30:12.093+0000] {logging_mixin.py:188} INFO - [2026-09-27T15:30:12.093+0000] {dagbag.py:545} INFO - Filling up the DagBag from /opt/airflow/dags/main.py
[2026-09-27T15:30:12.383+0000] {processor.py:840} INFO - DAG(s) 'update_db' retrieved from /opt/airflow/dags/main.py
[2026-09-27T15:30:12.432+0000] {logging_mixin.py:188} INFO - [2026-09-27T15:30:12.432+0000] {dag.py:3096} INFO - Sync 1 DAGs
[2026-09-27T15:30:12.453+0000] {logging_mixin.py:188} INFO - [2026-09-27T15:30:12.453+0000] {dag.py:3954} INFO - Setting next_dagrun for update_db to 2026-09-26 12:00:00+00:00, run_after=2026-09-27 12:00:00+00:00
[2026-09-27T15:30:12.477+0000] {processor.py:183} INFO - Processing /opt/airflow/dags/main.py took 0.397 seconds
[2026-09-27T15:30:42.823+0000] {processor.py:161} INFO - Started process (PID=437) to work on /opt/airflow/dags/main.py
[2026-09-27T15:30:42.826+0000] {processor.py:830} INFO - Processing file /opt/airflow/dags/main.py for tasks to queue
[2026-09-27T15:30:42.830+0000] {logging_mixin.py:188} INFO - [2026-09-27T15:30:42.830+0000] {dagbag.py:545} INFO - Filling up the DagBag from /opt/airflow/dags/main.py
[2026-09-27T15:30:43.151+0000] {processor.py:840} INFO - DAG(s) 'update_db' retrieved from /opt/airflow/dags/main.py
[2026-09-27T15:30:43.189+0000] {logging_mixin.py:188} INFO - [2026-09-27T15:30:43.189+0000] {dag.py:3096} INFO - Sync 1 DAGs
[2026-09-27T15:30:43.218+0000] {logging_mixin.py:188} INFO - [2026-09-27T15:30:43.218+0000] {dag.py:3954} INFO - Setting next_dagrun for update_db to 2026-09-26 12:00:00+00:00, run_after=2026-09-27 12:00:00+00:00
[2026-09-27T15:30:43.248+0000] {processor.py:183} INFO - Processing /opt/airflow/dags/main.py took 0.432 seconds
[2026-09-27T15:31:13.575+0000] {processor.py:161} INFO - Started process (PID=444) to work on /opt/airflow/dags/main.py
[2026-09-27T15:31:13.578+0000] {processor.py:830} INFO - Processing file /opt/airflow/dags/main.py for tasks to queue
[2026-09-27T15:31:13.581+0000] {logging_mixin.py:188} INFO - [2026-09-27T15:31:13.581+0000] {dagbag.py:545} INFO - Filling up the DagBag from /opt/airflow/dags/main.py
[2026-09-27T15:31:13.803+0000] {processor.py:840} INFO - DAG(s) 'update_db' retrieved from /opt/airflow/dags/main.py
[2026-09-27T15:31:13.833+0000] {logging_mixin.py:188} INFO - [2026-09-27T15:31:13.833+0000] {dag.py:3096} INFO - Sync 1 DAGs
[2026-09-27T15:31:13.857+0000] {logging_mixin.py:188} INFO - [2026-09-27T15:31:13.857+0000] {dag.py:3954} INFO - Setting next_dagrun for update_db to 2026-09-26 12:00:00+00:00, run_after=2026-09-27 12:00:00+00:00
[2026-09-27T15:31:13.880+0000] {processor.py:183} INFO - Processing /opt/airflow/dags/main.py took 0.314 seconds
[2026-09-27T15:31:44.237+0000] {processor.py:161} INFO - Started process (PID=451) to work on /opt/airflow/dags/main.py
[2026-09-27T15:31:44.241+0000] {processor.py:830} INFO - Processing file /opt/airflow/dags/main.py for tasks to queue
[2026-09-27T15:31:44.246+0000] {logging_mixin.py:188} INFO - [2026-09-27T15:31:44.244+0000] {dagbag.py:545} INFO - Filling up the DagBag from /opt/airflow/dags/main.py
[2026-09-27T15:31:44.492+0000] {processor.py:840} INFO - DAG(s) 'update_db' retrieved from /opt/airflow/dags/main.py
[2026-09-27T15:31:44.525+0000] {logging_mixin.py:188} INFO - [2026-09-27T15:31:44.525+0000] {dag.py:3096} INFO - Sync 1 DAGs
[2026-09-27T15:31:44.548+0000] {logging_mixin.py:188} INFO - [2026-09-27T15:31:44.548+0000] {dag.py:3954} INFO - Setting next_dagrun for update_db to 2026-09-26 12:00:00+00:00, run_after=2026-09-27 12:00:00+00:00
[2026-09-27T15:31:44.575+0000] {processor.py:183} INFO - Processing /opt/airflow/dags/main.py took 0.345 seconds
[2026-09-27T15:32:14.955+0000] {processor.py:161} INFO - Started process (PID=459) to work on /opt/airflow/dags/main.py
[2026-09-27T15:32:14.958+0000] {processor.py:830} INFO - Processing file /opt/airflow/dags/main.py for tasks to queue
[2026-09-27T15:32:14.962+0000] {logging_mixin.py:188} INFO - [2026-09-27T15:32:14.962+0000] {dagbag.py:545} INFO - Filling up the DagBag from /opt/airflow/dags/main.py
[2026-09-27T15:32:15.229+0000] {processor.py:840} INFO - DAG(s) 'update_db' retrieved from /opt/airflow/dags/main.py
[2026-09-27T15:32:15.254+0000] {logging_mixin.py:188} INFO - [2026-09-27T15:32:15.254+0000] {dag.py:3096} INFO - Sync 1 DAGs
[2026-09-27T15:32:15.273+0000] {logging_mixin.py:188} INFO - [2026-09-27T15:32:15.273+0000] {dag.py:3954} INFO - Setting next_dagrun for update_db to 2026-09-26 12:00:00+00:00, run_after=2026-09-27 12:00:00+00:00
[2026-09-27T15:32:15.293+0000] {processor.py:183} INFO - Processing /opt/airflow/dags/main.py took 0.347 seconds
[2026-09-27T15:32:45.625+0000] {processor.py:161} INFO - Started process (PID=466) to work on /opt/airflow/dags/main.py
[2026-09-27T15:32:45.628+0000] {processor.py:830} INFO - Processing file /opt/airflow/dags/main.py for tasks to queue
[2026-09-27T15:32:45.632+0000] {logging_mixin.py:188} INFO - [2026-09-27T15:32:45.632+0000] {dagbag.py:545} INFO - Filling up the DagBag from /opt/airflow/dags/main.py
[2026-09-27T15:32:45.863+0000] {processor.py:840} INFO - DAG(s) 'update_db' retrieved from /opt/airflow/dags/main.py
[2026-09-27T15:32:45.888+0000] {logging_mixin.py:188} INFO - [2026-09-27T15:32:45.888+0000] {dag.py:3096} INFO - Sync 1 DAGs
[2026-09-27T15:32:45.907+0000] {logging_mixin.py:188} INFO - [2026-09-27T15:32:45.907+0000] {dag.py:3954} INFO - Setting next_dagrun for update_db to 2026-09-26 12:00:00+00:00, run_after=2026-09-27 12:00:00+00:00
[2026-09-27T15:32:45.927+0000] {processor.py:183} INFO - Processing /opt/airflow/dags/main.py took 0.311 seconds
[2026-09-27T15:33:16.235+0000] {processor.py:161} INFO - Started process (PID=473) to work on /opt/airflow/dags/main.py
[2026-09-27T15:33:16.238+0000] {processor.py:830} INFO - Processing file /opt/airflow/dags/main.py for tasks to queue
[2026-09-27T15:33:16.241+0000] {logging_mixin.py:188} INFO - [2026-09-27T15:33:16.241+0000] {dagbag.py:545} INFO - Filling up the DagBag from /opt/airflow/dags/main.py
[2026-09-27T15:33:16.487+0000] {processor.py:840} INFO - DAG(s) 'update_db' retrieved from /opt/airflow/dags/main.py
[2026-09-27T15:33:16.515+0000] {logging_mixin.py:188} INFO - [2026-09-27T15:33:16.515+0000] {dag.py:3096} INFO - Sync 1 DAGs
[2026-09-27T15:33:16.535+0000] {logging_mixin.py:188} INFO - [2026-09-27T15:33:16.535+0000] {dag.py:3954} INFO - Setting next_dagrun for update_db to 2026-09-26 12:00:00+00:00, run_after=2026-09-27 12:00:00+00:00
[2026-09-27T15:33:16.559+0000] {processor.py:183} INFO - Processing /opt/airflow/dags/main.py took 0.330 seconds
[2026-09-27T15:33:46.880+0000] {processor.py:161} INFO - Started process (PID=480) to work on /opt/airflow/dags/main.py
[2026-09-27T15:33:46.883+0000] {processor.py:830} INFO - Processing file /opt/airflow/dags/main.py for tasks to queue
[2026-09-27T15:33:46.888+0000] {logging_mixin.py:188} INFO - [2026-09-27T15:33:46.888+0000] {dagbag.py:545} INFO - Filling up the DagBag from /opt/airflow/dags/main.py
[2026-09-27T15:33:47.186+0000] {processor.py:840} INFO - DAG(s) 'update_db' retrieved from /opt/airflow/dags/main.py
[2026-09-27T15:33:47.243+0000] {logging_mixin.py:188} INFO - [2026-09-27T15:33:47.242+0000] {dag.py:3096} INFO - Sync 1 DAGs
[2026-09-27T15:33:47.308+0000] {logging_mixin.py:188} INFO - [2026-09-27T15:33:47.308+0000] {dag.py:3954} INFO - Setting next_dagrun for update_db to 2026-09-26 12:00:00+00:00, run_after=2026-09-27 12:00:00+00:00
[2026-09-27T15:33:47.367+0000] {processor.py:183} INFO - Processing /opt/airflow/dags/main.py took 0.494 seconds
[2026-09-27T15:34:17.721+0000] {processor.py:161} INFO - Started process (PID=488) to work on /opt/airflow/dags/main.py
[2026-09-27T15:34:17.724+0000] {processor.py:830} INFO - Processing file /opt/airflow/dags/main.py for tasks to queue
[2026-09-27T15:34:17.727+0000] {logging_mixin.py:188} INFO - [2026-09-27T15:34:17.726+0000] {dagbag.py:545} INFO - Filling up the DagBag from /opt/airflow/dags/main.py
[2026-09-27T15:34:18.016+0000] {processor.py:840} INFO - DAG(s) 'update_db' retrieved from /opt/airflow/dags/main.py
[2026-09-27T15:34:18.041+0000] {logging_mixin.py:188} INFO - [2026-09-27T15:34:18.040+0000] {dag.py:3096} INFO - Sync 1 DAGs
[2026-09-27T15:34:18.060+0000] {logging_mixin.py:188} INFO - [2026-09-27T15:34:18.060+0000] {dag.py:3954} INFO - Setting next_dagrun for update_db to 2026-09-26 12:00:00+00:00, run_after=2026-09-27 12:00:00+00:00
[2026-09-27T15:34:18.082+0000] {processor.py:183} INFO - Processing /opt/airflow/dags/main.py took 0.368 seconds
[2026-09-27T15:34:48.922+0000] {processor.py:161} INFO - Started process (PID=495) to work on /opt/airflow/dags/main.py
[2026-09-27T15:34:48.925+0000] {processor.py:830} INFO - Processing file /opt/airflow/dags/main.py for tasks to queue
[2026-09-27T15:34:48.930+0000] {logging_mixin.py:188} INFO - [2026-09-27T15:34:48.930+0000] {dagbag.py:545} INFO - Filling up the DagBag from /opt/airflow/dags/main.py
[2026-09-27T15:34:49.213+0000] {processor.py:840} INFO - DAG(s) 'update_db' retrieved from /opt/airflow/dags/main.py
[2026-09-27T15:34:49.238+0000] {logging_mixin.py:188} INFO - [2026-09-27T15:34:49.238+0000] {dag.py:3096} INFO - Sync 1 DAGs
[2026-09-27T15:34:49.257+0000] {logging_mixin.py:188} INFO - [2026-09-27T15:34:49.257+0000] {dag.py:3954} INFO - Setting next_dagrun for update_db to 2026-09-26 12:00:00+00:00, run_after=2026-09-27 12:00:00+00:00
[2026-09-27T15:34:49.279+0000] {processor.py:183} INFO - Processing /opt/airflow/dags/main.py took 0.364 seconds
[2026-09-27T15:35:19.629+0000] {processor.py:161} INFO - Started process (PID=502) to work on /opt/airflow/dags/main.py
[2026-09-27T15:35:19.633+0000] {processor.py:830} INFO - Processing file /opt/airflow/dags/main.py for tasks to queue
[2026-09-27T15:35:19.637+0000] {logging_mixin.py:188} INFO - [2026-09-27T15:35:19.636+0000] {dagbag.py:545} INFO - Filling up the DagBag from /opt/airflow/dags/main.py
[2026-09-27T15:35:19.952+0000] {processor.py:840} INFO - DAG(s) 'update_db' retrieved from /opt/airflow/dags/main.py
[2026-09-27T15:35:19.984+0000] {logging_mixin.py:188} INFO - [2026-09-27T15:35:19.984+0000] {dag.py:3096} INFO - Sync 1 DAGs
[2026-09-27T15:35:20.021+0000] {logging_mixin.py:188} INFO - [2026-09-27T15:35:20.020+0000] {dag.py:3954} INFO - Setting next_dagrun for update_db to 2026-09-26 12:00:00+00:00, run_after=2026-09-27 12:00:00+00:00
[2026-09-27T15:35:20.048+0000] {processor.py:183} INFO - Processing /opt/airflow/dags/main.py took 0.428 seconds
[2026-09-27T15:35:50.419+0000] {processor.py:161} INFO - Started process (PID=509) to work on /opt/airflow/dags/main.py
[2026-09-27T15:35:50.422+0000] {processor.py:830} INFO - Processing file /opt/airflow/dags/main.py for tasks to queue
[2026-09-27T15:35:50.425+0000] {logging_mixin.py:188} INFO - [2026-09-27T15:35:50.425+0000] {dagbag.py:545} INFO - Filling up the DagBag from /opt/airflow/dags/main.py
[2026-09-27T15:35:50.716+0000] {processor.py:840} INFO - DAG(s) 'update_db' retrieved from /opt/airflow/dags/main.py
[2026-09-27T15:35:50.741+0000] {logging_mixin.py:188} INFO - [2026-09-27T15:35:50.741+0000] {dag.py:3096} INFO - Sync 1 DAGs
[2026-09-27T15:35:50.760+0000] {logging_mixin.py:188} INFO - [2026-09-27T15:35:50.760+0000] {dag.py:3954} INFO - Setting next_dagrun for update_db to 2026-09-26 12:00:00+00:00, run_after=2026-09-27 12:00:00+00:00
[2026-09-27T15:35:50.783+0000] {processor.py:183} INFO - Processing /opt/airflow/dags/main.py took 0.370 seconds
[2026-09-27T15:36:21.103+0000] {processor.py:161} INFO - Started process (PID=516) to work on /opt/airflow/dags/main.py
[2026-09-27T15:36:21.106+0000] {processor.py:830} INFO - Processing file /opt/airflow/dags/main.py for tasks to queue
[2026-09-27T15:36:21.113+0000] {logging_mixin.py:188} INFO - [2026-09-27T15:36:21.112+0000] {dagbag.py:545} INFO - Filling up the DagBag from /opt/airflow/dags/main.py
[2026-09-27T15:36:21.352+0000] {processor.py:840} INFO - DAG(s) 'update_db' retrieved from /opt/airflow/dags/main.py
[2026-09-27T15:36:21.395+0000] {logging_mixin.py:188} INFO - [2026-09-27T15:36:21.394+0000] {dag.py:3096} INFO - Sync 1 DAGs
[2026-09-27T15:36:21.448+0000] {logging_mixin.py:188} INFO - [2026-09-27T15:36:21.447+0000] {dag.py:3954} INFO - Setting next_dagrun for update_db to 2026-09-26 12:00:00+00:00, run_after=2026-09-27 12:00:00+00:00
[2026-09-27T15:36:21.487+0000] {processor.py:183} INFO - Processing /opt/airflow/dags/main.py took 0.395 seconds
[2026-09-27T15:36:51.851+0000] {processor.py:161} INFO - Started process (PID=523) to work on /opt/airflow/dags/main.py
[2026-09-27T15:36:51.855+0000] {processor.py:830} INFO - Processing file /opt/airflow/dags/main.py for tasks to queue
[2026-09-27T15:36:51.859+0000] {logging_mixin.py:188} INFO - [2026-09-27T15:36:51.858+0000] {dagbag.py:545} INFO - Filling up the DagBag from /opt/airflow/dags/main.py
[2026-09-27T15:36:52.168+0000] {processor.py:840} INFO - DAG(s) 'update_db' retrieved from /opt/airflow/dags/main.py
[2026-09-27T15:36:52.191+0000] {logging_mixin.py:188} INFO - [2026-09-27T15:36:52.191+0000] {dag.py:3096} INFO - Sync 1 DAGs
[2026-09-27T15:36:52.208+0000] {logging_mixin.py:188} INFO - [2026-09-27T15:36:52.208+0000] {dag.py:3954} INFO - Setting next_dagrun for update_db to 2026-09-26 12:00:00+00:00, run_after=2026-09-27 12:00:00+00:00
[2026-09-27T15:36:52.227+0000] {processor.py:183} INFO - Processing /opt/airflow/dags/main.py took 0.380 seconds
[2026-09-27T15:37:22.598+0000] {processor.py:161} INFO - Started process (PID=530) to work on /opt/airflow/dags/main.py
[2026-09-27T15:37:22.601+0000] {processor.py:830} INFO - Processing file /opt/airflow/dags/main.py for tasks to queue
[2026-09-27T15:37:22.605+0000] {logging_mixin.py:188} INFO - [2026-09-27T15:37:22.605+0000] {dagbag.py:545} INFO - Filling up the DagBag from /opt/airflow/dags/main.py
[2026-09-27T15:37:22.844+0000] {processor.py:840} INFO - DAG(s) 'update_db' retrieved from /opt/airflow/dags/main.py
[2026-09-27T15:37:22.868+0000] {logging_mixin.py:188} INFO - [2026-09-27T15:37:22.868+0000] {dag.py:3096} INFO - Sync 1 DAGs
[2026-09-27T15:37:22.890+0000] {logging_mixin.py:188} INFO - [2026-09-27T15:37:22.890+0000] {dag.py:3954} INFO - Setting next_dagrun for update_db to 2026-09-26 12:00:00+00:00, run_after=2026-09-27 12:00:00+00:00
[2026-09-27T15:37:22.909+0000] {processor.py:183} INFO - Processing /opt/airflow/dags/main.py took 0.319 seconds
[2026-09-27T15:37:53.253+0000] {processor.py:161} INFO - Started process (PID=537) to work on /opt/airflow/dags/main.py
[2026-09-27T15:37:53.256+0000] {processor.py:830} INFO - Processing file /opt/airflow/dags/main.py for tasks to queue
[2026-09-27T15:37:53.260+0000] {logging_mixin.py:188} INFO - [2026-09-27T15:37:53.259+0000] {dagbag.py:545} INFO - Filling up the DagBag from /opt/airflow/dags/main.py
[2026-09-27T15:37:53.486+0000] {processor.py:840} INFO - DAG(s) 'update_db' retrieved from /opt/airflow/dags/main.py
[2026-09-27T15:37:53.518+0000] {logging_mixin.py:188} INFO - [2026-09-27T15:37:53.518+0000] {dag.py:3096} INFO - Sync 1 DAGs
[2026-09-27T15:37:53.541+0000] {logging_mixin.py:188} INFO - [2026-09-27T15:37:53.541+0000] {dag.py:3954} INFO - Setting next_dagrun for update_db to 2026-09-26 12:00:00+00:00, run_after=2026-09-27 12:00:00+00:00
[2026-09-27T15:37:53.566+0000] {processor.py:183} INFO - Processing /opt/airflow/dags/main.py took 0.320 seconds
[2026-09-27T15:38:23.945+0000] {processor.py:161} INFO - Started process (PID=544) to work on /opt/airflow/dags/main.py
[2026-09-27T15:38:23.948+0000] {processor.py:830} INFO - Processing file /opt/airflow/dags/main.py for tasks to queue
[2026-09-27T15:38:23.951+0000] {logging_mixin.py:188} INFO - [2026-09-27T15:38:23.951+0000] {dagbag.py:545} INFO - Filling up the DagBag from /opt/airflow/dags/main.py
[2026-09-27T15:38:24.218+0000] {processor.py:840} INFO - DAG(s) 'update_db' retrieved from /opt/airflow/dags/main.py
[2026-09-27T15:38:24.246+0000] {logging_mixin.py:188} INFO - [2026-09-27T15:38:24.246+0000] {dag.py:3096} INFO - Sync 1 DAGs
[2026-09-27T15:38:24.266+0000] {logging_mixin.py:188} INFO - [2026-09-27T15:38:24.266+0000] {dag.py:3954} INFO - Setting next_dagrun for update_db to 2026-09-26 12:00:00+00:00, run_after=2026-09-27 12:00:00+00:00
[2026-09-27T15:38:24.288+0000] {processor.py:183} INFO - Processing /opt/airflow/dags/main.py took 0.348 seconds
[2026-09-27T15:38:54.675+0000] {processor.py:161} INFO - Started process (PID=551) to work on /opt/airflow/dags/main.py
[2026-09-27T15:38:54.678+0000] {processor.py:830} INFO - Processing file /opt/airflow/dags/main.py for tasks to queue
[2026-09-27T15:38:54.683+0000] {logging_mixin.py:188} INFO - [2026-09-27T15:38:54.682+0000] {dagbag.py:545} INFO - Filling up the DagBag from /opt/airflow/dags/main.py
[2026-09-27T15:38:54.996+0000] {processor.py:840} INFO - DAG(s) 'update_db' retrieved from /opt/airflow/dags/main.py
[2026-09-27T15:38:55.032+0000] {logging_mixin.py:188} INFO - [2026-09-27T15:38:55.032+0000] {dag.py:3096} INFO - Sync 1 DAGs
[2026-09-27T15:38:55.050+0000] {logging_mixin.py:188} INFO - [2026-09-27T15:38:55.050+0000] {dag.py:3954} INFO - Setting next_dagrun for update_db to 2026-09-26 12:00:00+00:00, run_after=2026-09-27 12:00:00+00:00
[2026-09-27T15:38:55.072+0000] {processor.py:183} INFO - Processing /opt/airflow/dags/main.py took 0.408 seconds
[2026-09-27T15:39:25.443+0000] {processor.py:161} INFO - Started process (PID=558) to work on /opt/airflow/dags/main.py
[2026-09-27T15:39:25.446+0000] {processor.py:830} INFO - Processing file /opt/airflow/dags/main.py for tasks to queue
[2026-09-27T15:39:25.451+0000] {logging_mixin.py:188} INFO - [2026-09-27T15:39:25.450+0000] {dagbag.py:545} INFO - Filling up the DagBag from /opt/airflow/dags/main.py
[2026-09-27T15:39:25.742+0000] {processor.py:840} INFO - DAG(s) 'update_db' retrieved from /opt/airflow/dags/main.py
[2026-09-27T15:39:25.777+0000] {logging_mixin.py:188} INFO - [2026-09-27T15:39:25.777+0000] {dag.py:3096} INFO - Sync 1 DAGs
[2026-09-27T15:39:25.796+0000] {logging_mixin.py:188} INFO - [2026-09-27T15:39:25.796+0000] {dag.py:3954} INFO - Setting next_dagrun for update_db to 2026-09-26 12:00:00+00:00, run_after=2026-09-27 12:00:00+00:00
[2026-09-27T15:39:25.820+0000] {processor.py:183} INFO - Processing /opt/airflow/dags/main.py took 0.382 seconds
[2026-09-27T15:39:56.225+0000] {processor.py:161} INFO - Started process (PID=565) to work on /opt/airflow/dags/main.py
[2026-09-27T15:39:56.228+0000] {processor.py:830} INFO - Processing file /opt/airflow/dags/main.py for tasks to queue
[2026-09-27T15:39:56.231+0000] {logging_mixin.py:188} INFO - [2026-09-27T15:39:56.231+0000] {dagbag.py:545} INFO - Filling up the DagBag from /opt/airflow/dags/main.py
[2026-09-27T15:39:56.547+0000] {processor.py:840} INFO - DAG(s) 'update_db' retrieved from /opt/airflow/dags/main.py
[2026-09-27T15:39:56.573+0000] {logging_mixin.py:188} INFO - [2026-09-27T15:39:56.573+0000] {dag.py:3096} INFO - Sync 1 DAGs
[2026-09-27T15:39:56.591+0000] {logging_mixin.py:188} INFO - [2026-09-27T15:39:56.591+0000] {dag.py:3954} INFO - Setting next_dagrun for update_db to 2026-09-26 12:00:00+00:00, run_after=2026-09-27 12:00:00+00:00
[2026-09-27T15:39:56.612+0000] {processor.py:183} INFO - Processing /opt/airflow/dags/main.py took 0.395 seconds
[2026-09-27T15:40:26.982+0000] {processor.py:161} INFO - Started process (PID=572) to work on /opt/airflow/dags/main.py
[2026-09-27T15:40:26.985+0000] {processor.py:830} INFO - Processing file /opt/airflow/dags/main.py for tasks to queue
[2026-09-27T15:40:26.990+0000] {logging_mixin.py:188} INFO - [2026-09-27T15:40:26.990+0000] {dagbag.py:545} INFO - Filling up the DagBag from /opt/airflow/dags/main.py
[2026-09-27T15:40:27.300+0000] {processor.py:840} INFO - DAG(s) 'update_db' retrieved from /opt/airflow/dags/main.py
[2026-09-27T15:40:27.334+0000] {logging_mixin.py:188} INFO - [2026-09-27T15:40:27.334+0000] {dag.py:3096} INFO - Sync 1 DAGs
[2026-09-27T15:40:27.353+0000] {logging_mixin.py:188} INFO - [2026-09-27T15:40:27.352+0000] {dag.py:3954} INFO - Setting next_dagrun for update_db to 2026-09-26 12:00:00+00:00, run_after=2026-09-27 12:00:00+00:00
[2026-09-27T15:40:27.374+0000] {processor.py:183} INFO - Processing /opt/airflow/dags/main.py took 0.402 seconds
[2026-09-27T15:40:57.760+0000] {processor.py:161} INFO - Started process (PID=579) to work on /opt/airflow/dags/main.py
[2026-09-27T15:40:57.763+0000] {processor.py:830} INFO - Processing file /opt/airflow/dags/main.py for tasks to queue
[2026-09-27T15:40:57.768+0000] {logging_mixin.py:188} INFO - [2026-09-27T15:40:57.767+0000] {dagbag.py:545} INFO - Filling up the DagBag from /opt/airflow/dags/main.py
[2026-09-27T15:40:58.025+0000] {processor.py:840} INFO - DAG(s) 'update_db' retrieved from /opt/airflow/dags/main.py
[2026-09-27T15:40:58.059+0000] {logging_mixin.py:188} INFO - [2026-09-27T15:40:58.058+0000] {dag.py:3096} INFO - Sync 1 DAGs
[2026-09-27T15:40:58.077+0000] {logging_mixin.py:188} INFO - [2026-09-27T15:40:58.077+0000] {dag.py:3954} INFO - Setting next_dagrun for update_db to 2026-09-26 12:00:00+00:00, run_after=2026-09-27 12:00:00+00:00
[2026-09-27T15:40:58.097+0000] {processor.py:183} INFO - Processing /opt/airflow/dags/main.py took 0.353 seconds
[2026-09-27T15:41:28.530+0000] {processor.py:161} INFO - Started process (PID=586) to work on /opt/airflow/dags/main.py
[2026-09-27T15:41:28.533+0000] {processor.py:830} INFO - Processing file /opt/airflow/dags/main.py for tasks to queue
[2026-09-27T15:41:28.536+0000] {logging_mixin.py:188} INFO - [2026-09-27T15:41:28.535+0000] {dagbag.py:545} INFO - Filling up the DagBag from /opt/airflow/dags/main.py
[2026-09-27T15:41:28.775+0000] {processor.py:840} INFO - DAG(s) 'update_db' retrieved from /opt/airflow/dags/main.py
[2026-09-27T15:41:28.799+0000] {logging_mixin.py:188} INFO - [2026-09-27T15:41:28.798+0000] {dag.py:3096} INFO - Sync 1 DAGs
[2026-09-27T15:41:28.817+0000] {logging_mixin.py:188} INFO - [2026-09-27T15:41:28.817+0000] {dag.py:3954} INFO - Setting next_dagrun for update_db to 2026-09-26 12:00:00+00:00, run_after=2026-09-27 12:00:00+00:00
[2026-09-27T15:41:28.838+0000] {processor.py:183} INFO - Processing /opt/airflow/dags/main.py took 0.317 seconds
[2026-09-27T15:41:59.236+0000] {processor.py:161} INFO - Started process (PID=593) to work on /opt/airflow/dags/main.py
[2026-09-27T15:41:59.238+0000] {processor.py:830} INFO - Processing file /opt/airflow/dags/main.py for tasks to queue
[2026-09-27T15:41:59.241+0000] {logging_mixin.py:188} INFO - [2026-09-27T15:41:59.241+0000] {dagbag.py:545} INFO - Filling up the DagBag from /opt/airflow/dags/main.py
[2026-09-27T15:41:59.504+0000] {processor.py:840} INFO - DAG(s) 'update_db' retrieved from /opt/airflow/dags/main.py
[2026-09-27T15:41:59.527+0000] {logging_mixin.py:188} INFO - [2026-09-27T15:41:59.526+0000] {dag.py:3096} INFO - Sync 1 DAGs
[2026-09-27T15:41:59.544+0000] {logging_mixin.py:188} INFO - [2026-09-27T15:41:59.543+0000] {dag.py:3954} INFO - Setting next_dagrun for update_db to 2026-09-26 12:00:00+00:00, run_after=2026-09-27 12:00:00+00:00
[2026-09-27T15:41:59.565+0000] {processor.py:183} INFO - Processing /opt/airflow/dags/main.py took 0.335 seconds
[2026-09-27T15:42:29.931+0000] {processor.py:161} INFO - Started process (PID=600) to work on /opt/airflow/dags/main.py
[2026-09-27T15:42:29.938+0000] {processor.py:830} INFO - Processing file /opt/airflow/dags/main.py for tasks to queue
[2026-09-27T15:42:29.945+0000] {logging_mixin.py:188} INFO - [2026-09-27T15:42:29.944+0000] {dagbag.py:545} INFO - Filling up the DagBag from /opt/airflow/dags/main.py
[2026-09-27T15:42:30.204+0000] {processor.py:840} INFO - DAG(s) 'update_db' retrieved from /opt/airflow/dags/main.py
[2026-09-27T15:42:30.258+0000] {logging_mixin.py:188} INFO - [2026-09-27T15:42:30.258+0000] {dag.py:3096} INFO - Sync 1 DAGs
[2026-09-27T15:42:30.291+0000] {logging_mixin.py:188} INFO - [2026-09-27T15:42:30.291+0000] {dag.py:3954} INFO - Setting next_dagrun for update_db to 2026-09-26 12:00:00+00:00, run_after=2026-09-27 12:00:00+00:00
[2026-09-27T15:42:30.323+0000] {processor.py:183} INFO - Processing /opt/airflow/dags/main.py took 0.405 seconds
[2026-09-27T15:43:00.670+0000] {processor.py:161} INFO - Started process (PID=607) to work on /opt/airflow/dags/main.py
[2026-09-27T15:43:00.674+0000] {processor.py:830} INFO - Processing file /opt/airflow/dags/main.py for tasks to queue
[2026-09-27T15:43:00.679+0000] {logging_mixin.py:188} INFO - [2026-09-27T15:43:00.678+0000] {dagbag.py:545} INFO - Filling up the DagBag from /opt/airflow/dags/main.py
[2026-09-27T15:43:00.916+0000] {processor.py:840} INFO - DAG(s) 'update_db' retrieved from /opt/airflow/dags/main.py
[2026-09-27T15:43:00.944+0000] {logging_mixin.py:188} INFO - [2026-09-27T15:43:00.944+0000] {dag.py:3096} INFO - Sync 1 DAGs
[2026-09-27T15:43:00.966+0000] {logging_mixin.py:188} INFO - [2026-09-27T15:43:00.966+0000] {dag.py:3954} INFO - Setting next_dagrun for update_db to 2026-09-26 12:00:00+00:00, run_after=2026-09-27 12:00:00+00:00
[2026-09-27T15:43:00.990+0000] {processor.py:183} INFO - Processing /opt/airflow/dags/main.py took 0.325 seconds
[2026-09-27T15:43:31.358+0000] {processor.py:161} INFO - Started process (PID=614) to work on /opt/airflow/dags/main.py
[2026-09-27T15:43:31.361+0000] {processor.py:830} INFO - Processing file /opt/airflow/dags/main.py for tasks to queue
[2026-09-27T15:43:31.365+0000] {logging_mixin.py:188} INFO - [2026-09-27T15:43:31.365+0000] {dagbag.py:545} INFO - Filling up the DagBag from /opt/airflow/dags/main.py
[2026-09-27T15:43:31.761+0000] {processor.py:840} INFO - DAG(s) 'update_db' retrieved from /opt/airflow/dags/main.py
[2026-09-27T15:43:31.857+0000] {logging_mixin.py:188} INFO - [2026-09-27T15:43:31.857+0000] {dag.py:3096} INFO - Sync 1 DAGs
[2026-09-27T15:43:31.898+0000] {logging_mixin.py:188} INFO - [2026-09-27T15:43:31.898+0000] {dag.py:3954} INFO - Setting next_dagrun for update_db to 2026-09-26 12:00:00+00:00, run_after=2026-09-27 12:00:00+00:00
[2026-09-27T15:43:31.936+0000] {processor.py:183} INFO - Processing /opt/airflow/dags/main.py took 0.584 seconds
[2026-09-27T15:44:02.256+0000] {processor.py:161} INFO - Started process (PID=621) to work on /opt/airflow/dags/main.py
[2026-09-27T15:44:02.259+0000] {processor.py:830} INFO - Processing file /opt/airflow/dags/main.py for tasks to queue
[2026-09-27T15:44:02.263+0000] {logging_mixin.py:188} INFO - [2026-09-27T15:44:02.263+0000] {dagbag.py:545} INFO - Filling up the DagBag from /opt/airflow/dags/main.py
[2026-09-27T15:44:02.568+0000] {processor.py:840} INFO - DAG(s) 'update_db' retrieved from /opt/airflow/dags/main.py
[2026-09-27T15:44:02.594+0000] {logging_mixin.py:188} INFO - [2026-09-27T15:44:02.594+0000] {dag.py:3096} INFO - Sync 1 DAGs
[2026-09-27T15:44:02.613+0000] {logging_mixin.py:188} INFO - [2026-09-27T15:44:02.613+0000] {dag.py:3954} INFO - Setting next_dagrun for update_db to 2026-09-26 12:00:00+00:00, run_after=2026-09-27 12:00:00+00:00
[2026-09-27T15:44:02.634+0000] {processor.py:183} INFO - Processing /opt/airflow/dags/main.py took 0.383 seconds
[2026-09-27T15:44:32.995+0000] {processor.py:161} INFO - Started process (PID=628) to work on /opt/airflow/dags/main.py
[2026-09-27T15:44:32.998+0000] {processor.py:830} INFO - Processing file /opt/airflow/dags/main.py for tasks to queue
[2026-09-27T15:44:33.003+0000] {logging_mixin.py:188} INFO - [2026-09-27T15:44:33.002+0000] {dagbag.py:545} INFO - Filling up the DagBag from /opt/airflow/dags/main.py
[2026-09-27T15:44:33.258+0000] {processor.py:840} INFO - DAG(s) 'update_db' retrieved from /opt/airflow/dags/main.py
[2026-09-27T15:44:33.285+0000] {logging_mixin.py:188} INFO - [2026-09-27T15:44:33.284+0000] {dag.py:3096} INFO - Sync 1 DAGs
[2026-09-27T15:44:33.303+0000] {logging_mixin.py:188} INFO - [2026-09-27T15:44:33.302+0000] {dag.py:3954} INFO - Setting next_dagrun for update_db to 2026-09-26 12:00:00+00:00, run_after=2026-09-27 12:00:00+00:00
[2026-09-27T15:44:33.325+0000] {processor.py:183} INFO - Processing /opt/airflow/dags/main.py took 0.336 seconds
[2026-09-27T15:45:03.697+0000] {processor.py:161} INFO - Started process (PID=636) to work on /opt/airflow/dags/main.py
[2026-09-27T15:45:03.700+0000] {processor.py:830} INFO - Processing file /opt/airflow/dags/main.py for tasks to queue
[2026-09-27T15:45:03.704+0000] {logging_mixin.py:188} INFO - [2026-09-27T15:45:03.703+0000] {dagbag.py:545} INFO - Filling up the DagBag from /opt/airflow/dags/main.py
[2026-09-27T15:45:03.969+0000] {processor.py:840} INFO - DAG(s) 'update_db' retrieved from /opt/airflow/dags/main.py
[2026-09-27T15:45:04.011+0000] {logging_mixin.py:188} INFO - [2026-09-27T15:45:04.011+0000] {dag.py:3096} INFO - Sync 1 DAGs
[2026-09-27T15:45:04.046+0000] {logging_mixin.py:188} INFO - [2026-09-27T15:45:04.046+0000] {dag.py:3954} INFO - Setting next_dagrun for update_db to 2026-09-26 12:00:00+00:00, run_after=2026-09-27 12:00:00+00:00
[2026-09-27T15:45:04.070+0000] {processor.py:183} INFO - Processing /opt/airflow/dags/main.py took 0.378 seconds
[2026-09-27T15:45:34.399+0000] {processor.py:161} INFO - Started process (PID=643) to work on /opt/airflow/dags/main.py
[2026-09-27T15:45:34.402+0000] {processor.py:830} INFO - Processing file /opt/airflow/dags/main.py for tasks to queue
[2026-09-27T15:45:34.406+0000] {logging_mixin.py:188} INFO - [2026-09-27T15:45:34.405+0000] {dagbag.py:545} INFO - Filling up the DagBag from /opt/airflow/dags/main.py
[2026-09-27T15:45:34.651+0000] {processor.py:840} INFO - DAG(s) 'update_db' retrieved from /opt/airflow/dags/main.py
[2026-09-27T15:45:34.684+0000] {logging_mixin.py:188} INFO - [2026-09-27T15:45:34.683+0000] {dag.py:3096} INFO - Sync 1 DAGs
[2026-09-27T15:45:34.715+0000] {logging_mixin.py:188} INFO - [2026-09-27T15:45:34.715+0000] {dag.py:3954} INFO - Setting next_dagrun for update_db to 2026-09-26 12:00:00+00:00, run_after=2026-09-27 12:00:00+00:00
[2026-09-27T15:45:34.745+0000] {processor.py:183} INFO - Processing /opt/airflow/dags/main.py took 0.354 seconds
[2026-09-27T15:46:05.088+0000] {processor.py:161} INFO - Started process (PID=650) to work on /opt/airflow/dags/main.py
[2026-09-27T15:46:05.091+0000] {processor.py:830} INFO - Processing file /opt/airflow/dags/main.py for tasks to queue
[2026-09-27T15:46:05.095+0000] {logging_mixin.py:188} INFO - [2026-09-27T15:46:05.095+0000] {dagbag.py:545} INFO - Filling up the DagBag from /opt/airflow/dags/main.py
[2026-09-27T15:46:05.349+0000] {processor.py:840} INFO - DAG(s) 'update_db' retrieved from /opt/airflow/dags/main.py
[2026-09-27T15:46:05.421+0000] {logging_mixin.py:188} INFO - [2026-09-27T15:46:05.420+0000] {dag.py:3096} INFO - Sync 1 DAGs
[2026-09-27T15:46:05.459+0000] {logging_mixin.py:188} INFO - [2026-09-27T15:46:05.458+0000] {dag.py:3954} INFO - Setting next_dagrun for update_db to 2026-09-26 12:00:00+00:00, run_after=2026-09-27 12:00:00+00:00
[2026-09-27T15:46:05.499+0000] {processor.py:183} INFO - Processing /opt/airflow/dags/main.py took 0.417 seconds
[2026-09-27T15:46:35.853+0000] {processor.py:161} INFO - Started process (PID=657) to work on /opt/airflow/dags/main.py
[2026-09-27T15:46:35.857+0000] {processor.py:830} INFO - Processing file /opt/airflow/dags/main.py for tasks to queue
[2026-09-27T15:46:35.860+0000] {logging_mixin.py:188} INFO - [2026-09-27T15:46:35.860+0000] {dagbag.py:545} INFO - Filling up the DagBag from /opt/airflow/dags/main.py
[2026-09-27T15:46:36.131+0000] {processor.py:840} INFO - DAG(s) 'update_db' retrieved from /opt/airflow/dags/main.py
[2026-09-27T15:46:36.158+0000] {logging_mixin.py:188} INFO - [2026-09-27T15:46:36.158+0000] {dag.py:3096} INFO - Sync 1 DAGs
[2026-09-27T15:46:36.177+0000] {logging_mixin.py:188} INFO - [2026-09-27T15:46:36.177+0000] {dag.py:3954} INFO - Setting next_dagrun for update_db to 2026-09-26 12:00:00+00:00, run_after=2026-09-27 12:00:00+00:00
[2026-09-27T15:46:36.200+0000] {processor.py:183} INFO - Processing /opt/airflow/dags/main.py took 0.353 seconds
[2026-09-27T15:47:06.529+0000] {processor.py:161} INFO - Started process (PID=664) to work on /opt/airflow/dags/main.py
[2026-09-27T15:47:06.532+0000] {processor.py:830} INFO - Processing file /opt/airflow/dags/main.py for tasks to queue
[2026-09-27T15:47:06.535+0000] {logging_mixin.py:188} INFO - [2026-09-27T15:47:06.535+0000] {dagbag.py:545} INFO - Filling up the DagBag from /opt/airflow/dags/main.py
[2026-09-27T15:47:06.784+0000] {processor.py:840} INFO - DAG(s) 'update_db' retrieved from /opt/airflow/dags/main.py
[2026-09-27T15:47:06.810+0000] {logging_mixin.py:188} INFO - [2026-09-27T15:47:06.810+0000] {dag.py:3096} INFO - Sync 1 DAGs
[2026-09-27T15:47:06.828+0000] {logging_mixin.py:188} INFO - [2026-09-27T15:47:06.828+0000] {dag.py:3954} INFO - Setting next_dagrun for update_db to 2026-09-26 12:00:00+00:00, run_after=2026-09-27 12:00:00+00:00
[2026-09-27T15:47:06.849+0000] {processor.py:183} INFO - Processing /opt/airflow/dags/main.py took 0.325 seconds
[2026-09-27T15:47:37.204+0000] {processor.py:161} INFO - Started process (PID=671) to work on /opt/airflow/dags/main.py
[2026-09-27T15:47:37.207+0000] {processor.py:830} INFO - Processing file /opt/airflow/dags/main.py for tasks to queue
[2026-09-27T15:47:37.210+0000] {logging_mixin.py:188} INFO - [2026-09-27T15:47:37.209+0000] {dagbag.py:545} INFO - Filling up the DagBag from /opt/airflow/dags/main.py
[2026-09-27T15:47:37.429+0000] {processor.py:840} INFO - DAG(s) 'update_db' retrieved from /opt/airflow/dags/main.py
[2026-09-27T15:47:37.454+0000] {logging_mixin.py:188} INFO - [2026-09-27T15:47:37.454+0000] {dag.py:3096} INFO - Sync 1 DAGs
[2026-09-27T15:47:37.474+0000] {logging_mixin.py:188} INFO - [2026-09-27T15:47:37.474+0000] {dag.py:3954} INFO - Setting next_dagrun for update_db to 2026-09-26 12:00:00+00:00, run_after=2026-09-27 12:00:00+00:00
[2026-09-27T15:47:37.495+0000] {processor.py:183} INFO - Processing /opt/airflow/dags/main.py took 0.297 seconds
[2026-09-27T15:48:07.878+0000] {processor.py:161} INFO - Started process (PID=679) to work on /opt/airflow/dags/main.py
[2026-09-27T15:48:07.881+0000] {processor.py:830} INFO - Processing file /opt/airflow/dags/main.py for tasks to queue
[2026-09-27T15:48:07.888+0000] {logging_mixin.py:188} INFO - [2026-09-27T15:48:07.887+0000] {dagbag.py:545} INFO - Filling up the DagBag from /opt/airflow/dags/main.py
[2026-09-27T15:48:08.187+0000] {processor.py:840} INFO - DAG(s) 'update_db' retrieved from /opt/airflow/dags/main.py
[2026-09-27T15:48:08.220+0000] {logging_mixin.py:188} INFO - [2026-09-27T15:48:08.219+0000] {dag.py:3096} INFO - Sync 1 DAGs
[2026-09-27T15:48:08.243+0000] {logging_mixin.py:188} INFO - [2026-09-27T15:48:08.242+0000] {dag.py:3954} INFO - Setting next_dagrun for update_db to 2026-09-26 12:00:00+00:00, run_after=2026-09-27 12:00:00+00:00
[2026-09-27T15:48:08.266+0000] {processor.py:183} INFO - Processing /opt/airflow/dags/main.py took 0.399 seconds
[2026-09-27T15:48:38.623+0000] {processor.py:161} INFO - Started process (PID=686) to work on /opt/airflow/dags/main.py
[2026-09-27T15:48:38.626+0000] {processor.py:830} INFO - Processing file /opt/airflow/dags/main.py for tasks to queue
[2026-09-27T15:48:38.632+0000] {logging_mixin.py:188} INFO - [2026-09-27T15:48:38.631+0000] {dagbag.py:545} INFO - Filling up the DagBag from /opt/airflow/dags/main.py
[2026-09-27T15:48:38.931+0000] {processor.py:840} INFO - DAG(s) 'update_db' retrieved from /opt/airflow/dags/main.py
[2026-09-27T15:48:38.974+0000] {logging_mixin.py:188} INFO - [2026-09-27T15:48:38.974+0000] {dag.py:3096} INFO - Sync 1 DAGs
[2026-09-27T15:48:39.004+0000] {logging_mixin.py:188} INFO - [2026-09-27T15:48:39.003+0000] {dag.py:3954} INFO - Setting next_dagrun for update_db to 2026-09-26 12:00:00+00:00, run_after=2026-09-27 12:00:00+00:00
[2026-09-27T15:48:39.042+0000] {processor.py:183} INFO - Processing /opt/airflow/dags/main.py took 0.431 seconds
[2026-09-27T15:49:09.391+0000] {processor.py:161} INFO - Started process (PID=693) to work on /opt/airflow/dags/main.py
[2026-09-27T15:49:09.394+0000] {processor.py:830} INFO - Processing file /opt/airflow/dags/main.py for tasks to queue
[2026-09-27T15:49:09.397+0000] {logging_mixin.py:188} INFO - [2026-09-27T15:49:09.397+0000] {dagbag.py:545} INFO - Filling up the DagBag from /opt/airflow/dags/main.py
[2026-09-27T15:49:09.660+0000] {processor.py:840} INFO - DAG(s) 'update_db' retrieved from /opt/airflow/dags/main.py
[2026-09-27T15:49:09.685+0000] {logging_mixin.py:188} INFO - [2026-09-27T15:49:09.685+0000] {dag.py:3096} INFO - Sync 1 DAGs
[2026-09-27T15:49:09.704+0000] {logging_mixin.py:188} INFO - [2026-09-27T15:49:09.704+0000] {dag.py:3954} INFO - Setting next_dagrun for update_db to 2026-09-26 12:00:00+00:00, run_after=2026-09-27 12:00:00+00:00
[2026-09-27T15:49:09.726+0000] {processor.py:183} INFO - Processing /opt/airflow/dags/main.py took 0.341 seconds
[2026-09-27T15:49:40.468+0000] {processor.py:161} INFO - Started process (PID=700) to work on /opt/airflow/dags/main.py
[2026-09-27T15:49:40.470+0000] {processor.py:830} INFO - Processing file /opt/airflow/dags/main.py for tasks to queue
[2026-09-27T15:49:40.473+0000] {logging_mixin.py:188} INFO - [2026-09-27T15:49:40.473+0000] {dagbag.py:545} INFO - Filling up the DagBag from /opt/airflow/dags/main.py
[2026-09-27T15:49:40.734+0000] {processor.py:840} INFO - DAG(s) 'update_db' retrieved from /opt/airflow/dags/main.py
[2026-09-27T15:49:40.759+0000] {logging_mixin.py:188} INFO - [2026-09-27T15:49:40.759+0000] {dag.py:3096} INFO - Sync 1 DAGs
[2026-09-27T15:49:40.781+0000] {logging_mixin.py:188} INFO - [2026-09-27T15:49:40.781+0000] {dag.py:3954} INFO - Setting next_dagrun for update_db to 2026-09-26 12:00:00+00:00, run_after=2026-09-27 12:00:00+00:00
[2026-09-27T15:49:40.801+0000] {processor.py:183} INFO - Processing /opt/airflow/dags/main.py took 0.339 seconds
[2026-09-27T15:50:10.969+0000] {processor.py:161} INFO - Started process (PID=707) to work on /opt/airflow/dags/main.py
[2026-09-27T15:50:10.971+0000] {processor.py:830} INFO - Processing file /opt/airflow/dags/main.py for tasks to queue
[2026-09-27T15:50:10.975+0000] {logging_mixin.py:188} INFO - [2026-09-27T15:50:10.974+0000] {dagbag.py:545} INFO - Filling up the DagBag from /opt/airflow/dags/main.py
[2026-09-27T15:50:11.216+0000] {processor.py:840} INFO - DAG(s) 'update_db' retrieved from /opt/airflow/dags/main.py
[2026-09-27T15:50:11.236+0000] {logging_mixin.py:188} INFO - [2026-09-27T15:50:11.236+0000] {dag.py:3096} INFO - Sync 1 DAGs
[2026-09-27T15:50:11.252+0000] {logging_mixin.py:188} INFO - [2026-09-27T15:50:11.252+0000] {dag.py:3954} INFO - Setting next_dagrun for update_db to 2026-09-26 12:00:00+00:00, run_after=2026-09-27 12:00:00+00:00
[2026-09-27T15:50:11.273+0000] {processor.py:183} INFO - Processing /opt/airflow/dags/main.py took 0.309 seconds
[2026-09-27T15:50:41.425+0000] {processor.py:161} INFO - Started process (PID=714) to work on /opt/airflow/dags/main.py
[2026-09-27T15:50:41.429+0000] {processor.py:830} INFO - Processing file /opt/airflow/dags/main.py for tasks to queue
[2026-09-27T15:50:41.432+0000] {logging_mixin.py:188} INFO - [2026-09-27T15:50:41.432+0000] {dagbag.py:545} INFO - Filling up the DagBag from /opt/airflow/dags/main.py
[2026-09-27T15:50:41.679+0000] {processor.py:840} INFO - DAG(s) 'update_db' retrieved from /opt/airflow/dags/main.py
[2026-09-27T15:50:41.704+0000] {logging_mixin.py:188} INFO - [2026-09-27T15:50:41.703+0000] {dag.py:3096} INFO - Sync 1 DAGs
[2026-09-27T15:50:41.722+0000] {logging_mixin.py:188} INFO - [2026-09-27T15:50:41.721+0000] {dag.py:3954} INFO - Setting next_dagrun for update_db to 2026-09-26 12:00:00+00:00, run_after=2026-09-27 12:00:00+00:00
[2026-09-27T15:50:41.742+0000] {processor.py:183} INFO - Processing /opt/airflow/dags/main.py took 0.324 seconds
[2026-09-27T15:51:11.954+0000] {processor.py:161} INFO - Started process (PID=721) to work on /opt/airflow/dags/main.py
[2026-09-27T15:51:11.956+0000] {processor.py:830} INFO - Processing file /opt/airflow/dags/main.py for tasks to queue
[2026-09-27T15:51:11.959+0000] {logging_mixin.py:188} INFO - [2026-09-27T15:51:11.959+0000] {dagbag.py:545} INFO - Filling up the DagBag from /opt/airflow/dags/main.py
[2026-09-27T15:51:12.202+0000] {processor.py:840} INFO - DAG(s) 'update_db' retrieved from /opt/airflow/dags/main.py
[2026-09-27T15:51:12.225+0000] {logging_mixin.py:188} INFO - [2026-09-27T15:51:12.224+0000] {dag.py:3096} INFO - Sync 1 DAGs
[2026-09-27T15:51:12.243+0000] {logging_mixin.py:188} INFO - [2026-09-27T15:51:12.243+0000] {dag.py:3954} INFO - Setting next_dagrun for update_db to 2026-09-26 12:00:00+00:00, run_after=2026-09-27 12:00:00+00:00
[2026-09-27T15:51:12.264+0000] {processor.py:183} INFO - Processing /opt/airflow/dags/main.py took 0.317 seconds
[2026-09-27T15:51:42.396+0000] {processor.py:161} INFO - Started process (PID=728) to work on /opt/airflow/dags/main.py
[2026-09-27T15:51:42.398+0000] {processor.py:830} INFO - Processing file /opt/airflow/dags/main.py for tasks to queue
[2026-09-27T15:51:42.401+0000] {logging_mixin.py:188} INFO - [2026-09-27T15:51:42.401+0000] {dagbag.py:545} INFO - Filling up the DagBag from /opt/airflow/dags/main.py
[2026-09-27T15:51:42.629+0000] {processor.py:840} INFO - DAG(s) 'update_db' retrieved from /opt/airflow/dags/main.py
[2026-09-27T15:51:42.654+0000] {logging_mixin.py:188} INFO - [2026-09-27T15:51:42.653+0000] {dag.py:3096} INFO - Sync 1 DAGs
[2026-09-27T15:51:42.676+0000] {logging_mixin.py:188} INFO - [2026-09-27T15:51:42.676+0000] {dag.py:3954} INFO - Setting next_dagrun for update_db to 2026-09-26 12:00:00+00:00, run_after=2026-09-27 12:00:00+00:00
[2026-09-27T15:51:42.699+0000] {processor.py:183} INFO - Processing /opt/airflow/dags/main.py took 0.308 seconds
[2026-09-27T15:52:12.908+0000] {processor.py:161} INFO - Started process (PID=735) to work on /opt/airflow/dags/main.py
[2026-09-27T15:52:12.911+0000] {processor.py:830} INFO - Processing file /opt/airflow/dags/main.py for tasks to queue
[2026-09-27T15:52:12.914+0000] {logging_mixin.py:188} INFO - [2026-09-27T15:52:12.914+0000] {dagbag.py:545} INFO - Filling up the DagBag from /opt/airflow/dags/main.py
[2026-09-27T15:52:13.154+0000] {processor.py:840} INFO - DAG(s) 'update_db' retrieved from /opt/airflow/dags/main.py
[2026-09-27T15:52:13.183+0000] {logging_mixin.py:188} INFO - [2026-09-27T15:52:13.183+0000] {dag.py:3096} INFO - Sync 1 DAGs
[2026-09-27T15:52:13.207+0000] {logging_mixin.py:188} INFO - [2026-09-27T15:52:13.207+0000] {dag.py:3954} INFO - Setting next_dagrun for update_db to 2026-09-26 12:00:00+00:00, run_after=2026-09-27 12:00:00+00:00
[2026-09-27T15:52:13.228+0000] {processor.py:183} INFO - Processing /opt/airflow/dags/main.py took 0.326 seconds
[2026-09-27T15:52:43.372+0000] {processor.py:161} INFO - Started process (PID=742) to work on /opt/airflow/dags/main.py
[2026-09-27T15:52:43.375+0000] {processor.py:830} INFO - Processing file /opt/airflow/dags/main.py for tasks to queue
[2026-09-27T15:52:43.378+0000] {logging_mixin.py:188} INFO - [2026-09-27T15:52:43.378+0000] {dagbag.py:545} INFO - Filling up the DagBag from /opt/airflow/dags/main.py
[2026-09-27T15:52:43.604+0000] {processor.py:840} INFO - DAG(s) 'update_db' retrieved from /opt/airflow/dags/main.py
[2026-09-27T15:52:43.627+0000] {logging_mixin.py:188} INFO - [2026-09-27T15:52:43.627+0000] {dag.py:3096} INFO - Sync 1 DAGs
[2026-09-27T15:52:43.645+0000] {logging_mixin.py:188} INFO - [2026-09-27T15:52:43.645+0000] {dag.py:3954} INFO - Setting next_dagrun for update_db to 2026-09-26 12:00:00+00:00, run_after=2026-09-27 12:00:00+00:00
[2026-09-27T15:52:43.667+0000] {processor.py:183} INFO - Processing /opt/airflow/dags/main.py took 0.301 seconds
[2026-09-27T15:53:13.920+0000] {processor.py:161} INFO - Started process (PID=755) to work on /opt/airflow/dags/main.py
[2026-09-27T15:53:13.923+0000] {processor.py:830} INFO - Processing file /opt/airflow/dags/main.py for tasks to queue
[2026-09-27T15:53:13.928+0000] {logging_mixin.py:188} INFO - [2026-09-27T15:53:13.927+0000] {dagbag.py:545} INFO - Filling up the DagBag from /opt/airflow/dags/main.py
[2026-09-27T15:53:14.175+0000] {processor.py:840} INFO - DAG(s) 'update_db' retrieved from /opt/airflow/dags/main.py
[2026-09-27T15:53:14.198+0000] {logging_mixin.py:188} INFO - [2026-09-27T15:53:14.198+0000] {dag.py:3096} INFO - Sync 1 DAGs
[2026-09-27T15:53:14.217+0000] {logging_mixin.py:188} INFO - [2026-09-27T15:53:14.217+0000] {dag.py:3954} INFO - Setting next_dagrun for update_db to 2026-09-26 12:00:00+00:00, run_after=2026-09-27 12:00:00+00:00
[2026-09-27T15:53:14.238+0000] {processor.py:183} INFO - Processing /opt/airflow/dags/main.py took 0.324 seconds
[2026-09-27T15:53:44.360+0000] {processor.py:161} INFO - Started process (PID=762) to work on /opt/airflow/dags/main.py
[2026-09-27T15:53:44.363+0000] {processor.py:830} INFO - Processing file /opt/airflow/dags/main.py for tasks to queue
[2026-09-27T15:53:44.366+0000] {logging_mixin.py:188} INFO - [2026-09-27T15:53:44.365+0000] {dagbag.py:545} INFO - Filling up the DagBag from /opt/airflow/dags/main.py
[2026-09-27T15:53:44.593+0000] {processor.py:840} INFO - DAG(s) 'update_db' retrieved from /opt/airflow/dags/main.py
[2026-09-27T15:53:44.618+0000] {logging_mixin.py:188} INFO - [2026-09-27T15:53:44.618+0000] {dag.py:3096} INFO - Sync 1 DAGs
[2026-09-27T15:53:44.637+0000] {logging_mixin.py:188} INFO - [2026-09-27T15:53:44.637+0000] {dag.py:3954} INFO - Setting next_dagrun for update_db to 2026-09-26 12:00:00+00:00, run_after=2026-09-27 12:00:00+00:00
[2026-09-27T15:53:44.661+0000] {processor.py:183} INFO - Processing /opt/airflow/dags/main.py took 0.306 seconds
[2026-09-27T15:54:14.857+0000] {processor.py:161} INFO - Started process (PID=769) to work on /opt/airflow/dags/main.py
[2026-09-27T15:54:14.859+0000] {processor.py:830} INFO - Processing file /opt/airflow/dags/main.py for tasks to queue
[2026-09-27T15:54:14.863+0000] {logging_mixin.py:188} INFO - [2026-09-27T15:54:14.862+0000] {dagbag.py:545} INFO - Filling up the DagBag from /opt/airflow/dags/main.py
[2026-09-27T15:54:15.064+0000] {processor.py:840} INFO - DAG(s) 'update_db' retrieved from /opt/airflow/dags/main.py
[2026-09-27T15:54:15.087+0000] {logging_mixin.py:188} INFO - [2026-09-27T15:54:15.087+0000] {dag.py:3096} INFO - Sync 1 DAGs
[2026-09-27T15:54:15.107+0000] {logging_mixin.py:188} INFO - [2026-09-27T15:54:15.107+0000] {dag.py:3954} INFO - Setting next_dagrun for update_db to 2026-09-26 12:00:00+00:00, run_after=2026-09-27 12:00:00+00:00
[2026-09-27T15:54:15.126+0000] {processor.py:183} INFO - Processing /opt/airflow/dags/main.py took 0.276 seconds
[2026-09-27T15:54:45.849+0000] {processor.py:161} INFO - Started process (PID=776) to work on /opt/airflow/dags/main.py
[2026-09-27T15:54:45.852+0000] {processor.py:830} INFO - Processing file /opt/airflow/dags/main.py for tasks to queue
[2026-09-27T15:54:45.855+0000] {logging_mixin.py:188} INFO - [2026-09-27T15:54:45.855+0000] {dagbag.py:545} INFO - Filling up the DagBag from /opt/airflow/dags/main.py
[2026-09-27T15:54:46.159+0000] {processor.py:840} INFO - DAG(s) 'update_db' retrieved from /opt/airflow/dags/main.py
[2026-09-27T15:54:46.196+0000] {logging_mixin.py:188} INFO - [2026-09-27T15:54:46.196+0000] {dag.py:3096} INFO - Sync 1 DAGs
[2026-09-27T15:54:46.221+0000] {logging_mixin.py:188} INFO - [2026-09-27T15:54:46.221+0000] {dag.py:3954} INFO - Setting next_dagrun for update_db to 2026-09-26 12:00:00+00:00, run_after=2026-09-27 12:00:00+00:00
[2026-09-27T15:54:46.244+0000] {processor.py:183} INFO - Processing /opt/airflow/dags/main.py took 0.401 seconds
[2026-09-27T15:55:16.582+0000] {processor.py:161} INFO - Started process (PID=784) to work on /opt/airflow/dags/main.py
[2026-09-27T15:55:16.585+0000] {processor.py:830} INFO - Processing file /opt/airflow/dags/main.py for tasks to queue
[2026-09-27T15:55:16.588+0000] {logging_mixin.py:188} INFO - [2026-09-27T15:55:16.588+0000] {dagbag.py:545} INFO - Filling up the DagBag from /opt/airflow/dags/main.py
[2026-09-27T15:55:16.905+0000] {processor.py:840} INFO - DAG(s) 'update_db' retrieved from /opt/airflow/dags/main.py
[2026-09-27T15:55:16.931+0000] {logging_mixin.py:188} INFO - [2026-09-27T15:55:16.931+0000] {dag.py:3096} INFO - Sync 1 DAGs
[2026-09-27T15:55:16.951+0000] {logging_mixin.py:188} INFO - [2026-09-27T15:55:16.951+0000] {dag.py:3954} INFO - Setting next_dagrun for update_db to 2026-09-26 12:00:00+00:00, run_after=2026-09-27 12:00:00+00:00
[2026-09-27T15:55:16.986+0000] {processor.py:183} INFO - Processing /opt/airflow/dags/main.py took 0.410 seconds
[2026-09-27T15:55:47.333+0000] {processor.py:161} INFO - Started process (PID=791) to work on /opt/airflow/dags/main.py
[2026-09-27T15:55:47.336+0000] {processor.py:830} INFO - Processing file /opt/airflow/dags/main.py for tasks to queue
[2026-09-27T15:55:47.340+0000] {logging_mixin.py:188} INFO - [2026-09-27T15:55:47.340+0000] {dagbag.py:545} INFO - Filling up the DagBag from /opt/airflow/dags/main.py
[2026-09-27T15:55:47.623+0000] {processor.py:840} INFO - DAG(s) 'update_db' retrieved from /opt/airflow/dags/main.py
[2026-09-27T15:55:47.651+0000] {logging_mixin.py:188} INFO - [2026-09-27T15:55:47.651+0000] {dag.py:3096} INFO - Sync 1 DAGs
[2026-09-27T15:55:47.671+0000] {logging_mixin.py:188} INFO - [2026-09-27T15:55:47.671+0000] {dag.py:3954} INFO - Setting next_dagrun for update_db to 2026-09-26 12:00:00+00:00, run_after=2026-09-27 12:00:00+00:00
[2026-09-27T15:55:47.694+0000] {processor.py:183} INFO - Processing /opt/airflow/dags/main.py took 0.368 seconds
[2026-09-27T15:56:18.044+0000] {processor.py:161} INFO - Started process (PID=798) to work on /opt/airflow/dags/main.py
[2026-09-27T15:56:18.048+0000] {processor.py:830} INFO - Processing file /opt/airflow/dags/main.py for tasks to queue
[2026-09-27T15:56:18.051+0000] {logging_mixin.py:188} INFO - [2026-09-27T15:56:18.051+0000] {dagbag.py:545} INFO - Filling up the DagBag from /opt/airflow/dags/main.py
[2026-09-27T15:56:18.338+0000] {processor.py:840} INFO - DAG(s) 'update_db' retrieved from /opt/airflow/dags/main.py
[2026-09-27T15:56:18.394+0000] {logging_mixin.py:188} INFO - [2026-09-27T15:56:18.394+0000] {dag.py:3096} INFO - Sync 1 DAGs
[2026-09-27T15:56:18.426+0000] {logging_mixin.py:188} INFO - [2026-09-27T15:56:18.426+0000] {dag.py:3954} INFO - Setting next_dagrun for update_db to 2026-09-26 12:00:00+00:00, run_after=2026-09-27 12:00:00+00:00
[2026-09-27T15:56:18.457+0000] {processor.py:183} INFO - Processing /opt/airflow/dags/main.py took 0.418 seconds
[2026-09-27T15:56:48.775+0000] {processor.py:161} INFO - Started process (PID=805) to work on /opt/airflow/dags/main.py
[2026-09-27T15:56:48.778+0000] {processor.py:830} INFO - Processing file /opt/airflow/dags/main.py for tasks to queue
[2026-09-27T15:56:48.781+0000] {logging_mixin.py:188} INFO - [2026-09-27T15:56:48.781+0000] {dagbag.py:545} INFO - Filling up the DagBag from /opt/airflow/dags/main.py
[2026-09-27T15:56:49.044+0000] {processor.py:840} INFO - DAG(s) 'update_db' retrieved from /opt/airflow/dags/main.py
[2026-09-27T15:56:49.067+0000] {logging_mixin.py:188} INFO - [2026-09-27T15:56:49.067+0000] {dag.py:3096} INFO - Sync 1 DAGs
[2026-09-27T15:56:49.085+0000] {logging_mixin.py:188} INFO - [2026-09-27T15:56:49.085+0000] {dag.py:3954} INFO - Setting next_dagrun for update_db to 2026-09-26 12:00:00+00:00, run_after=2026-09-27 12:00:00+00:00
[2026-09-27T15:56:49.106+0000] {processor.py:183} INFO - Processing /opt/airflow/dags/main.py took 0.337 seconds
[2026-09-27T15:57:19.427+0000] {processor.py:161} INFO - Started process (PID=812) to work on /opt/airflow/dags/main.py
[2026-09-27T15:57:19.430+0000] {processor.py:830} INFO - Processing file /opt/airflow/dags/main.py for tasks to queue
[2026-09-27T15:57:19.435+0000] {logging_mixin.py:188} INFO - [2026-09-27T15:57:19.434+0000] {dagbag.py:545} INFO - Filling up the DagBag from /opt/airflow/dags/main.py
[2026-09-27T15:57:19.710+0000] {processor.py:840} INFO - DAG(s) 'update_db' retrieved from /opt/airflow/dags/main.py
[2026-09-27T15:57:19.734+0000] {logging_mixin.py:188} INFO - [2026-09-27T15:57:19.734+0000] {dag.py:3096} INFO - Sync 1 DAGs
[2026-09-27T15:57:19.754+0000] {logging_mixin.py:188} INFO - [2026-09-27T15:57:19.754+0000] {dag.py:3954} INFO - Setting next_dagrun for update_db to 2026-09-26 12:00:00+00:00, run_after=2026-09-27 12:00:00+00:00
[2026-09-27T15:57:19.776+0000] {processor.py:183} INFO - Processing /opt/airflow/dags/main.py took 0.356 seconds
[2026-09-27T15:57:50.104+0000] {processor.py:161} INFO - Started process (PID=819) to work on /opt/airflow/dags/main.py
[2026-09-27T15:57:50.107+0000] {processor.py:830} INFO - Processing file /opt/airflow/dags/main.py for tasks to queue
[2026-09-27T15:57:50.110+0000] {logging_mixin.py:188} INFO - [2026-09-27T15:57:50.110+0000] {dagbag.py:545} INFO - Filling up the DagBag from /opt/airflow/dags/main.py
[2026-09-27T15:57:50.380+0000] {processor.py:840} INFO - DAG(s) 'update_db' retrieved from /opt/airflow/dags/main.py
[2026-09-27T15:57:50.425+0000] {logging_mixin.py:188} INFO - [2026-09-27T15:57:50.425+0000] {dag.py:3096} INFO - Sync 1 DAGs
[2026-09-27T15:57:50.446+0000] {logging_mixin.py:188} INFO - [2026-09-27T15:57:50.446+0000] {dag.py:3954} INFO - Setting next_dagrun for update_db to 2026-09-26 12:00:00+00:00, run_after=2026-09-27 12:00:00+00:00
[2026-09-27T15:57:50.469+0000] {processor.py:183} INFO - Processing /opt/airflow/dags/main.py took 0.371 seconds
[2026-09-27T15:58:20.819+0000] {processor.py:161} INFO - Started process (PID=826) to work on /opt/airflow/dags/main.py
[2026-09-27T15:58:20.823+0000] {processor.py:830} INFO - Processing file /opt/airflow/dags/main.py for tasks to queue
[2026-09-27T15:58:20.827+0000] {logging_mixin.py:188} INFO - [2026-09-27T15:58:20.826+0000] {dagbag.py:545} INFO - Filling up the DagBag from /opt/airflow/dags/main.py
[2026-09-27T15:58:21.150+0000] {processor.py:840} INFO - DAG(s) 'update_db' retrieved from /opt/airflow/dags/main.py
[2026-09-27T15:58:21.176+0000] {logging_mixin.py:188} INFO - [2026-09-27T15:58:21.176+0000] {dag.py:3096} INFO - Sync 1 DAGs
[2026-09-27T15:58:21.195+0000] {logging_mixin.py:188} INFO - [2026-09-27T15:58:21.195+0000] {dag.py:3954} INFO - Setting next_dagrun for update_db to 2026-09-26 12:00:00+00:00, run_after=2026-09-27 12:00:00+00:00
[2026-09-27T15:58:21.214+0000] {processor.py:183} INFO - Processing /opt/airflow/dags/main.py took 0.403 seconds
[2026-09-27T15:58:51.532+0000] {processor.py:161} INFO - Started process (PID=833) to work on /opt/airflow/dags/main.py
[2026-09-27T15:58:51.535+0000] {processor.py:830} INFO - Processing file /opt/airflow/dags/main.py for tasks to queue
[2026-09-27T15:58:51.539+0000] {logging_mixin.py:188} INFO - [2026-09-27T15:58:51.539+0000] {dagbag.py:545} INFO - Filling up the DagBag from /opt/airflow/dags/main.py
[2026-09-27T15:58:51.801+0000] {processor.py:840} INFO - DAG(s) 'update_db' retrieved from /opt/airflow/dags/main.py
[2026-09-27T15:58:51.824+0000] {logging_mixin.py:188} INFO - [2026-09-27T15:58:51.824+0000] {dag.py:3096} INFO - Sync 1 DAGs
[2026-09-27T15:58:51.842+0000] {logging_mixin.py:188} INFO - [2026-09-27T15:58:51.842+0000] {dag.py:3954} INFO - Setting next_dagrun for update_db to 2026-09-26 12:00:00+00:00, run_after=2026-09-27 12:00:00+00:00
[2026-09-27T15:58:51.862+0000] {processor.py:183} INFO - Processing /opt/airflow/dags/main.py took 0.335 seconds
[2026-09-27T15:59:22.194+0000] {processor.py:161} INFO - Started process (PID=840) to work on /opt/airflow/dags/main.py
[2026-09-27T15:59:22.198+0000] {processor.py:830} INFO - Processing file /opt/airflow/dags/main.py for tasks to queue
[2026-09-27T15:59:22.202+0000] {logging_mixin.py:188} INFO - [2026-09-27T15:59:22.201+0000] {dagbag.py:545} INFO - Filling up the DagBag from /opt/airflow/dags/main.py
[2026-09-27T15:59:22.492+0000] {processor.py:840} INFO - DAG(s) 'update_db' retrieved from /opt/airflow/dags/main.py
[2026-09-27T15:59:22.522+0000] {logging_mixin.py:188} INFO - [2026-09-27T15:59:22.522+0000] {dag.py:3096} INFO - Sync 1 DAGs
[2026-09-27T15:59:22.543+0000] {logging_mixin.py:188} INFO - [2026-09-27T15:59:22.542+0000] {dag.py:3954} INFO - Setting next_dagrun for update_db to 2026-09-26 12:00:00+00:00, run_after=2026-09-27 12:00:00+00:00
[2026-09-27T15:59:22.563+0000] {processor.py:183} INFO - Processing /opt/airflow/dags/main.py took 0.375 seconds
[2026-09-27T15:59:52.989+0000] {processor.py:161} INFO - Started process (PID=847) to work on /opt/airflow/dags/main.py
[2026-09-27T15:59:52.992+0000] {processor.py:830} INFO - Processing file /opt/airflow/dags/main.py for tasks to queue
[2026-09-27T15:59:52.997+0000] {logging_mixin.py:188} INFO - [2026-09-27T15:59:52.996+0000] {dagbag.py:545} INFO - Filling up the DagBag from /opt/airflow/dags/main.py
[2026-09-27T15:59:53.276+0000] {processor.py:840} INFO - DAG(s) 'update_db' retrieved from /opt/airflow/dags/main.py
[2026-09-27T15:59:53.302+0000] {logging_mixin.py:188} INFO - [2026-09-27T15:59:53.301+0000] {dag.py:3096} INFO - Sync 1 DAGs
[2026-09-27T15:59:53.323+0000] {logging_mixin.py:188} INFO - [2026-09-27T15:59:53.323+0000] {dag.py:3954} INFO - Setting next_dagrun for update_db to 2026-09-26 12:00:00+00:00, run_after=2026-09-27 12:00:00+00:00
[2026-09-27T15:59:53.344+0000] {processor.py:183} INFO - Processing /opt/airflow/dags/main.py took 0.362 seconds
[2026-09-27T16:00:23.685+0000] {processor.py:161} INFO - Started process (PID=854) to work on /opt/airflow/dags/main.py
[2026-09-27T16:00:23.688+0000] {processor.py:830} INFO - Processing file /opt/airflow/dags/main.py for tasks to queue
[2026-09-27T16:00:23.691+0000] {logging_mixin.py:188} INFO - [2026-09-27T16:00:23.691+0000] {dagbag.py:545} INFO - Filling up the DagBag from /opt/airflow/dags/main.py
[2026-09-27T16:00:23.949+0000] {processor.py:840} INFO - DAG(s) 'update_db' retrieved from /opt/airflow/dags/main.py
[2026-09-27T16:00:23.982+0000] {logging_mixin.py:188} INFO - [2026-09-27T16:00:23.982+0000] {dag.py:3096} INFO - Sync 1 DAGs
[2026-09-27T16:00:24.005+0000] {logging_mixin.py:188} INFO - [2026-09-27T16:00:24.005+0000] {dag.py:3954} INFO - Setting next_dagrun for update_db to 2026-09-26 12:00:00+00:00, run_after=2026-09-27 12:00:00+00:00
[2026-09-27T16:00:24.027+0000] {processor.py:183} INFO - Processing /opt/airflow/dags/main.py took 0.349 seconds
[2026-09-27T16:00:54.389+0000] {processor.py:161} INFO - Started process (PID=861) to work on /opt/airflow/dags/main.py
[2026-09-27T16:00:54.392+0000] {processor.py:830} INFO - Processing file /opt/airflow/dags/main.py for tasks to queue
[2026-09-27T16:00:54.397+0000] {logging_mixin.py:188} INFO - [2026-09-27T16:00:54.396+0000] {dagbag.py:545} INFO - Filling up the DagBag from /opt/airflow/dags/main.py
[2026-09-27T16:00:54.684+0000] {processor.py:840} INFO - DAG(s) 'update_db' retrieved from /opt/airflow/dags/main.py
[2026-09-27T16:00:54.730+0000] {logging_mixin.py:188} INFO - [2026-09-27T16:00:54.730+0000] {dag.py:3096} INFO - Sync 1 DAGs
[2026-09-27T16:00:54.761+0000] {logging_mixin.py:188} INFO - [2026-09-27T16:00:54.761+0000] {dag.py:3954} INFO - Setting next_dagrun for update_db to 2026-09-26 12:00:00+00:00, run_after=2026-09-27 12:00:00+00:00
[2026-09-27T16:00:54.791+0000] {processor.py:183} INFO - Processing /opt/airflow/dags/main.py took 0.416 seconds
[2026-09-27T16:01:25.144+0000] {processor.py:161} INFO - Started process (PID=868) to work on /opt/airflow/dags/main.py
[2026-09-27T16:01:25.147+0000] {processor.py:830} INFO - Processing file /opt/airflow/dags/main.py for tasks to queue
[2026-09-27T16:01:25.151+0000] {logging_mixin.py:188} INFO - [2026-09-27T16:01:25.151+0000] {dagbag.py:545} INFO - Filling up the DagBag from /opt/airflow/dags/main.py
[2026-09-27T16:01:25.399+0000] {processor.py:840} INFO - DAG(s) 'update_db' retrieved from /opt/airflow/dags/main.py
[2026-09-27T16:01:25.427+0000] {logging_mixin.py:188} INFO - [2026-09-27T16:01:25.427+0000] {dag.py:3096} INFO - Sync 1 DAGs
[2026-09-27T16:01:25.448+0000] {logging_mixin.py:188} INFO - [2026-09-27T16:01:25.447+0000] {dag.py:3954} INFO - Setting next_dagrun for update_db to 2026-09-26 12:00:00+00:00, run_after=2026-09-27 12:00:00+00:00
[2026-09-27T16:01:25.475+0000] {processor.py:183} INFO - Processing /opt/airflow/dags/main.py took 0.339 seconds
[2026-09-27T16:01:55.815+0000] {processor.py:161} INFO - Started process (PID=876) to work on /opt/airflow/dags/main.py
[2026-09-27T16:01:55.819+0000] {processor.py:830} INFO - Processing file /opt/airflow/dags/main.py for tasks to queue
[2026-09-27T16:01:55.822+0000] {logging_mixin.py:188} INFO - [2026-09-27T16:01:55.822+0000] {dagbag.py:545} INFO - Filling up the DagBag from /opt/airflow/dags/main.py
[2026-09-27T16:01:56.089+0000] {processor.py:840} INFO - DAG(s) 'update_db' retrieved from /opt/airflow/dags/main.py
[2026-09-27T16:01:56.113+0000] {logging_mixin.py:188} INFO - [2026-09-27T16:01:56.113+0000] {dag.py:3096} INFO - Sync 1 DAGs
[2026-09-27T16:01:56.130+0000] {logging_mixin.py:188} INFO - [2026-09-27T16:01:56.130+0000] {dag.py:3954} INFO - Setting next_dagrun for update_db to 2026-09-26 12:00:00+00:00, run_after=2026-09-27 12:00:00+00:00
[2026-09-27T16:01:56.152+0000] {processor.py:183} INFO - Processing /opt/airflow/dags/main.py took 0.342 seconds
[2026-09-27T16:02:26.495+0000] {processor.py:161} INFO - Started process (PID=884) to work on /opt/airflow/dags/main.py
[2026-09-27T16:02:26.498+0000] {processor.py:830} INFO - Processing file /opt/airflow/dags/main.py for tasks to queue
[2026-09-27T16:02:26.501+0000] {logging_mixin.py:188} INFO - [2026-09-27T16:02:26.501+0000] {dagbag.py:545} INFO - Filling up the DagBag from /opt/airflow/dags/main.py
[2026-09-27T16:02:26.751+0000] {processor.py:840} INFO - DAG(s) 'update_db' retrieved from /opt/airflow/dags/main.py
[2026-09-27T16:02:26.779+0000] {logging_mixin.py:188} INFO - [2026-09-27T16:02:26.779+0000] {dag.py:3096} INFO - Sync 1 DAGs
[2026-09-27T16:02:26.800+0000] {logging_mixin.py:188} INFO - [2026-09-27T16:02:26.800+0000] {dag.py:3954} INFO - Setting next_dagrun for update_db to 2026-09-26 12:00:00+00:00, run_after=2026-09-27 12:00:00+00:00
[2026-09-27T16:02:26.823+0000] {processor.py:183} INFO - Processing /opt/airflow/dags/main.py took 0.334 seconds
[2026-09-27T16:02:57.130+0000] {processor.py:161} INFO - Started process (PID=891) to work on /opt/airflow/dags/main.py
[2026-09-27T16:02:57.134+0000] {processor.py:830} INFO - Processing file /opt/airflow/dags/main.py for tasks to queue
[2026-09-27T16:02:57.137+0000] {logging_mixin.py:188} INFO - [2026-09-27T16:02:57.137+0000] {dagbag.py:545} INFO - Filling up the DagBag from /opt/airflow/dags/main.py
[2026-09-27T16:02:57.392+0000] {processor.py:840} INFO - DAG(s) 'update_db' retrieved from /opt/airflow/dags/main.py
[2026-09-27T16:02:57.417+0000] {logging_mixin.py:188} INFO - [2026-09-27T16:02:57.416+0000] {dag.py:3096} INFO - Sync 1 DAGs
[2026-09-27T16:02:57.436+0000] {logging_mixin.py:188} INFO - [2026-09-27T16:02:57.436+0000] {dag.py:3954} INFO - Setting next_dagrun for update_db to 2026-09-26 12:00:00+00:00, run_after=2026-09-27 12:00:00+00:00
[2026-09-27T16:02:57.455+0000] {processor.py:183} INFO - Processing /opt/airflow/dags/main.py took 0.333 seconds
[2026-09-27T16:03:27.812+0000] {processor.py:161} INFO - Started process (PID=898) to work on /opt/airflow/dags/main.py
[2026-09-27T16:03:27.814+0000] {processor.py:830} INFO - Processing file /opt/airflow/dags/main.py for tasks to queue
[2026-09-27T16:03:27.818+0000] {logging_mixin.py:188} INFO - [2026-09-27T16:03:27.817+0000] {dagbag.py:545} INFO - Filling up the DagBag from /opt/airflow/dags/main.py
[2026-09-27T16:03:28.076+0000] {processor.py:840} INFO - DAG(s) 'update_db' retrieved from /opt/airflow/dags/main.py
[2026-09-27T16:03:28.100+0000] {logging_mixin.py:188} INFO - [2026-09-27T16:03:28.100+0000] {dag.py:3096} INFO - Sync 1 DAGs
[2026-09-27T16:03:28.119+0000] {logging_mixin.py:188} INFO - [2026-09-27T16:03:28.119+0000] {dag.py:3954} INFO - Setting next_dagrun for update_db to 2026-09-26 12:00:00+00:00, run_after=2026-09-27 12:00:00+00:00
[2026-09-27T16:03:28.139+0000] {processor.py:183} INFO - Processing /opt/airflow/dags/main.py took 0.333 seconds
[2026-09-27T16:03:58.496+0000] {processor.py:161} INFO - Started process (PID=905) to work on /opt/airflow/dags/main.py
[2026-09-27T16:03:58.501+0000] {processor.py:830} INFO - Processing file /opt/airflow/dags/main.py for tasks to queue
[2026-09-27T16:03:58.506+0000] {logging_mixin.py:188} INFO - [2026-09-27T16:03:58.506+0000] {dagbag.py:545} INFO - Filling up the DagBag from /opt/airflow/dags/main.py
[2026-09-27T16:03:58.767+0000] {processor.py:840} INFO - DAG(s) 'update_db' retrieved from /opt/airflow/dags/main.py
[2026-09-27T16:03:58.813+0000] {logging_mixin.py:188} INFO - [2026-09-27T16:03:58.813+0000] {dag.py:3096} INFO - Sync 1 DAGs
[2026-09-27T16:03:58.847+0000] {logging_mixin.py:188} INFO - [2026-09-27T16:03:58.847+0000] {dag.py:3954} INFO - Setting next_dagrun for update_db to 2026-09-26 12:00:00+00:00, run_after=2026-09-27 12:00:00+00:00
[2026-09-27T16:03:58.872+0000] {processor.py:183} INFO - Processing /opt/airflow/dags/main.py took 0.386 seconds
[2026-09-27T16:04:29.232+0000] {processor.py:161} INFO - Started process (PID=912) to work on /opt/airflow/dags/main.py
[2026-09-27T16:04:29.234+0000] {processor.py:830} INFO - Processing file /opt/airflow/dags/main.py for tasks to queue
[2026-09-27T16:04:29.238+0000] {logging_mixin.py:188} INFO - [2026-09-27T16:04:29.238+0000] {dagbag.py:545} INFO - Filling up the DagBag from /opt/airflow/dags/main.py
[2026-09-27T16:04:29.510+0000] {processor.py:840} INFO - DAG(s) 'update_db' retrieved from /opt/airflow/dags/main.py
[2026-09-27T16:04:29.541+0000] {logging_mixin.py:188} INFO - [2026-09-27T16:04:29.541+0000] {dag.py:3096} INFO - Sync 1 DAGs
[2026-09-27T16:04:29.560+0000] {logging_mixin.py:188} INFO - [2026-09-27T16:04:29.560+0000] {dag.py:3954} INFO - Setting next_dagrun for update_db to 2026-09-26 12:00:00+00:00, run_after=2026-09-27 12:00:00+00:00
[2026-09-27T16:04:29.580+0000] {processor.py:183} INFO - Processing /opt/airflow/dags/main.py took 0.357 seconds
[2026-09-27T16:05:00.376+0000] {processor.py:161} INFO - Started process (PID=919) to work on /opt/airflow/dags/main.py
[2026-09-27T16:05:00.378+0000] {processor.py:830} INFO - Processing file /opt/airflow/dags/main.py for tasks to queue
[2026-09-27T16:05:00.382+0000] {logging_mixin.py:188} INFO - [2026-09-27T16:05:00.382+0000] {dagbag.py:545} INFO - Filling up the DagBag from /opt/airflow/dags/main.py
[2026-09-27T16:05:00.631+0000] {processor.py:840} INFO - DAG(s) 'update_db' retrieved from /opt/airflow/dags/main.py
[2026-09-27T16:05:00.654+0000] {logging_mixin.py:188} INFO - [2026-09-27T16:05:00.654+0000] {dag.py:3096} INFO - Sync 1 DAGs
[2026-09-27T16:05:00.672+0000] {logging_mixin.py:188} INFO - [2026-09-27T16:05:00.672+0000] {dag.py:3954} INFO - Setting next_dagrun for update_db to 2026-09-26 12:00:00+00:00, run_after=2026-09-27 12:00:00+00:00
[2026-09-27T16:05:00.692+0000] {processor.py:183} INFO - Processing /opt/airflow/dags/main.py took 0.322 seconds
[2026-09-27T16:05:30.851+0000] {processor.py:161} INFO - Started process (PID=926) to work on /opt/airflow/dags/main.py
[2026-09-27T16:05:30.853+0000] {processor.py:830} INFO - Processing file /opt/airflow/dags/main.py for tasks to queue
[2026-09-27T16:05:30.857+0000] {logging_mixin.py:188} INFO - [2026-09-27T16:05:30.856+0000] {dagbag.py:545} INFO - Filling up the DagBag from /opt/airflow/dags/main.py
[2026-09-27T16:05:31.093+0000] {processor.py:840} INFO - DAG(s) 'update_db' retrieved from /opt/airflow/dags/main.py
[2026-09-27T16:05:31.120+0000] {logging_mixin.py:188} INFO - [2026-09-27T16:05:31.120+0000] {dag.py:3096} INFO - Sync 1 DAGs
[2026-09-27T16:05:31.149+0000] {logging_mixin.py:188} INFO - [2026-09-27T16:05:31.149+0000] {dag.py:3954} INFO - Setting next_dagrun for update_db to 2026-09-26 12:00:00+00:00, run_after=2026-09-27 12:00:00+00:00
[2026-09-27T16:05:31.174+0000] {processor.py:183} INFO - Processing /opt/airflow/dags/main.py took 0.329 seconds
[2026-09-27T16:06:01.376+0000] {processor.py:161} INFO - Started process (PID=933) to work on /opt/airflow/dags/main.py
[2026-09-27T16:06:01.378+0000] {processor.py:830} INFO - Processing file /opt/airflow/dags/main.py for tasks to queue
[2026-09-27T16:06:01.383+0000] {logging_mixin.py:188} INFO - [2026-09-27T16:06:01.383+0000] {dagbag.py:545} INFO - Filling up the DagBag from /opt/airflow/dags/main.py
[2026-09-27T16:06:01.588+0000] {processor.py:840} INFO - DAG(s) 'update_db' retrieved from /opt/airflow/dags/main.py
[2026-09-27T16:06:01.615+0000] {logging_mixin.py:188} INFO - [2026-09-27T16:06:01.615+0000] {dag.py:3096} INFO - Sync 1 DAGs
[2026-09-27T16:06:01.636+0000] {logging_mixin.py:188} INFO - [2026-09-27T16:06:01.636+0000] {dag.py:3954} INFO - Setting next_dagrun for update_db to 2026-09-26 12:00:00+00:00, run_after=2026-09-27 12:00:00+00:00
[2026-09-27T16:06:01.656+0000] {processor.py:183} INFO - Processing /opt/airflow/dags/main.py took 0.290 seconds
[2026-09-27T16:06:31.860+0000] {processor.py:161} INFO - Started process (PID=940) to work on /opt/airflow/dags/main.py
[2026-09-27T16:06:31.863+0000] {processor.py:830} INFO - Processing file /opt/airflow/dags/main.py for tasks to queue
[2026-09-27T16:06:31.866+0000] {logging_mixin.py:188} INFO - [2026-09-27T16:06:31.866+0000] {dagbag.py:545} INFO - Filling up the DagBag from /opt/airflow/dags/main.py
[2026-09-27T16:06:32.114+0000] {processor.py:840} INFO - DAG(s) 'update_db' retrieved from /opt/airflow/dags/main.py
[2026-09-27T16:06:32.140+0000] {logging_mixin.py:188} INFO - [2026-09-27T16:06:32.140+0000] {dag.py:3096} INFO - Sync 1 DAGs
[2026-09-27T16:06:32.159+0000] {logging_mixin.py:188} INFO - [2026-09-27T16:06:32.159+0000] {dag.py:3954} INFO - Setting next_dagrun for update_db to 2026-09-26 12:00:00+00:00, run_after=2026-09-27 12:00:00+00:00
[2026-09-27T16:06:32.184+0000] {processor.py:183} INFO - Processing /opt/airflow/dags/main.py took 0.331 seconds
[2026-09-27T16:07:02.331+0000] {processor.py:161} INFO - Started process (PID=948) to work on /opt/airflow/dags/main.py
[2026-09-27T16:07:02.336+0000] {processor.py:830} INFO - Processing file /opt/airflow/dags/main.py for tasks to queue
[2026-09-27T16:07:02.340+0000] {logging_mixin.py:188} INFO - [2026-09-27T16:07:02.339+0000] {dagbag.py:545} INFO - Filling up the DagBag from /opt/airflow/dags/main.py
[2026-09-27T16:07:02.628+0000] {processor.py:840} INFO - DAG(s) 'update_db' retrieved from /opt/airflow/dags/main.py
[2026-09-27T16:07:02.653+0000] {logging_mixin.py:188} INFO - [2026-09-27T16:07:02.653+0000] {dag.py:3096} INFO - Sync 1 DAGs
[2026-09-27T16:07:02.673+0000] {logging_mixin.py:188} INFO - [2026-09-27T16:07:02.673+0000] {dag.py:3954} INFO - Setting next_dagrun for update_db to 2026-09-26 12:00:00+00:00, run_after=2026-09-27 12:00:00+00:00
[2026-09-27T16:07:02.693+0000] {processor.py:183} INFO - Processing /opt/airflow/dags/main.py took 0.374 seconds
[2026-09-27T16:07:32.805+0000] {processor.py:161} INFO - Started process (PID=955) to work on /opt/airflow/dags/main.py
[2026-09-27T16:07:32.809+0000] {processor.py:830} INFO - Processing file /opt/airflow/dags/main.py for tasks to queue
[2026-09-27T16:07:32.813+0000] {logging_mixin.py:188} INFO - [2026-09-27T16:07:32.813+0000] {dagbag.py:545} INFO - Filling up the DagBag from /opt/airflow/dags/main.py
[2026-09-27T16:07:33.099+0000] {processor.py:840} INFO - DAG(s) 'update_db' retrieved from /opt/airflow/dags/main.py
[2026-09-27T16:07:33.125+0000] {logging_mixin.py:188} INFO - [2026-09-27T16:07:33.125+0000] {dag.py:3096} INFO - Sync 1 DAGs
[2026-09-27T16:07:33.147+0000] {logging_mixin.py:188} INFO - [2026-09-27T16:07:33.146+0000] {dag.py:3954} INFO - Setting next_dagrun for update_db to 2026-09-26 12:00:00+00:00, run_after=2026-09-27 12:00:00+00:00
[2026-09-27T16:07:33.172+0000] {processor.py:183} INFO - Processing /opt/airflow/dags/main.py took 0.373 seconds
[2026-09-27T16:08:03.277+0000] {processor.py:161} INFO - Started process (PID=962) to work on /opt/airflow/dags/main.py
[2026-09-27T16:08:03.280+0000] {processor.py:830} INFO - Processing file /opt/airflow/dags/main.py for tasks to queue
[2026-09-27T16:08:03.284+0000] {logging_mixin.py:188} INFO - [2026-09-27T16:08:03.284+0000] {dagbag.py:545} INFO - Filling up the DagBag from /opt/airflow/dags/main.py
[2026-09-27T16:08:03.534+0000] {processor.py:840} INFO - DAG(s) 'update_db' retrieved from /opt/airflow/dags/main.py
[2026-09-27T16:08:03.559+0000] {logging_mixin.py:188} INFO - [2026-09-27T16:08:03.558+0000] {dag.py:3096} INFO - Sync 1 DAGs
[2026-09-27T16:08:03.577+0000] {logging_mixin.py:188} INFO - [2026-09-27T16:08:03.577+0000] {dag.py:3954} INFO - Setting next_dagrun for update_db to 2026-09-26 12:00:00+00:00, run_after=2026-09-27 12:00:00+00:00
[2026-09-27T16:08:03.601+0000] {processor.py:183} INFO - Processing /opt/airflow/dags/main.py took 0.331 seconds
[2026-09-27T16:08:33.800+0000] {processor.py:161} INFO - Started process (PID=969) to work on /opt/airflow/dags/main.py
[2026-09-27T16:08:33.803+0000] {processor.py:830} INFO - Processing file /opt/airflow/dags/main.py for tasks to queue
[2026-09-27T16:08:33.806+0000] {logging_mixin.py:188} INFO - [2026-09-27T16:08:33.806+0000] {dagbag.py:545} INFO - Filling up the DagBag from /opt/airflow/dags/main.py
[2026-09-27T16:08:34.060+0000] {processor.py:840} INFO - DAG(s) 'update_db' retrieved from /opt/airflow/dags/main.py
[2026-09-27T16:08:34.086+0000] {logging_mixin.py:188} INFO - [2026-09-27T16:08:34.086+0000] {dag.py:3096} INFO - Sync 1 DAGs
[2026-09-27T16:08:34.109+0000] {logging_mixin.py:188} INFO - [2026-09-27T16:08:34.108+0000] {dag.py:3954} INFO - Setting next_dagrun for update_db to 2026-09-26 12:00:00+00:00, run_after=2026-09-27 12:00:00+00:00
[2026-09-27T16:08:34.131+0000] {processor.py:183} INFO - Processing /opt/airflow/dags/main.py took 0.337 seconds
[2026-09-27T16:09:04.250+0000] {processor.py:161} INFO - Started process (PID=976) to work on /opt/airflow/dags/main.py
[2026-09-27T16:09:04.254+0000] {processor.py:830} INFO - Processing file /opt/airflow/dags/main.py for tasks to queue
[2026-09-27T16:09:04.257+0000] {logging_mixin.py:188} INFO - [2026-09-27T16:09:04.257+0000] {dagbag.py:545} INFO - Filling up the DagBag from /opt/airflow/dags/main.py
[2026-09-27T16:09:04.505+0000] {processor.py:840} INFO - DAG(s) 'update_db' retrieved from /opt/airflow/dags/main.py
[2026-09-27T16:09:04.531+0000] {logging_mixin.py:188} INFO - [2026-09-27T16:09:04.531+0000] {dag.py:3096} INFO - Sync 1 DAGs
[2026-09-27T16:09:04.554+0000] {logging_mixin.py:188} INFO - [2026-09-27T16:09:04.553+0000] {dag.py:3954} INFO - Setting next_dagrun for update_db to 2026-09-26 12:00:00+00:00, run_after=2026-09-27 12:00:00+00:00
[2026-09-27T16:09:04.575+0000] {processor.py:183} INFO - Processing /opt/airflow/dags/main.py took 0.336 seconds
[2026-09-27T16:09:34.770+0000] {processor.py:161} INFO - Started process (PID=983) to work on /opt/airflow/dags/main.py
[2026-09-27T16:09:34.774+0000] {processor.py:830} INFO - Processing file /opt/airflow/dags/main.py for tasks to queue
[2026-09-27T16:09:34.778+0000] {logging_mixin.py:188} INFO - [2026-09-27T16:09:34.777+0000] {dagbag.py:545} INFO - Filling up the DagBag from /opt/airflow/dags/main.py
[2026-09-27T16:09:35.031+0000] {processor.py:840} INFO - DAG(s) 'update_db' retrieved from /opt/airflow/dags/main.py
[2026-09-27T16:09:35.054+0000] {logging_mixin.py:188} INFO - [2026-09-27T16:09:35.054+0000] {dag.py:3096} INFO - Sync 1 DAGs
[2026-09-27T16:09:35.072+0000] {logging_mixin.py:188} INFO - [2026-09-27T16:09:35.072+0000] {dag.py:3954} INFO - Setting next_dagrun for update_db to 2026-09-26 12:00:00+00:00, run_after=2026-09-27 12:00:00+00:00
[2026-09-27T16:09:35.092+0000] {processor.py:183} INFO - Processing /opt/airflow/dags/main.py took 0.328 seconds
[2026-09-27T16:10:05.603+0000] {processor.py:161} INFO - Started process (PID=990) to work on /opt/airflow/dags/main.py
[2026-09-27T16:10:05.606+0000] {processor.py:830} INFO - Processing file /opt/airflow/dags/main.py for tasks to queue
[2026-09-27T16:10:05.610+0000] {logging_mixin.py:188} INFO - [2026-09-27T16:10:05.610+0000] {dagbag.py:545} INFO - Filling up the DagBag from /opt/airflow/dags/main.py
[2026-09-27T16:10:05.853+0000] {processor.py:840} INFO - DAG(s) 'update_db' retrieved from /opt/airflow/dags/main.py
[2026-09-27T16:10:05.882+0000] {logging_mixin.py:188} INFO - [2026-09-27T16:10:05.882+0000] {dag.py:3096} INFO - Sync 1 DAGs
[2026-09-27T16:10:05.907+0000] {logging_mixin.py:188} INFO - [2026-09-27T16:10:05.907+0000] {dag.py:3954} INFO - Setting next_dagrun for update_db to 2026-09-26 12:00:00+00:00, run_after=2026-09-27 12:00:00+00:00
[2026-09-27T16:10:05.931+0000] {processor.py:183} INFO - Processing /opt/airflow/dags/main.py took 0.332 seconds
[2026-09-27T16:10:36.273+0000] {processor.py:161} INFO - Started process (PID=997) to work on /opt/airflow/dags/main.py
[2026-09-27T16:10:36.276+0000] {processor.py:830} INFO - Processing file /opt/airflow/dags/main.py for tasks to queue
[2026-09-27T16:10:36.280+0000] {logging_mixin.py:188} INFO - [2026-09-27T16:10:36.279+0000] {dagbag.py:545} INFO - Filling up the DagBag from /opt/airflow/dags/main.py
[2026-09-27T16:10:36.530+0000] {processor.py:840} INFO - DAG(s) 'update_db' retrieved from /opt/airflow/dags/main.py
[2026-09-27T16:10:36.554+0000] {logging_mixin.py:188} INFO - [2026-09-27T16:10:36.554+0000] {dag.py:3096} INFO - Sync 1 DAGs
[2026-09-27T16:10:36.572+0000] {logging_mixin.py:188} INFO - [2026-09-27T16:10:36.572+0000] {dag.py:3954} INFO - Setting next_dagrun for update_db to 2026-09-26 12:00:00+00:00, run_after=2026-09-27 12:00:00+00:00
[2026-09-27T16:10:36.593+0000] {processor.py:183} INFO - Processing /opt/airflow/dags/main.py took 0.326 seconds
[2026-09-27T16:11:06.983+0000] {processor.py:161} INFO - Started process (PID=1004) to work on /opt/airflow/dags/main.py
[2026-09-27T16:11:06.986+0000] {processor.py:830} INFO - Processing file /opt/airflow/dags/main.py for tasks to queue
[2026-09-27T16:11:06.990+0000] {logging_mixin.py:188} INFO - [2026-09-27T16:11:06.989+0000] {dagbag.py:545} INFO - Filling up the DagBag from /opt/airflow/dags/main.py
[2026-09-27T16:11:07.242+0000] {processor.py:840} INFO - DAG(s) 'update_db' retrieved from /opt/airflow/dags/main.py
[2026-09-27T16:11:07.265+0000] {logging_mixin.py:188} INFO - [2026-09-27T16:11:07.264+0000] {dag.py:3096} INFO - Sync 1 DAGs
[2026-09-27T16:11:07.284+0000] {logging_mixin.py:188} INFO - [2026-09-27T16:11:07.284+0000] {dag.py:3954} INFO - Setting next_dagrun for update_db to 2026-09-26 12:00:00+00:00, run_after=2026-09-27 12:00:00+00:00
[2026-09-27T16:11:07.303+0000] {processor.py:183} INFO - Processing /opt/airflow/dags/main.py took 0.326 seconds
[2026-09-27T16:11:37.629+0000] {processor.py:161} INFO - Started process (PID=1011) to work on /opt/airflow/dags/main.py
[2026-09-27T16:11:37.632+0000] {processor.py:830} INFO - Processing file /opt/airflow/dags/main.py for tasks to queue
[2026-09-27T16:11:37.635+0000] {logging_mixin.py:188} INFO - [2026-09-27T16:11:37.634+0000] {dagbag.py:545} INFO - Filling up the DagBag from /opt/airflow/dags/main.py
[2026-09-27T16:11:37.876+0000] {processor.py:840} INFO - DAG(s) 'update_db' retrieved from /opt/airflow/dags/main.py
[2026-09-27T16:11:37.901+0000] {logging_mixin.py:188} INFO - [2026-09-27T16:11:37.901+0000] {dag.py:3096} INFO - Sync 1 DAGs
[2026-09-27T16:11:37.919+0000] {logging_mixin.py:188} INFO - [2026-09-27T16:11:37.918+0000] {dag.py:3954} INFO - Setting next_dagrun for update_db to 2026-09-26 12:00:00+00:00, run_after=2026-09-27 12:00:00+00:00
[2026-09-27T16:11:37.937+0000] {processor.py:183} INFO - Processing /opt/airflow/dags/main.py took 0.314 seconds
[2026-09-27T16:12:08.275+0000] {processor.py:161} INFO - Started process (PID=1018) to work on /opt/airflow/dags/main.py
[2026-09-27T16:12:08.279+0000] {processor.py:830} INFO - Processing file /opt/airflow/dags/main.py for tasks to queue
[2026-09-27T16:12:08.284+0000] {logging_mixin.py:188} INFO - [2026-09-27T16:12:08.284+0000] {dagbag.py:545} INFO - Filling up the DagBag from /opt/airflow/dags/main.py
[2026-09-27T16:12:08.544+0000] {processor.py:840} INFO - DAG(s) 'update_db' retrieved from /opt/airflow/dags/main.py
[2026-09-27T16:12:08.571+0000] {logging_mixin.py:188} INFO - [2026-09-27T16:12:08.570+0000] {dag.py:3096} INFO - Sync 1 DAGs
[2026-09-27T16:12:08.592+0000] {logging_mixin.py:188} INFO - [2026-09-27T16:12:08.592+0000] {dag.py:3954} INFO - Setting next_dagrun for update_db to 2026-09-26 12:00:00+00:00, run_after=2026-09-27 12:00:00+00:00
[2026-09-27T16:12:08.614+0000] {processor.py:183} INFO - Processing /opt/airflow/dags/main.py took 0.346 seconds
[2026-09-27T16:12:39.000+0000] {processor.py:161} INFO - Started process (PID=1025) to work on /opt/airflow/dags/main.py
[2026-09-27T16:12:39.004+0000] {processor.py:830} INFO - Processing file /opt/airflow/dags/main.py for tasks to queue
[2026-09-27T16:12:39.009+0000] {logging_mixin.py:188} INFO - [2026-09-27T16:12:39.008+0000] {dagbag.py:545} INFO - Filling up the DagBag from /opt/airflow/dags/main.py
[2026-09-27T16:12:39.300+0000] {processor.py:840} INFO - DAG(s) 'update_db' retrieved from /opt/airflow/dags/main.py
[2026-09-27T16:12:39.339+0000] {logging_mixin.py:188} INFO - [2026-09-27T16:12:39.339+0000] {dag.py:3096} INFO - Sync 1 DAGs
[2026-09-27T16:12:39.363+0000] {logging_mixin.py:188} INFO - [2026-09-27T16:12:39.363+0000] {dag.py:3954} INFO - Setting next_dagrun for update_db to 2026-09-26 12:00:00+00:00, run_after=2026-09-27 12:00:00+00:00
[2026-09-27T16:12:39.385+0000] {processor.py:183} INFO - Processing /opt/airflow/dags/main.py took 0.397 seconds
[2026-09-27T16:13:09.731+0000] {processor.py:161} INFO - Started process (PID=1032) to work on /opt/airflow/dags/main.py
[2026-09-27T16:13:09.734+0000] {processor.py:830} INFO - Processing file /opt/airflow/dags/main.py for tasks to queue
[2026-09-27T16:13:09.738+0000] {logging_mixin.py:188} INFO - [2026-09-27T16:13:09.737+0000] {dagbag.py:545} INFO - Filling up the DagBag from /opt/airflow/dags/main.py
[2026-09-27T16:13:09.987+0000] {processor.py:840} INFO - DAG(s) 'update_db' retrieved from /opt/airflow/dags/main.py
[2026-09-27T16:13:10.011+0000] {logging_mixin.py:188} INFO - [2026-09-27T16:13:10.011+0000] {dag.py:3096} INFO - Sync 1 DAGs
[2026-09-27T16:13:10.030+0000] {logging_mixin.py:188} INFO - [2026-09-27T16:13:10.030+0000] {dag.py:3954} INFO - Setting next_dagrun for update_db to 2026-09-26 12:00:00+00:00, run_after=2026-09-27 12:00:00+00:00
[2026-09-27T16:13:10.051+0000] {processor.py:183} INFO - Processing /opt/airflow/dags/main.py took 0.326 seconds
[2026-09-27T16:13:40.394+0000] {processor.py:161} INFO - Started process (PID=1039) to work on /opt/airflow/dags/main.py
[2026-09-27T16:13:40.398+0000] {processor.py:830} INFO - Processing file /opt/airflow/dags/main.py for tasks to queue
[2026-09-27T16:13:40.402+0000] {logging_mixin.py:188} INFO - [2026-09-27T16:13:40.401+0000] {dagbag.py:545} INFO - Filling up the DagBag from /opt/airflow/dags/main.py
[2026-09-27T16:13:40.656+0000] {processor.py:840} INFO - DAG(s) 'update_db' retrieved from /opt/airflow/dags/main.py
[2026-09-27T16:13:40.681+0000] {logging_mixin.py:188} INFO - [2026-09-27T16:13:40.681+0000] {dag.py:3096} INFO - Sync 1 DAGs
[2026-09-27T16:13:40.702+0000] {logging_mixin.py:188} INFO - [2026-09-27T16:13:40.700+0000] {dag.py:3954} INFO - Setting next_dagrun for update_db to 2026-09-26 12:00:00+00:00, run_after=2026-09-27 12:00:00+00:00
[2026-09-27T16:13:40.745+0000] {processor.py:183} INFO - Processing /opt/airflow/dags/main.py took 0.357 seconds
[2026-09-27T16:14:11.083+0000] {processor.py:161} INFO - Started process (PID=1046) to work on /opt/airflow/dags/main.py
[2026-09-27T16:14:11.086+0000] {processor.py:830} INFO - Processing file /opt/airflow/dags/main.py for tasks to queue
[2026-09-27T16:14:11.090+0000] {logging_mixin.py:188} INFO - [2026-09-27T16:14:11.089+0000] {dagbag.py:545} INFO - Filling up the DagBag from /opt/airflow/dags/main.py
[2026-09-27T16:14:11.362+0000] {processor.py:840} INFO - DAG(s) 'update_db' retrieved from /opt/airflow/dags/main.py
[2026-09-27T16:14:11.397+0000] {logging_mixin.py:188} INFO - [2026-09-27T16:14:11.397+0000] {dag.py:3096} INFO - Sync 1 DAGs
[2026-09-27T16:14:11.424+0000] {logging_mixin.py:188} INFO - [2026-09-27T16:14:11.423+0000] {dag.py:3954} INFO - Setting next_dagrun for update_db to 2026-09-26 12:00:00+00:00, run_after=2026-09-27 12:00:00+00:00
[2026-09-27T16:14:11.453+0000] {processor.py:183} INFO - Processing /opt/airflow/dags/main.py took 0.380 seconds
[2026-09-27T16:14:41.777+0000] {processor.py:161} INFO - Started process (PID=1053) to work on /opt/airflow/dags/main.py
[2026-09-27T16:14:41.780+0000] {processor.py:830} INFO - Processing file /opt/airflow/dags/main.py for tasks to queue
[2026-09-27T16:14:41.784+0000] {logging_mixin.py:188} INFO - [2026-09-27T16:14:41.783+0000] {dagbag.py:545} INFO - Filling up the DagBag from /opt/airflow/dags/main.py
[2026-09-27T16:14:42.040+0000] {processor.py:840} INFO - DAG(s) 'update_db' retrieved from /opt/airflow/dags/main.py
[2026-09-27T16:14:42.069+0000] {logging_mixin.py:188} INFO - [2026-09-27T16:14:42.069+0000] {dag.py:3096} INFO - Sync 1 DAGs
[2026-09-27T16:14:42.093+0000] {logging_mixin.py:188} INFO - [2026-09-27T16:14:42.092+0000] {dag.py:3954} INFO - Setting next_dagrun for update_db to 2026-09-26 12:00:00+00:00, run_after=2026-09-27 12:00:00+00:00
[2026-09-27T16:14:42.118+0000] {processor.py:183} INFO - Processing /opt/airflow/dags/main.py took 0.347 seconds
[2026-09-27T16:15:12.439+0000] {processor.py:161} INFO - Started process (PID=1060) to work on /opt/airflow/dags/main.py
[2026-09-27T16:15:12.442+0000] {processor.py:830} INFO - Processing file /opt/airflow/dags/main.py for tasks to queue
[2026-09-27T16:15:12.445+0000] {logging_mixin.py:188} INFO - [2026-09-27T16:15:12.445+0000] {dagbag.py:545} INFO - Filling up the DagBag from /opt/airflow/dags/main.py
[2026-09-27T16:15:12.688+0000] {processor.py:840} INFO - DAG(s) 'update_db' retrieved from /opt/airflow/dags/main.py
[2026-09-27T16:15:12.717+0000] {logging_mixin.py:188} INFO - [2026-09-27T16:15:12.717+0000] {dag.py:3096} INFO - Sync 1 DAGs
[2026-09-27T16:15:12.740+0000] {logging_mixin.py:188} INFO - [2026-09-27T16:15:12.739+0000] {dag.py:3954} INFO - Setting next_dagrun for update_db to 2026-09-26 12:00:00+00:00, run_after=2026-09-27 12:00:00+00:00
[2026-09-27T16:15:12.765+0000] {processor.py:183} INFO - Processing /opt/airflow/dags/main.py took 0.333 seconds
[2026-09-27T16:15:43.098+0000] {processor.py:161} INFO - Started process (PID=1067) to work on /opt/airflow/dags/main.py
[2026-09-27T16:15:43.101+0000] {processor.py:830} INFO - Processing file /opt/airflow/dags/main.py for tasks to queue
[2026-09-27T16:15:43.104+0000] {logging_mixin.py:188} INFO - [2026-09-27T16:15:43.104+0000] {dagbag.py:545} INFO - Filling up the DagBag from /opt/airflow/dags/main.py
[2026-09-27T16:15:43.350+0000] {processor.py:840} INFO - DAG(s) 'update_db' retrieved from /opt/airflow/dags/main.py
[2026-09-27T16:15:43.378+0000] {logging_mixin.py:188} INFO - [2026-09-27T16:15:43.378+0000] {dag.py:3096} INFO - Sync 1 DAGs
[2026-09-27T16:15:43.401+0000] {logging_mixin.py:188} INFO - [2026-09-27T16:15:43.401+0000] {dag.py:3954} INFO - Setting next_dagrun for update_db to 2026-09-26 12:00:00+00:00, run_after=2026-09-27 12:00:00+00:00
[2026-09-27T16:15:43.428+0000] {processor.py:183} INFO - Processing /opt/airflow/dags/main.py took 0.337 seconds
[2026-09-27T16:16:13.750+0000] {processor.py:161} INFO - Started process (PID=1074) to work on /opt/airflow/dags/main.py
[2026-09-27T16:16:13.753+0000] {processor.py:830} INFO - Processing file /opt/airflow/dags/main.py for tasks to queue
[2026-09-27T16:16:13.757+0000] {logging_mixin.py:188} INFO - [2026-09-27T16:16:13.757+0000] {dagbag.py:545} INFO - Filling up the DagBag from /opt/airflow/dags/main.py
[2026-09-27T16:16:14.014+0000] {processor.py:840} INFO - DAG(s) 'update_db' retrieved from /opt/airflow/dags/main.py
[2026-09-27T16:16:14.044+0000] {logging_mixin.py:188} INFO - [2026-09-27T16:16:14.044+0000] {dag.py:3096} INFO - Sync 1 DAGs
[2026-09-27T16:16:14.075+0000] {logging_mixin.py:188} INFO - [2026-09-27T16:16:14.075+0000] {dag.py:3954} INFO - Setting next_dagrun for update_db to 2026-09-26 12:00:00+00:00, run_after=2026-09-27 12:00:00+00:00
[2026-09-27T16:16:14.123+0000] {processor.py:183} INFO - Processing /opt/airflow/dags/main.py took 0.380 seconds
[2026-09-27T16:16:44.438+0000] {processor.py:161} INFO - Started process (PID=1081) to work on /opt/airflow/dags/main.py
[2026-09-27T16:16:44.441+0000] {processor.py:830} INFO - Processing file /opt/airflow/dags/main.py for tasks to queue
[2026-09-27T16:16:44.445+0000] {logging_mixin.py:188} INFO - [2026-09-27T16:16:44.445+0000] {dagbag.py:545} INFO - Filling up the DagBag from /opt/airflow/dags/main.py
[2026-09-27T16:16:44.703+0000] {processor.py:840} INFO - DAG(s) 'update_db' retrieved from /opt/airflow/dags/main.py
[2026-09-27T16:16:44.733+0000] {logging_mixin.py:188} INFO - [2026-09-27T16:16:44.733+0000] {dag.py:3096} INFO - Sync 1 DAGs
[2026-09-27T16:16:44.757+0000] {logging_mixin.py:188} INFO - [2026-09-27T16:16:44.757+0000] {dag.py:3954} INFO - Setting next_dagrun for update_db to 2026-09-26 12:00:00+00:00, run_after=2026-09-27 12:00:00+00:00
[2026-09-27T16:16:44.784+0000] {processor.py:183} INFO - Processing /opt/airflow/dags/main.py took 0.352 seconds
[2026-09-27T16:17:15.106+0000] {processor.py:161} INFO - Started process (PID=1088) to work on /opt/airflow/dags/main.py
[2026-09-27T16:17:15.109+0000] {processor.py:830} INFO - Processing file /opt/airflow/dags/main.py for tasks to queue
[2026-09-27T16:17:15.113+0000] {logging_mixin.py:188} INFO - [2026-09-27T16:17:15.112+0000] {dagbag.py:545} INFO - Filling up the DagBag from /opt/airflow/dags/main.py
[2026-09-27T16:17:15.350+0000] {processor.py:840} INFO - DAG(s) 'update_db' retrieved from /opt/airflow/dags/main.py
[2026-09-27T16:17:15.380+0000] {logging_mixin.py:188} INFO - [2026-09-27T16:17:15.380+0000] {dag.py:3096} INFO - Sync 1 DAGs
[2026-09-27T16:17:15.404+0000] {logging_mixin.py:188} INFO - [2026-09-27T16:17:15.404+0000] {dag.py:3954} INFO - Setting next_dagrun for update_db to 2026-09-26 12:00:00+00:00, run_after=2026-09-27 12:00:00+00:00
[2026-09-27T16:17:15.425+0000] {processor.py:183} INFO - Processing /opt/airflow/dags/main.py took 0.325 seconds
[2026-09-27T16:17:45.740+0000] {processor.py:161} INFO - Started process (PID=1095) to work on /opt/airflow/dags/main.py
[2026-09-27T16:17:45.743+0000] {processor.py:830} INFO - Processing file /opt/airflow/dags/main.py for tasks to queue
[2026-09-27T16:17:45.747+0000] {logging_mixin.py:188} INFO - [2026-09-27T16:17:45.747+0000] {dagbag.py:545} INFO - Filling up the DagBag from /opt/airflow/dags/main.py
[2026-09-27T16:17:45.964+0000] {processor.py:840} INFO - DAG(s) 'update_db' retrieved from /opt/airflow/dags/main.py
[2026-09-27T16:17:45.996+0000] {logging_mixin.py:188} INFO - [2026-09-27T16:17:45.996+0000] {dag.py:3096} INFO - Sync 1 DAGs
[2026-09-27T16:17:46.026+0000] {logging_mixin.py:188} INFO - [2026-09-27T16:17:46.025+0000] {dag.py:3954} INFO - Setting next_dagrun for update_db to 2026-09-26 12:00:00+00:00, run_after=2026-09-27 12:00:00+00:00
[2026-09-27T16:17:46.050+0000] {processor.py:183} INFO - Processing /opt/airflow/dags/main.py took 0.319 seconds
[2026-09-27T16:18:16.390+0000] {processor.py:161} INFO - Started process (PID=1102) to work on /opt/airflow/dags/main.py
[2026-09-27T16:18:16.393+0000] {processor.py:830} INFO - Processing file /opt/airflow/dags/main.py for tasks to queue
[2026-09-27T16:18:16.397+0000] {logging_mixin.py:188} INFO - [2026-09-27T16:18:16.396+0000] {dagbag.py:545} INFO - Filling up the DagBag from /opt/airflow/dags/main.py
[2026-09-27T16:18:16.655+0000] {processor.py:840} INFO - DAG(s) 'update_db' retrieved from /opt/airflow/dags/main.py
[2026-09-27T16:18:16.688+0000] {logging_mixin.py:188} INFO - [2026-09-27T16:18:16.687+0000] {dag.py:3096} INFO - Sync 1 DAGs
[2026-09-27T16:18:16.711+0000] {logging_mixin.py:188} INFO - [2026-09-27T16:18:16.711+0000] {dag.py:3954} INFO - Setting next_dagrun for update_db to 2026-09-26 12:00:00+00:00, run_after=2026-09-27 12:00:00+00:00
[2026-09-27T16:18:16.734+0000] {processor.py:183} INFO - Processing /opt/airflow/dags/main.py took 0.349 seconds
[2026-09-27T16:18:47.043+0000] {processor.py:161} INFO - Started process (PID=1115) to work on /opt/airflow/dags/main.py
[2026-09-27T16:18:47.046+0000] {processor.py:830} INFO - Processing file /opt/airflow/dags/main.py for tasks to queue
[2026-09-27T16:18:47.050+0000] {logging_mixin.py:188} INFO - [2026-09-27T16:18:47.049+0000] {dagbag.py:545} INFO - Filling up the DagBag from /opt/airflow/dags/main.py
[2026-09-27T16:18:47.312+0000] {processor.py:840} INFO - DAG(s) 'update_db' retrieved from /opt/airflow/dags/main.py
[2026-09-27T16:18:47.344+0000] {logging_mixin.py:188} INFO - [2026-09-27T16:18:47.344+0000] {dag.py:3096} INFO - Sync 1 DAGs
[2026-09-27T16:18:47.364+0000] {logging_mixin.py:188} INFO - [2026-09-27T16:18:47.364+0000] {dag.py:3954} INFO - Setting next_dagrun for update_db to 2026-09-26 12:00:00+00:00, run_after=2026-09-27 12:00:00+00:00
[2026-09-27T16:18:47.390+0000] {processor.py:183} INFO - Processing /opt/airflow/dags/main.py took 0.353 seconds
[2026-09-27T16:19:17.716+0000] {processor.py:161} INFO - Started process (PID=1122) to work on /opt/airflow/dags/main.py
[2026-09-27T16:19:17.719+0000] {processor.py:830} INFO - Processing file /opt/airflow/dags/main.py for tasks to queue
[2026-09-27T16:19:17.724+0000] {logging_mixin.py:188} INFO - [2026-09-27T16:19:17.723+0000] {dagbag.py:545} INFO - Filling up the DagBag from /opt/airflow/dags/main.py
[2026-09-27T16:19:17.963+0000] {processor.py:840} INFO - DAG(s) 'update_db' retrieved from /opt/airflow/dags/main.py
[2026-09-27T16:19:18.001+0000] {logging_mixin.py:188} INFO - [2026-09-27T16:19:18.000+0000] {dag.py:3096} INFO - Sync 1 DAGs
[2026-09-27T16:19:18.026+0000] {logging_mixin.py:188} INFO - [2026-09-27T16:19:18.026+0000] {dag.py:3954} INFO - Setting next_dagrun for update_db to 2026-09-26 12:00:00+00:00, run_after=2026-09-27 12:00:00+00:00
[2026-09-27T16:19:18.059+0000] {processor.py:183} INFO - Processing /opt/airflow/dags/main.py took 0.350 seconds
[2026-09-27T16:19:48.399+0000] {processor.py:161} INFO - Started process (PID=1129) to work on /opt/airflow/dags/main.py
[2026-09-27T16:19:48.403+0000] {processor.py:830} INFO - Processing file /opt/airflow/dags/main.py for tasks to queue
[2026-09-27T16:19:48.408+0000] {logging_mixin.py:188} INFO - [2026-09-27T16:19:48.407+0000] {dagbag.py:545} INFO - Filling up the DagBag from /opt/airflow/dags/main.py
[2026-09-27T16:19:48.678+0000] {processor.py:840} INFO - DAG(s) 'update_db' retrieved from /opt/airflow/dags/main.py
[2026-09-27T16:19:48.711+0000] {logging_mixin.py:188} INFO - [2026-09-27T16:19:48.711+0000] {dag.py:3096} INFO - Sync 1 DAGs
[2026-09-27T16:19:48.735+0000] {logging_mixin.py:188} INFO - [2026-09-27T16:19:48.735+0000] {dag.py:3954} INFO - Setting next_dagrun for update_db to 2026-09-26 12:00:00+00:00, run_after=2026-09-27 12:00:00+00:00
[2026-09-27T16:19:48.772+0000] {processor.py:183} INFO - Processing /opt/airflow/dags/main.py took 0.383 seconds
[2026-09-27T16:20:19.133+0000] {processor.py:161} INFO - Started process (PID=1136) to work on /opt/airflow/dags/main.py
[2026-09-27T16:20:19.136+0000] {processor.py:830} INFO - Processing file /opt/airflow/dags/main.py for tasks to queue
[2026-09-27T16:20:19.141+0000] {logging_mixin.py:188} INFO - [2026-09-27T16:20:19.140+0000] {dagbag.py:545} INFO - Filling up the DagBag from /opt/airflow/dags/main.py
[2026-09-27T16:20:19.387+0000] {processor.py:840} INFO - DAG(s) 'update_db' retrieved from /opt/airflow/dags/main.py
[2026-09-27T16:20:19.463+0000] {logging_mixin.py:188} INFO - [2026-09-27T16:20:19.463+0000] {dag.py:3096} INFO - Sync 1 DAGs
[2026-09-27T16:20:19.497+0000] {logging_mixin.py:188} INFO - [2026-09-27T16:20:19.497+0000] {dag.py:3954} INFO - Setting next_dagrun for update_db to 2026-09-26 12:00:00+00:00, run_after=2026-09-27 12:00:00+00:00
[2026-09-27T16:20:19.525+0000] {processor.py:183} INFO - Processing /opt/airflow/dags/main.py took 0.399 seconds
[2026-09-27T16:20:49.985+0000] {processor.py:161} INFO - Started process (PID=1143) to work on /opt/airflow/dags/main.py
[2026-09-27T16:20:49.989+0000] {processor.py:830} INFO - Processing file /opt/airflow/dags/main.py for tasks to queue
[2026-09-27T16:20:49.997+0000] {logging_mixin.py:188} INFO - [2026-09-27T16:20:49.994+0000] {dagbag.py:545} INFO - Filling up the DagBag from /opt/airflow/dags/main.py
[2026-09-27T16:20:50.368+0000] {processor.py:840} INFO - DAG(s) 'update_db' retrieved from /opt/airflow/dags/main.py
[2026-09-27T16:20:50.443+0000] {logging_mixin.py:188} INFO - [2026-09-27T16:20:50.443+0000] {dag.py:3096} INFO - Sync 1 DAGs
[2026-09-27T16:20:50.516+0000] {logging_mixin.py:188} INFO - [2026-09-27T16:20:50.516+0000] {dag.py:3954} INFO - Setting next_dagrun for update_db to 2026-09-26 12:00:00+00:00, run_after=2026-09-27 12:00:00+00:00
[2026-09-27T16:20:50.582+0000] {processor.py:183} INFO - Processing /opt/airflow/dags/main.py took 0.608 seconds
[2026-09-27T16:21:20.791+0000] {processor.py:161} INFO - Started process (PID=1150) to work on /opt/airflow/dags/main.py
[2026-09-27T16:21:20.794+0000] {processor.py:830} INFO - Processing file /opt/airflow/dags/main.py for tasks to queue
[2026-09-27T16:21:20.798+0000] {logging_mixin.py:188} INFO - [2026-09-27T16:21:20.798+0000] {dagbag.py:545} INFO - Filling up the DagBag from /opt/airflow/dags/main.py
[2026-09-27T16:21:21.044+0000] {processor.py:840} INFO - DAG(s) 'update_db' retrieved from /opt/airflow/dags/main.py
[2026-09-27T16:21:21.071+0000] {logging_mixin.py:188} INFO - [2026-09-27T16:21:21.071+0000] {dag.py:3096} INFO - Sync 1 DAGs
[2026-09-27T16:21:21.101+0000] {logging_mixin.py:188} INFO - [2026-09-27T16:21:21.101+0000] {dag.py:3954} INFO - Setting next_dagrun for update_db to 2026-09-26 12:00:00+00:00, run_after=2026-09-27 12:00:00+00:00
[2026-09-27T16:21:21.147+0000] {processor.py:183} INFO - Processing /opt/airflow/dags/main.py took 0.363 seconds
[2026-09-27T16:21:51.264+0000] {processor.py:161} INFO - Started process (PID=1157) to work on /opt/airflow/dags/main.py
[2026-09-27T16:21:51.269+0000] {processor.py:830} INFO - Processing file /opt/airflow/dags/main.py for tasks to queue
[2026-09-27T16:21:51.274+0000] {logging_mixin.py:188} INFO - [2026-09-27T16:21:51.274+0000] {dagbag.py:545} INFO - Filling up the DagBag from /opt/airflow/dags/main.py
[2026-09-27T16:21:51.612+0000] {processor.py:840} INFO - DAG(s) 'update_db' retrieved from /opt/airflow/dags/main.py
[2026-09-27T16:21:51.668+0000] {logging_mixin.py:188} INFO - [2026-09-27T16:21:51.667+0000] {dag.py:3096} INFO - Sync 1 DAGs
[2026-09-27T16:21:51.723+0000] {logging_mixin.py:188} INFO - [2026-09-27T16:21:51.722+0000] {dag.py:3954} INFO - Setting next_dagrun for update_db to 2026-09-26 12:00:00+00:00, run_after=2026-09-27 12:00:00+00:00
[2026-09-27T16:21:51.751+0000] {processor.py:183} INFO - Processing /opt/airflow/dags/main.py took 0.497 seconds
[2026-09-27T16:22:22.097+0000] {processor.py:161} INFO - Started process (PID=1164) to work on /opt/airflow/dags/main.py
[2026-09-27T16:22:22.101+0000] {processor.py:830} INFO - Processing file /opt/airflow/dags/main.py for tasks to queue
[2026-09-27T16:22:22.110+0000] {logging_mixin.py:188} INFO - [2026-09-27T16:22:22.109+0000] {dagbag.py:545} INFO - Filling up the DagBag from /opt/airflow/dags/main.py
[2026-09-27T16:22:22.364+0000] {processor.py:840} INFO - DAG(s) 'update_db' retrieved from /opt/airflow/dags/main.py
[2026-09-27T16:22:22.390+0000] {logging_mixin.py:188} INFO - [2026-09-27T16:22:22.390+0000] {dag.py:3096} INFO - Sync 1 DAGs
[2026-09-27T16:22:22.411+0000] {logging_mixin.py:188} INFO - [2026-09-27T16:22:22.411+0000] {dag.py:3954} INFO - Setting next_dagrun for update_db to 2026-09-26 12:00:00+00:00, run_after=2026-09-27 12:00:00+00:00
[2026-09-27T16:22:22.436+0000] {processor.py:183} INFO - Processing /opt/airflow/dags/main.py took 0.350 seconds
[2026-09-27T16:22:52.776+0000] {processor.py:161} INFO - Started process (PID=1171) to work on /opt/airflow/dags/main.py
[2026-09-27T16:22:52.779+0000] {processor.py:830} INFO - Processing file /opt/airflow/dags/main.py for tasks to queue
[2026-09-27T16:22:52.783+0000] {logging_mixin.py:188} INFO - [2026-09-27T16:22:52.783+0000] {dagbag.py:545} INFO - Filling up the DagBag from /opt/airflow/dags/main.py
[2026-09-27T16:22:53.063+0000] {processor.py:840} INFO - DAG(s) 'update_db' retrieved from /opt/airflow/dags/main.py
[2026-09-27T16:22:53.094+0000] {logging_mixin.py:188} INFO - [2026-09-27T16:22:53.094+0000] {dag.py:3096} INFO - Sync 1 DAGs
[2026-09-27T16:22:53.120+0000] {logging_mixin.py:188} INFO - [2026-09-27T16:22:53.120+0000] {dag.py:3954} INFO - Setting next_dagrun for update_db to 2026-09-26 12:00:00+00:00, run_after=2026-09-27 12:00:00+00:00
[2026-09-27T16:22:53.172+0000] {processor.py:183} INFO - Processing /opt/airflow/dags/main.py took 0.404 seconds
[2026-09-27T16:23:23.534+0000] {processor.py:161} INFO - Started process (PID=1178) to work on /opt/airflow/dags/main.py
[2026-09-27T16:23:23.538+0000] {processor.py:830} INFO - Processing file /opt/airflow/dags/main.py for tasks to queue
[2026-09-27T16:23:23.543+0000] {logging_mixin.py:188} INFO - [2026-09-27T16:23:23.542+0000] {dagbag.py:545} INFO - Filling up the DagBag from /opt/airflow/dags/main.py
[2026-09-27T16:23:23.793+0000] {processor.py:840} INFO - DAG(s) 'update_db' retrieved from /opt/airflow/dags/main.py
[2026-09-27T16:23:23.825+0000] {logging_mixin.py:188} INFO - [2026-09-27T16:23:23.825+0000] {dag.py:3096} INFO - Sync 1 DAGs
[2026-09-27T16:23:23.847+0000] {logging_mixin.py:188} INFO - [2026-09-27T16:23:23.847+0000] {dag.py:3954} INFO - Setting next_dagrun for update_db to 2026-09-26 12:00:00+00:00, run_after=2026-09-27 12:00:00+00:00
[2026-09-27T16:23:23.872+0000] {processor.py:183} INFO - Processing /opt/airflow/dags/main.py took 0.344 seconds
[2026-09-27T16:23:54.236+0000] {processor.py:161} INFO - Started process (PID=1185) to work on /opt/airflow/dags/main.py
[2026-09-27T16:23:54.240+0000] {processor.py:830} INFO - Processing file /opt/airflow/dags/main.py for tasks to queue
[2026-09-27T16:23:54.244+0000] {logging_mixin.py:188} INFO - [2026-09-27T16:23:54.244+0000] {dagbag.py:545} INFO - Filling up the DagBag from /opt/airflow/dags/main.py
[2026-09-27T16:23:54.496+0000] {processor.py:840} INFO - DAG(s) 'update_db' retrieved from /opt/airflow/dags/main.py
[2026-09-27T16:23:54.525+0000] {logging_mixin.py:188} INFO - [2026-09-27T16:23:54.525+0000] {dag.py:3096} INFO - Sync 1 DAGs
[2026-09-27T16:23:54.548+0000] {logging_mixin.py:188} INFO - [2026-09-27T16:23:54.547+0000] {dag.py:3954} INFO - Setting next_dagrun for update_db to 2026-09-26 12:00:00+00:00, run_after=2026-09-27 12:00:00+00:00
[2026-09-27T16:23:54.576+0000] {processor.py:183} INFO - Processing /opt/airflow/dags/main.py took 0.354 seconds
[2026-09-27T16:24:24.915+0000] {processor.py:161} INFO - Started process (PID=1192) to work on /opt/airflow/dags/main.py
[2026-09-27T16:24:24.919+0000] {processor.py:830} INFO - Processing file /opt/airflow/dags/main.py for tasks to queue
[2026-09-27T16:24:24.924+0000] {logging_mixin.py:188} INFO - [2026-09-27T16:24:24.924+0000] {dagbag.py:545} INFO - Filling up the DagBag from /opt/airflow/dags/main.py
[2026-09-27T16:24:25.210+0000] {processor.py:840} INFO - DAG(s) 'update_db' retrieved from /opt/airflow/dags/main.py
[2026-09-27T16:24:25.239+0000] {logging_mixin.py:188} INFO - [2026-09-27T16:24:25.238+0000] {dag.py:3096} INFO - Sync 1 DAGs
[2026-09-27T16:24:25.259+0000] {logging_mixin.py:188} INFO - [2026-09-27T16:24:25.259+0000] {dag.py:3954} INFO - Setting next_dagrun for update_db to 2026-09-26 12:00:00+00:00, run_after=2026-09-27 12:00:00+00:00
[2026-09-27T16:24:25.283+0000] {processor.py:183} INFO - Processing /opt/airflow/dags/main.py took 0.375 seconds
[2026-09-27T16:24:55.721+0000] {processor.py:161} INFO - Started process (PID=1199) to work on /opt/airflow/dags/main.py
[2026-09-27T16:24:55.725+0000] {processor.py:830} INFO - Processing file /opt/airflow/dags/main.py for tasks to queue
[2026-09-27T16:24:55.731+0000] {logging_mixin.py:188} INFO - [2026-09-27T16:24:55.731+0000] {dagbag.py:545} INFO - Filling up the DagBag from /opt/airflow/dags/main.py
[2026-09-27T16:24:56.081+0000] {processor.py:840} INFO - DAG(s) 'update_db' retrieved from /opt/airflow/dags/main.py
[2026-09-27T16:24:56.130+0000] {logging_mixin.py:188} INFO - [2026-09-27T16:24:56.130+0000] {dag.py:3096} INFO - Sync 1 DAGs
[2026-09-27T16:24:56.163+0000] {logging_mixin.py:188} INFO - [2026-09-27T16:24:56.163+0000] {dag.py:3954} INFO - Setting next_dagrun for update_db to 2026-09-26 12:00:00+00:00, run_after=2026-09-27 12:00:00+00:00
[2026-09-27T16:24:56.183+0000] {processor.py:183} INFO - Processing /opt/airflow/dags/main.py took 0.470 seconds
[2026-09-27T16:25:26.539+0000] {processor.py:161} INFO - Started process (PID=1206) to work on /opt/airflow/dags/main.py
[2026-09-27T16:25:26.543+0000] {processor.py:830} INFO - Processing file /opt/airflow/dags/main.py for tasks to queue
[2026-09-27T16:25:26.546+0000] {logging_mixin.py:188} INFO - [2026-09-27T16:25:26.546+0000] {dagbag.py:545} INFO - Filling up the DagBag from /opt/airflow/dags/main.py
[2026-09-27T16:25:26.870+0000] {processor.py:840} INFO - DAG(s) 'update_db' retrieved from /opt/airflow/dags/main.py
[2026-09-27T16:25:26.904+0000] {logging_mixin.py:188} INFO - [2026-09-27T16:25:26.903+0000] {dag.py:3096} INFO - Sync 1 DAGs
[2026-09-27T16:25:26.926+0000] {logging_mixin.py:188} INFO - [2026-09-27T16:25:26.926+0000] {dag.py:3954} INFO - Setting next_dagrun for update_db to 2026-09-26 12:00:00+00:00, run_after=2026-09-27 12:00:00+00:00
[2026-09-27T16:25:26.952+0000] {processor.py:183} INFO - Processing /opt/airflow/dags/main.py took 0.419 seconds
[2026-09-27T16:25:57.292+0000] {processor.py:161} INFO - Started process (PID=1213) to work on /opt/airflow/dags/main.py
[2026-09-27T16:25:57.295+0000] {processor.py:830} INFO - Processing file /opt/airflow/dags/main.py for tasks to queue
[2026-09-27T16:25:57.298+0000] {logging_mixin.py:188} INFO - [2026-09-27T16:25:57.298+0000] {dagbag.py:545} INFO - Filling up the DagBag from /opt/airflow/dags/main.py
[2026-09-27T16:25:57.541+0000] {processor.py:840} INFO - DAG(s) 'update_db' retrieved from /opt/airflow/dags/main.py
[2026-09-27T16:25:57.590+0000] {logging_mixin.py:188} INFO - [2026-09-27T16:25:57.590+0000] {dag.py:3096} INFO - Sync 1 DAGs
[2026-09-27T16:25:57.614+0000] {logging_mixin.py:188} INFO - [2026-09-27T16:25:57.613+0000] {dag.py:3954} INFO - Setting next_dagrun for update_db to 2026-09-26 12:00:00+00:00, run_after=2026-09-27 12:00:00+00:00
[2026-09-27T16:25:57.636+0000] {processor.py:183} INFO - Processing /opt/airflow/dags/main.py took 0.350 seconds
[2026-09-27T16:26:26.999+0000] {processor.py:161} INFO - Started process (PID=1220) to work on /opt/airflow/dags/main.py
[2026-09-27T16:26:27.002+0000] {processor.py:830} INFO - Processing file /opt/airflow/dags/main.py for tasks to queue
[2026-09-27T16:26:27.007+0000] {logging_mixin.py:188} INFO - [2026-09-27T16:26:27.007+0000] {dagbag.py:545} INFO - Filling up the DagBag from /opt/airflow/dags/main.py
[2026-09-27T16:26:27.380+0000] {processor.py:840} INFO - DAG(s) 'update_db' retrieved from /opt/airflow/dags/main.py
[2026-09-27T16:26:27.414+0000] {logging_mixin.py:188} INFO - [2026-09-27T16:26:27.413+0000] {dag.py:3096} INFO - Sync 1 DAGs
[2026-09-27T16:26:27.438+0000] {logging_mixin.py:188} INFO - [2026-09-27T16:26:27.438+0000] {dag.py:3954} INFO - Setting next_dagrun for update_db to 2026-09-26 12:00:00+00:00, run_after=2026-09-27 12:00:00+00:00
[2026-09-27T16:26:27.471+0000] {processor.py:183} INFO - Processing /opt/airflow/dags/main.py took 0.481 seconds
[2026-09-27T16:26:30.049+0000] {processor.py:161} INFO - Started process (PID=1221) to work on /opt/airflow/dags/main.py
[2026-09-27T16:26:30.052+0000] {processor.py:830} INFO - Processing file /opt/airflow/dags/main.py for tasks to queue
[2026-09-27T16:26:30.057+0000] {logging_mixin.py:188} INFO - [2026-09-27T16:26:30.057+0000] {dagbag.py:545} INFO - Filling up the DagBag from /opt/airflow/dags/main.py
[2026-09-27T16:26:30.355+0000] {processor.py:840} INFO - DAG(s) 'update_db' retrieved from /opt/airflow/dags/main.py
[2026-09-27T16:26:30.417+0000] {logging_mixin.py:188} INFO - [2026-09-27T16:26:30.416+0000] {dag.py:3096} INFO - Sync 1 DAGs
[2026-09-27T16:26:30.466+0000] {logging_mixin.py:188} INFO - [2026-09-27T16:26:30.466+0000] {dag.py:3954} INFO - Setting next_dagrun for update_db to 2026-09-26 12:00:00+00:00, run_after=2026-09-27 12:00:00+00:00
[2026-09-27T16:26:30.544+0000] {processor.py:183} INFO - Processing /opt/airflow/dags/main.py took 0.505 seconds
[2026-09-27T16:26:47.743+0000] {processor.py:161} INFO - Started process (PID=1222) to work on /opt/airflow/dags/main.py
[2026-09-27T16:26:47.747+0000] {processor.py:830} INFO - Processing file /opt/airflow/dags/main.py for tasks to queue
[2026-09-27T16:26:47.753+0000] {logging_mixin.py:188} INFO - [2026-09-27T16:26:47.752+0000] {dagbag.py:545} INFO - Filling up the DagBag from /opt/airflow/dags/main.py
[2026-09-27T16:26:48.149+0000] {processor.py:840} INFO - DAG(s) 'data', 'update_db' retrieved from /opt/airflow/dags/main.py
[2026-09-27T16:26:48.359+0000] {logging_mixin.py:188} INFO - [2026-09-27T16:26:48.358+0000] {override.py:1829} INFO - Created Permission View: can edit on DAG:data
[2026-09-27T16:26:48.373+0000] {logging_mixin.py:188} INFO - [2026-09-27T16:26:48.373+0000] {override.py:1829} INFO - Created Permission View: can read on DAG:data
[2026-09-27T16:26:48.387+0000] {logging_mixin.py:188} INFO - [2026-09-27T16:26:48.386+0000] {override.py:1829} INFO - Created Permission View: can delete on DAG:data
[2026-09-27T16:26:48.393+0000] {logging_mixin.py:188} INFO - [2026-09-27T16:26:48.393+0000] {dag.py:3096} INFO - Sync 2 DAGs
[2026-09-27T16:26:48.405+0000] {logging_mixin.py:188} INFO - [2026-09-27T16:26:48.405+0000] {dag.py:3118} INFO - Creating ORM DAG for data
[2026-09-27T16:26:48.417+0000] {logging_mixin.py:188} INFO - [2026-09-27T16:26:48.417+0000] {dag.py:3954} INFO - Setting next_dagrun for data to 2026-09-26 12:00:00+00:00, run_after=2026-09-27 12:00:00+00:00
[2026-09-27T16:26:48.421+0000] {logging_mixin.py:188} INFO - [2026-09-27T16:26:48.421+0000] {dag.py:3954} INFO - Setting next_dagrun for update_db to 2026-09-26 12:00:00+00:00, run_after=2026-09-27 12:00:00+00:00
[2026-09-27T16:26:48.461+0000] {processor.py:183} INFO - Processing /opt/airflow/dags/main.py took 0.725 seconds
[2026-09-27T16:26:52.584+0000] {processor.py:161} INFO - Started process (PID=1229) to work on /opt/airflow/dags/main.py
[2026-09-27T16:26:52.587+0000] {processor.py:830} INFO - Processing file /opt/airflow/dags/main.py for tasks to queue
[2026-09-27T16:26:52.590+0000] {logging_mixin.py:188} INFO - [2026-09-27T16:26:52.590+0000] {dagbag.py:545} INFO - Filling up the DagBag from /opt/airflow/dags/main.py
[2026-09-27T16:26:52.864+0000] {processor.py:840} INFO - DAG(s) 'update_db', 'data_quality_check' retrieved from /opt/airflow/dags/main.py
[2026-09-27T16:26:52.969+0000] {logging_mixin.py:188} INFO - [2026-09-27T16:26:52.968+0000] {override.py:1829} INFO - Created Permission View: can edit on DAG:data_quality_check
[2026-09-27T16:26:52.979+0000] {logging_mixin.py:188} INFO - [2026-09-27T16:26:52.979+0000] {override.py:1829} INFO - Created Permission View: can read on DAG:data_quality_check
[2026-09-27T16:26:52.986+0000] {logging_mixin.py:188} INFO - [2026-09-27T16:26:52.986+0000] {override.py:1829} INFO - Created Permission View: can delete on DAG:data_quality_check
[2026-09-27T16:26:52.988+0000] {logging_mixin.py:188} INFO - [2026-09-27T16:26:52.988+0000] {dag.py:3096} INFO - Sync 2 DAGs
[2026-09-27T16:26:53.001+0000] {logging_mixin.py:188} INFO - [2026-09-27T16:26:53.001+0000] {dag.py:3118} INFO - Creating ORM DAG for data_quality_check
[2026-09-27T16:26:53.011+0000] {logging_mixin.py:188} INFO - [2026-09-27T16:26:53.011+0000] {dag.py:3954} INFO - Setting next_dagrun for data_quality_check to 2026-09-26 12:00:00+00:00, run_after=2026-09-27 12:00:00+00:00
[2026-09-27T16:26:53.015+0000] {logging_mixin.py:188} INFO - [2026-09-27T16:26:53.015+0000] {dag.py:3954} INFO - Setting next_dagrun for update_db to 2026-09-26 12:00:00+00:00, run_after=2026-09-27 12:00:00+00:00
[2026-09-27T16:26:53.051+0000] {processor.py:183} INFO - Processing /opt/airflow/dags/main.py took 0.475 seconds
[2026-09-27T16:27:03.955+0000] {processor.py:161} INFO - Started process (PID=1230) to work on /opt/airflow/dags/main.py
[2026-09-27T16:27:03.958+0000] {processor.py:830} INFO - Processing file /opt/airflow/dags/main.py for tasks to queue
[2026-09-27T16:27:03.961+0000] {logging_mixin.py:188} INFO - [2026-09-27T16:27:03.961+0000] {dagbag.py:545} INFO - Filling up the DagBag from /opt/airflow/dags/main.py
[2026-09-27T16:27:04.242+0000] {processor.py:840} INFO - DAG(s) 'update_db', 'data_quality_check' retrieved from /opt/airflow/dags/main.py
[2026-09-27T16:27:04.288+0000] {logging_mixin.py:188} INFO - [2026-09-27T16:27:04.288+0000] {dag.py:3096} INFO - Sync 2 DAGs
[2026-09-27T16:27:04.311+0000] {logging_mixin.py:188} INFO - [2026-09-27T16:27:04.311+0000] {dag.py:3954} INFO - Setting next_dagrun for data_quality_check to 2026-09-26 12:00:00+00:00, run_after=2026-09-27 12:00:00+00:00
[2026-09-27T16:27:04.318+0000] {logging_mixin.py:188} INFO - [2026-09-27T16:27:04.317+0000] {dag.py:3954} INFO - Setting next_dagrun for update_db to 2026-09-26 12:00:00+00:00, run_after=2026-09-27 12:00:00+00:00
[2026-09-27T16:27:04.350+0000] {processor.py:183} INFO - Processing /opt/airflow/dags/main.py took 0.402 seconds
[2026-09-27T16:27:13.333+0000] {processor.py:161} INFO - Started process (PID=1231) to work on /opt/airflow/dags/main.py
[2026-09-27T16:27:13.336+0000] {processor.py:830} INFO - Processing file /opt/airflow/dags/main.py for tasks to queue
[2026-09-27T16:27:13.339+0000] {logging_mixin.py:188} INFO - [2026-09-27T16:27:13.339+0000] {dagbag.py:545} INFO - Filling up the DagBag from /opt/airflow/dags/main.py
[2026-09-27T16:27:13.612+0000] {processor.py:840} INFO - DAG(s) 'update_db', 'data_quality_check' retrieved from /opt/airflow/dags/main.py
[2026-09-27T16:27:13.642+0000] {logging_mixin.py:188} INFO - [2026-09-27T16:27:13.641+0000] {dag.py:3096} INFO - Sync 2 DAGs
[2026-09-27T16:27:13.663+0000] {logging_mixin.py:188} INFO - [2026-09-27T16:27:13.662+0000] {dag.py:3954} INFO - Setting next_dagrun for data_quality_check to 2026-09-26 12:00:00+00:00, run_after=2026-09-27 12:00:00+00:00
[2026-09-27T16:27:13.669+0000] {logging_mixin.py:188} INFO - [2026-09-27T16:27:13.669+0000] {dag.py:3954} INFO - Setting next_dagrun for update_db to 2026-09-26 12:00:00+00:00, run_after=2026-09-27 12:00:00+00:00
[2026-09-27T16:27:13.702+0000] {processor.py:183} INFO - Processing /opt/airflow/dags/main.py took 0.376 seconds
[2026-09-27T16:27:20.614+0000] {processor.py:161} INFO - Started process (PID=1238) to work on /opt/airflow/dags/main.py
[2026-09-27T16:27:20.617+0000] {processor.py:830} INFO - Processing file /opt/airflow/dags/main.py for tasks to queue
[2026-09-27T16:27:20.619+0000] {logging_mixin.py:188} INFO - [2026-09-27T16:27:20.619+0000] {dagbag.py:545} INFO - Filling up the DagBag from /opt/airflow/dags/main.py
[2026-09-27T16:27:20.932+0000] {processor.py:840} INFO - DAG(s) 'update_db', 'data_quality_check' retrieved from /opt/airflow/dags/main.py
[2026-09-27T16:27:20.965+0000] {logging_mixin.py:188} INFO - [2026-09-27T16:27:20.965+0000] {dag.py:3096} INFO - Sync 2 DAGs
[2026-09-27T16:27:20.990+0000] {logging_mixin.py:188} INFO - [2026-09-27T16:27:20.990+0000] {dag.py:3954} INFO - Setting next_dagrun for data_quality_check to 2026-09-26 12:00:00+00:00, run_after=2026-09-27 12:00:00+00:00
[2026-09-27T16:27:20.997+0000] {logging_mixin.py:188} INFO - [2026-09-27T16:27:20.997+0000] {dag.py:3954} INFO - Setting next_dagrun for update_db to 2026-09-26 12:00:00+00:00, run_after=2026-09-27 12:00:00+00:00
[2026-09-27T16:27:21.033+0000] {processor.py:183} INFO - Processing /opt/airflow/dags/main.py took 0.426 seconds
[2026-09-27T16:27:23.129+0000] {processor.py:161} INFO - Started process (PID=1239) to work on /opt/airflow/dags/main.py
[2026-09-27T16:27:23.132+0000] {processor.py:830} INFO - Processing file /opt/airflow/dags/main.py for tasks to queue
[2026-09-27T16:27:23.135+0000] {logging_mixin.py:188} INFO - [2026-09-27T16:27:23.135+0000] {dagbag.py:545} INFO - Filling up the DagBag from /opt/airflow/dags/main.py
[2026-09-27T16:27:23.404+0000] {processor.py:840} INFO - DAG(s) 'update_db', 'data_quality_check' retrieved from /opt/airflow/dags/main.py
[2026-09-27T16:27:23.489+0000] {logging_mixin.py:188} INFO - [2026-09-27T16:27:23.489+0000] {dag.py:3096} INFO - Sync 2 DAGs
[2026-09-27T16:27:23.507+0000] {logging_mixin.py:188} INFO - [2026-09-27T16:27:23.507+0000] {dag.py:3954} INFO - Setting next_dagrun for data_quality_check to 2026-09-26 12:00:00+00:00, run_after=2026-09-27 12:00:00+00:00
[2026-09-27T16:27:23.513+0000] {logging_mixin.py:188} INFO - [2026-09-27T16:27:23.512+0000] {dag.py:3954} INFO - Setting next_dagrun for update_db to 2026-09-26 12:00:00+00:00, run_after=2026-09-27 12:00:00+00:00
[2026-09-27T16:27:23.544+0000] {processor.py:183} INFO - Processing /opt/airflow/dags/main.py took 0.423 seconds
[2026-09-27T16:27:53.903+0000] {processor.py:161} INFO - Started process (PID=1246) to work on /opt/airflow/dags/main.py
[2026-09-27T16:27:53.907+0000] {processor.py:830} INFO - Processing file /opt/airflow/dags/main.py for tasks to queue
[2026-09-27T16:27:53.912+0000] {logging_mixin.py:188} INFO - [2026-09-27T16:27:53.912+0000] {dagbag.py:545} INFO - Filling up the DagBag from /opt/airflow/dags/main.py
[2026-09-27T16:27:54.173+0000] {processor.py:840} INFO - DAG(s) 'data_quality_check', 'update_db' retrieved from /opt/airflow/dags/main.py
[2026-09-27T16:27:54.207+0000] {logging_mixin.py:188} INFO - [2026-09-27T16:27:54.206+0000] {dag.py:3096} INFO - Sync 2 DAGs
[2026-09-27T16:27:54.227+0000] {logging_mixin.py:188} INFO - [2026-09-27T16:27:54.226+0000] {dag.py:3954} INFO - Setting next_dagrun for data_quality_check to 2026-09-26 12:00:00+00:00, run_after=2026-09-27 12:00:00+00:00
[2026-09-27T16:27:54.234+0000] {logging_mixin.py:188} INFO - [2026-09-27T16:27:54.234+0000] {dag.py:3954} INFO - Setting next_dagrun for update_db to 2026-09-26 12:00:00+00:00, run_after=2026-09-27 12:00:00+00:00
[2026-09-27T16:27:54.255+0000] {processor.py:183} INFO - Processing /opt/airflow/dags/main.py took 0.364 seconds
[2026-09-27T16:27:59.985+0000] {processor.py:161} INFO - Started process (PID=1247) to work on /opt/airflow/dags/main.py
[2026-09-27T16:27:59.989+0000] {processor.py:830} INFO - Processing file /opt/airflow/dags/main.py for tasks to queue
[2026-09-27T16:28:00.005+0000] {logging_mixin.py:188} INFO - [2026-09-27T16:28:00.002+0000] {dagbag.py:545} INFO - Filling up the DagBag from /opt/airflow/dags/main.py
[2026-09-27T16:28:00.304+0000] {logging_mixin.py:188} INFO - [2026-09-27T16:28:00.286+0000] {dagbag.py:355} ERROR - Failed to import: /opt/airflow/dags/main.py
Traceback (most recent call last):
  File "/home/airflow/.local/lib/python3.10/site-packages/airflow/models/dagbag.py", line 351, in parse
    loader.exec_module(new_module)
  File "<frozen importlib._bootstrap_external>", line 883, in exec_module
  File "<frozen importlib._bootstrap>", line 241, in _call_with_frames_removed
  File "/opt/airflow/dags/main.py", line 39, in <module>
    soda_validate
NameError: name 'soda_validate' is not defined
[2026-09-27T16:28:00.319+0000] {processor.py:842} WARNING - No viable dags retrieved from /opt/airflow/dags/main.py
[2026-09-27T16:28:00.363+0000] {processor.py:183} INFO - Processing /opt/airflow/dags/main.py took 0.418 seconds
[2026-09-27T16:28:04.446+0000] {processor.py:161} INFO - Started process (PID=1248) to work on /opt/airflow/dags/main.py
[2026-09-27T16:28:04.449+0000] {processor.py:830} INFO - Processing file /opt/airflow/dags/main.py for tasks to queue
[2026-09-27T16:28:04.452+0000] {logging_mixin.py:188} INFO - [2026-09-27T16:28:04.452+0000] {dagbag.py:545} INFO - Filling up the DagBag from /opt/airflow/dags/main.py
[2026-09-27T16:28:04.723+0000] {logging_mixin.py:188} INFO - [2026-09-27T16:28:04.715+0000] {dagbag.py:355} ERROR - Failed to import: /opt/airflow/dags/main.py
Traceback (most recent call last):
  File "/home/airflow/.local/lib/python3.10/site-packages/airflow/models/dagbag.py", line 351, in parse
    loader.exec_module(new_module)
  File "<frozen importlib._bootstrap_external>", line 883, in exec_module
  File "<frozen importlib._bootstrap>", line 241, in _call_with_frames_removed
  File "/opt/airflow/dags/main.py", line 39, in <module>
    soda_validate_staging = yt
NameError: name 'yt' is not defined
[2026-09-27T16:28:04.728+0000] {processor.py:842} WARNING - No viable dags retrieved from /opt/airflow/dags/main.py
[2026-09-27T16:28:04.747+0000] {processor.py:183} INFO - Processing /opt/airflow/dags/main.py took 0.309 seconds
[2026-09-27T16:28:06.495+0000] {processor.py:161} INFO - Started process (PID=1249) to work on /opt/airflow/dags/main.py
[2026-09-27T16:28:06.498+0000] {processor.py:830} INFO - Processing file /opt/airflow/dags/main.py for tasks to queue
[2026-09-27T16:28:06.501+0000] {logging_mixin.py:188} INFO - [2026-09-27T16:28:06.500+0000] {dagbag.py:545} INFO - Filling up the DagBag from /opt/airflow/dags/main.py
[2026-09-27T16:28:06.546+0000] {logging_mixin.py:188} INFO - [2026-09-27T16:28:06.545+0000] {dagbag.py:355} ERROR - Failed to import: /opt/airflow/dags/main.py
Traceback (most recent call last):
  File "/home/airflow/.local/lib/python3.10/site-packages/airflow/models/dagbag.py", line 351, in parse
    loader.exec_module(new_module)
  File "<frozen importlib._bootstrap_external>", line 879, in exec_module
  File "<frozen importlib._bootstrap_external>", line 1017, in get_code
  File "<frozen importlib._bootstrap_external>", line 947, in source_to_code
  File "<frozen importlib._bootstrap>", line 241, in _call_with_frames_removed
  File "/opt/airflow/dags/main.py", line 39
    soda_validate_staging = 
                            ^
SyntaxError: invalid syntax
[2026-09-27T16:28:06.548+0000] {processor.py:842} WARNING - No viable dags retrieved from /opt/airflow/dags/main.py
[2026-09-27T16:28:06.575+0000] {processor.py:183} INFO - Processing /opt/airflow/dags/main.py took 0.090 seconds
[2026-09-27T16:28:15.597+0000] {processor.py:161} INFO - Started process (PID=1250) to work on /opt/airflow/dags/main.py
[2026-09-27T16:28:15.600+0000] {processor.py:830} INFO - Processing file /opt/airflow/dags/main.py for tasks to queue
[2026-09-27T16:28:15.602+0000] {logging_mixin.py:188} INFO - [2026-09-27T16:28:15.602+0000] {dagbag.py:545} INFO - Filling up the DagBag from /opt/airflow/dags/main.py
[2026-09-27T16:28:15.658+0000] {logging_mixin.py:188} INFO - [2026-09-27T16:28:15.654+0000] {dagbag.py:355} ERROR - Failed to import: /opt/airflow/dags/main.py
Traceback (most recent call last):
  File "/home/airflow/.local/lib/python3.10/site-packages/airflow/models/dagbag.py", line 351, in parse
    loader.exec_module(new_module)
  File "<frozen importlib._bootstrap_external>", line 879, in exec_module
  File "<frozen importlib._bootstrap_external>", line 1017, in get_code
  File "<frozen importlib._bootstrap_external>", line 947, in source_to_code
  File "<frozen importlib._bootstrap>", line 241, in _call_with_frames_removed
  File "/opt/airflow/dags/main.py", line 6
    from 
         ^
SyntaxError: invalid syntax
[2026-09-27T16:28:15.663+0000] {processor.py:842} WARNING - No viable dags retrieved from /opt/airflow/dags/main.py
[2026-09-27T16:28:15.688+0000] {processor.py:183} INFO - Processing /opt/airflow/dags/main.py took 0.099 seconds
[2026-09-27T16:28:17.748+0000] {processor.py:161} INFO - Started process (PID=1251) to work on /opt/airflow/dags/main.py
[2026-09-27T16:28:17.750+0000] {processor.py:830} INFO - Processing file /opt/airflow/dags/main.py for tasks to queue
[2026-09-27T16:28:17.753+0000] {logging_mixin.py:188} INFO - [2026-09-27T16:28:17.752+0000] {dagbag.py:545} INFO - Filling up the DagBag from /opt/airflow/dags/main.py
[2026-09-27T16:28:17.797+0000] {logging_mixin.py:188} INFO - [2026-09-27T16:28:17.796+0000] {dagbag.py:355} ERROR - Failed to import: /opt/airflow/dags/main.py
Traceback (most recent call last):
  File "/home/airflow/.local/lib/python3.10/site-packages/airflow/models/dagbag.py", line 351, in parse
    loader.exec_module(new_module)
  File "<frozen importlib._bootstrap_external>", line 879, in exec_module
  File "<frozen importlib._bootstrap_external>", line 1017, in get_code
  File "<frozen importlib._bootstrap_external>", line 947, in source_to_code
  File "<frozen importlib._bootstrap>", line 241, in _call_with_frames_removed
  File "/opt/airflow/dags/main.py", line 6
    from d
          ^
SyntaxError: invalid syntax
[2026-09-27T16:28:17.799+0000] {processor.py:842} WARNING - No viable dags retrieved from /opt/airflow/dags/main.py
[2026-09-27T16:28:17.822+0000] {processor.py:183} INFO - Processing /opt/airflow/dags/main.py took 0.081 seconds
[2026-09-27T16:28:20.827+0000] {processor.py:161} INFO - Started process (PID=1258) to work on /opt/airflow/dags/main.py
[2026-09-27T16:28:20.830+0000] {processor.py:830} INFO - Processing file /opt/airflow/dags/main.py for tasks to queue
[2026-09-27T16:28:20.833+0000] {logging_mixin.py:188} INFO - [2026-09-27T16:28:20.832+0000] {dagbag.py:545} INFO - Filling up the DagBag from /opt/airflow/dags/main.py
[2026-09-27T16:28:20.875+0000] {logging_mixin.py:188} INFO - [2026-09-27T16:28:20.874+0000] {dagbag.py:355} ERROR - Failed to import: /opt/airflow/dags/main.py
Traceback (most recent call last):
  File "/home/airflow/.local/lib/python3.10/site-packages/airflow/models/dagbag.py", line 351, in parse
    loader.exec_module(new_module)
  File "<frozen importlib._bootstrap_external>", line 879, in exec_module
  File "<frozen importlib._bootstrap_external>", line 1017, in get_code
  File "<frozen importlib._bootstrap_external>", line 947, in source_to_code
  File "<frozen importlib._bootstrap>", line 241, in _call_with_frames_removed
  File "/opt/airflow/dags/main.py", line 6
    from dags
             ^
SyntaxError: invalid syntax
[2026-09-27T16:28:20.877+0000] {processor.py:842} WARNING - No viable dags retrieved from /opt/airflow/dags/main.py
[2026-09-27T16:28:20.901+0000] {processor.py:183} INFO - Processing /opt/airflow/dags/main.py took 0.081 seconds
[2026-09-27T16:28:21.940+0000] {processor.py:161} INFO - Started process (PID=1259) to work on /opt/airflow/dags/main.py
[2026-09-27T16:28:21.943+0000] {processor.py:830} INFO - Processing file /opt/airflow/dags/main.py for tasks to queue
[2026-09-27T16:28:21.946+0000] {logging_mixin.py:188} INFO - [2026-09-27T16:28:21.945+0000] {dagbag.py:545} INFO - Filling up the DagBag from /opt/airflow/dags/main.py
[2026-09-27T16:28:21.990+0000] {logging_mixin.py:188} INFO - [2026-09-27T16:28:21.989+0000] {dagbag.py:355} ERROR - Failed to import: /opt/airflow/dags/main.py
Traceback (most recent call last):
  File "/home/airflow/.local/lib/python3.10/site-packages/airflow/models/dagbag.py", line 351, in parse
    loader.exec_module(new_module)
  File "<frozen importlib._bootstrap_external>", line 879, in exec_module
  File "<frozen importlib._bootstrap_external>", line 1017, in get_code
  File "<frozen importlib._bootstrap_external>", line 947, in source_to_code
  File "<frozen importlib._bootstrap>", line 241, in _call_with_frames_removed
  File "/opt/airflow/dags/main.py", line 6
    from dags.
              ^
SyntaxError: invalid syntax
[2026-09-27T16:28:21.992+0000] {processor.py:842} WARNING - No viable dags retrieved from /opt/airflow/dags/main.py
[2026-09-27T16:28:22.015+0000] {processor.py:183} INFO - Processing /opt/airflow/dags/main.py took 0.081 seconds
[2026-09-27T16:28:29.062+0000] {processor.py:161} INFO - Started process (PID=1260) to work on /opt/airflow/dags/main.py
[2026-09-27T16:28:29.064+0000] {processor.py:830} INFO - Processing file /opt/airflow/dags/main.py for tasks to queue
[2026-09-27T16:28:29.066+0000] {logging_mixin.py:188} INFO - [2026-09-27T16:28:29.066+0000] {dagbag.py:545} INFO - Filling up the DagBag from /opt/airflow/dags/main.py
[2026-09-27T16:28:29.108+0000] {logging_mixin.py:188} INFO - [2026-09-27T16:28:29.106+0000] {dagbag.py:355} ERROR - Failed to import: /opt/airflow/dags/main.py
Traceback (most recent call last):
  File "/home/airflow/.local/lib/python3.10/site-packages/airflow/models/dagbag.py", line 351, in parse
    loader.exec_module(new_module)
  File "<frozen importlib._bootstrap_external>", line 879, in exec_module
  File "<frozen importlib._bootstrap_external>", line 1017, in get_code
  File "<frozen importlib._bootstrap_external>", line 947, in source_to_code
  File "<frozen importlib._bootstrap>", line 241, in _call_with_frames_removed
  File "/opt/airflow/dags/main.py", line 6
    from dags.dataquality.
                          ^
SyntaxError: invalid syntax
[2026-09-27T16:28:29.110+0000] {processor.py:842} WARNING - No viable dags retrieved from /opt/airflow/dags/main.py
[2026-09-27T16:28:29.131+0000] {processor.py:183} INFO - Processing /opt/airflow/dags/main.py took 0.075 seconds
[2026-09-27T16:28:35.218+0000] {processor.py:161} INFO - Started process (PID=1261) to work on /opt/airflow/dags/main.py
[2026-09-27T16:28:35.222+0000] {processor.py:830} INFO - Processing file /opt/airflow/dags/main.py for tasks to queue
[2026-09-27T16:28:35.228+0000] {logging_mixin.py:188} INFO - [2026-09-27T16:28:35.227+0000] {dagbag.py:545} INFO - Filling up the DagBag from /opt/airflow/dags/main.py
[2026-09-27T16:28:35.296+0000] {logging_mixin.py:188} INFO - [2026-09-27T16:28:35.291+0000] {dagbag.py:355} ERROR - Failed to import: /opt/airflow/dags/main.py
Traceback (most recent call last):
  File "/home/airflow/.local/lib/python3.10/site-packages/airflow/models/dagbag.py", line 351, in parse
    loader.exec_module(new_module)
  File "<frozen importlib._bootstrap_external>", line 879, in exec_module
  File "<frozen importlib._bootstrap_external>", line 1017, in get_code
  File "<frozen importlib._bootstrap_external>", line 947, in source_to_code
  File "<frozen importlib._bootstrap>", line 241, in _call_with_frames_removed
  File "/opt/airflow/dags/main.py", line 40
    soda_validate_staging = 
                            ^
SyntaxError: invalid syntax
[2026-09-27T16:28:35.299+0000] {processor.py:842} WARNING - No viable dags retrieved from /opt/airflow/dags/main.py
[2026-09-27T16:28:35.330+0000] {processor.py:183} INFO - Processing /opt/airflow/dags/main.py took 0.129 seconds
[2026-09-27T16:28:42.346+0000] {processor.py:161} INFO - Started process (PID=1262) to work on /opt/airflow/dags/main.py
[2026-09-27T16:28:42.350+0000] {processor.py:830} INFO - Processing file /opt/airflow/dags/main.py for tasks to queue
[2026-09-27T16:28:42.354+0000] {logging_mixin.py:188} INFO - [2026-09-27T16:28:42.353+0000] {dagbag.py:545} INFO - Filling up the DagBag from /opt/airflow/dags/main.py
[2026-09-27T16:28:42.630+0000] {logging_mixin.py:188} INFO - [2026-09-27T16:28:42.618+0000] {dagbag.py:355} ERROR - Failed to import: /opt/airflow/dags/main.py
Traceback (most recent call last):
  File "/home/airflow/.local/lib/python3.10/site-packages/airflow/models/dagbag.py", line 351, in parse
    loader.exec_module(new_module)
  File "<frozen importlib._bootstrap_external>", line 883, in exec_module
  File "<frozen importlib._bootstrap>", line 241, in _call_with_frames_removed
  File "/opt/airflow/dags/main.py", line 6, in <module>
    from dags.dataquality.soda import yt_elt_data_quality
ModuleNotFoundError: No module named 'dags'
[2026-09-27T16:28:42.637+0000] {processor.py:842} WARNING - No viable dags retrieved from /opt/airflow/dags/main.py
[2026-09-27T16:28:42.680+0000] {processor.py:183} INFO - Processing /opt/airflow/dags/main.py took 0.342 seconds
[2026-09-27T16:28:44.477+0000] {processor.py:161} INFO - Started process (PID=1263) to work on /opt/airflow/dags/main.py
[2026-09-27T16:28:44.481+0000] {processor.py:830} INFO - Processing file /opt/airflow/dags/main.py for tasks to queue
[2026-09-27T16:28:44.483+0000] {logging_mixin.py:188} INFO - [2026-09-27T16:28:44.483+0000] {dagbag.py:545} INFO - Filling up the DagBag from /opt/airflow/dags/main.py
[2026-09-27T16:28:44.734+0000] {logging_mixin.py:188} INFO - [2026-09-27T16:28:44.726+0000] {dagbag.py:355} ERROR - Failed to import: /opt/airflow/dags/main.py
Traceback (most recent call last):
  File "/home/airflow/.local/lib/python3.10/site-packages/airflow/models/dagbag.py", line 351, in parse
    loader.exec_module(new_module)
  File "<frozen importlib._bootstrap_external>", line 883, in exec_module
  File "<frozen importlib._bootstrap>", line 241, in _call_with_frames_removed
  File "/opt/airflow/dags/main.py", line 6, in <module>
    from dags.dataquality.soda import yt_elt_data_quality
ModuleNotFoundError: No module named 'dags'
[2026-09-27T16:28:44.737+0000] {processor.py:842} WARNING - No viable dags retrieved from /opt/airflow/dags/main.py
[2026-09-27T16:28:44.755+0000] {processor.py:183} INFO - Processing /opt/airflow/dags/main.py took 0.284 seconds
[2026-09-27T16:28:48.818+0000] {processor.py:161} INFO - Started process (PID=1270) to work on /opt/airflow/dags/main.py
[2026-09-27T16:28:48.820+0000] {processor.py:830} INFO - Processing file /opt/airflow/dags/main.py for tasks to queue
[2026-09-27T16:28:48.823+0000] {logging_mixin.py:188} INFO - [2026-09-27T16:28:48.823+0000] {dagbag.py:545} INFO - Filling up the DagBag from /opt/airflow/dags/main.py
[2026-09-27T16:28:49.122+0000] {logging_mixin.py:188} INFO - [2026-09-27T16:28:49.106+0000] {dagbag.py:355} ERROR - Failed to import: /opt/airflow/dags/main.py
Traceback (most recent call last):
  File "/home/airflow/.local/lib/python3.10/site-packages/airflow/models/dagbag.py", line 351, in parse
    loader.exec_module(new_module)
  File "<frozen importlib._bootstrap_external>", line 883, in exec_module
  File "<frozen importlib._bootstrap>", line 241, in _call_with_frames_removed
  File "/opt/airflow/dags/main.py", line 6, in <module>
    from dags.dataquality.soda import yt_elt_data_quality
ModuleNotFoundError: No module named 'dags'
[2026-09-27T16:28:49.131+0000] {processor.py:842} WARNING - No viable dags retrieved from /opt/airflow/dags/main.py
[2026-09-27T16:28:49.206+0000] {processor.py:183} INFO - Processing /opt/airflow/dags/main.py took 0.395 seconds
[2026-09-27T16:28:57.372+0000] {processor.py:161} INFO - Started process (PID=1271) to work on /opt/airflow/dags/main.py
[2026-09-27T16:28:57.375+0000] {processor.py:830} INFO - Processing file /opt/airflow/dags/main.py for tasks to queue
[2026-09-27T16:28:57.378+0000] {logging_mixin.py:188} INFO - [2026-09-27T16:28:57.377+0000] {dagbag.py:545} INFO - Filling up the DagBag from /opt/airflow/dags/main.py
[2026-09-27T16:28:57.722+0000] {logging_mixin.py:188} INFO - [2026-09-27T16:28:57.712+0000] {dagbag.py:355} ERROR - Failed to import: /opt/airflow/dags/main.py
Traceback (most recent call last):
  File "/home/airflow/.local/lib/python3.10/site-packages/airflow/models/dagbag.py", line 351, in parse
    loader.exec_module(new_module)
  File "<frozen importlib._bootstrap_external>", line 883, in exec_module
  File "<frozen importlib._bootstrap>", line 241, in _call_with_frames_removed
  File "/opt/airflow/dags/main.py", line 6, in <module>
    from dags.dataquality.soda import yt_elt_data_quality
ModuleNotFoundError: No module named 'dags'
[2026-09-27T16:28:57.726+0000] {processor.py:842} WARNING - No viable dags retrieved from /opt/airflow/dags/main.py
[2026-09-27T16:28:57.752+0000] {processor.py:183} INFO - Processing /opt/airflow/dags/main.py took 0.387 seconds
[2026-09-27T16:28:59.961+0000] {processor.py:161} INFO - Started process (PID=1272) to work on /opt/airflow/dags/main.py
[2026-09-27T16:28:59.970+0000] {processor.py:830} INFO - Processing file /opt/airflow/dags/main.py for tasks to queue
[2026-09-27T16:28:59.986+0000] {logging_mixin.py:188} INFO - [2026-09-27T16:28:59.984+0000] {dagbag.py:545} INFO - Filling up the DagBag from /opt/airflow/dags/main.py
[2026-09-27T16:29:00.407+0000] {logging_mixin.py:188} INFO - [2026-09-27T16:29:00.397+0000] {dagbag.py:355} ERROR - Failed to import: /opt/airflow/dags/main.py
Traceback (most recent call last):
  File "/home/airflow/.local/lib/python3.10/site-packages/airflow/models/dagbag.py", line 351, in parse
    loader.exec_module(new_module)
  File "<frozen importlib._bootstrap_external>", line 883, in exec_module
  File "<frozen importlib._bootstrap>", line 241, in _call_with_frames_removed
  File "/opt/airflow/dags/main.py", line 6, in <module>
    from dags.dataquality.soda import yt_elt_data_quality
ModuleNotFoundError: No module named 'dags'
[2026-09-27T16:29:00.413+0000] {processor.py:842} WARNING - No viable dags retrieved from /opt/airflow/dags/main.py
[2026-09-27T16:29:00.455+0000] {processor.py:183} INFO - Processing /opt/airflow/dags/main.py took 0.545 seconds
[2026-09-27T16:29:04.477+0000] {processor.py:161} INFO - Started process (PID=1273) to work on /opt/airflow/dags/main.py
[2026-09-27T16:29:04.480+0000] {processor.py:830} INFO - Processing file /opt/airflow/dags/main.py for tasks to queue
[2026-09-27T16:29:04.482+0000] {logging_mixin.py:188} INFO - [2026-09-27T16:29:04.482+0000] {dagbag.py:545} INFO - Filling up the DagBag from /opt/airflow/dags/main.py
[2026-09-27T16:29:04.778+0000] {logging_mixin.py:188} INFO - [2026-09-27T16:29:04.770+0000] {dagbag.py:355} ERROR - Failed to import: /opt/airflow/dags/main.py
Traceback (most recent call last):
  File "/home/airflow/.local/lib/python3.10/site-packages/airflow/models/dagbag.py", line 351, in parse
    loader.exec_module(new_module)
  File "<frozen importlib._bootstrap_external>", line 883, in exec_module
  File "<frozen importlib._bootstrap>", line 241, in _call_with_frames_removed
  File "/opt/airflow/dags/main.py", line 6, in <module>
    from dags.dataquality.soda import yt_elt_data_quality
ModuleNotFoundError: No module named 'dags'
[2026-09-27T16:29:04.783+0000] {processor.py:842} WARNING - No viable dags retrieved from /opt/airflow/dags/main.py
[2026-09-27T16:29:04.803+0000] {processor.py:183} INFO - Processing /opt/airflow/dags/main.py took 0.334 seconds
[2026-09-27T16:29:10.634+0000] {processor.py:161} INFO - Started process (PID=1274) to work on /opt/airflow/dags/main.py
[2026-09-27T16:29:10.637+0000] {processor.py:830} INFO - Processing file /opt/airflow/dags/main.py for tasks to queue
[2026-09-27T16:29:10.640+0000] {logging_mixin.py:188} INFO - [2026-09-27T16:29:10.639+0000] {dagbag.py:545} INFO - Filling up the DagBag from /opt/airflow/dags/main.py
[2026-09-27T16:29:10.882+0000] {logging_mixin.py:188} INFO - [2026-09-27T16:29:10.872+0000] {dagbag.py:355} ERROR - Failed to import: /opt/airflow/dags/main.py
Traceback (most recent call last):
  File "/home/airflow/.local/lib/python3.10/site-packages/airflow/models/dagbag.py", line 351, in parse
    loader.exec_module(new_module)
  File "<frozen importlib._bootstrap_external>", line 883, in exec_module
  File "<frozen importlib._bootstrap>", line 241, in _call_with_frames_removed
  File "/opt/airflow/dags/main.py", line 6, in <module>
    from dags.dataquality.soda import yt_elt_data_quality
ModuleNotFoundError: No module named 'dags'
[2026-09-27T16:29:10.886+0000] {processor.py:842} WARNING - No viable dags retrieved from /opt/airflow/dags/main.py
[2026-09-27T16:29:10.912+0000] {processor.py:183} INFO - Processing /opt/airflow/dags/main.py took 0.289 seconds
[2026-09-27T16:29:12.945+0000] {processor.py:161} INFO - Started process (PID=1275) to work on /opt/airflow/dags/main.py
[2026-09-27T16:29:12.948+0000] {processor.py:830} INFO - Processing file /opt/airflow/dags/main.py for tasks to queue
[2026-09-27T16:29:12.951+0000] {logging_mixin.py:188} INFO - [2026-09-27T16:29:12.951+0000] {dagbag.py:545} INFO - Filling up the DagBag from /opt/airflow/dags/main.py
[2026-09-27T16:29:13.272+0000] {logging_mixin.py:188} INFO - [2026-09-27T16:29:13.262+0000] {dagbag.py:355} ERROR - Failed to import: /opt/airflow/dags/main.py
Traceback (most recent call last):
  File "/home/airflow/.local/lib/python3.10/site-packages/airflow/models/dagbag.py", line 351, in parse
    loader.exec_module(new_module)
  File "<frozen importlib._bootstrap_external>", line 883, in exec_module
  File "<frozen importlib._bootstrap>", line 241, in _call_with_frames_removed
  File "/opt/airflow/dags/main.py", line 6, in <module>
    from dags.dataquality.soda import yt_elt_data_quality
ModuleNotFoundError: No module named 'dags'
[2026-09-27T16:29:13.277+0000] {processor.py:842} WARNING - No viable dags retrieved from /opt/airflow/dags/main.py
[2026-09-27T16:29:13.296+0000] {processor.py:183} INFO - Processing /opt/airflow/dags/main.py took 0.358 seconds
[2026-09-27T16:29:25.118+0000] {processor.py:161} INFO - Started process (PID=1282) to work on /opt/airflow/dags/main.py
[2026-09-27T16:29:25.121+0000] {processor.py:830} INFO - Processing file /opt/airflow/dags/main.py for tasks to queue
[2026-09-27T16:29:25.123+0000] {logging_mixin.py:188} INFO - [2026-09-27T16:29:25.123+0000] {dagbag.py:545} INFO - Filling up the DagBag from /opt/airflow/dags/main.py
[2026-09-27T16:29:25.171+0000] {logging_mixin.py:188} INFO - [2026-09-27T16:29:25.170+0000] {dagbag.py:355} ERROR - Failed to import: /opt/airflow/dags/main.py
Traceback (most recent call last):
  File "/home/airflow/.local/lib/python3.10/site-packages/airflow/models/dagbag.py", line 351, in parse
    loader.exec_module(new_module)
  File "<frozen importlib._bootstrap_external>", line 879, in exec_module
  File "<frozen importlib._bootstrap_external>", line 1017, in get_code
  File "<frozen importlib._bootstrap_external>", line 947, in source_to_code
  File "<frozen importlib._bootstrap>", line 241, in _call_with_frames_removed
  File "/opt/airflow/dags/main.py", line 9
    staging_schema = 
                     ^
SyntaxError: invalid syntax
[2026-09-27T16:29:25.173+0000] {processor.py:842} WARNING - No viable dags retrieved from /opt/airflow/dags/main.py
[2026-09-27T16:29:25.193+0000] {processor.py:183} INFO - Processing /opt/airflow/dags/main.py took 0.083 seconds
[2026-09-27T16:29:29.217+0000] {processor.py:161} INFO - Started process (PID=1283) to work on /opt/airflow/dags/main.py
[2026-09-27T16:29:29.220+0000] {processor.py:830} INFO - Processing file /opt/airflow/dags/main.py for tasks to queue
[2026-09-27T16:29:29.224+0000] {logging_mixin.py:188} INFO - [2026-09-27T16:29:29.224+0000] {dagbag.py:545} INFO - Filling up the DagBag from /opt/airflow/dags/main.py
[2026-09-27T16:29:29.497+0000] {logging_mixin.py:188} INFO - [2026-09-27T16:29:29.487+0000] {dagbag.py:355} ERROR - Failed to import: /opt/airflow/dags/main.py
Traceback (most recent call last):
  File "/home/airflow/.local/lib/python3.10/site-packages/airflow/models/dagbag.py", line 351, in parse
    loader.exec_module(new_module)
  File "<frozen importlib._bootstrap_external>", line 883, in exec_module
  File "<frozen importlib._bootstrap>", line 241, in _call_with_frames_removed
  File "/opt/airflow/dags/main.py", line 6, in <module>
    from dags.dataquality.soda import yt_elt_data_quality
ModuleNotFoundError: No module named 'dags'
[2026-09-27T16:29:29.501+0000] {processor.py:842} WARNING - No viable dags retrieved from /opt/airflow/dags/main.py
[2026-09-27T16:29:29.522+0000] {processor.py:183} INFO - Processing /opt/airflow/dags/main.py took 0.318 seconds
[2026-09-27T16:29:31.327+0000] {processor.py:161} INFO - Started process (PID=1284) to work on /opt/airflow/dags/main.py
[2026-09-27T16:29:31.330+0000] {processor.py:830} INFO - Processing file /opt/airflow/dags/main.py for tasks to queue
[2026-09-27T16:29:31.335+0000] {logging_mixin.py:188} INFO - [2026-09-27T16:29:31.334+0000] {dagbag.py:545} INFO - Filling up the DagBag from /opt/airflow/dags/main.py
[2026-09-27T16:29:31.637+0000] {logging_mixin.py:188} INFO - [2026-09-27T16:29:31.628+0000] {dagbag.py:355} ERROR - Failed to import: /opt/airflow/dags/main.py
Traceback (most recent call last):
  File "/home/airflow/.local/lib/python3.10/site-packages/airflow/models/dagbag.py", line 351, in parse
    loader.exec_module(new_module)
  File "<frozen importlib._bootstrap_external>", line 883, in exec_module
  File "<frozen importlib._bootstrap>", line 241, in _call_with_frames_removed
  File "/opt/airflow/dags/main.py", line 6, in <module>
    from dags.dataquality.soda import yt_elt_data_quality
ModuleNotFoundError: No module named 'dags'
[2026-09-27T16:29:31.640+0000] {processor.py:842} WARNING - No viable dags retrieved from /opt/airflow/dags/main.py
[2026-09-27T16:29:31.660+0000] {processor.py:183} INFO - Processing /opt/airflow/dags/main.py took 0.341 seconds
[2026-09-27T16:29:32.637+0000] {processor.py:161} INFO - Started process (PID=1285) to work on /opt/airflow/dags/main.py
[2026-09-27T16:29:32.640+0000] {processor.py:830} INFO - Processing file /opt/airflow/dags/main.py for tasks to queue
[2026-09-27T16:29:32.642+0000] {logging_mixin.py:188} INFO - [2026-09-27T16:29:32.642+0000] {dagbag.py:545} INFO - Filling up the DagBag from /opt/airflow/dags/main.py
[2026-09-27T16:29:32.694+0000] {logging_mixin.py:188} INFO - [2026-09-27T16:29:32.693+0000] {dagbag.py:355} ERROR - Failed to import: /opt/airflow/dags/main.py
Traceback (most recent call last):
  File "/home/airflow/.local/lib/python3.10/site-packages/airflow/models/dagbag.py", line 351, in parse
    loader.exec_module(new_module)
  File "<frozen importlib._bootstrap_external>", line 879, in exec_module
  File "<frozen importlib._bootstrap_external>", line 1017, in get_code
  File "<frozen importlib._bootstrap_external>", line 947, in source_to_code
  File "<frozen importlib._bootstrap>", line 241, in _call_with_frames_removed
  File "/opt/airflow/dags/main.py", line 9
    staging_schema = staging.
                             ^
SyntaxError: invalid syntax
[2026-09-27T16:29:32.697+0000] {processor.py:842} WARNING - No viable dags retrieved from /opt/airflow/dags/main.py
[2026-09-27T16:29:32.723+0000] {processor.py:183} INFO - Processing /opt/airflow/dags/main.py took 0.093 seconds
[2026-09-27T16:29:36.823+0000] {processor.py:161} INFO - Started process (PID=1286) to work on /opt/airflow/dags/main.py
[2026-09-27T16:29:36.825+0000] {processor.py:830} INFO - Processing file /opt/airflow/dags/main.py for tasks to queue
[2026-09-27T16:29:36.828+0000] {logging_mixin.py:188} INFO - [2026-09-27T16:29:36.827+0000] {dagbag.py:545} INFO - Filling up the DagBag from /opt/airflow/dags/main.py
[2026-09-27T16:29:37.095+0000] {logging_mixin.py:188} INFO - [2026-09-27T16:29:37.079+0000] {dagbag.py:355} ERROR - Failed to import: /opt/airflow/dags/main.py
Traceback (most recent call last):
  File "/home/airflow/.local/lib/python3.10/site-packages/airflow/models/dagbag.py", line 351, in parse
    loader.exec_module(new_module)
  File "<frozen importlib._bootstrap_external>", line 883, in exec_module
  File "<frozen importlib._bootstrap>", line 241, in _call_with_frames_removed
  File "/opt/airflow/dags/main.py", line 6, in <module>
    from dags.dataquality.soda import yt_elt_data_quality
ModuleNotFoundError: No module named 'dags'
[2026-09-27T16:29:37.100+0000] {processor.py:842} WARNING - No viable dags retrieved from /opt/airflow/dags/main.py
[2026-09-27T16:29:37.121+0000] {processor.py:183} INFO - Processing /opt/airflow/dags/main.py took 0.311 seconds
[2026-09-27T16:29:48.895+0000] {processor.py:161} INFO - Started process (PID=1293) to work on /opt/airflow/dags/main.py
[2026-09-27T16:29:48.898+0000] {processor.py:830} INFO - Processing file /opt/airflow/dags/main.py for tasks to queue
[2026-09-27T16:29:48.900+0000] {logging_mixin.py:188} INFO - [2026-09-27T16:29:48.900+0000] {dagbag.py:545} INFO - Filling up the DagBag from /opt/airflow/dags/main.py
[2026-09-27T16:29:49.173+0000] {logging_mixin.py:188} INFO - [2026-09-27T16:29:49.164+0000] {dagbag.py:355} ERROR - Failed to import: /opt/airflow/dags/main.py
Traceback (most recent call last):
  File "/home/airflow/.local/lib/python3.10/site-packages/airflow/models/dagbag.py", line 351, in parse
    loader.exec_module(new_module)
  File "<frozen importlib._bootstrap_external>", line 883, in exec_module
  File "<frozen importlib._bootstrap>", line 241, in _call_with_frames_removed
  File "/opt/airflow/dags/main.py", line 6, in <module>
    from dags.dataquality.soda import yt_elt_data_quality
ModuleNotFoundError: No module named 'dags'
[2026-09-27T16:29:49.176+0000] {processor.py:842} WARNING - No viable dags retrieved from /opt/airflow/dags/main.py
[2026-09-27T16:29:49.198+0000] {processor.py:183} INFO - Processing /opt/airflow/dags/main.py took 0.310 seconds
[2026-09-27T16:29:54.035+0000] {processor.py:161} INFO - Started process (PID=1294) to work on /opt/airflow/dags/main.py
[2026-09-27T16:29:54.038+0000] {processor.py:830} INFO - Processing file /opt/airflow/dags/main.py for tasks to queue
[2026-09-27T16:29:54.040+0000] {logging_mixin.py:188} INFO - [2026-09-27T16:29:54.040+0000] {dagbag.py:545} INFO - Filling up the DagBag from /opt/airflow/dags/main.py
[2026-09-27T16:29:54.091+0000] {logging_mixin.py:188} INFO - [2026-09-27T16:29:54.090+0000] {dagbag.py:355} ERROR - Failed to import: /opt/airflow/dags/main.py
Traceback (most recent call last):
  File "/home/airflow/.local/lib/python3.10/site-packages/airflow/models/dagbag.py", line 351, in parse
    loader.exec_module(new_module)
  File "<frozen importlib._bootstrap_external>", line 879, in exec_module
  File "<frozen importlib._bootstrap_external>", line 1017, in get_code
  File "<frozen importlib._bootstrap_external>", line 947, in source_to_code
  File "<frozen importlib._bootstrap>", line 241, in _call_with_frames_removed
  File "/opt/airflow/dags/main.py", line 10
    core_schema = 
                  ^
SyntaxError: invalid syntax
[2026-09-27T16:29:54.093+0000] {processor.py:842} WARNING - No viable dags retrieved from /opt/airflow/dags/main.py
[2026-09-27T16:29:54.115+0000] {processor.py:183} INFO - Processing /opt/airflow/dags/main.py took 0.087 seconds
[2026-09-27T16:29:57.259+0000] {processor.py:161} INFO - Started process (PID=1295) to work on /opt/airflow/dags/main.py
[2026-09-27T16:29:57.263+0000] {processor.py:830} INFO - Processing file /opt/airflow/dags/main.py for tasks to queue
[2026-09-27T16:29:57.268+0000] {logging_mixin.py:188} INFO - [2026-09-27T16:29:57.267+0000] {dagbag.py:545} INFO - Filling up the DagBag from /opt/airflow/dags/main.py
[2026-09-27T16:29:57.759+0000] {logging_mixin.py:188} INFO - [2026-09-27T16:29:57.747+0000] {dagbag.py:355} ERROR - Failed to import: /opt/airflow/dags/main.py
Traceback (most recent call last):
  File "/home/airflow/.local/lib/python3.10/site-packages/airflow/models/dagbag.py", line 351, in parse
    loader.exec_module(new_module)
  File "<frozen importlib._bootstrap_external>", line 883, in exec_module
  File "<frozen importlib._bootstrap>", line 241, in _call_with_frames_removed
  File "/opt/airflow/dags/main.py", line 6, in <module>
    from dags.dataquality.soda import yt_elt_data_quality
ModuleNotFoundError: No module named 'dags'
[2026-09-27T16:29:57.765+0000] {processor.py:842} WARNING - No viable dags retrieved from /opt/airflow/dags/main.py
[2026-09-27T16:29:57.819+0000] {processor.py:183} INFO - Processing /opt/airflow/dags/main.py took 0.583 seconds
[2026-09-27T16:30:15.115+0000] {processor.py:161} INFO - Started process (PID=1296) to work on /opt/airflow/dags/main.py
[2026-09-27T16:30:15.119+0000] {processor.py:830} INFO - Processing file /opt/airflow/dags/main.py for tasks to queue
[2026-09-27T16:30:15.122+0000] {logging_mixin.py:188} INFO - [2026-09-27T16:30:15.121+0000] {dagbag.py:545} INFO - Filling up the DagBag from /opt/airflow/dags/main.py
[2026-09-27T16:30:15.444+0000] {logging_mixin.py:188} INFO - [2026-09-27T16:30:15.435+0000] {dagbag.py:355} ERROR - Failed to import: /opt/airflow/dags/main.py
Traceback (most recent call last):
  File "/home/airflow/.local/lib/python3.10/site-packages/airflow/models/dagbag.py", line 351, in parse
    loader.exec_module(new_module)
  File "<frozen importlib._bootstrap_external>", line 883, in exec_module
  File "<frozen importlib._bootstrap>", line 241, in _call_with_frames_removed
  File "/opt/airflow/dags/main.py", line 6, in <module>
    from dags.dataquality.soda import yt_elt_data_quality
ModuleNotFoundError: No module named 'dags'
[2026-09-27T16:30:15.450+0000] {processor.py:842} WARNING - No viable dags retrieved from /opt/airflow/dags/main.py
[2026-09-27T16:30:15.472+0000] {processor.py:183} INFO - Processing /opt/airflow/dags/main.py took 0.367 seconds
[2026-09-27T16:30:19.543+0000] {processor.py:161} INFO - Started process (PID=1303) to work on /opt/airflow/dags/main.py
[2026-09-27T16:30:19.546+0000] {processor.py:830} INFO - Processing file /opt/airflow/dags/main.py for tasks to queue
[2026-09-27T16:30:19.551+0000] {logging_mixin.py:188} INFO - [2026-09-27T16:30:19.550+0000] {dagbag.py:545} INFO - Filling up the DagBag from /opt/airflow/dags/main.py
[2026-09-27T16:30:19.929+0000] {logging_mixin.py:188} INFO - [2026-09-27T16:30:19.917+0000] {dagbag.py:355} ERROR - Failed to import: /opt/airflow/dags/main.py
Traceback (most recent call last):
  File "/home/airflow/.local/lib/python3.10/site-packages/airflow/models/dagbag.py", line 351, in parse
    loader.exec_module(new_module)
  File "<frozen importlib._bootstrap_external>", line 883, in exec_module
  File "<frozen importlib._bootstrap>", line 241, in _call_with_frames_removed
  File "/opt/airflow/dags/main.py", line 6, in <module>
    from dags.dataquality.soda import yt_elt_data_quality
ModuleNotFoundError: No module named 'dags'
[2026-09-27T16:30:19.936+0000] {processor.py:842} WARNING - No viable dags retrieved from /opt/airflow/dags/main.py
[2026-09-27T16:30:20.012+0000] {processor.py:183} INFO - Processing /opt/airflow/dags/main.py took 0.477 seconds
[2026-09-27T16:30:24.199+0000] {processor.py:161} INFO - Started process (PID=1304) to work on /opt/airflow/dags/main.py
[2026-09-27T16:30:24.202+0000] {processor.py:830} INFO - Processing file /opt/airflow/dags/main.py for tasks to queue
[2026-09-27T16:30:24.205+0000] {logging_mixin.py:188} INFO - [2026-09-27T16:30:24.205+0000] {dagbag.py:545} INFO - Filling up the DagBag from /opt/airflow/dags/main.py
[2026-09-27T16:30:24.533+0000] {logging_mixin.py:188} INFO - [2026-09-27T16:30:24.503+0000] {dagbag.py:355} ERROR - Failed to import: /opt/airflow/dags/main.py
Traceback (most recent call last):
  File "/home/airflow/.local/lib/python3.10/site-packages/airflow/models/dagbag.py", line 351, in parse
    loader.exec_module(new_module)
  File "<frozen importlib._bootstrap_external>", line 883, in exec_module
  File "<frozen importlib._bootstrap>", line 241, in _call_with_frames_removed
  File "/opt/airflow/dags/main.py", line 6, in <module>
    from dags.dataquality.soda import yt_elt_data_quality
ModuleNotFoundError: No module named 'dags'
[2026-09-27T16:30:24.544+0000] {processor.py:842} WARNING - No viable dags retrieved from /opt/airflow/dags/main.py
[2026-09-27T16:30:24.653+0000] {processor.py:183} INFO - Processing /opt/airflow/dags/main.py took 0.468 seconds
[2026-09-27T16:30:54.989+0000] {processor.py:161} INFO - Started process (PID=1311) to work on /opt/airflow/dags/main.py
[2026-09-27T16:30:54.992+0000] {processor.py:830} INFO - Processing file /opt/airflow/dags/main.py for tasks to queue
[2026-09-27T16:30:54.995+0000] {logging_mixin.py:188} INFO - [2026-09-27T16:30:54.994+0000] {dagbag.py:545} INFO - Filling up the DagBag from /opt/airflow/dags/main.py
[2026-09-27T16:30:55.236+0000] {logging_mixin.py:188} INFO - [2026-09-27T16:30:55.227+0000] {dagbag.py:355} ERROR - Failed to import: /opt/airflow/dags/main.py
Traceback (most recent call last):
  File "/home/airflow/.local/lib/python3.10/site-packages/airflow/models/dagbag.py", line 351, in parse
    loader.exec_module(new_module)
  File "<frozen importlib._bootstrap_external>", line 883, in exec_module
  File "<frozen importlib._bootstrap>", line 241, in _call_with_frames_removed
  File "/opt/airflow/dags/main.py", line 6, in <module>
    from dags.dataquality.soda import yt_elt_data_quality
ModuleNotFoundError: No module named 'dags'
[2026-09-27T16:30:55.240+0000] {processor.py:842} WARNING - No viable dags retrieved from /opt/airflow/dags/main.py
[2026-09-27T16:30:55.268+0000] {processor.py:183} INFO - Processing /opt/airflow/dags/main.py took 0.284 seconds
[2026-09-27T16:31:25.579+0000] {processor.py:161} INFO - Started process (PID=1317) to work on /opt/airflow/dags/main.py
[2026-09-27T16:31:25.582+0000] {processor.py:830} INFO - Processing file /opt/airflow/dags/main.py for tasks to queue
[2026-09-27T16:31:25.586+0000] {logging_mixin.py:188} INFO - [2026-09-27T16:31:25.585+0000] {dagbag.py:545} INFO - Filling up the DagBag from /opt/airflow/dags/main.py
[2026-09-27T16:31:26.062+0000] {processor.py:840} INFO - DAG(s) 'update_db', 'data_quality_check' retrieved from /opt/airflow/dags/main.py
[2026-09-27T16:31:26.211+0000] {logging_mixin.py:188} INFO - [2026-09-27T16:31:26.211+0000] {dag.py:3096} INFO - Sync 2 DAGs
[2026-09-27T16:31:26.232+0000] {logging_mixin.py:188} INFO - [2026-09-27T16:31:26.232+0000] {dag.py:3954} INFO - Setting next_dagrun for data_quality_check to 2026-09-26 12:00:00+00:00, run_after=2026-09-27 12:00:00+00:00
[2026-09-27T16:31:26.239+0000] {logging_mixin.py:188} INFO - [2026-09-27T16:31:26.239+0000] {dag.py:3954} INFO - Setting next_dagrun for update_db to 2026-09-26 12:00:00+00:00, run_after=2026-09-27 12:00:00+00:00
[2026-09-27T16:31:26.278+0000] {processor.py:183} INFO - Processing /opt/airflow/dags/main.py took 0.709 seconds
[2026-09-27T16:31:33.369+0000] {processor.py:161} INFO - Started process (PID=1318) to work on /opt/airflow/dags/main.py
[2026-09-27T16:31:33.372+0000] {processor.py:830} INFO - Processing file /opt/airflow/dags/main.py for tasks to queue
[2026-09-27T16:31:33.379+0000] {logging_mixin.py:188} INFO - [2026-09-27T16:31:33.378+0000] {dagbag.py:545} INFO - Filling up the DagBag from /opt/airflow/dags/main.py
[2026-09-27T16:31:33.431+0000] {logging_mixin.py:188} INFO - [2026-09-27T16:31:33.430+0000] {dagbag.py:355} ERROR - Failed to import: /opt/airflow/dags/main.py
Traceback (most recent call last):
  File "/home/airflow/.local/lib/python3.10/site-packages/airflow/models/dagbag.py", line 351, in parse
    loader.exec_module(new_module)
  File "<frozen importlib._bootstrap_external>", line 879, in exec_module
  File "<frozen importlib._bootstrap_external>", line 1017, in get_code
  File "<frozen importlib._bootstrap_external>", line 947, in source_to_code
  File "<frozen importlib._bootstrap>", line 241, in _call_with_frames_removed
  File "/opt/airflow/dags/main.py", line 6
    from dataquality.soda from 
                          ^^^^
SyntaxError: invalid syntax
[2026-09-27T16:31:33.433+0000] {processor.py:842} WARNING - No viable dags retrieved from /opt/airflow/dags/main.py
[2026-09-27T16:31:33.455+0000] {processor.py:183} INFO - Processing /opt/airflow/dags/main.py took 0.095 seconds
[2026-09-27T16:31:37.461+0000] {processor.py:161} INFO - Started process (PID=1319) to work on /opt/airflow/dags/main.py
[2026-09-27T16:31:37.464+0000] {processor.py:830} INFO - Processing file /opt/airflow/dags/main.py for tasks to queue
[2026-09-27T16:31:37.467+0000] {logging_mixin.py:188} INFO - [2026-09-27T16:31:37.466+0000] {dagbag.py:545} INFO - Filling up the DagBag from /opt/airflow/dags/main.py
[2026-09-27T16:31:37.887+0000] {processor.py:840} INFO - DAG(s) 'data_quality_check', 'update_db' retrieved from /opt/airflow/dags/main.py
[2026-09-27T16:31:37.911+0000] {logging_mixin.py:188} INFO - [2026-09-27T16:31:37.910+0000] {dag.py:3096} INFO - Sync 2 DAGs
[2026-09-27T16:31:37.978+0000] {logging_mixin.py:188} INFO - [2026-09-27T16:31:37.977+0000] {dag.py:3954} INFO - Setting next_dagrun for data_quality_check to 2026-09-26 12:00:00+00:00, run_after=2026-09-27 12:00:00+00:00
[2026-09-27T16:31:37.992+0000] {logging_mixin.py:188} INFO - [2026-09-27T16:31:37.992+0000] {dag.py:3954} INFO - Setting next_dagrun for update_db to 2026-09-26 12:00:00+00:00, run_after=2026-09-27 12:00:00+00:00
[2026-09-27T16:31:38.052+0000] {processor.py:183} INFO - Processing /opt/airflow/dags/main.py took 0.598 seconds
[2026-09-27T16:32:08.468+0000] {processor.py:161} INFO - Started process (PID=1326) to work on /opt/airflow/dags/main.py
[2026-09-27T16:32:08.472+0000] {processor.py:830} INFO - Processing file /opt/airflow/dags/main.py for tasks to queue
[2026-09-27T16:32:08.475+0000] {logging_mixin.py:188} INFO - [2026-09-27T16:32:08.475+0000] {dagbag.py:545} INFO - Filling up the DagBag from /opt/airflow/dags/main.py
[2026-09-27T16:32:08.769+0000] {processor.py:840} INFO - DAG(s) 'update_db', 'data_quality_check' retrieved from /opt/airflow/dags/main.py
[2026-09-27T16:32:08.803+0000] {logging_mixin.py:188} INFO - [2026-09-27T16:32:08.803+0000] {dag.py:3096} INFO - Sync 2 DAGs
[2026-09-27T16:32:08.830+0000] {logging_mixin.py:188} INFO - [2026-09-27T16:32:08.830+0000] {dag.py:3954} INFO - Setting next_dagrun for data_quality_check to 2026-09-27 12:00:00+00:00, run_after=2026-09-28 12:00:00+00:00
[2026-09-27T16:32:08.838+0000] {logging_mixin.py:188} INFO - [2026-09-27T16:32:08.838+0000] {dag.py:3954} INFO - Setting next_dagrun for update_db to 2026-09-26 12:00:00+00:00, run_after=2026-09-27 12:00:00+00:00
[2026-09-27T16:32:08.862+0000] {processor.py:183} INFO - Processing /opt/airflow/dags/main.py took 0.405 seconds
[2026-09-27T16:32:39.082+0000] {processor.py:161} INFO - Started process (PID=1333) to work on /opt/airflow/dags/main.py
[2026-09-27T16:32:39.085+0000] {processor.py:830} INFO - Processing file /opt/airflow/dags/main.py for tasks to queue
[2026-09-27T16:32:39.087+0000] {logging_mixin.py:188} INFO - [2026-09-27T16:32:39.087+0000] {dagbag.py:545} INFO - Filling up the DagBag from /opt/airflow/dags/main.py
[2026-09-27T16:32:39.382+0000] {processor.py:840} INFO - DAG(s) 'data_quality_check', 'update_db' retrieved from /opt/airflow/dags/main.py
[2026-09-27T16:32:39.479+0000] {logging_mixin.py:188} INFO - [2026-09-27T16:32:39.479+0000] {dag.py:3096} INFO - Sync 2 DAGs
[2026-09-27T16:32:39.502+0000] {logging_mixin.py:188} INFO - [2026-09-27T16:32:39.502+0000] {dag.py:3954} INFO - Setting next_dagrun for data_quality_check to 2026-09-27 12:00:00+00:00, run_after=2026-09-28 12:00:00+00:00
[2026-09-27T16:32:39.508+0000] {logging_mixin.py:188} INFO - [2026-09-27T16:32:39.507+0000] {dag.py:3954} INFO - Setting next_dagrun for update_db to 2026-09-26 12:00:00+00:00, run_after=2026-09-27 12:00:00+00:00
[2026-09-27T16:32:39.527+0000] {processor.py:183} INFO - Processing /opt/airflow/dags/main.py took 0.451 seconds
[2026-09-27T16:33:10.121+0000] {processor.py:161} INFO - Started process (PID=1340) to work on /opt/airflow/dags/main.py
[2026-09-27T16:33:10.134+0000] {processor.py:830} INFO - Processing file /opt/airflow/dags/main.py for tasks to queue
[2026-09-27T16:33:10.149+0000] {logging_mixin.py:188} INFO - [2026-09-27T16:33:10.145+0000] {dagbag.py:545} INFO - Filling up the DagBag from /opt/airflow/dags/main.py
[2026-09-27T16:33:10.743+0000] {processor.py:840} INFO - DAG(s) 'update_db', 'data_quality_check' retrieved from /opt/airflow/dags/main.py
[2026-09-27T16:33:10.801+0000] {logging_mixin.py:188} INFO - [2026-09-27T16:33:10.801+0000] {dag.py:3096} INFO - Sync 2 DAGs
[2026-09-27T16:33:10.831+0000] {logging_mixin.py:188} INFO - [2026-09-27T16:33:10.831+0000] {dag.py:3954} INFO - Setting next_dagrun for data_quality_check to 2026-09-27 12:00:00+00:00, run_after=2026-09-28 12:00:00+00:00
[2026-09-27T16:33:10.841+0000] {logging_mixin.py:188} INFO - [2026-09-27T16:33:10.841+0000] {dag.py:3954} INFO - Setting next_dagrun for update_db to 2026-09-26 12:00:00+00:00, run_after=2026-09-27 12:00:00+00:00
[2026-09-27T16:33:10.876+0000] {processor.py:183} INFO - Processing /opt/airflow/dags/main.py took 0.815 seconds
[2026-09-27T16:33:41.213+0000] {processor.py:161} INFO - Started process (PID=1347) to work on /opt/airflow/dags/main.py
[2026-09-27T16:33:41.216+0000] {processor.py:830} INFO - Processing file /opt/airflow/dags/main.py for tasks to queue
[2026-09-27T16:33:41.218+0000] {logging_mixin.py:188} INFO - [2026-09-27T16:33:41.217+0000] {dagbag.py:545} INFO - Filling up the DagBag from /opt/airflow/dags/main.py
[2026-09-27T16:33:41.533+0000] {processor.py:840} INFO - DAG(s) 'update_db', 'data_quality_check' retrieved from /opt/airflow/dags/main.py
[2026-09-27T16:33:41.629+0000] {logging_mixin.py:188} INFO - [2026-09-27T16:33:41.629+0000] {dag.py:3096} INFO - Sync 2 DAGs
[2026-09-27T16:33:41.650+0000] {logging_mixin.py:188} INFO - [2026-09-27T16:33:41.650+0000] {dag.py:3954} INFO - Setting next_dagrun for data_quality_check to 2026-09-27 12:00:00+00:00, run_after=2026-09-28 12:00:00+00:00
[2026-09-27T16:33:41.656+0000] {logging_mixin.py:188} INFO - [2026-09-27T16:33:41.656+0000] {dag.py:3954} INFO - Setting next_dagrun for update_db to 2026-09-26 12:00:00+00:00, run_after=2026-09-27 12:00:00+00:00
[2026-09-27T16:33:41.678+0000] {processor.py:183} INFO - Processing /opt/airflow/dags/main.py took 0.471 seconds
[2026-09-27T16:34:12.027+0000] {processor.py:161} INFO - Started process (PID=1354) to work on /opt/airflow/dags/main.py
[2026-09-27T16:34:12.030+0000] {processor.py:830} INFO - Processing file /opt/airflow/dags/main.py for tasks to queue
[2026-09-27T16:34:12.033+0000] {logging_mixin.py:188} INFO - [2026-09-27T16:34:12.033+0000] {dagbag.py:545} INFO - Filling up the DagBag from /opt/airflow/dags/main.py
[2026-09-27T16:34:12.373+0000] {processor.py:840} INFO - DAG(s) 'data_quality_check', 'update_db' retrieved from /opt/airflow/dags/main.py
[2026-09-27T16:34:12.481+0000] {logging_mixin.py:188} INFO - [2026-09-27T16:34:12.481+0000] {dag.py:3096} INFO - Sync 2 DAGs
[2026-09-27T16:34:12.512+0000] {logging_mixin.py:188} INFO - [2026-09-27T16:34:12.510+0000] {dag.py:3954} INFO - Setting next_dagrun for data_quality_check to 2026-09-27 12:00:00+00:00, run_after=2026-09-28 12:00:00+00:00
[2026-09-27T16:34:12.526+0000] {logging_mixin.py:188} INFO - [2026-09-27T16:34:12.525+0000] {dag.py:3954} INFO - Setting next_dagrun for update_db to 2026-09-26 12:00:00+00:00, run_after=2026-09-27 12:00:00+00:00
[2026-09-27T16:34:12.575+0000] {processor.py:183} INFO - Processing /opt/airflow/dags/main.py took 0.556 seconds
[2026-09-27T16:34:43.289+0000] {processor.py:161} INFO - Started process (PID=1361) to work on /opt/airflow/dags/main.py
[2026-09-27T16:34:43.293+0000] {processor.py:830} INFO - Processing file /opt/airflow/dags/main.py for tasks to queue
[2026-09-27T16:34:43.297+0000] {logging_mixin.py:188} INFO - [2026-09-27T16:34:43.296+0000] {dagbag.py:545} INFO - Filling up the DagBag from /opt/airflow/dags/main.py
[2026-09-27T16:34:43.717+0000] {processor.py:840} INFO - DAG(s) 'data_quality_check', 'update_db' retrieved from /opt/airflow/dags/main.py
[2026-09-27T16:34:44.022+0000] {logging_mixin.py:188} INFO - [2026-09-27T16:34:44.020+0000] {dag.py:3096} INFO - Sync 2 DAGs
[2026-09-27T16:34:44.334+0000] {logging_mixin.py:188} INFO - [2026-09-27T16:34:44.332+0000] {dag.py:3954} INFO - Setting next_dagrun for data_quality_check to 2026-09-27 12:00:00+00:00, run_after=2026-09-28 12:00:00+00:00
[2026-09-27T16:34:44.365+0000] {logging_mixin.py:188} INFO - [2026-09-27T16:34:44.364+0000] {dag.py:3954} INFO - Setting next_dagrun for update_db to 2026-09-26 12:00:00+00:00, run_after=2026-09-27 12:00:00+00:00
[2026-09-27T16:34:44.413+0000] {processor.py:183} INFO - Processing /opt/airflow/dags/main.py took 1.135 seconds
[2026-09-27T16:35:15.188+0000] {processor.py:161} INFO - Started process (PID=1368) to work on /opt/airflow/dags/main.py
[2026-09-27T16:35:15.191+0000] {processor.py:830} INFO - Processing file /opt/airflow/dags/main.py for tasks to queue
[2026-09-27T16:35:15.194+0000] {logging_mixin.py:188} INFO - [2026-09-27T16:35:15.194+0000] {dagbag.py:545} INFO - Filling up the DagBag from /opt/airflow/dags/main.py
[2026-09-27T16:35:15.456+0000] {processor.py:840} INFO - DAG(s) 'update_db', 'data_quality_check' retrieved from /opt/airflow/dags/main.py
[2026-09-27T16:35:15.495+0000] {logging_mixin.py:188} INFO - [2026-09-27T16:35:15.494+0000] {dag.py:3096} INFO - Sync 2 DAGs
[2026-09-27T16:35:15.522+0000] {logging_mixin.py:188} INFO - [2026-09-27T16:35:15.521+0000] {dag.py:3954} INFO - Setting next_dagrun for data_quality_check to 2026-09-27 12:00:00+00:00, run_after=2026-09-28 12:00:00+00:00
[2026-09-27T16:35:15.529+0000] {logging_mixin.py:188} INFO - [2026-09-27T16:35:15.529+0000] {dag.py:3954} INFO - Setting next_dagrun for update_db to 2026-09-26 12:00:00+00:00, run_after=2026-09-27 12:00:00+00:00
[2026-09-27T16:35:15.554+0000] {processor.py:183} INFO - Processing /opt/airflow/dags/main.py took 0.376 seconds
[2026-09-27T16:35:45.847+0000] {processor.py:161} INFO - Started process (PID=1375) to work on /opt/airflow/dags/main.py
[2026-09-27T16:35:45.850+0000] {processor.py:830} INFO - Processing file /opt/airflow/dags/main.py for tasks to queue
[2026-09-27T16:35:45.853+0000] {logging_mixin.py:188} INFO - [2026-09-27T16:35:45.852+0000] {dagbag.py:545} INFO - Filling up the DagBag from /opt/airflow/dags/main.py
[2026-09-27T16:35:46.129+0000] {processor.py:840} INFO - DAG(s) 'update_db', 'data_quality_check' retrieved from /opt/airflow/dags/main.py
[2026-09-27T16:35:46.165+0000] {logging_mixin.py:188} INFO - [2026-09-27T16:35:46.164+0000] {dag.py:3096} INFO - Sync 2 DAGs
[2026-09-27T16:35:46.187+0000] {logging_mixin.py:188} INFO - [2026-09-27T16:35:46.187+0000] {dag.py:3954} INFO - Setting next_dagrun for data_quality_check to 2026-09-27 12:00:00+00:00, run_after=2026-09-28 12:00:00+00:00
[2026-09-27T16:35:46.193+0000] {logging_mixin.py:188} INFO - [2026-09-27T16:35:46.193+0000] {dag.py:3954} INFO - Setting next_dagrun for update_db to 2026-09-26 12:00:00+00:00, run_after=2026-09-27 12:00:00+00:00
[2026-09-27T16:35:46.213+0000] {processor.py:183} INFO - Processing /opt/airflow/dags/main.py took 0.373 seconds
[2026-09-27T16:36:16.560+0000] {processor.py:161} INFO - Started process (PID=1382) to work on /opt/airflow/dags/main.py
[2026-09-27T16:36:16.563+0000] {processor.py:830} INFO - Processing file /opt/airflow/dags/main.py for tasks to queue
[2026-09-27T16:36:16.567+0000] {logging_mixin.py:188} INFO - [2026-09-27T16:36:16.566+0000] {dagbag.py:545} INFO - Filling up the DagBag from /opt/airflow/dags/main.py
[2026-09-27T16:36:16.927+0000] {processor.py:840} INFO - DAG(s) 'update_db', 'data_quality_check' retrieved from /opt/airflow/dags/main.py
[2026-09-27T16:36:17.006+0000] {logging_mixin.py:188} INFO - [2026-09-27T16:36:17.006+0000] {dag.py:3096} INFO - Sync 2 DAGs
[2026-09-27T16:36:17.068+0000] {logging_mixin.py:188} INFO - [2026-09-27T16:36:17.068+0000] {dag.py:3954} INFO - Setting next_dagrun for data_quality_check to 2026-09-27 12:00:00+00:00, run_after=2026-09-28 12:00:00+00:00
[2026-09-27T16:36:17.082+0000] {logging_mixin.py:188} INFO - [2026-09-27T16:36:17.082+0000] {dag.py:3954} INFO - Setting next_dagrun for update_db to 2026-09-26 12:00:00+00:00, run_after=2026-09-27 12:00:00+00:00
[2026-09-27T16:36:17.125+0000] {processor.py:183} INFO - Processing /opt/airflow/dags/main.py took 0.571 seconds
[2026-09-27T16:36:47.395+0000] {processor.py:161} INFO - Started process (PID=1389) to work on /opt/airflow/dags/main.py
[2026-09-27T16:36:47.398+0000] {processor.py:830} INFO - Processing file /opt/airflow/dags/main.py for tasks to queue
[2026-09-27T16:36:47.400+0000] {logging_mixin.py:188} INFO - [2026-09-27T16:36:47.399+0000] {dagbag.py:545} INFO - Filling up the DagBag from /opt/airflow/dags/main.py
[2026-09-27T16:36:47.671+0000] {processor.py:840} INFO - DAG(s) 'data_quality_check', 'update_db' retrieved from /opt/airflow/dags/main.py
[2026-09-27T16:36:47.723+0000] {logging_mixin.py:188} INFO - [2026-09-27T16:36:47.722+0000] {dag.py:3096} INFO - Sync 2 DAGs
[2026-09-27T16:36:47.763+0000] {logging_mixin.py:188} INFO - [2026-09-27T16:36:47.763+0000] {dag.py:3954} INFO - Setting next_dagrun for data_quality_check to 2026-09-27 12:00:00+00:00, run_after=2026-09-28 12:00:00+00:00
[2026-09-27T16:36:47.773+0000] {logging_mixin.py:188} INFO - [2026-09-27T16:36:47.773+0000] {dag.py:3954} INFO - Setting next_dagrun for update_db to 2026-09-26 12:00:00+00:00, run_after=2026-09-27 12:00:00+00:00
[2026-09-27T16:36:47.803+0000] {processor.py:183} INFO - Processing /opt/airflow/dags/main.py took 0.414 seconds
[2026-09-27T16:37:18.210+0000] {processor.py:161} INFO - Started process (PID=1397) to work on /opt/airflow/dags/main.py
[2026-09-27T16:37:18.216+0000] {processor.py:830} INFO - Processing file /opt/airflow/dags/main.py for tasks to queue
[2026-09-27T16:37:18.220+0000] {logging_mixin.py:188} INFO - [2026-09-27T16:37:18.219+0000] {dagbag.py:545} INFO - Filling up the DagBag from /opt/airflow/dags/main.py
[2026-09-27T16:37:18.772+0000] {processor.py:840} INFO - DAG(s) 'data_quality_check', 'update_db' retrieved from /opt/airflow/dags/main.py
[2026-09-27T16:37:18.878+0000] {logging_mixin.py:188} INFO - [2026-09-27T16:37:18.877+0000] {dag.py:3096} INFO - Sync 2 DAGs
[2026-09-27T16:37:18.981+0000] {logging_mixin.py:188} INFO - [2026-09-27T16:37:18.981+0000] {dag.py:3954} INFO - Setting next_dagrun for data_quality_check to 2026-09-27 12:00:00+00:00, run_after=2026-09-28 12:00:00+00:00
[2026-09-27T16:37:18.997+0000] {logging_mixin.py:188} INFO - [2026-09-27T16:37:18.997+0000] {dag.py:3954} INFO - Setting next_dagrun for update_db to 2026-09-26 12:00:00+00:00, run_after=2026-09-27 12:00:00+00:00
[2026-09-27T16:37:19.037+0000] {processor.py:183} INFO - Processing /opt/airflow/dags/main.py took 0.844 seconds
[2026-09-27T16:37:49.142+0000] {processor.py:161} INFO - Started process (PID=1404) to work on /opt/airflow/dags/main.py
[2026-09-27T16:37:49.147+0000] {processor.py:830} INFO - Processing file /opt/airflow/dags/main.py for tasks to queue
[2026-09-27T16:37:49.152+0000] {logging_mixin.py:188} INFO - [2026-09-27T16:37:49.151+0000] {dagbag.py:545} INFO - Filling up the DagBag from /opt/airflow/dags/main.py
[2026-09-27T16:37:49.598+0000] {processor.py:840} INFO - DAG(s) 'update_db', 'data_quality_check' retrieved from /opt/airflow/dags/main.py
[2026-09-27T16:37:49.727+0000] {logging_mixin.py:188} INFO - [2026-09-27T16:37:49.725+0000] {dag.py:3096} INFO - Sync 2 DAGs
[2026-09-27T16:37:49.810+0000] {logging_mixin.py:188} INFO - [2026-09-27T16:37:49.809+0000] {dag.py:3954} INFO - Setting next_dagrun for data_quality_check to 2026-09-27 12:00:00+00:00, run_after=2026-09-28 12:00:00+00:00
[2026-09-27T16:37:49.831+0000] {logging_mixin.py:188} INFO - [2026-09-27T16:37:49.831+0000] {dag.py:3954} INFO - Setting next_dagrun for update_db to 2026-09-26 12:00:00+00:00, run_after=2026-09-27 12:00:00+00:00
[2026-09-27T16:37:49.910+0000] {processor.py:183} INFO - Processing /opt/airflow/dags/main.py took 0.787 seconds
[2026-09-27T16:38:20.447+0000] {processor.py:161} INFO - Started process (PID=1417) to work on /opt/airflow/dags/main.py
[2026-09-27T16:38:20.456+0000] {processor.py:830} INFO - Processing file /opt/airflow/dags/main.py for tasks to queue
[2026-09-27T16:38:20.461+0000] {logging_mixin.py:188} INFO - [2026-09-27T16:38:20.460+0000] {dagbag.py:545} INFO - Filling up the DagBag from /opt/airflow/dags/main.py
[2026-09-27T16:38:20.881+0000] {processor.py:840} INFO - DAG(s) 'data_quality_check', 'update_db' retrieved from /opt/airflow/dags/main.py
[2026-09-27T16:38:20.929+0000] {logging_mixin.py:188} INFO - [2026-09-27T16:38:20.929+0000] {dag.py:3096} INFO - Sync 2 DAGs
[2026-09-27T16:38:20.960+0000] {logging_mixin.py:188} INFO - [2026-09-27T16:38:20.960+0000] {dag.py:3954} INFO - Setting next_dagrun for data_quality_check to 2026-09-27 12:00:00+00:00, run_after=2026-09-28 12:00:00+00:00
[2026-09-27T16:38:20.971+0000] {logging_mixin.py:188} INFO - [2026-09-27T16:38:20.971+0000] {dag.py:3954} INFO - Setting next_dagrun for update_db to 2026-09-26 12:00:00+00:00, run_after=2026-09-27 12:00:00+00:00
[2026-09-27T16:38:21.027+0000] {processor.py:183} INFO - Processing /opt/airflow/dags/main.py took 0.601 seconds
[2026-09-27T16:38:51.162+0000] {processor.py:161} INFO - Started process (PID=1424) to work on /opt/airflow/dags/main.py
[2026-09-27T16:38:51.165+0000] {processor.py:830} INFO - Processing file /opt/airflow/dags/main.py for tasks to queue
[2026-09-27T16:38:51.172+0000] {logging_mixin.py:188} INFO - [2026-09-27T16:38:51.171+0000] {dagbag.py:545} INFO - Filling up the DagBag from /opt/airflow/dags/main.py
[2026-09-27T16:38:51.557+0000] {processor.py:840} INFO - DAG(s) 'update_db', 'data_quality_check' retrieved from /opt/airflow/dags/main.py
[2026-09-27T16:38:51.598+0000] {logging_mixin.py:188} INFO - [2026-09-27T16:38:51.597+0000] {dag.py:3096} INFO - Sync 2 DAGs
[2026-09-27T16:38:51.645+0000] {logging_mixin.py:188} INFO - [2026-09-27T16:38:51.644+0000] {dag.py:3954} INFO - Setting next_dagrun for data_quality_check to 2026-09-27 12:00:00+00:00, run_after=2026-09-28 12:00:00+00:00
[2026-09-27T16:38:51.659+0000] {logging_mixin.py:188} INFO - [2026-09-27T16:38:51.659+0000] {dag.py:3954} INFO - Setting next_dagrun for update_db to 2026-09-26 12:00:00+00:00, run_after=2026-09-27 12:00:00+00:00
[2026-09-27T16:38:51.690+0000] {processor.py:183} INFO - Processing /opt/airflow/dags/main.py took 0.541 seconds
[2026-09-27T16:39:21.810+0000] {processor.py:161} INFO - Started process (PID=1431) to work on /opt/airflow/dags/main.py
[2026-09-27T16:39:21.813+0000] {processor.py:830} INFO - Processing file /opt/airflow/dags/main.py for tasks to queue
[2026-09-27T16:39:21.815+0000] {logging_mixin.py:188} INFO - [2026-09-27T16:39:21.815+0000] {dagbag.py:545} INFO - Filling up the DagBag from /opt/airflow/dags/main.py
[2026-09-27T16:39:22.142+0000] {processor.py:840} INFO - DAG(s) 'update_db', 'data_quality_check' retrieved from /opt/airflow/dags/main.py
[2026-09-27T16:39:22.170+0000] {logging_mixin.py:188} INFO - [2026-09-27T16:39:22.170+0000] {dag.py:3096} INFO - Sync 2 DAGs
[2026-09-27T16:39:22.191+0000] {logging_mixin.py:188} INFO - [2026-09-27T16:39:22.191+0000] {dag.py:3954} INFO - Setting next_dagrun for data_quality_check to 2026-09-27 12:00:00+00:00, run_after=2026-09-28 12:00:00+00:00
[2026-09-27T16:39:22.197+0000] {logging_mixin.py:188} INFO - [2026-09-27T16:39:22.197+0000] {dag.py:3954} INFO - Setting next_dagrun for update_db to 2026-09-26 12:00:00+00:00, run_after=2026-09-27 12:00:00+00:00
[2026-09-27T16:39:22.218+0000] {processor.py:183} INFO - Processing /opt/airflow/dags/main.py took 0.424 seconds
[2026-09-27T16:39:53.013+0000] {processor.py:161} INFO - Started process (PID=1438) to work on /opt/airflow/dags/main.py
[2026-09-27T16:39:53.016+0000] {processor.py:830} INFO - Processing file /opt/airflow/dags/main.py for tasks to queue
[2026-09-27T16:39:53.020+0000] {logging_mixin.py:188} INFO - [2026-09-27T16:39:53.019+0000] {dagbag.py:545} INFO - Filling up the DagBag from /opt/airflow/dags/main.py
[2026-09-27T16:39:53.333+0000] {processor.py:840} INFO - DAG(s) 'data_quality_check', 'update_db' retrieved from /opt/airflow/dags/main.py
[2026-09-27T16:39:53.384+0000] {logging_mixin.py:188} INFO - [2026-09-27T16:39:53.384+0000] {dag.py:3096} INFO - Sync 2 DAGs
[2026-09-27T16:39:53.409+0000] {logging_mixin.py:188} INFO - [2026-09-27T16:39:53.408+0000] {dag.py:3954} INFO - Setting next_dagrun for data_quality_check to 2026-09-27 12:00:00+00:00, run_after=2026-09-28 12:00:00+00:00
[2026-09-27T16:39:53.418+0000] {logging_mixin.py:188} INFO - [2026-09-27T16:39:53.418+0000] {dag.py:3954} INFO - Setting next_dagrun for update_db to 2026-09-26 12:00:00+00:00, run_after=2026-09-27 12:00:00+00:00
[2026-09-27T16:39:53.444+0000] {processor.py:183} INFO - Processing /opt/airflow/dags/main.py took 0.438 seconds
[2026-09-27T16:40:23.763+0000] {processor.py:161} INFO - Started process (PID=1445) to work on /opt/airflow/dags/main.py
[2026-09-27T16:40:23.765+0000] {processor.py:830} INFO - Processing file /opt/airflow/dags/main.py for tasks to queue
[2026-09-27T16:40:23.768+0000] {logging_mixin.py:188} INFO - [2026-09-27T16:40:23.767+0000] {dagbag.py:545} INFO - Filling up the DagBag from /opt/airflow/dags/main.py
[2026-09-27T16:40:24.059+0000] {processor.py:840} INFO - DAG(s) 'data_quality_check', 'update_db' retrieved from /opt/airflow/dags/main.py
[2026-09-27T16:40:24.107+0000] {logging_mixin.py:188} INFO - [2026-09-27T16:40:24.106+0000] {dag.py:3096} INFO - Sync 2 DAGs
[2026-09-27T16:40:24.133+0000] {logging_mixin.py:188} INFO - [2026-09-27T16:40:24.132+0000] {dag.py:3954} INFO - Setting next_dagrun for data_quality_check to 2026-09-27 12:00:00+00:00, run_after=2026-09-28 12:00:00+00:00
[2026-09-27T16:40:24.139+0000] {logging_mixin.py:188} INFO - [2026-09-27T16:40:24.139+0000] {dag.py:3954} INFO - Setting next_dagrun for update_db to 2026-09-26 12:00:00+00:00, run_after=2026-09-27 12:00:00+00:00
[2026-09-27T16:40:24.164+0000] {processor.py:183} INFO - Processing /opt/airflow/dags/main.py took 0.411 seconds
