[2026-09-25T13:55:28.203+0000] {processor.py:161} INFO - Started process (PID=65) to work on /opt/airflow/dags/main.py
[2026-09-25T13:55:28.208+0000] {processor.py:830} INFO - Processing file /opt/airflow/dags/main.py for tasks to queue
[2026-09-25T13:55:28.218+0000] {logging_mixin.py:188} INFO - [2026-09-25T13:55:28.217+0000] {dagbag.py:545} INFO - Filling up the DagBag from /opt/airflow/dags/main.py
[2026-09-25T13:55:28.736+0000] {processor.py:840} INFO - DAG(s) 'update_db' retrieved from /opt/airflow/dags/main.py
[2026-09-25T13:55:29.243+0000] {logging_mixin.py:188} INFO - [2026-09-25T13:55:29.243+0000] {dag.py:3096} INFO - Sync 1 DAGs
[2026-09-25T13:55:29.313+0000] {logging_mixin.py:188} INFO - [2026-09-25T13:55:29.312+0000] {dag.py:3954} INFO - Setting next_dagrun for update_db to 2026-09-24 12:00:00+00:00, run_after=2026-09-25 12:00:00+00:00
[2026-09-25T13:55:29.380+0000] {processor.py:183} INFO - Processing /opt/airflow/dags/main.py took 1.196 seconds
[2026-09-25T13:55:59.671+0000] {processor.py:161} INFO - Started process (PID=78) to work on /opt/airflow/dags/main.py
[2026-09-25T13:55:59.675+0000] {processor.py:830} INFO - Processing file /opt/airflow/dags/main.py for tasks to queue
[2026-09-25T13:55:59.681+0000] {logging_mixin.py:188} INFO - [2026-09-25T13:55:59.680+0000] {dagbag.py:545} INFO - Filling up the DagBag from /opt/airflow/dags/main.py
[2026-09-25T13:56:00.375+0000] {processor.py:840} INFO - DAG(s) 'update_db' retrieved from /opt/airflow/dags/main.py
[2026-09-25T13:56:00.486+0000] {logging_mixin.py:188} INFO - [2026-09-25T13:56:00.485+0000] {dag.py:3096} INFO - Sync 1 DAGs
[2026-09-25T13:56:00.543+0000] {logging_mixin.py:188} INFO - [2026-09-25T13:56:00.543+0000] {dag.py:3954} INFO - Setting next_dagrun for update_db to 2026-09-25 12:00:00+00:00, run_after=2026-09-26 12:00:00+00:00
[2026-09-25T13:56:00.620+0000] {processor.py:183} INFO - Processing /opt/airflow/dags/main.py took 0.964 seconds
[2026-09-25T13:56:30.925+0000] {processor.py:161} INFO - Started process (PID=85) to work on /opt/airflow/dags/main.py
[2026-09-25T13:56:30.929+0000] {processor.py:830} INFO - Processing file /opt/airflow/dags/main.py for tasks to queue
[2026-09-25T13:56:30.934+0000] {logging_mixin.py:188} INFO - [2026-09-25T13:56:30.933+0000] {dagbag.py:545} INFO - Filling up the DagBag from /opt/airflow/dags/main.py
[2026-09-25T13:56:31.166+0000] {processor.py:840} INFO - DAG(s) 'update_db' retrieved from /opt/airflow/dags/main.py
[2026-09-25T13:56:31.192+0000] {logging_mixin.py:188} INFO - [2026-09-25T13:56:31.192+0000] {dag.py:3096} INFO - Sync 1 DAGs
[2026-09-25T13:56:31.213+0000] {logging_mixin.py:188} INFO - [2026-09-25T13:56:31.212+0000] {dag.py:3954} INFO - Setting next_dagrun for update_db to 2026-09-25 12:00:00+00:00, run_after=2026-09-26 12:00:00+00:00
[2026-09-25T13:56:31.232+0000] {processor.py:183} INFO - Processing /opt/airflow/dags/main.py took 0.315 seconds
[2026-09-25T13:57:01.548+0000] {processor.py:161} INFO - Started process (PID=92) to work on /opt/airflow/dags/main.py
[2026-09-25T13:57:01.550+0000] {processor.py:830} INFO - Processing file /opt/airflow/dags/main.py for tasks to queue
[2026-09-25T13:57:01.555+0000] {logging_mixin.py:188} INFO - [2026-09-25T13:57:01.554+0000] {dagbag.py:545} INFO - Filling up the DagBag from /opt/airflow/dags/main.py
[2026-09-25T13:57:01.786+0000] {processor.py:840} INFO - DAG(s) 'update_db' retrieved from /opt/airflow/dags/main.py
[2026-09-25T13:57:01.814+0000] {logging_mixin.py:188} INFO - [2026-09-25T13:57:01.814+0000] {dag.py:3096} INFO - Sync 1 DAGs
[2026-09-25T13:57:01.837+0000] {logging_mixin.py:188} INFO - [2026-09-25T13:57:01.836+0000] {dag.py:3954} INFO - Setting next_dagrun for update_db to 2026-09-25 12:00:00+00:00, run_after=2026-09-26 12:00:00+00:00
[2026-09-25T13:57:01.858+0000] {processor.py:183} INFO - Processing /opt/airflow/dags/main.py took 0.317 seconds
[2026-09-25T13:57:32.245+0000] {processor.py:161} INFO - Started process (PID=99) to work on /opt/airflow/dags/main.py
[2026-09-25T13:57:32.249+0000] {processor.py:830} INFO - Processing file /opt/airflow/dags/main.py for tasks to queue
[2026-09-25T13:57:32.254+0000] {logging_mixin.py:188} INFO - [2026-09-25T13:57:32.254+0000] {dagbag.py:545} INFO - Filling up the DagBag from /opt/airflow/dags/main.py
[2026-09-25T13:57:32.539+0000] {processor.py:840} INFO - DAG(s) 'update_db' retrieved from /opt/airflow/dags/main.py
[2026-09-25T13:57:32.590+0000] {logging_mixin.py:188} INFO - [2026-09-25T13:57:32.590+0000] {dag.py:3096} INFO - Sync 1 DAGs
[2026-09-25T13:57:32.614+0000] {logging_mixin.py:188} INFO - [2026-09-25T13:57:32.614+0000] {dag.py:3954} INFO - Setting next_dagrun for update_db to 2026-09-25 12:00:00+00:00, run_after=2026-09-26 12:00:00+00:00
[2026-09-25T13:57:32.635+0000] {processor.py:183} INFO - Processing /opt/airflow/dags/main.py took 0.398 seconds
[2026-09-25T13:58:03.019+0000] {processor.py:161} INFO - Started process (PID=106) to work on /opt/airflow/dags/main.py
[2026-09-25T13:58:03.022+0000] {processor.py:830} INFO - Processing file /opt/airflow/dags/main.py for tasks to queue
[2026-09-25T13:58:03.026+0000] {logging_mixin.py:188} INFO - [2026-09-25T13:58:03.025+0000] {dagbag.py:545} INFO - Filling up the DagBag from /opt/airflow/dags/main.py
[2026-09-25T13:58:03.232+0000] {processor.py:840} INFO - DAG(s) 'update_db' retrieved from /opt/airflow/dags/main.py
[2026-09-25T13:58:03.261+0000] {logging_mixin.py:188} INFO - [2026-09-25T13:58:03.261+0000] {dag.py:3096} INFO - Sync 1 DAGs
[2026-09-25T13:58:03.282+0000] {logging_mixin.py:188} INFO - [2026-09-25T13:58:03.282+0000] {dag.py:3954} INFO - Setting next_dagrun for update_db to 2026-09-25 12:00:00+00:00, run_after=2026-09-26 12:00:00+00:00
[2026-09-25T13:58:03.303+0000] {processor.py:183} INFO - Processing /opt/airflow/dags/main.py took 0.290 seconds
[2026-09-25T13:58:33.629+0000] {processor.py:161} INFO - Started process (PID=113) to work on /opt/airflow/dags/main.py
[2026-09-25T13:58:33.632+0000] {processor.py:830} INFO - Processing file /opt/airflow/dags/main.py for tasks to queue
[2026-09-25T13:58:33.636+0000] {logging_mixin.py:188} INFO - [2026-09-25T13:58:33.635+0000] {dagbag.py:545} INFO - Filling up the DagBag from /opt/airflow/dags/main.py
[2026-09-25T13:58:33.936+0000] {processor.py:840} INFO - DAG(s) 'update_db' retrieved from /opt/airflow/dags/main.py
[2026-09-25T13:58:33.963+0000] {logging_mixin.py:188} INFO - [2026-09-25T13:58:33.963+0000] {dag.py:3096} INFO - Sync 1 DAGs
[2026-09-25T13:58:33.983+0000] {logging_mixin.py:188} INFO - [2026-09-25T13:58:33.982+0000] {dag.py:3954} INFO - Setting next_dagrun for update_db to 2026-09-25 12:00:00+00:00, run_after=2026-09-26 12:00:00+00:00
[2026-09-25T13:58:34.004+0000] {processor.py:183} INFO - Processing /opt/airflow/dags/main.py took 0.379 seconds
[2026-09-25T13:59:04.284+0000] {processor.py:161} INFO - Started process (PID=120) to work on /opt/airflow/dags/main.py
[2026-09-25T13:59:04.287+0000] {processor.py:830} INFO - Processing file /opt/airflow/dags/main.py for tasks to queue
[2026-09-25T13:59:04.290+0000] {logging_mixin.py:188} INFO - [2026-09-25T13:59:04.290+0000] {dagbag.py:545} INFO - Filling up the DagBag from /opt/airflow/dags/main.py
[2026-09-25T13:59:04.597+0000] {processor.py:840} INFO - DAG(s) 'update_db' retrieved from /opt/airflow/dags/main.py
[2026-09-25T13:59:04.623+0000] {logging_mixin.py:188} INFO - [2026-09-25T13:59:04.623+0000] {dag.py:3096} INFO - Sync 1 DAGs
[2026-09-25T13:59:04.640+0000] {logging_mixin.py:188} INFO - [2026-09-25T13:59:04.640+0000] {dag.py:3954} INFO - Setting next_dagrun for update_db to 2026-09-25 12:00:00+00:00, run_after=2026-09-26 12:00:00+00:00
[2026-09-25T13:59:04.659+0000] {processor.py:183} INFO - Processing /opt/airflow/dags/main.py took 0.381 seconds
[2026-09-25T13:59:34.993+0000] {processor.py:161} INFO - Started process (PID=128) to work on /opt/airflow/dags/main.py
[2026-09-25T13:59:34.996+0000] {processor.py:830} INFO - Processing file /opt/airflow/dags/main.py for tasks to queue
[2026-09-25T13:59:34.999+0000] {logging_mixin.py:188} INFO - [2026-09-25T13:59:34.999+0000] {dagbag.py:545} INFO - Filling up the DagBag from /opt/airflow/dags/main.py
[2026-09-25T13:59:35.226+0000] {processor.py:840} INFO - DAG(s) 'update_db' retrieved from /opt/airflow/dags/main.py
[2026-09-25T13:59:35.267+0000] {logging_mixin.py:188} INFO - [2026-09-25T13:59:35.267+0000] {dag.py:3096} INFO - Sync 1 DAGs
[2026-09-25T13:59:35.319+0000] {logging_mixin.py:188} INFO - [2026-09-25T13:59:35.318+0000] {dag.py:3954} INFO - Setting next_dagrun for update_db to 2026-09-25 12:00:00+00:00, run_after=2026-09-26 12:00:00+00:00
[2026-09-25T13:59:35.365+0000] {processor.py:183} INFO - Processing /opt/airflow/dags/main.py took 0.380 seconds
[2026-09-25T14:00:05.729+0000] {processor.py:161} INFO - Started process (PID=135) to work on /opt/airflow/dags/main.py
[2026-09-25T14:00:05.732+0000] {processor.py:830} INFO - Processing file /opt/airflow/dags/main.py for tasks to queue
[2026-09-25T14:00:05.737+0000] {logging_mixin.py:188} INFO - [2026-09-25T14:00:05.736+0000] {dagbag.py:545} INFO - Filling up the DagBag from /opt/airflow/dags/main.py
[2026-09-25T14:00:05.994+0000] {processor.py:840} INFO - DAG(s) 'update_db' retrieved from /opt/airflow/dags/main.py
[2026-09-25T14:00:06.050+0000] {logging_mixin.py:188} INFO - [2026-09-25T14:00:06.050+0000] {dag.py:3096} INFO - Sync 1 DAGs
[2026-09-25T14:00:06.099+0000] {logging_mixin.py:188} INFO - [2026-09-25T14:00:06.099+0000] {dag.py:3954} INFO - Setting next_dagrun for update_db to 2026-09-25 12:00:00+00:00, run_after=2026-09-26 12:00:00+00:00
[2026-09-25T14:00:06.132+0000] {processor.py:183} INFO - Processing /opt/airflow/dags/main.py took 0.411 seconds
[2026-09-25T14:00:36.947+0000] {processor.py:161} INFO - Started process (PID=142) to work on /opt/airflow/dags/main.py
[2026-09-25T14:00:36.954+0000] {processor.py:830} INFO - Processing file /opt/airflow/dags/main.py for tasks to queue
[2026-09-25T14:00:36.964+0000] {logging_mixin.py:188} INFO - [2026-09-25T14:00:36.963+0000] {dagbag.py:545} INFO - Filling up the DagBag from /opt/airflow/dags/main.py
[2026-09-25T14:00:37.285+0000] {processor.py:840} INFO - DAG(s) 'update_db' retrieved from /opt/airflow/dags/main.py
[2026-09-25T14:00:37.324+0000] {logging_mixin.py:188} INFO - [2026-09-25T14:00:37.324+0000] {dag.py:3096} INFO - Sync 1 DAGs
[2026-09-25T14:00:37.355+0000] {logging_mixin.py:188} INFO - [2026-09-25T14:00:37.355+0000] {dag.py:3954} INFO - Setting next_dagrun for update_db to 2026-09-25 12:00:00+00:00, run_after=2026-09-26 12:00:00+00:00
[2026-09-25T14:00:37.386+0000] {processor.py:183} INFO - Processing /opt/airflow/dags/main.py took 0.455 seconds
[2026-09-25T14:01:07.766+0000] {processor.py:161} INFO - Started process (PID=149) to work on /opt/airflow/dags/main.py
[2026-09-25T14:01:07.774+0000] {processor.py:830} INFO - Processing file /opt/airflow/dags/main.py for tasks to queue
[2026-09-25T14:01:07.780+0000] {logging_mixin.py:188} INFO - [2026-09-25T14:01:07.779+0000] {dagbag.py:545} INFO - Filling up the DagBag from /opt/airflow/dags/main.py
[2026-09-25T14:01:08.140+0000] {processor.py:840} INFO - DAG(s) 'update_db' retrieved from /opt/airflow/dags/main.py
[2026-09-25T14:01:08.169+0000] {logging_mixin.py:188} INFO - [2026-09-25T14:01:08.168+0000] {dag.py:3096} INFO - Sync 1 DAGs
[2026-09-25T14:01:08.189+0000] {logging_mixin.py:188} INFO - [2026-09-25T14:01:08.189+0000] {dag.py:3954} INFO - Setting next_dagrun for update_db to 2026-09-25 12:00:00+00:00, run_after=2026-09-26 12:00:00+00:00
[2026-09-25T14:01:08.215+0000] {processor.py:183} INFO - Processing /opt/airflow/dags/main.py took 0.464 seconds
[2026-09-25T14:01:38.574+0000] {processor.py:161} INFO - Started process (PID=156) to work on /opt/airflow/dags/main.py
[2026-09-25T14:01:38.576+0000] {processor.py:830} INFO - Processing file /opt/airflow/dags/main.py for tasks to queue
[2026-09-25T14:01:38.580+0000] {logging_mixin.py:188} INFO - [2026-09-25T14:01:38.580+0000] {dagbag.py:545} INFO - Filling up the DagBag from /opt/airflow/dags/main.py
[2026-09-25T14:01:38.825+0000] {processor.py:840} INFO - DAG(s) 'update_db' retrieved from /opt/airflow/dags/main.py
[2026-09-25T14:01:38.859+0000] {logging_mixin.py:188} INFO - [2026-09-25T14:01:38.858+0000] {dag.py:3096} INFO - Sync 1 DAGs
[2026-09-25T14:01:38.891+0000] {logging_mixin.py:188} INFO - [2026-09-25T14:01:38.891+0000] {dag.py:3954} INFO - Setting next_dagrun for update_db to 2026-09-25 12:00:00+00:00, run_after=2026-09-26 12:00:00+00:00
[2026-09-25T14:01:38.916+0000] {processor.py:183} INFO - Processing /opt/airflow/dags/main.py took 0.351 seconds
[2026-09-25T14:02:09.267+0000] {processor.py:161} INFO - Started process (PID=163) to work on /opt/airflow/dags/main.py
[2026-09-25T14:02:09.270+0000] {processor.py:830} INFO - Processing file /opt/airflow/dags/main.py for tasks to queue
[2026-09-25T14:02:09.272+0000] {logging_mixin.py:188} INFO - [2026-09-25T14:02:09.272+0000] {dagbag.py:545} INFO - Filling up the DagBag from /opt/airflow/dags/main.py
[2026-09-25T14:02:09.550+0000] {processor.py:840} INFO - DAG(s) 'update_db' retrieved from /opt/airflow/dags/main.py
[2026-09-25T14:02:09.573+0000] {logging_mixin.py:188} INFO - [2026-09-25T14:02:09.573+0000] {dag.py:3096} INFO - Sync 1 DAGs
[2026-09-25T14:02:09.590+0000] {logging_mixin.py:188} INFO - [2026-09-25T14:02:09.589+0000] {dag.py:3954} INFO - Setting next_dagrun for update_db to 2026-09-25 12:00:00+00:00, run_after=2026-09-26 12:00:00+00:00
[2026-09-25T14:02:09.609+0000] {processor.py:183} INFO - Processing /opt/airflow/dags/main.py took 0.348 seconds
[2026-09-25T14:02:40.000+0000] {processor.py:161} INFO - Started process (PID=170) to work on /opt/airflow/dags/main.py
[2026-09-25T14:02:40.003+0000] {processor.py:830} INFO - Processing file /opt/airflow/dags/main.py for tasks to queue
[2026-09-25T14:02:40.006+0000] {logging_mixin.py:188} INFO - [2026-09-25T14:02:40.006+0000] {dagbag.py:545} INFO - Filling up the DagBag from /opt/airflow/dags/main.py
[2026-09-25T14:02:40.271+0000] {processor.py:840} INFO - DAG(s) 'update_db' retrieved from /opt/airflow/dags/main.py
[2026-09-25T14:02:40.293+0000] {logging_mixin.py:188} INFO - [2026-09-25T14:02:40.293+0000] {dag.py:3096} INFO - Sync 1 DAGs
[2026-09-25T14:02:40.310+0000] {logging_mixin.py:188} INFO - [2026-09-25T14:02:40.310+0000] {dag.py:3954} INFO - Setting next_dagrun for update_db to 2026-09-25 12:00:00+00:00, run_after=2026-09-26 12:00:00+00:00
[2026-09-25T14:02:40.331+0000] {processor.py:183} INFO - Processing /opt/airflow/dags/main.py took 0.336 seconds
[2026-09-25T14:03:10.699+0000] {processor.py:161} INFO - Started process (PID=177) to work on /opt/airflow/dags/main.py
[2026-09-25T14:03:10.702+0000] {processor.py:830} INFO - Processing file /opt/airflow/dags/main.py for tasks to queue
[2026-09-25T14:03:10.705+0000] {logging_mixin.py:188} INFO - [2026-09-25T14:03:10.705+0000] {dagbag.py:545} INFO - Filling up the DagBag from /opt/airflow/dags/main.py
[2026-09-25T14:03:10.952+0000] {processor.py:840} INFO - DAG(s) 'update_db' retrieved from /opt/airflow/dags/main.py
[2026-09-25T14:03:10.986+0000] {logging_mixin.py:188} INFO - [2026-09-25T14:03:10.986+0000] {dag.py:3096} INFO - Sync 1 DAGs
[2026-09-25T14:03:11.011+0000] {logging_mixin.py:188} INFO - [2026-09-25T14:03:11.011+0000] {dag.py:3954} INFO - Setting next_dagrun for update_db to 2026-09-25 12:00:00+00:00, run_after=2026-09-26 12:00:00+00:00
[2026-09-25T14:03:11.033+0000] {processor.py:183} INFO - Processing /opt/airflow/dags/main.py took 0.340 seconds
[2026-09-25T14:03:41.377+0000] {processor.py:161} INFO - Started process (PID=184) to work on /opt/airflow/dags/main.py
[2026-09-25T14:03:41.380+0000] {processor.py:830} INFO - Processing file /opt/airflow/dags/main.py for tasks to queue
[2026-09-25T14:03:41.384+0000] {logging_mixin.py:188} INFO - [2026-09-25T14:03:41.383+0000] {dagbag.py:545} INFO - Filling up the DagBag from /opt/airflow/dags/main.py
[2026-09-25T14:03:41.635+0000] {processor.py:840} INFO - DAG(s) 'update_db' retrieved from /opt/airflow/dags/main.py
[2026-09-25T14:03:41.673+0000] {logging_mixin.py:188} INFO - [2026-09-25T14:03:41.673+0000] {dag.py:3096} INFO - Sync 1 DAGs
[2026-09-25T14:03:41.696+0000] {logging_mixin.py:188} INFO - [2026-09-25T14:03:41.696+0000] {dag.py:3954} INFO - Setting next_dagrun for update_db to 2026-09-25 12:00:00+00:00, run_after=2026-09-26 12:00:00+00:00
[2026-09-25T14:03:41.718+0000] {processor.py:183} INFO - Processing /opt/airflow/dags/main.py took 0.349 seconds
[2026-09-25T14:04:12.072+0000] {processor.py:161} INFO - Started process (PID=191) to work on /opt/airflow/dags/main.py
[2026-09-25T14:04:12.075+0000] {processor.py:830} INFO - Processing file /opt/airflow/dags/main.py for tasks to queue
[2026-09-25T14:04:12.078+0000] {logging_mixin.py:188} INFO - [2026-09-25T14:04:12.078+0000] {dagbag.py:545} INFO - Filling up the DagBag from /opt/airflow/dags/main.py
[2026-09-25T14:04:12.307+0000] {processor.py:840} INFO - DAG(s) 'update_db' retrieved from /opt/airflow/dags/main.py
[2026-09-25T14:04:12.335+0000] {logging_mixin.py:188} INFO - [2026-09-25T14:04:12.335+0000] {dag.py:3096} INFO - Sync 1 DAGs
[2026-09-25T14:04:12.355+0000] {logging_mixin.py:188} INFO - [2026-09-25T14:04:12.355+0000] {dag.py:3954} INFO - Setting next_dagrun for update_db to 2026-09-25 12:00:00+00:00, run_after=2026-09-26 12:00:00+00:00
[2026-09-25T14:04:12.378+0000] {processor.py:183} INFO - Processing /opt/airflow/dags/main.py took 0.312 seconds
[2026-09-25T14:04:42.721+0000] {processor.py:161} INFO - Started process (PID=198) to work on /opt/airflow/dags/main.py
[2026-09-25T14:04:42.724+0000] {processor.py:830} INFO - Processing file /opt/airflow/dags/main.py for tasks to queue
[2026-09-25T14:04:42.727+0000] {logging_mixin.py:188} INFO - [2026-09-25T14:04:42.727+0000] {dagbag.py:545} INFO - Filling up the DagBag from /opt/airflow/dags/main.py
[2026-09-25T14:04:42.983+0000] {processor.py:840} INFO - DAG(s) 'update_db' retrieved from /opt/airflow/dags/main.py
[2026-09-25T14:04:43.009+0000] {logging_mixin.py:188} INFO - [2026-09-25T14:04:43.009+0000] {dag.py:3096} INFO - Sync 1 DAGs
[2026-09-25T14:04:43.029+0000] {logging_mixin.py:188} INFO - [2026-09-25T14:04:43.029+0000] {dag.py:3954} INFO - Setting next_dagrun for update_db to 2026-09-25 12:00:00+00:00, run_after=2026-09-26 12:00:00+00:00
[2026-09-25T14:04:43.071+0000] {processor.py:183} INFO - Processing /opt/airflow/dags/main.py took 0.355 seconds
[2026-09-25T14:05:13.425+0000] {processor.py:161} INFO - Started process (PID=205) to work on /opt/airflow/dags/main.py
[2026-09-25T14:05:13.428+0000] {processor.py:830} INFO - Processing file /opt/airflow/dags/main.py for tasks to queue
[2026-09-25T14:05:13.432+0000] {logging_mixin.py:188} INFO - [2026-09-25T14:05:13.432+0000] {dagbag.py:545} INFO - Filling up the DagBag from /opt/airflow/dags/main.py
[2026-09-25T14:05:13.654+0000] {processor.py:840} INFO - DAG(s) 'update_db' retrieved from /opt/airflow/dags/main.py
[2026-09-25T14:05:13.679+0000] {logging_mixin.py:188} INFO - [2026-09-25T14:05:13.679+0000] {dag.py:3096} INFO - Sync 1 DAGs
[2026-09-25T14:05:13.698+0000] {logging_mixin.py:188} INFO - [2026-09-25T14:05:13.698+0000] {dag.py:3954} INFO - Setting next_dagrun for update_db to 2026-09-25 12:00:00+00:00, run_after=2026-09-26 12:00:00+00:00
[2026-09-25T14:05:13.718+0000] {processor.py:183} INFO - Processing /opt/airflow/dags/main.py took 0.300 seconds
[2026-09-25T14:05:44.121+0000] {processor.py:161} INFO - Started process (PID=212) to work on /opt/airflow/dags/main.py
[2026-09-25T14:05:44.124+0000] {processor.py:830} INFO - Processing file /opt/airflow/dags/main.py for tasks to queue
[2026-09-25T14:05:44.129+0000] {logging_mixin.py:188} INFO - [2026-09-25T14:05:44.129+0000] {dagbag.py:545} INFO - Filling up the DagBag from /opt/airflow/dags/main.py
[2026-09-25T14:05:44.470+0000] {processor.py:840} INFO - DAG(s) 'update_db' retrieved from /opt/airflow/dags/main.py
[2026-09-25T14:05:44.500+0000] {logging_mixin.py:188} INFO - [2026-09-25T14:05:44.499+0000] {dag.py:3096} INFO - Sync 1 DAGs
[2026-09-25T14:05:44.524+0000] {logging_mixin.py:188} INFO - [2026-09-25T14:05:44.524+0000] {dag.py:3954} INFO - Setting next_dagrun for update_db to 2026-09-25 12:00:00+00:00, run_after=2026-09-26 12:00:00+00:00
[2026-09-25T14:05:44.551+0000] {processor.py:183} INFO - Processing /opt/airflow/dags/main.py took 0.437 seconds
[2026-09-25T14:06:14.900+0000] {processor.py:161} INFO - Started process (PID=220) to work on /opt/airflow/dags/main.py
[2026-09-25T14:06:14.903+0000] {processor.py:830} INFO - Processing file /opt/airflow/dags/main.py for tasks to queue
[2026-09-25T14:06:14.906+0000] {logging_mixin.py:188} INFO - [2026-09-25T14:06:14.906+0000] {dagbag.py:545} INFO - Filling up the DagBag from /opt/airflow/dags/main.py
[2026-09-25T14:06:15.140+0000] {processor.py:840} INFO - DAG(s) 'update_db' retrieved from /opt/airflow/dags/main.py
[2026-09-25T14:06:15.168+0000] {logging_mixin.py:188} INFO - [2026-09-25T14:06:15.167+0000] {dag.py:3096} INFO - Sync 1 DAGs
[2026-09-25T14:06:15.197+0000] {logging_mixin.py:188} INFO - [2026-09-25T14:06:15.196+0000] {dag.py:3954} INFO - Setting next_dagrun for update_db to 2026-09-25 12:00:00+00:00, run_after=2026-09-26 12:00:00+00:00
[2026-09-25T14:06:15.220+0000] {processor.py:183} INFO - Processing /opt/airflow/dags/main.py took 0.326 seconds
[2026-09-25T14:06:45.571+0000] {processor.py:161} INFO - Started process (PID=227) to work on /opt/airflow/dags/main.py
[2026-09-25T14:06:45.574+0000] {processor.py:830} INFO - Processing file /opt/airflow/dags/main.py for tasks to queue
[2026-09-25T14:06:45.578+0000] {logging_mixin.py:188} INFO - [2026-09-25T14:06:45.577+0000] {dagbag.py:545} INFO - Filling up the DagBag from /opt/airflow/dags/main.py
[2026-09-25T14:06:45.840+0000] {processor.py:840} INFO - DAG(s) 'update_db' retrieved from /opt/airflow/dags/main.py
[2026-09-25T14:06:45.867+0000] {logging_mixin.py:188} INFO - [2026-09-25T14:06:45.867+0000] {dag.py:3096} INFO - Sync 1 DAGs
[2026-09-25T14:06:45.886+0000] {logging_mixin.py:188} INFO - [2026-09-25T14:06:45.885+0000] {dag.py:3954} INFO - Setting next_dagrun for update_db to 2026-09-25 12:00:00+00:00, run_after=2026-09-26 12:00:00+00:00
[2026-09-25T14:06:45.908+0000] {processor.py:183} INFO - Processing /opt/airflow/dags/main.py took 0.344 seconds
[2026-09-25T14:07:16.230+0000] {processor.py:161} INFO - Started process (PID=234) to work on /opt/airflow/dags/main.py
[2026-09-25T14:07:16.233+0000] {processor.py:830} INFO - Processing file /opt/airflow/dags/main.py for tasks to queue
[2026-09-25T14:07:16.237+0000] {logging_mixin.py:188} INFO - [2026-09-25T14:07:16.237+0000] {dagbag.py:545} INFO - Filling up the DagBag from /opt/airflow/dags/main.py
[2026-09-25T14:07:16.497+0000] {processor.py:840} INFO - DAG(s) 'update_db' retrieved from /opt/airflow/dags/main.py
[2026-09-25T14:07:16.524+0000] {logging_mixin.py:188} INFO - [2026-09-25T14:07:16.524+0000] {dag.py:3096} INFO - Sync 1 DAGs
[2026-09-25T14:07:16.542+0000] {logging_mixin.py:188} INFO - [2026-09-25T14:07:16.542+0000] {dag.py:3954} INFO - Setting next_dagrun for update_db to 2026-09-25 12:00:00+00:00, run_after=2026-09-26 12:00:00+00:00
[2026-09-25T14:07:16.561+0000] {processor.py:183} INFO - Processing /opt/airflow/dags/main.py took 0.336 seconds
[2026-09-25T14:07:46.898+0000] {processor.py:161} INFO - Started process (PID=241) to work on /opt/airflow/dags/main.py
[2026-09-25T14:07:46.901+0000] {processor.py:830} INFO - Processing file /opt/airflow/dags/main.py for tasks to queue
[2026-09-25T14:07:46.904+0000] {logging_mixin.py:188} INFO - [2026-09-25T14:07:46.904+0000] {dagbag.py:545} INFO - Filling up the DagBag from /opt/airflow/dags/main.py
[2026-09-25T14:07:47.157+0000] {processor.py:840} INFO - DAG(s) 'update_db' retrieved from /opt/airflow/dags/main.py
[2026-09-25T14:07:47.183+0000] {logging_mixin.py:188} INFO - [2026-09-25T14:07:47.182+0000] {dag.py:3096} INFO - Sync 1 DAGs
[2026-09-25T14:07:47.202+0000] {logging_mixin.py:188} INFO - [2026-09-25T14:07:47.202+0000] {dag.py:3954} INFO - Setting next_dagrun for update_db to 2026-09-25 12:00:00+00:00, run_after=2026-09-26 12:00:00+00:00
[2026-09-25T14:07:47.223+0000] {processor.py:183} INFO - Processing /opt/airflow/dags/main.py took 0.331 seconds
[2026-09-25T14:08:17.560+0000] {processor.py:161} INFO - Started process (PID=248) to work on /opt/airflow/dags/main.py
[2026-09-25T14:08:17.563+0000] {processor.py:830} INFO - Processing file /opt/airflow/dags/main.py for tasks to queue
[2026-09-25T14:08:17.566+0000] {logging_mixin.py:188} INFO - [2026-09-25T14:08:17.566+0000] {dagbag.py:545} INFO - Filling up the DagBag from /opt/airflow/dags/main.py
[2026-09-25T14:08:17.834+0000] {processor.py:840} INFO - DAG(s) 'update_db' retrieved from /opt/airflow/dags/main.py
[2026-09-25T14:08:17.869+0000] {logging_mixin.py:188} INFO - [2026-09-25T14:08:17.869+0000] {dag.py:3096} INFO - Sync 1 DAGs
[2026-09-25T14:08:17.896+0000] {logging_mixin.py:188} INFO - [2026-09-25T14:08:17.896+0000] {dag.py:3954} INFO - Setting next_dagrun for update_db to 2026-09-25 12:00:00+00:00, run_after=2026-09-26 12:00:00+00:00
[2026-09-25T14:08:17.926+0000] {processor.py:183} INFO - Processing /opt/airflow/dags/main.py took 0.371 seconds
[2026-09-25T14:08:48.270+0000] {processor.py:161} INFO - Started process (PID=255) to work on /opt/airflow/dags/main.py
[2026-09-25T14:08:48.273+0000] {processor.py:830} INFO - Processing file /opt/airflow/dags/main.py for tasks to queue
[2026-09-25T14:08:48.277+0000] {logging_mixin.py:188} INFO - [2026-09-25T14:08:48.277+0000] {dagbag.py:545} INFO - Filling up the DagBag from /opt/airflow/dags/main.py
[2026-09-25T14:08:48.508+0000] {processor.py:840} INFO - DAG(s) 'update_db' retrieved from /opt/airflow/dags/main.py
[2026-09-25T14:08:48.536+0000] {logging_mixin.py:188} INFO - [2026-09-25T14:08:48.536+0000] {dag.py:3096} INFO - Sync 1 DAGs
[2026-09-25T14:08:48.558+0000] {logging_mixin.py:188} INFO - [2026-09-25T14:08:48.558+0000] {dag.py:3954} INFO - Setting next_dagrun for update_db to 2026-09-25 12:00:00+00:00, run_after=2026-09-26 12:00:00+00:00
[2026-09-25T14:08:48.580+0000] {processor.py:183} INFO - Processing /opt/airflow/dags/main.py took 0.317 seconds
[2026-09-25T14:09:18.908+0000] {processor.py:161} INFO - Started process (PID=262) to work on /opt/airflow/dags/main.py
[2026-09-25T14:09:18.911+0000] {processor.py:830} INFO - Processing file /opt/airflow/dags/main.py for tasks to queue
[2026-09-25T14:09:18.914+0000] {logging_mixin.py:188} INFO - [2026-09-25T14:09:18.914+0000] {dagbag.py:545} INFO - Filling up the DagBag from /opt/airflow/dags/main.py
[2026-09-25T14:09:19.151+0000] {processor.py:840} INFO - DAG(s) 'update_db' retrieved from /opt/airflow/dags/main.py
[2026-09-25T14:09:19.196+0000] {logging_mixin.py:188} INFO - [2026-09-25T14:09:19.195+0000] {dag.py:3096} INFO - Sync 1 DAGs
[2026-09-25T14:09:19.225+0000] {logging_mixin.py:188} INFO - [2026-09-25T14:09:19.224+0000] {dag.py:3954} INFO - Setting next_dagrun for update_db to 2026-09-25 12:00:00+00:00, run_after=2026-09-26 12:00:00+00:00
[2026-09-25T14:09:19.273+0000] {processor.py:183} INFO - Processing /opt/airflow/dags/main.py took 0.371 seconds
[2026-09-25T14:09:49.609+0000] {processor.py:161} INFO - Started process (PID=269) to work on /opt/airflow/dags/main.py
[2026-09-25T14:09:49.612+0000] {processor.py:830} INFO - Processing file /opt/airflow/dags/main.py for tasks to queue
[2026-09-25T14:09:49.616+0000] {logging_mixin.py:188} INFO - [2026-09-25T14:09:49.615+0000] {dagbag.py:545} INFO - Filling up the DagBag from /opt/airflow/dags/main.py
[2026-09-25T14:09:49.818+0000] {processor.py:840} INFO - DAG(s) 'update_db' retrieved from /opt/airflow/dags/main.py
[2026-09-25T14:09:49.850+0000] {logging_mixin.py:188} INFO - [2026-09-25T14:09:49.849+0000] {dag.py:3096} INFO - Sync 1 DAGs
[2026-09-25T14:09:49.870+0000] {logging_mixin.py:188} INFO - [2026-09-25T14:09:49.870+0000] {dag.py:3954} INFO - Setting next_dagrun for update_db to 2026-09-25 12:00:00+00:00, run_after=2026-09-26 12:00:00+00:00
[2026-09-25T14:09:49.893+0000] {processor.py:183} INFO - Processing /opt/airflow/dags/main.py took 0.289 seconds
[2026-09-25T14:10:20.203+0000] {processor.py:161} INFO - Started process (PID=276) to work on /opt/airflow/dags/main.py
[2026-09-25T14:10:20.206+0000] {processor.py:830} INFO - Processing file /opt/airflow/dags/main.py for tasks to queue
[2026-09-25T14:10:20.209+0000] {logging_mixin.py:188} INFO - [2026-09-25T14:10:20.208+0000] {dagbag.py:545} INFO - Filling up the DagBag from /opt/airflow/dags/main.py
[2026-09-25T14:10:20.456+0000] {processor.py:840} INFO - DAG(s) 'update_db' retrieved from /opt/airflow/dags/main.py
[2026-09-25T14:10:20.484+0000] {logging_mixin.py:188} INFO - [2026-09-25T14:10:20.484+0000] {dag.py:3096} INFO - Sync 1 DAGs
[2026-09-25T14:10:20.504+0000] {logging_mixin.py:188} INFO - [2026-09-25T14:10:20.504+0000] {dag.py:3954} INFO - Setting next_dagrun for update_db to 2026-09-25 12:00:00+00:00, run_after=2026-09-26 12:00:00+00:00
[2026-09-25T14:10:20.526+0000] {processor.py:183} INFO - Processing /opt/airflow/dags/main.py took 0.330 seconds
[2026-09-25T14:10:51.345+0000] {processor.py:161} INFO - Started process (PID=283) to work on /opt/airflow/dags/main.py
[2026-09-25T14:10:51.348+0000] {processor.py:830} INFO - Processing file /opt/airflow/dags/main.py for tasks to queue
[2026-09-25T14:10:51.357+0000] {logging_mixin.py:188} INFO - [2026-09-25T14:10:51.356+0000] {dagbag.py:545} INFO - Filling up the DagBag from /opt/airflow/dags/main.py
[2026-09-25T14:10:51.683+0000] {processor.py:840} INFO - DAG(s) 'update_db' retrieved from /opt/airflow/dags/main.py
[2026-09-25T14:10:51.706+0000] {logging_mixin.py:188} INFO - [2026-09-25T14:10:51.706+0000] {dag.py:3096} INFO - Sync 1 DAGs
[2026-09-25T14:10:51.724+0000] {logging_mixin.py:188} INFO - [2026-09-25T14:10:51.723+0000] {dag.py:3954} INFO - Setting next_dagrun for update_db to 2026-09-25 12:00:00+00:00, run_after=2026-09-26 12:00:00+00:00
[2026-09-25T14:10:51.745+0000] {processor.py:183} INFO - Processing /opt/airflow/dags/main.py took 0.405 seconds
[2026-09-25T14:11:22.100+0000] {processor.py:161} INFO - Started process (PID=290) to work on /opt/airflow/dags/main.py
[2026-09-25T14:11:22.102+0000] {processor.py:830} INFO - Processing file /opt/airflow/dags/main.py for tasks to queue
[2026-09-25T14:11:22.106+0000] {logging_mixin.py:188} INFO - [2026-09-25T14:11:22.105+0000] {dagbag.py:545} INFO - Filling up the DagBag from /opt/airflow/dags/main.py
[2026-09-25T14:11:22.349+0000] {processor.py:840} INFO - DAG(s) 'update_db' retrieved from /opt/airflow/dags/main.py
[2026-09-25T14:11:22.377+0000] {logging_mixin.py:188} INFO - [2026-09-25T14:11:22.377+0000] {dag.py:3096} INFO - Sync 1 DAGs
[2026-09-25T14:11:22.397+0000] {logging_mixin.py:188} INFO - [2026-09-25T14:11:22.397+0000] {dag.py:3954} INFO - Setting next_dagrun for update_db to 2026-09-25 12:00:00+00:00, run_after=2026-09-26 12:00:00+00:00
[2026-09-25T14:11:22.427+0000] {processor.py:183} INFO - Processing /opt/airflow/dags/main.py took 0.333 seconds
[2026-09-25T14:11:52.788+0000] {processor.py:161} INFO - Started process (PID=297) to work on /opt/airflow/dags/main.py
[2026-09-25T14:11:52.790+0000] {processor.py:830} INFO - Processing file /opt/airflow/dags/main.py for tasks to queue
[2026-09-25T14:11:52.793+0000] {logging_mixin.py:188} INFO - [2026-09-25T14:11:52.793+0000] {dagbag.py:545} INFO - Filling up the DagBag from /opt/airflow/dags/main.py
[2026-09-25T14:11:53.026+0000] {processor.py:840} INFO - DAG(s) 'update_db' retrieved from /opt/airflow/dags/main.py
[2026-09-25T14:11:53.052+0000] {logging_mixin.py:188} INFO - [2026-09-25T14:11:53.052+0000] {dag.py:3096} INFO - Sync 1 DAGs
[2026-09-25T14:11:53.074+0000] {logging_mixin.py:188} INFO - [2026-09-25T14:11:53.074+0000] {dag.py:3954} INFO - Setting next_dagrun for update_db to 2026-09-25 12:00:00+00:00, run_after=2026-09-26 12:00:00+00:00
[2026-09-25T14:11:53.100+0000] {processor.py:183} INFO - Processing /opt/airflow/dags/main.py took 0.318 seconds
[2026-09-25T14:12:23.536+0000] {processor.py:161} INFO - Started process (PID=304) to work on /opt/airflow/dags/main.py
[2026-09-25T14:12:23.540+0000] {processor.py:830} INFO - Processing file /opt/airflow/dags/main.py for tasks to queue
[2026-09-25T14:12:23.547+0000] {logging_mixin.py:188} INFO - [2026-09-25T14:12:23.546+0000] {dagbag.py:545} INFO - Filling up the DagBag from /opt/airflow/dags/main.py
[2026-09-25T14:12:24.122+0000] {processor.py:840} INFO - DAG(s) 'update_db' retrieved from /opt/airflow/dags/main.py
[2026-09-25T14:12:24.168+0000] {logging_mixin.py:188} INFO - [2026-09-25T14:12:24.167+0000] {dag.py:3096} INFO - Sync 1 DAGs
[2026-09-25T14:12:24.216+0000] {logging_mixin.py:188} INFO - [2026-09-25T14:12:24.215+0000] {dag.py:3954} INFO - Setting next_dagrun for update_db to 2026-09-25 12:00:00+00:00, run_after=2026-09-26 12:00:00+00:00
[2026-09-25T14:12:24.244+0000] {processor.py:183} INFO - Processing /opt/airflow/dags/main.py took 0.719 seconds
[2026-09-25T14:12:54.392+0000] {processor.py:161} INFO - Started process (PID=311) to work on /opt/airflow/dags/main.py
[2026-09-25T14:12:54.395+0000] {processor.py:830} INFO - Processing file /opt/airflow/dags/main.py for tasks to queue
[2026-09-25T14:12:54.398+0000] {logging_mixin.py:188} INFO - [2026-09-25T14:12:54.398+0000] {dagbag.py:545} INFO - Filling up the DagBag from /opt/airflow/dags/main.py
[2026-09-25T14:12:54.660+0000] {processor.py:840} INFO - DAG(s) 'update_db' retrieved from /opt/airflow/dags/main.py
[2026-09-25T14:12:54.685+0000] {logging_mixin.py:188} INFO - [2026-09-25T14:12:54.685+0000] {dag.py:3096} INFO - Sync 1 DAGs
[2026-09-25T14:12:54.705+0000] {logging_mixin.py:188} INFO - [2026-09-25T14:12:54.705+0000] {dag.py:3954} INFO - Setting next_dagrun for update_db to 2026-09-25 12:00:00+00:00, run_after=2026-09-26 12:00:00+00:00
[2026-09-25T14:12:54.727+0000] {processor.py:183} INFO - Processing /opt/airflow/dags/main.py took 0.341 seconds
[2026-09-25T14:13:24.842+0000] {processor.py:161} INFO - Started process (PID=318) to work on /opt/airflow/dags/main.py
[2026-09-25T14:13:24.845+0000] {processor.py:830} INFO - Processing file /opt/airflow/dags/main.py for tasks to queue
[2026-09-25T14:13:24.849+0000] {logging_mixin.py:188} INFO - [2026-09-25T14:13:24.849+0000] {dagbag.py:545} INFO - Filling up the DagBag from /opt/airflow/dags/main.py
[2026-09-25T14:13:25.098+0000] {processor.py:840} INFO - DAG(s) 'update_db' retrieved from /opt/airflow/dags/main.py
[2026-09-25T14:13:25.130+0000] {logging_mixin.py:188} INFO - [2026-09-25T14:13:25.130+0000] {dag.py:3096} INFO - Sync 1 DAGs
[2026-09-25T14:13:25.153+0000] {logging_mixin.py:188} INFO - [2026-09-25T14:13:25.153+0000] {dag.py:3954} INFO - Setting next_dagrun for update_db to 2026-09-25 12:00:00+00:00, run_after=2026-09-26 12:00:00+00:00
[2026-09-25T14:13:25.174+0000] {processor.py:183} INFO - Processing /opt/airflow/dags/main.py took 0.340 seconds
[2026-09-25T14:13:55.300+0000] {processor.py:161} INFO - Started process (PID=325) to work on /opt/airflow/dags/main.py
[2026-09-25T14:13:55.302+0000] {processor.py:830} INFO - Processing file /opt/airflow/dags/main.py for tasks to queue
[2026-09-25T14:13:55.307+0000] {logging_mixin.py:188} INFO - [2026-09-25T14:13:55.307+0000] {dagbag.py:545} INFO - Filling up the DagBag from /opt/airflow/dags/main.py
[2026-09-25T14:13:55.568+0000] {processor.py:840} INFO - DAG(s) 'update_db' retrieved from /opt/airflow/dags/main.py
[2026-09-25T14:13:55.596+0000] {logging_mixin.py:188} INFO - [2026-09-25T14:13:55.596+0000] {dag.py:3096} INFO - Sync 1 DAGs
[2026-09-25T14:13:55.617+0000] {logging_mixin.py:188} INFO - [2026-09-25T14:13:55.617+0000] {dag.py:3954} INFO - Setting next_dagrun for update_db to 2026-09-25 12:00:00+00:00, run_after=2026-09-26 12:00:00+00:00
[2026-09-25T14:13:55.643+0000] {processor.py:183} INFO - Processing /opt/airflow/dags/main.py took 0.348 seconds
[2026-09-25T14:14:25.805+0000] {processor.py:161} INFO - Started process (PID=332) to work on /opt/airflow/dags/main.py
[2026-09-25T14:14:25.808+0000] {processor.py:830} INFO - Processing file /opt/airflow/dags/main.py for tasks to queue
[2026-09-25T14:14:25.812+0000] {logging_mixin.py:188} INFO - [2026-09-25T14:14:25.812+0000] {dagbag.py:545} INFO - Filling up the DagBag from /opt/airflow/dags/main.py
[2026-09-25T14:14:26.027+0000] {processor.py:840} INFO - DAG(s) 'update_db' retrieved from /opt/airflow/dags/main.py
[2026-09-25T14:14:26.059+0000] {logging_mixin.py:188} INFO - [2026-09-25T14:14:26.058+0000] {dag.py:3096} INFO - Sync 1 DAGs
[2026-09-25T14:14:26.085+0000] {logging_mixin.py:188} INFO - [2026-09-25T14:14:26.085+0000] {dag.py:3954} INFO - Setting next_dagrun for update_db to 2026-09-25 12:00:00+00:00, run_after=2026-09-26 12:00:00+00:00
[2026-09-25T14:14:26.115+0000] {processor.py:183} INFO - Processing /opt/airflow/dags/main.py took 0.318 seconds
[2026-09-25T14:14:56.288+0000] {processor.py:161} INFO - Started process (PID=339) to work on /opt/airflow/dags/main.py
[2026-09-25T14:14:56.291+0000] {processor.py:830} INFO - Processing file /opt/airflow/dags/main.py for tasks to queue
[2026-09-25T14:14:56.296+0000] {logging_mixin.py:188} INFO - [2026-09-25T14:14:56.296+0000] {dagbag.py:545} INFO - Filling up the DagBag from /opt/airflow/dags/main.py
[2026-09-25T14:14:56.567+0000] {processor.py:840} INFO - DAG(s) 'update_db' retrieved from /opt/airflow/dags/main.py
[2026-09-25T14:14:56.600+0000] {logging_mixin.py:188} INFO - [2026-09-25T14:14:56.599+0000] {dag.py:3096} INFO - Sync 1 DAGs
[2026-09-25T14:14:56.624+0000] {logging_mixin.py:188} INFO - [2026-09-25T14:14:56.624+0000] {dag.py:3954} INFO - Setting next_dagrun for update_db to 2026-09-25 12:00:00+00:00, run_after=2026-09-26 12:00:00+00:00
[2026-09-25T14:14:56.649+0000] {processor.py:183} INFO - Processing /opt/airflow/dags/main.py took 0.368 seconds
[2026-09-25T14:15:26.770+0000] {processor.py:161} INFO - Started process (PID=346) to work on /opt/airflow/dags/main.py
[2026-09-25T14:15:26.772+0000] {processor.py:830} INFO - Processing file /opt/airflow/dags/main.py for tasks to queue
[2026-09-25T14:15:26.775+0000] {logging_mixin.py:188} INFO - [2026-09-25T14:15:26.775+0000] {dagbag.py:545} INFO - Filling up the DagBag from /opt/airflow/dags/main.py
[2026-09-25T14:15:27.035+0000] {processor.py:840} INFO - DAG(s) 'update_db' retrieved from /opt/airflow/dags/main.py
[2026-09-25T14:15:27.078+0000] {logging_mixin.py:188} INFO - [2026-09-25T14:15:27.078+0000] {dag.py:3096} INFO - Sync 1 DAGs
[2026-09-25T14:15:27.109+0000] {logging_mixin.py:188} INFO - [2026-09-25T14:15:27.109+0000] {dag.py:3954} INFO - Setting next_dagrun for update_db to 2026-09-25 12:00:00+00:00, run_after=2026-09-26 12:00:00+00:00
[2026-09-25T14:15:27.133+0000] {processor.py:183} INFO - Processing /opt/airflow/dags/main.py took 0.369 seconds
[2026-09-25T14:15:57.741+0000] {processor.py:161} INFO - Started process (PID=353) to work on /opt/airflow/dags/main.py
[2026-09-25T14:15:57.744+0000] {processor.py:830} INFO - Processing file /opt/airflow/dags/main.py for tasks to queue
[2026-09-25T14:15:57.749+0000] {logging_mixin.py:188} INFO - [2026-09-25T14:15:57.749+0000] {dagbag.py:545} INFO - Filling up the DagBag from /opt/airflow/dags/main.py
[2026-09-25T14:15:57.991+0000] {processor.py:840} INFO - DAG(s) 'update_db' retrieved from /opt/airflow/dags/main.py
[2026-09-25T14:15:58.022+0000] {logging_mixin.py:188} INFO - [2026-09-25T14:15:58.022+0000] {dag.py:3096} INFO - Sync 1 DAGs
[2026-09-25T14:15:58.044+0000] {logging_mixin.py:188} INFO - [2026-09-25T14:15:58.044+0000] {dag.py:3954} INFO - Setting next_dagrun for update_db to 2026-09-25 12:00:00+00:00, run_after=2026-09-26 12:00:00+00:00
[2026-09-25T14:15:58.070+0000] {processor.py:183} INFO - Processing /opt/airflow/dags/main.py took 0.338 seconds
[2026-09-25T14:16:28.405+0000] {processor.py:161} INFO - Started process (PID=360) to work on /opt/airflow/dags/main.py
[2026-09-25T14:16:28.408+0000] {processor.py:830} INFO - Processing file /opt/airflow/dags/main.py for tasks to queue
[2026-09-25T14:16:28.412+0000] {logging_mixin.py:188} INFO - [2026-09-25T14:16:28.411+0000] {dagbag.py:545} INFO - Filling up the DagBag from /opt/airflow/dags/main.py
[2026-09-25T14:16:28.649+0000] {processor.py:840} INFO - DAG(s) 'update_db' retrieved from /opt/airflow/dags/main.py
[2026-09-25T14:16:28.677+0000] {logging_mixin.py:188} INFO - [2026-09-25T14:16:28.677+0000] {dag.py:3096} INFO - Sync 1 DAGs
[2026-09-25T14:16:28.698+0000] {logging_mixin.py:188} INFO - [2026-09-25T14:16:28.698+0000] {dag.py:3954} INFO - Setting next_dagrun for update_db to 2026-09-25 12:00:00+00:00, run_after=2026-09-26 12:00:00+00:00
[2026-09-25T14:16:28.729+0000] {processor.py:183} INFO - Processing /opt/airflow/dags/main.py took 0.333 seconds
[2026-09-25T14:16:59.154+0000] {processor.py:161} INFO - Started process (PID=367) to work on /opt/airflow/dags/main.py
[2026-09-25T14:16:59.168+0000] {processor.py:830} INFO - Processing file /opt/airflow/dags/main.py for tasks to queue
[2026-09-25T14:16:59.189+0000] {logging_mixin.py:188} INFO - [2026-09-25T14:16:59.186+0000] {dagbag.py:545} INFO - Filling up the DagBag from /opt/airflow/dags/main.py
[2026-09-25T14:16:59.527+0000] {processor.py:840} INFO - DAG(s) 'update_db' retrieved from /opt/airflow/dags/main.py
[2026-09-25T14:16:59.653+0000] {logging_mixin.py:188} INFO - [2026-09-25T14:16:59.652+0000] {dag.py:3096} INFO - Sync 1 DAGs
[2026-09-25T14:16:59.720+0000] {logging_mixin.py:188} INFO - [2026-09-25T14:16:59.720+0000] {dag.py:3954} INFO - Setting next_dagrun for update_db to 2026-09-25 12:00:00+00:00, run_after=2026-09-26 12:00:00+00:00
[2026-09-25T14:16:59.824+0000] {processor.py:183} INFO - Processing /opt/airflow/dags/main.py took 0.722 seconds
[2026-09-25T14:17:29.973+0000] {processor.py:161} INFO - Started process (PID=374) to work on /opt/airflow/dags/main.py
[2026-09-25T14:17:29.977+0000] {processor.py:830} INFO - Processing file /opt/airflow/dags/main.py for tasks to queue
[2026-09-25T14:17:29.981+0000] {logging_mixin.py:188} INFO - [2026-09-25T14:17:29.981+0000] {dagbag.py:545} INFO - Filling up the DagBag from /opt/airflow/dags/main.py
[2026-09-25T14:17:30.276+0000] {processor.py:840} INFO - DAG(s) 'update_db' retrieved from /opt/airflow/dags/main.py
[2026-09-25T14:17:30.300+0000] {logging_mixin.py:188} INFO - [2026-09-25T14:17:30.300+0000] {dag.py:3096} INFO - Sync 1 DAGs
[2026-09-25T14:17:30.320+0000] {logging_mixin.py:188} INFO - [2026-09-25T14:17:30.320+0000] {dag.py:3954} INFO - Setting next_dagrun for update_db to 2026-09-25 12:00:00+00:00, run_after=2026-09-26 12:00:00+00:00
[2026-09-25T14:17:30.344+0000] {processor.py:183} INFO - Processing /opt/airflow/dags/main.py took 0.379 seconds
[2026-09-25T14:18:00.461+0000] {processor.py:161} INFO - Started process (PID=381) to work on /opt/airflow/dags/main.py
[2026-09-25T14:18:00.464+0000] {processor.py:830} INFO - Processing file /opt/airflow/dags/main.py for tasks to queue
[2026-09-25T14:18:00.469+0000] {logging_mixin.py:188} INFO - [2026-09-25T14:18:00.469+0000] {dagbag.py:545} INFO - Filling up the DagBag from /opt/airflow/dags/main.py
[2026-09-25T14:18:00.751+0000] {processor.py:840} INFO - DAG(s) 'update_db' retrieved from /opt/airflow/dags/main.py
[2026-09-25T14:18:00.775+0000] {logging_mixin.py:188} INFO - [2026-09-25T14:18:00.774+0000] {dag.py:3096} INFO - Sync 1 DAGs
[2026-09-25T14:18:00.795+0000] {logging_mixin.py:188} INFO - [2026-09-25T14:18:00.795+0000] {dag.py:3954} INFO - Setting next_dagrun for update_db to 2026-09-25 12:00:00+00:00, run_after=2026-09-26 12:00:00+00:00
[2026-09-25T14:18:00.818+0000] {processor.py:183} INFO - Processing /opt/airflow/dags/main.py took 0.365 seconds
[2026-09-25T14:18:31.006+0000] {processor.py:161} INFO - Started process (PID=388) to work on /opt/airflow/dags/main.py
[2026-09-25T14:18:31.009+0000] {processor.py:830} INFO - Processing file /opt/airflow/dags/main.py for tasks to queue
[2026-09-25T14:18:31.012+0000] {logging_mixin.py:188} INFO - [2026-09-25T14:18:31.012+0000] {dagbag.py:545} INFO - Filling up the DagBag from /opt/airflow/dags/main.py
[2026-09-25T14:18:31.360+0000] {processor.py:840} INFO - DAG(s) 'update_db' retrieved from /opt/airflow/dags/main.py
[2026-09-25T14:18:31.407+0000] {logging_mixin.py:188} INFO - [2026-09-25T14:18:31.406+0000] {dag.py:3096} INFO - Sync 1 DAGs
[2026-09-25T14:18:31.439+0000] {logging_mixin.py:188} INFO - [2026-09-25T14:18:31.439+0000] {dag.py:3954} INFO - Setting next_dagrun for update_db to 2026-09-25 12:00:00+00:00, run_after=2026-09-26 12:00:00+00:00
[2026-09-25T14:18:31.464+0000] {processor.py:183} INFO - Processing /opt/airflow/dags/main.py took 0.464 seconds
[2026-09-25T14:19:01.821+0000] {processor.py:161} INFO - Started process (PID=395) to work on /opt/airflow/dags/main.py
[2026-09-25T14:19:01.824+0000] {processor.py:830} INFO - Processing file /opt/airflow/dags/main.py for tasks to queue
[2026-09-25T14:19:01.828+0000] {logging_mixin.py:188} INFO - [2026-09-25T14:19:01.827+0000] {dagbag.py:545} INFO - Filling up the DagBag from /opt/airflow/dags/main.py
[2026-09-25T14:19:02.103+0000] {processor.py:840} INFO - DAG(s) 'update_db' retrieved from /opt/airflow/dags/main.py
[2026-09-25T14:19:02.169+0000] {logging_mixin.py:188} INFO - [2026-09-25T14:19:02.168+0000] {dag.py:3096} INFO - Sync 1 DAGs
[2026-09-25T14:19:02.213+0000] {logging_mixin.py:188} INFO - [2026-09-25T14:19:02.212+0000] {dag.py:3954} INFO - Setting next_dagrun for update_db to 2026-09-25 12:00:00+00:00, run_after=2026-09-26 12:00:00+00:00
[2026-09-25T14:19:02.254+0000] {processor.py:183} INFO - Processing /opt/airflow/dags/main.py took 0.439 seconds
[2026-09-25T14:19:32.670+0000] {processor.py:161} INFO - Started process (PID=408) to work on /opt/airflow/dags/main.py
[2026-09-25T14:19:32.673+0000] {processor.py:830} INFO - Processing file /opt/airflow/dags/main.py for tasks to queue
[2026-09-25T14:19:32.677+0000] {logging_mixin.py:188} INFO - [2026-09-25T14:19:32.677+0000] {dagbag.py:545} INFO - Filling up the DagBag from /opt/airflow/dags/main.py
[2026-09-25T14:19:32.920+0000] {processor.py:840} INFO - DAG(s) 'update_db' retrieved from /opt/airflow/dags/main.py
[2026-09-25T14:19:32.946+0000] {logging_mixin.py:188} INFO - [2026-09-25T14:19:32.946+0000] {dag.py:3096} INFO - Sync 1 DAGs
[2026-09-25T14:19:32.968+0000] {logging_mixin.py:188} INFO - [2026-09-25T14:19:32.968+0000] {dag.py:3954} INFO - Setting next_dagrun for update_db to 2026-09-25 12:00:00+00:00, run_after=2026-09-26 12:00:00+00:00
[2026-09-25T14:19:32.997+0000] {processor.py:183} INFO - Processing /opt/airflow/dags/main.py took 0.335 seconds
[2026-09-25T14:20:03.337+0000] {processor.py:161} INFO - Started process (PID=415) to work on /opt/airflow/dags/main.py
[2026-09-25T14:20:03.340+0000] {processor.py:830} INFO - Processing file /opt/airflow/dags/main.py for tasks to queue
[2026-09-25T14:20:03.343+0000] {logging_mixin.py:188} INFO - [2026-09-25T14:20:03.342+0000] {dagbag.py:545} INFO - Filling up the DagBag from /opt/airflow/dags/main.py
[2026-09-25T14:20:03.603+0000] {processor.py:840} INFO - DAG(s) 'update_db' retrieved from /opt/airflow/dags/main.py
[2026-09-25T14:20:03.631+0000] {logging_mixin.py:188} INFO - [2026-09-25T14:20:03.630+0000] {dag.py:3096} INFO - Sync 1 DAGs
[2026-09-25T14:20:03.651+0000] {logging_mixin.py:188} INFO - [2026-09-25T14:20:03.650+0000] {dag.py:3954} INFO - Setting next_dagrun for update_db to 2026-09-25 12:00:00+00:00, run_after=2026-09-26 12:00:00+00:00
[2026-09-25T14:20:03.675+0000] {processor.py:183} INFO - Processing /opt/airflow/dags/main.py took 0.343 seconds
[2026-09-25T14:20:34.502+0000] {processor.py:161} INFO - Started process (PID=422) to work on /opt/airflow/dags/main.py
[2026-09-25T14:20:34.505+0000] {processor.py:830} INFO - Processing file /opt/airflow/dags/main.py for tasks to queue
[2026-09-25T14:20:34.509+0000] {logging_mixin.py:188} INFO - [2026-09-25T14:20:34.508+0000] {dagbag.py:545} INFO - Filling up the DagBag from /opt/airflow/dags/main.py
[2026-09-25T14:20:34.752+0000] {processor.py:840} INFO - DAG(s) 'update_db' retrieved from /opt/airflow/dags/main.py
[2026-09-25T14:20:34.774+0000] {logging_mixin.py:188} INFO - [2026-09-25T14:20:34.774+0000] {dag.py:3096} INFO - Sync 1 DAGs
[2026-09-25T14:20:34.792+0000] {logging_mixin.py:188} INFO - [2026-09-25T14:20:34.792+0000] {dag.py:3954} INFO - Setting next_dagrun for update_db to 2026-09-25 12:00:00+00:00, run_after=2026-09-26 12:00:00+00:00
[2026-09-25T14:20:34.811+0000] {processor.py:183} INFO - Processing /opt/airflow/dags/main.py took 0.314 seconds
[2026-09-25T14:21:04.996+0000] {processor.py:161} INFO - Started process (PID=429) to work on /opt/airflow/dags/main.py
[2026-09-25T14:21:04.998+0000] {processor.py:830} INFO - Processing file /opt/airflow/dags/main.py for tasks to queue
[2026-09-25T14:21:05.002+0000] {logging_mixin.py:188} INFO - [2026-09-25T14:21:05.002+0000] {dagbag.py:545} INFO - Filling up the DagBag from /opt/airflow/dags/main.py
[2026-09-25T14:21:05.233+0000] {processor.py:840} INFO - DAG(s) 'update_db' retrieved from /opt/airflow/dags/main.py
[2026-09-25T14:21:05.269+0000] {logging_mixin.py:188} INFO - [2026-09-25T14:21:05.269+0000] {dag.py:3096} INFO - Sync 1 DAGs
[2026-09-25T14:21:05.291+0000] {logging_mixin.py:188} INFO - [2026-09-25T14:21:05.291+0000] {dag.py:3954} INFO - Setting next_dagrun for update_db to 2026-09-25 12:00:00+00:00, run_after=2026-09-26 12:00:00+00:00
[2026-09-25T14:21:05.314+0000] {processor.py:183} INFO - Processing /opt/airflow/dags/main.py took 0.324 seconds
[2026-09-25T14:21:35.500+0000] {processor.py:161} INFO - Started process (PID=436) to work on /opt/airflow/dags/main.py
[2026-09-25T14:21:35.502+0000] {processor.py:830} INFO - Processing file /opt/airflow/dags/main.py for tasks to queue
[2026-09-25T14:21:35.506+0000] {logging_mixin.py:188} INFO - [2026-09-25T14:21:35.506+0000] {dagbag.py:545} INFO - Filling up the DagBag from /opt/airflow/dags/main.py
[2026-09-25T14:21:35.732+0000] {processor.py:840} INFO - DAG(s) 'update_db' retrieved from /opt/airflow/dags/main.py
[2026-09-25T14:21:35.763+0000] {logging_mixin.py:188} INFO - [2026-09-25T14:21:35.763+0000] {dag.py:3096} INFO - Sync 1 DAGs
[2026-09-25T14:21:35.782+0000] {logging_mixin.py:188} INFO - [2026-09-25T14:21:35.781+0000] {dag.py:3954} INFO - Setting next_dagrun for update_db to 2026-09-25 12:00:00+00:00, run_after=2026-09-26 12:00:00+00:00
[2026-09-25T14:21:35.802+0000] {processor.py:183} INFO - Processing /opt/airflow/dags/main.py took 0.308 seconds
[2026-09-25T14:22:05.991+0000] {processor.py:161} INFO - Started process (PID=443) to work on /opt/airflow/dags/main.py
[2026-09-25T14:22:05.993+0000] {processor.py:830} INFO - Processing file /opt/airflow/dags/main.py for tasks to queue
[2026-09-25T14:22:05.996+0000] {logging_mixin.py:188} INFO - [2026-09-25T14:22:05.996+0000] {dagbag.py:545} INFO - Filling up the DagBag from /opt/airflow/dags/main.py
[2026-09-25T14:22:06.206+0000] {processor.py:840} INFO - DAG(s) 'update_db' retrieved from /opt/airflow/dags/main.py
[2026-09-25T14:22:06.242+0000] {logging_mixin.py:188} INFO - [2026-09-25T14:22:06.241+0000] {dag.py:3096} INFO - Sync 1 DAGs
[2026-09-25T14:22:06.269+0000] {logging_mixin.py:188} INFO - [2026-09-25T14:22:06.269+0000] {dag.py:3954} INFO - Setting next_dagrun for update_db to 2026-09-25 12:00:00+00:00, run_after=2026-09-26 12:00:00+00:00
[2026-09-25T14:22:06.301+0000] {processor.py:183} INFO - Processing /opt/airflow/dags/main.py took 0.317 seconds
[2026-09-25T14:22:36.449+0000] {processor.py:161} INFO - Started process (PID=450) to work on /opt/airflow/dags/main.py
[2026-09-25T14:22:36.452+0000] {processor.py:830} INFO - Processing file /opt/airflow/dags/main.py for tasks to queue
[2026-09-25T14:22:36.457+0000] {logging_mixin.py:188} INFO - [2026-09-25T14:22:36.456+0000] {dagbag.py:545} INFO - Filling up the DagBag from /opt/airflow/dags/main.py
[2026-09-25T14:22:36.801+0000] {processor.py:840} INFO - DAG(s) 'update_db' retrieved from /opt/airflow/dags/main.py
[2026-09-25T14:22:36.843+0000] {logging_mixin.py:188} INFO - [2026-09-25T14:22:36.843+0000] {dag.py:3096} INFO - Sync 1 DAGs
[2026-09-25T14:22:36.876+0000] {logging_mixin.py:188} INFO - [2026-09-25T14:22:36.875+0000] {dag.py:3954} INFO - Setting next_dagrun for update_db to 2026-09-25 12:00:00+00:00, run_after=2026-09-26 12:00:00+00:00
[2026-09-25T14:22:36.901+0000] {processor.py:183} INFO - Processing /opt/airflow/dags/main.py took 0.462 seconds
[2026-09-25T14:23:07.256+0000] {processor.py:161} INFO - Started process (PID=457) to work on /opt/airflow/dags/main.py
[2026-09-25T14:23:07.259+0000] {processor.py:830} INFO - Processing file /opt/airflow/dags/main.py for tasks to queue
[2026-09-25T14:23:07.263+0000] {logging_mixin.py:188} INFO - [2026-09-25T14:23:07.262+0000] {dagbag.py:545} INFO - Filling up the DagBag from /opt/airflow/dags/main.py
[2026-09-25T14:23:07.492+0000] {processor.py:840} INFO - DAG(s) 'update_db' retrieved from /opt/airflow/dags/main.py
[2026-09-25T14:23:07.525+0000] {logging_mixin.py:188} INFO - [2026-09-25T14:23:07.524+0000] {dag.py:3096} INFO - Sync 1 DAGs
[2026-09-25T14:23:07.548+0000] {logging_mixin.py:188} INFO - [2026-09-25T14:23:07.548+0000] {dag.py:3954} INFO - Setting next_dagrun for update_db to 2026-09-25 12:00:00+00:00, run_after=2026-09-26 12:00:00+00:00
[2026-09-25T14:23:07.574+0000] {processor.py:183} INFO - Processing /opt/airflow/dags/main.py took 0.325 seconds
[2026-09-25T14:23:37.917+0000] {processor.py:161} INFO - Started process (PID=464) to work on /opt/airflow/dags/main.py
[2026-09-25T14:23:37.919+0000] {processor.py:830} INFO - Processing file /opt/airflow/dags/main.py for tasks to queue
[2026-09-25T14:23:37.922+0000] {logging_mixin.py:188} INFO - [2026-09-25T14:23:37.922+0000] {dagbag.py:545} INFO - Filling up the DagBag from /opt/airflow/dags/main.py
[2026-09-25T14:23:38.191+0000] {processor.py:840} INFO - DAG(s) 'update_db' retrieved from /opt/airflow/dags/main.py
[2026-09-25T14:23:38.212+0000] {logging_mixin.py:188} INFO - [2026-09-25T14:23:38.212+0000] {dag.py:3096} INFO - Sync 1 DAGs
[2026-09-25T14:23:38.229+0000] {logging_mixin.py:188} INFO - [2026-09-25T14:23:38.229+0000] {dag.py:3954} INFO - Setting next_dagrun for update_db to 2026-09-25 12:00:00+00:00, run_after=2026-09-26 12:00:00+00:00
[2026-09-25T14:23:38.249+0000] {processor.py:183} INFO - Processing /opt/airflow/dags/main.py took 0.338 seconds
[2026-09-25T14:24:08.566+0000] {processor.py:161} INFO - Started process (PID=471) to work on /opt/airflow/dags/main.py
[2026-09-25T14:24:08.571+0000] {processor.py:830} INFO - Processing file /opt/airflow/dags/main.py for tasks to queue
[2026-09-25T14:24:08.575+0000] {logging_mixin.py:188} INFO - [2026-09-25T14:24:08.575+0000] {dagbag.py:545} INFO - Filling up the DagBag from /opt/airflow/dags/main.py
[2026-09-25T14:24:08.820+0000] {processor.py:840} INFO - DAG(s) 'update_db' retrieved from /opt/airflow/dags/main.py
[2026-09-25T14:24:08.856+0000] {logging_mixin.py:188} INFO - [2026-09-25T14:24:08.856+0000] {dag.py:3096} INFO - Sync 1 DAGs
[2026-09-25T14:24:08.882+0000] {logging_mixin.py:188} INFO - [2026-09-25T14:24:08.881+0000] {dag.py:3954} INFO - Setting next_dagrun for update_db to 2026-09-25 12:00:00+00:00, run_after=2026-09-26 12:00:00+00:00
[2026-09-25T14:24:08.904+0000] {processor.py:183} INFO - Processing /opt/airflow/dags/main.py took 0.345 seconds
[2026-09-25T14:24:39.262+0000] {processor.py:161} INFO - Started process (PID=478) to work on /opt/airflow/dags/main.py
[2026-09-25T14:24:39.266+0000] {processor.py:830} INFO - Processing file /opt/airflow/dags/main.py for tasks to queue
[2026-09-25T14:24:39.269+0000] {logging_mixin.py:188} INFO - [2026-09-25T14:24:39.269+0000] {dagbag.py:545} INFO - Filling up the DagBag from /opt/airflow/dags/main.py
[2026-09-25T14:24:39.533+0000] {processor.py:840} INFO - DAG(s) 'update_db' retrieved from /opt/airflow/dags/main.py
[2026-09-25T14:24:39.558+0000] {logging_mixin.py:188} INFO - [2026-09-25T14:24:39.558+0000] {dag.py:3096} INFO - Sync 1 DAGs
[2026-09-25T14:24:39.581+0000] {logging_mixin.py:188} INFO - [2026-09-25T14:24:39.581+0000] {dag.py:3954} INFO - Setting next_dagrun for update_db to 2026-09-25 12:00:00+00:00, run_after=2026-09-26 12:00:00+00:00
[2026-09-25T14:24:39.600+0000] {processor.py:183} INFO - Processing /opt/airflow/dags/main.py took 0.344 seconds
[2026-09-25T14:25:09.951+0000] {processor.py:161} INFO - Started process (PID=485) to work on /opt/airflow/dags/main.py
[2026-09-25T14:25:09.953+0000] {processor.py:830} INFO - Processing file /opt/airflow/dags/main.py for tasks to queue
[2026-09-25T14:25:09.957+0000] {logging_mixin.py:188} INFO - [2026-09-25T14:25:09.956+0000] {dagbag.py:545} INFO - Filling up the DagBag from /opt/airflow/dags/main.py
[2026-09-25T14:25:10.321+0000] {processor.py:840} INFO - DAG(s) 'update_db' retrieved from /opt/airflow/dags/main.py
[2026-09-25T14:25:10.370+0000] {logging_mixin.py:188} INFO - [2026-09-25T14:25:10.369+0000] {dag.py:3096} INFO - Sync 1 DAGs
[2026-09-25T14:25:10.400+0000] {logging_mixin.py:188} INFO - [2026-09-25T14:25:10.400+0000] {dag.py:3954} INFO - Setting next_dagrun for update_db to 2026-09-25 12:00:00+00:00, run_after=2026-09-26 12:00:00+00:00
[2026-09-25T14:25:10.430+0000] {processor.py:183} INFO - Processing /opt/airflow/dags/main.py took 0.489 seconds
[2026-09-25T14:25:40.673+0000] {processor.py:161} INFO - Started process (PID=492) to work on /opt/airflow/dags/main.py
[2026-09-25T14:25:40.676+0000] {processor.py:830} INFO - Processing file /opt/airflow/dags/main.py for tasks to queue
[2026-09-25T14:25:40.681+0000] {logging_mixin.py:188} INFO - [2026-09-25T14:25:40.680+0000] {dagbag.py:545} INFO - Filling up the DagBag from /opt/airflow/dags/main.py
[2026-09-25T14:25:41.013+0000] {processor.py:840} INFO - DAG(s) 'update_db' retrieved from /opt/airflow/dags/main.py
[2026-09-25T14:25:41.089+0000] {logging_mixin.py:188} INFO - [2026-09-25T14:25:41.088+0000] {dag.py:3096} INFO - Sync 1 DAGs
[2026-09-25T14:25:41.123+0000] {logging_mixin.py:188} INFO - [2026-09-25T14:25:41.123+0000] {dag.py:3954} INFO - Setting next_dagrun for update_db to 2026-09-25 12:00:00+00:00, run_after=2026-09-26 12:00:00+00:00
[2026-09-25T14:25:41.169+0000] {processor.py:183} INFO - Processing /opt/airflow/dags/main.py took 0.506 seconds
[2026-09-25T14:26:11.533+0000] {processor.py:161} INFO - Started process (PID=499) to work on /opt/airflow/dags/main.py
[2026-09-25T14:26:11.536+0000] {processor.py:830} INFO - Processing file /opt/airflow/dags/main.py for tasks to queue
[2026-09-25T14:26:11.541+0000] {logging_mixin.py:188} INFO - [2026-09-25T14:26:11.540+0000] {dagbag.py:545} INFO - Filling up the DagBag from /opt/airflow/dags/main.py
[2026-09-25T14:26:11.806+0000] {processor.py:840} INFO - DAG(s) 'update_db' retrieved from /opt/airflow/dags/main.py
[2026-09-25T14:26:11.856+0000] {logging_mixin.py:188} INFO - [2026-09-25T14:26:11.856+0000] {dag.py:3096} INFO - Sync 1 DAGs
[2026-09-25T14:26:11.917+0000] {logging_mixin.py:188} INFO - [2026-09-25T14:26:11.917+0000] {dag.py:3954} INFO - Setting next_dagrun for update_db to 2026-09-25 12:00:00+00:00, run_after=2026-09-26 12:00:00+00:00
[2026-09-25T14:26:11.949+0000] {processor.py:183} INFO - Processing /opt/airflow/dags/main.py took 0.425 seconds
[2026-09-25T14:26:42.347+0000] {processor.py:161} INFO - Started process (PID=506) to work on /opt/airflow/dags/main.py
[2026-09-25T14:26:42.350+0000] {processor.py:830} INFO - Processing file /opt/airflow/dags/main.py for tasks to queue
[2026-09-25T14:26:42.355+0000] {logging_mixin.py:188} INFO - [2026-09-25T14:26:42.354+0000] {dagbag.py:545} INFO - Filling up the DagBag from /opt/airflow/dags/main.py
[2026-09-25T14:26:42.628+0000] {processor.py:840} INFO - DAG(s) 'update_db' retrieved from /opt/airflow/dags/main.py
[2026-09-25T14:26:42.650+0000] {logging_mixin.py:188} INFO - [2026-09-25T14:26:42.650+0000] {dag.py:3096} INFO - Sync 1 DAGs
[2026-09-25T14:26:42.672+0000] {logging_mixin.py:188} INFO - [2026-09-25T14:26:42.672+0000] {dag.py:3954} INFO - Setting next_dagrun for update_db to 2026-09-25 12:00:00+00:00, run_after=2026-09-26 12:00:00+00:00
[2026-09-25T14:26:42.693+0000] {processor.py:183} INFO - Processing /opt/airflow/dags/main.py took 0.353 seconds
[2026-09-25T14:27:13.117+0000] {processor.py:161} INFO - Started process (PID=513) to work on /opt/airflow/dags/main.py
[2026-09-25T14:27:13.120+0000] {processor.py:830} INFO - Processing file /opt/airflow/dags/main.py for tasks to queue
[2026-09-25T14:27:13.124+0000] {logging_mixin.py:188} INFO - [2026-09-25T14:27:13.124+0000] {dagbag.py:545} INFO - Filling up the DagBag from /opt/airflow/dags/main.py
[2026-09-25T14:27:13.391+0000] {processor.py:840} INFO - DAG(s) 'update_db' retrieved from /opt/airflow/dags/main.py
[2026-09-25T14:27:13.414+0000] {logging_mixin.py:188} INFO - [2026-09-25T14:27:13.414+0000] {dag.py:3096} INFO - Sync 1 DAGs
[2026-09-25T14:27:13.431+0000] {logging_mixin.py:188} INFO - [2026-09-25T14:27:13.431+0000] {dag.py:3954} INFO - Setting next_dagrun for update_db to 2026-09-25 12:00:00+00:00, run_after=2026-09-26 12:00:00+00:00
[2026-09-25T14:27:13.450+0000] {processor.py:183} INFO - Processing /opt/airflow/dags/main.py took 0.341 seconds
[2026-09-25T14:27:43.813+0000] {processor.py:161} INFO - Started process (PID=520) to work on /opt/airflow/dags/main.py
[2026-09-25T14:27:43.816+0000] {processor.py:830} INFO - Processing file /opt/airflow/dags/main.py for tasks to queue
[2026-09-25T14:27:43.819+0000] {logging_mixin.py:188} INFO - [2026-09-25T14:27:43.818+0000] {dagbag.py:545} INFO - Filling up the DagBag from /opt/airflow/dags/main.py
[2026-09-25T14:27:44.068+0000] {processor.py:840} INFO - DAG(s) 'update_db' retrieved from /opt/airflow/dags/main.py
[2026-09-25T14:27:44.097+0000] {logging_mixin.py:188} INFO - [2026-09-25T14:27:44.097+0000] {dag.py:3096} INFO - Sync 1 DAGs
[2026-09-25T14:27:44.121+0000] {logging_mixin.py:188} INFO - [2026-09-25T14:27:44.121+0000] {dag.py:3954} INFO - Setting next_dagrun for update_db to 2026-09-25 12:00:00+00:00, run_after=2026-09-26 12:00:00+00:00
[2026-09-25T14:27:44.148+0000] {processor.py:183} INFO - Processing /opt/airflow/dags/main.py took 0.342 seconds
[2026-09-25T14:28:14.489+0000] {processor.py:161} INFO - Started process (PID=527) to work on /opt/airflow/dags/main.py
[2026-09-25T14:28:14.492+0000] {processor.py:830} INFO - Processing file /opt/airflow/dags/main.py for tasks to queue
[2026-09-25T14:28:14.499+0000] {logging_mixin.py:188} INFO - [2026-09-25T14:28:14.497+0000] {dagbag.py:545} INFO - Filling up the DagBag from /opt/airflow/dags/main.py
[2026-09-25T14:28:14.792+0000] {processor.py:840} INFO - DAG(s) 'update_db' retrieved from /opt/airflow/dags/main.py
[2026-09-25T14:28:14.824+0000] {logging_mixin.py:188} INFO - [2026-09-25T14:28:14.824+0000] {dag.py:3096} INFO - Sync 1 DAGs
[2026-09-25T14:28:14.859+0000] {logging_mixin.py:188} INFO - [2026-09-25T14:28:14.858+0000] {dag.py:3954} INFO - Setting next_dagrun for update_db to 2026-09-25 12:00:00+00:00, run_after=2026-09-26 12:00:00+00:00
[2026-09-25T14:28:14.885+0000] {processor.py:183} INFO - Processing /opt/airflow/dags/main.py took 0.411 seconds
[2026-09-25T14:28:45.270+0000] {processor.py:161} INFO - Started process (PID=534) to work on /opt/airflow/dags/main.py
[2026-09-25T14:28:45.280+0000] {processor.py:830} INFO - Processing file /opt/airflow/dags/main.py for tasks to queue
[2026-09-25T14:28:45.303+0000] {logging_mixin.py:188} INFO - [2026-09-25T14:28:45.299+0000] {dagbag.py:545} INFO - Filling up the DagBag from /opt/airflow/dags/main.py
[2026-09-25T14:28:45.644+0000] {processor.py:840} INFO - DAG(s) 'update_db' retrieved from /opt/airflow/dags/main.py
[2026-09-25T14:28:45.703+0000] {logging_mixin.py:188} INFO - [2026-09-25T14:28:45.703+0000] {dag.py:3096} INFO - Sync 1 DAGs
[2026-09-25T14:28:45.777+0000] {logging_mixin.py:188} INFO - [2026-09-25T14:28:45.777+0000] {dag.py:3954} INFO - Setting next_dagrun for update_db to 2026-09-25 12:00:00+00:00, run_after=2026-09-26 12:00:00+00:00
[2026-09-25T14:28:45.853+0000] {processor.py:183} INFO - Processing /opt/airflow/dags/main.py took 0.615 seconds
[2026-09-25T14:29:16.098+0000] {processor.py:161} INFO - Started process (PID=542) to work on /opt/airflow/dags/main.py
[2026-09-25T14:29:16.101+0000] {processor.py:830} INFO - Processing file /opt/airflow/dags/main.py for tasks to queue
[2026-09-25T14:29:16.105+0000] {logging_mixin.py:188} INFO - [2026-09-25T14:29:16.104+0000] {dagbag.py:545} INFO - Filling up the DagBag from /opt/airflow/dags/main.py
[2026-09-25T14:29:16.349+0000] {processor.py:840} INFO - DAG(s) 'update_db' retrieved from /opt/airflow/dags/main.py
[2026-09-25T14:29:16.373+0000] {logging_mixin.py:188} INFO - [2026-09-25T14:29:16.373+0000] {dag.py:3096} INFO - Sync 1 DAGs
[2026-09-25T14:29:16.393+0000] {logging_mixin.py:188} INFO - [2026-09-25T14:29:16.393+0000] {dag.py:3954} INFO - Setting next_dagrun for update_db to 2026-09-25 12:00:00+00:00, run_after=2026-09-26 12:00:00+00:00
[2026-09-25T14:29:16.415+0000] {processor.py:183} INFO - Processing /opt/airflow/dags/main.py took 0.324 seconds
[2026-09-25T14:29:46.745+0000] {processor.py:161} INFO - Started process (PID=549) to work on /opt/airflow/dags/main.py
[2026-09-25T14:29:46.748+0000] {processor.py:830} INFO - Processing file /opt/airflow/dags/main.py for tasks to queue
[2026-09-25T14:29:46.752+0000] {logging_mixin.py:188} INFO - [2026-09-25T14:29:46.752+0000] {dagbag.py:545} INFO - Filling up the DagBag from /opt/airflow/dags/main.py
[2026-09-25T14:29:46.985+0000] {processor.py:840} INFO - DAG(s) 'update_db' retrieved from /opt/airflow/dags/main.py
[2026-09-25T14:29:47.011+0000] {logging_mixin.py:188} INFO - [2026-09-25T14:29:47.011+0000] {dag.py:3096} INFO - Sync 1 DAGs
[2026-09-25T14:29:47.033+0000] {logging_mixin.py:188} INFO - [2026-09-25T14:29:47.033+0000] {dag.py:3954} INFO - Setting next_dagrun for update_db to 2026-09-25 12:00:00+00:00, run_after=2026-09-26 12:00:00+00:00
[2026-09-25T14:29:47.054+0000] {processor.py:183} INFO - Processing /opt/airflow/dags/main.py took 0.315 seconds
[2026-09-25T14:30:17.394+0000] {processor.py:161} INFO - Started process (PID=556) to work on /opt/airflow/dags/main.py
[2026-09-25T14:30:17.397+0000] {processor.py:830} INFO - Processing file /opt/airflow/dags/main.py for tasks to queue
[2026-09-25T14:30:17.401+0000] {logging_mixin.py:188} INFO - [2026-09-25T14:30:17.400+0000] {dagbag.py:545} INFO - Filling up the DagBag from /opt/airflow/dags/main.py
[2026-09-25T14:30:17.688+0000] {processor.py:840} INFO - DAG(s) 'update_db' retrieved from /opt/airflow/dags/main.py
[2026-09-25T14:30:17.711+0000] {logging_mixin.py:188} INFO - [2026-09-25T14:30:17.711+0000] {dag.py:3096} INFO - Sync 1 DAGs
[2026-09-25T14:30:17.731+0000] {logging_mixin.py:188} INFO - [2026-09-25T14:30:17.730+0000] {dag.py:3954} INFO - Setting next_dagrun for update_db to 2026-09-25 12:00:00+00:00, run_after=2026-09-26 12:00:00+00:00
[2026-09-25T14:30:17.755+0000] {processor.py:183} INFO - Processing /opt/airflow/dags/main.py took 0.366 seconds
[2026-09-25T14:30:48.179+0000] {processor.py:161} INFO - Started process (PID=563) to work on /opt/airflow/dags/main.py
[2026-09-25T14:30:48.181+0000] {processor.py:830} INFO - Processing file /opt/airflow/dags/main.py for tasks to queue
[2026-09-25T14:30:48.184+0000] {logging_mixin.py:188} INFO - [2026-09-25T14:30:48.184+0000] {dagbag.py:545} INFO - Filling up the DagBag from /opt/airflow/dags/main.py
[2026-09-25T14:30:48.431+0000] {processor.py:840} INFO - DAG(s) 'update_db' retrieved from /opt/airflow/dags/main.py
[2026-09-25T14:30:48.454+0000] {logging_mixin.py:188} INFO - [2026-09-25T14:30:48.454+0000] {dag.py:3096} INFO - Sync 1 DAGs
[2026-09-25T14:30:48.472+0000] {logging_mixin.py:188} INFO - [2026-09-25T14:30:48.472+0000] {dag.py:3954} INFO - Setting next_dagrun for update_db to 2026-09-25 12:00:00+00:00, run_after=2026-09-26 12:00:00+00:00
[2026-09-25T14:30:48.495+0000] {processor.py:183} INFO - Processing /opt/airflow/dags/main.py took 0.323 seconds
[2026-09-25T14:31:18.841+0000] {processor.py:161} INFO - Started process (PID=570) to work on /opt/airflow/dags/main.py
[2026-09-25T14:31:18.843+0000] {processor.py:830} INFO - Processing file /opt/airflow/dags/main.py for tasks to queue
[2026-09-25T14:31:18.846+0000] {logging_mixin.py:188} INFO - [2026-09-25T14:31:18.846+0000] {dagbag.py:545} INFO - Filling up the DagBag from /opt/airflow/dags/main.py
[2026-09-25T14:31:19.092+0000] {processor.py:840} INFO - DAG(s) 'update_db' retrieved from /opt/airflow/dags/main.py
[2026-09-25T14:31:19.116+0000] {logging_mixin.py:188} INFO - [2026-09-25T14:31:19.116+0000] {dag.py:3096} INFO - Sync 1 DAGs
[2026-09-25T14:31:19.138+0000] {logging_mixin.py:188} INFO - [2026-09-25T14:31:19.138+0000] {dag.py:3954} INFO - Setting next_dagrun for update_db to 2026-09-25 12:00:00+00:00, run_after=2026-09-26 12:00:00+00:00
[2026-09-25T14:31:19.164+0000] {processor.py:183} INFO - Processing /opt/airflow/dags/main.py took 0.331 seconds
[2026-09-25T14:31:49.519+0000] {processor.py:161} INFO - Started process (PID=577) to work on /opt/airflow/dags/main.py
[2026-09-25T14:31:49.522+0000] {processor.py:830} INFO - Processing file /opt/airflow/dags/main.py for tasks to queue
[2026-09-25T14:31:49.530+0000] {logging_mixin.py:188} INFO - [2026-09-25T14:31:49.529+0000] {dagbag.py:545} INFO - Filling up the DagBag from /opt/airflow/dags/main.py
[2026-09-25T14:31:49.873+0000] {processor.py:840} INFO - DAG(s) 'update_db' retrieved from /opt/airflow/dags/main.py
[2026-09-25T14:31:49.910+0000] {logging_mixin.py:188} INFO - [2026-09-25T14:31:49.910+0000] {dag.py:3096} INFO - Sync 1 DAGs
[2026-09-25T14:31:49.957+0000] {processor.py:183} INFO - Processing /opt/airflow/dags/main.py took 0.446 seconds
[2026-09-25T14:32:20.314+0000] {processor.py:161} INFO - Started process (PID=584) to work on /opt/airflow/dags/main.py
[2026-09-25T14:32:20.317+0000] {processor.py:830} INFO - Processing file /opt/airflow/dags/main.py for tasks to queue
[2026-09-25T14:32:20.321+0000] {logging_mixin.py:188} INFO - [2026-09-25T14:32:20.320+0000] {dagbag.py:545} INFO - Filling up the DagBag from /opt/airflow/dags/main.py
[2026-09-25T14:32:20.568+0000] {processor.py:840} INFO - DAG(s) 'update_db' retrieved from /opt/airflow/dags/main.py
[2026-09-25T14:32:20.591+0000] {logging_mixin.py:188} INFO - [2026-09-25T14:32:20.591+0000] {dag.py:3096} INFO - Sync 1 DAGs
[2026-09-25T14:32:20.608+0000] {logging_mixin.py:188} INFO - [2026-09-25T14:32:20.608+0000] {dag.py:3954} INFO - Setting next_dagrun for update_db to 2026-09-25 12:00:00+00:00, run_after=2026-09-26 12:00:00+00:00
[2026-09-25T14:32:20.627+0000] {processor.py:183} INFO - Processing /opt/airflow/dags/main.py took 0.318 seconds
[2026-09-25T14:32:50.981+0000] {processor.py:161} INFO - Started process (PID=591) to work on /opt/airflow/dags/main.py
[2026-09-25T14:32:50.985+0000] {processor.py:830} INFO - Processing file /opt/airflow/dags/main.py for tasks to queue
[2026-09-25T14:32:50.992+0000] {logging_mixin.py:188} INFO - [2026-09-25T14:32:50.991+0000] {dagbag.py:545} INFO - Filling up the DagBag from /opt/airflow/dags/main.py
[2026-09-25T14:32:51.183+0000] {processor.py:840} INFO - DAG(s) 'update_db' retrieved from /opt/airflow/dags/main.py
[2026-09-25T14:32:51.217+0000] {logging_mixin.py:188} INFO - [2026-09-25T14:32:51.217+0000] {dag.py:3096} INFO - Sync 1 DAGs
[2026-09-25T14:32:51.239+0000] {logging_mixin.py:188} INFO - [2026-09-25T14:32:51.239+0000] {dag.py:3954} INFO - Setting next_dagrun for update_db to 2026-09-25 12:00:00+00:00, run_after=2026-09-26 12:00:00+00:00
[2026-09-25T14:32:51.258+0000] {processor.py:183} INFO - Processing /opt/airflow/dags/main.py took 0.289 seconds
[2026-09-25T14:33:21.585+0000] {processor.py:161} INFO - Started process (PID=598) to work on /opt/airflow/dags/main.py
[2026-09-25T14:33:21.588+0000] {processor.py:830} INFO - Processing file /opt/airflow/dags/main.py for tasks to queue
[2026-09-25T14:33:21.592+0000] {logging_mixin.py:188} INFO - [2026-09-25T14:33:21.592+0000] {dagbag.py:545} INFO - Filling up the DagBag from /opt/airflow/dags/main.py
[2026-09-25T14:33:21.820+0000] {processor.py:840} INFO - DAG(s) 'update_db' retrieved from /opt/airflow/dags/main.py
[2026-09-25T14:33:21.846+0000] {logging_mixin.py:188} INFO - [2026-09-25T14:33:21.846+0000] {dag.py:3096} INFO - Sync 1 DAGs
[2026-09-25T14:33:21.865+0000] {logging_mixin.py:188} INFO - [2026-09-25T14:33:21.865+0000] {dag.py:3954} INFO - Setting next_dagrun for update_db to 2026-09-25 12:00:00+00:00, run_after=2026-09-26 12:00:00+00:00
[2026-09-25T14:33:21.887+0000] {processor.py:183} INFO - Processing /opt/airflow/dags/main.py took 0.308 seconds
[2026-09-25T14:33:52.202+0000] {processor.py:161} INFO - Started process (PID=605) to work on /opt/airflow/dags/main.py
[2026-09-25T14:33:52.204+0000] {processor.py:830} INFO - Processing file /opt/airflow/dags/main.py for tasks to queue
[2026-09-25T14:33:52.209+0000] {logging_mixin.py:188} INFO - [2026-09-25T14:33:52.208+0000] {dagbag.py:545} INFO - Filling up the DagBag from /opt/airflow/dags/main.py
[2026-09-25T14:33:52.487+0000] {processor.py:840} INFO - DAG(s) 'update_db' retrieved from /opt/airflow/dags/main.py
[2026-09-25T14:33:52.518+0000] {logging_mixin.py:188} INFO - [2026-09-25T14:33:52.517+0000] {dag.py:3096} INFO - Sync 1 DAGs
[2026-09-25T14:33:52.541+0000] {logging_mixin.py:188} INFO - [2026-09-25T14:33:52.541+0000] {dag.py:3954} INFO - Setting next_dagrun for update_db to 2026-09-25 12:00:00+00:00, run_after=2026-09-26 12:00:00+00:00
[2026-09-25T14:33:52.575+0000] {processor.py:183} INFO - Processing /opt/airflow/dags/main.py took 0.381 seconds
[2026-09-25T14:34:22.925+0000] {processor.py:161} INFO - Started process (PID=612) to work on /opt/airflow/dags/main.py
[2026-09-25T14:34:22.930+0000] {processor.py:830} INFO - Processing file /opt/airflow/dags/main.py for tasks to queue
[2026-09-25T14:34:22.939+0000] {logging_mixin.py:188} INFO - [2026-09-25T14:34:22.936+0000] {dagbag.py:545} INFO - Filling up the DagBag from /opt/airflow/dags/main.py
[2026-09-25T14:34:23.195+0000] {processor.py:840} INFO - DAG(s) 'update_db' retrieved from /opt/airflow/dags/main.py
[2026-09-25T14:34:23.225+0000] {logging_mixin.py:188} INFO - [2026-09-25T14:34:23.225+0000] {dag.py:3096} INFO - Sync 1 DAGs
[2026-09-25T14:34:23.250+0000] {logging_mixin.py:188} INFO - [2026-09-25T14:34:23.250+0000] {dag.py:3954} INFO - Setting next_dagrun for update_db to 2026-09-25 12:00:00+00:00, run_after=2026-09-26 12:00:00+00:00
[2026-09-25T14:34:23.277+0000] {processor.py:183} INFO - Processing /opt/airflow/dags/main.py took 0.361 seconds
[2026-09-25T14:34:53.575+0000] {processor.py:161} INFO - Started process (PID=619) to work on /opt/airflow/dags/main.py
[2026-09-25T14:34:53.578+0000] {processor.py:830} INFO - Processing file /opt/airflow/dags/main.py for tasks to queue
[2026-09-25T14:34:53.583+0000] {logging_mixin.py:188} INFO - [2026-09-25T14:34:53.582+0000] {dagbag.py:545} INFO - Filling up the DagBag from /opt/airflow/dags/main.py
[2026-09-25T14:34:53.813+0000] {processor.py:840} INFO - DAG(s) 'update_db' retrieved from /opt/airflow/dags/main.py
[2026-09-25T14:34:53.851+0000] {logging_mixin.py:188} INFO - [2026-09-25T14:34:53.850+0000] {dag.py:3096} INFO - Sync 1 DAGs
[2026-09-25T14:34:53.877+0000] {logging_mixin.py:188} INFO - [2026-09-25T14:34:53.877+0000] {dag.py:3954} INFO - Setting next_dagrun for update_db to 2026-09-25 12:00:00+00:00, run_after=2026-09-26 12:00:00+00:00
[2026-09-25T14:34:53.902+0000] {processor.py:183} INFO - Processing /opt/airflow/dags/main.py took 0.333 seconds
[2026-09-25T14:35:24.268+0000] {processor.py:161} INFO - Started process (PID=626) to work on /opt/airflow/dags/main.py
[2026-09-25T14:35:24.272+0000] {processor.py:830} INFO - Processing file /opt/airflow/dags/main.py for tasks to queue
[2026-09-25T14:35:24.279+0000] {logging_mixin.py:188} INFO - [2026-09-25T14:35:24.278+0000] {dagbag.py:545} INFO - Filling up the DagBag from /opt/airflow/dags/main.py
[2026-09-25T14:35:24.514+0000] {processor.py:840} INFO - DAG(s) 'update_db' retrieved from /opt/airflow/dags/main.py
[2026-09-25T14:35:24.546+0000] {logging_mixin.py:188} INFO - [2026-09-25T14:35:24.545+0000] {dag.py:3096} INFO - Sync 1 DAGs
[2026-09-25T14:35:24.570+0000] {logging_mixin.py:188} INFO - [2026-09-25T14:35:24.570+0000] {dag.py:3954} INFO - Setting next_dagrun for update_db to 2026-09-25 12:00:00+00:00, run_after=2026-09-26 12:00:00+00:00
[2026-09-25T14:35:24.600+0000] {processor.py:183} INFO - Processing /opt/airflow/dags/main.py took 0.364 seconds
[2026-09-25T14:35:55.383+0000] {processor.py:161} INFO - Started process (PID=633) to work on /opt/airflow/dags/main.py
[2026-09-25T14:35:55.386+0000] {processor.py:830} INFO - Processing file /opt/airflow/dags/main.py for tasks to queue
[2026-09-25T14:35:55.390+0000] {logging_mixin.py:188} INFO - [2026-09-25T14:35:55.390+0000] {dagbag.py:545} INFO - Filling up the DagBag from /opt/airflow/dags/main.py
[2026-09-25T14:35:55.719+0000] {processor.py:840} INFO - DAG(s) 'update_db' retrieved from /opt/airflow/dags/main.py
[2026-09-25T14:35:55.754+0000] {logging_mixin.py:188} INFO - [2026-09-25T14:35:55.754+0000] {dag.py:3096} INFO - Sync 1 DAGs
[2026-09-25T14:35:55.779+0000] {logging_mixin.py:188} INFO - [2026-09-25T14:35:55.778+0000] {dag.py:3954} INFO - Setting next_dagrun for update_db to 2026-09-25 12:00:00+00:00, run_after=2026-09-26 12:00:00+00:00
[2026-09-25T14:35:55.802+0000] {processor.py:183} INFO - Processing /opt/airflow/dags/main.py took 0.426 seconds
[2026-09-25T14:36:26.146+0000] {processor.py:161} INFO - Started process (PID=640) to work on /opt/airflow/dags/main.py
[2026-09-25T14:36:26.149+0000] {processor.py:830} INFO - Processing file /opt/airflow/dags/main.py for tasks to queue
[2026-09-25T14:36:26.154+0000] {logging_mixin.py:188} INFO - [2026-09-25T14:36:26.153+0000] {dagbag.py:545} INFO - Filling up the DagBag from /opt/airflow/dags/main.py
[2026-09-25T14:36:26.457+0000] {processor.py:840} INFO - DAG(s) 'update_db' retrieved from /opt/airflow/dags/main.py
[2026-09-25T14:36:26.485+0000] {logging_mixin.py:188} INFO - [2026-09-25T14:36:26.484+0000] {dag.py:3096} INFO - Sync 1 DAGs
[2026-09-25T14:36:26.505+0000] {logging_mixin.py:188} INFO - [2026-09-25T14:36:26.504+0000] {dag.py:3954} INFO - Setting next_dagrun for update_db to 2026-09-25 12:00:00+00:00, run_after=2026-09-26 12:00:00+00:00
[2026-09-25T14:36:26.527+0000] {processor.py:183} INFO - Processing /opt/airflow/dags/main.py took 0.389 seconds
[2026-09-25T14:36:56.870+0000] {processor.py:161} INFO - Started process (PID=647) to work on /opt/airflow/dags/main.py
[2026-09-25T14:36:56.873+0000] {processor.py:830} INFO - Processing file /opt/airflow/dags/main.py for tasks to queue
[2026-09-25T14:36:56.877+0000] {logging_mixin.py:188} INFO - [2026-09-25T14:36:56.876+0000] {dagbag.py:545} INFO - Filling up the DagBag from /opt/airflow/dags/main.py
[2026-09-25T14:36:57.258+0000] {processor.py:840} INFO - DAG(s) 'update_db' retrieved from /opt/airflow/dags/main.py
[2026-09-25T14:36:57.320+0000] {logging_mixin.py:188} INFO - [2026-09-25T14:36:57.320+0000] {dag.py:3096} INFO - Sync 1 DAGs
[2026-09-25T14:36:57.351+0000] {logging_mixin.py:188} INFO - [2026-09-25T14:36:57.350+0000] {dag.py:3954} INFO - Setting next_dagrun for update_db to 2026-09-25 12:00:00+00:00, run_after=2026-09-26 12:00:00+00:00
[2026-09-25T14:36:57.377+0000] {processor.py:183} INFO - Processing /opt/airflow/dags/main.py took 0.513 seconds
[2026-09-25T14:37:27.720+0000] {processor.py:161} INFO - Started process (PID=654) to work on /opt/airflow/dags/main.py
[2026-09-25T14:37:27.723+0000] {processor.py:830} INFO - Processing file /opt/airflow/dags/main.py for tasks to queue
[2026-09-25T14:37:27.727+0000] {logging_mixin.py:188} INFO - [2026-09-25T14:37:27.726+0000] {dagbag.py:545} INFO - Filling up the DagBag from /opt/airflow/dags/main.py
[2026-09-25T14:37:27.999+0000] {processor.py:840} INFO - DAG(s) 'update_db' retrieved from /opt/airflow/dags/main.py
[2026-09-25T14:37:28.026+0000] {logging_mixin.py:188} INFO - [2026-09-25T14:37:28.026+0000] {dag.py:3096} INFO - Sync 1 DAGs
[2026-09-25T14:37:28.044+0000] {logging_mixin.py:188} INFO - [2026-09-25T14:37:28.044+0000] {dag.py:3954} INFO - Setting next_dagrun for update_db to 2026-09-25 12:00:00+00:00, run_after=2026-09-26 12:00:00+00:00
[2026-09-25T14:37:28.065+0000] {processor.py:183} INFO - Processing /opt/airflow/dags/main.py took 0.353 seconds
[2026-09-25T14:37:58.385+0000] {processor.py:161} INFO - Started process (PID=661) to work on /opt/airflow/dags/main.py
[2026-09-25T14:37:58.389+0000] {processor.py:830} INFO - Processing file /opt/airflow/dags/main.py for tasks to queue
[2026-09-25T14:37:58.395+0000] {logging_mixin.py:188} INFO - [2026-09-25T14:37:58.394+0000] {dagbag.py:545} INFO - Filling up the DagBag from /opt/airflow/dags/main.py
[2026-09-25T14:37:58.620+0000] {processor.py:840} INFO - DAG(s) 'update_db' retrieved from /opt/airflow/dags/main.py
[2026-09-25T14:37:58.648+0000] {logging_mixin.py:188} INFO - [2026-09-25T14:37:58.648+0000] {dag.py:3096} INFO - Sync 1 DAGs
[2026-09-25T14:37:58.669+0000] {logging_mixin.py:188} INFO - [2026-09-25T14:37:58.669+0000] {dag.py:3954} INFO - Setting next_dagrun for update_db to 2026-09-25 12:00:00+00:00, run_after=2026-09-26 12:00:00+00:00
[2026-09-25T14:37:58.691+0000] {processor.py:183} INFO - Processing /opt/airflow/dags/main.py took 0.318 seconds
[2026-09-25T14:38:29.053+0000] {processor.py:161} INFO - Started process (PID=669) to work on /opt/airflow/dags/main.py
[2026-09-25T14:38:29.055+0000] {processor.py:830} INFO - Processing file /opt/airflow/dags/main.py for tasks to queue
[2026-09-25T14:38:29.059+0000] {logging_mixin.py:188} INFO - [2026-09-25T14:38:29.059+0000] {dagbag.py:545} INFO - Filling up the DagBag from /opt/airflow/dags/main.py
[2026-09-25T14:38:29.301+0000] {processor.py:840} INFO - DAG(s) 'update_db' retrieved from /opt/airflow/dags/main.py
[2026-09-25T14:38:29.325+0000] {logging_mixin.py:188} INFO - [2026-09-25T14:38:29.325+0000] {dag.py:3096} INFO - Sync 1 DAGs
[2026-09-25T14:38:29.345+0000] {logging_mixin.py:188} INFO - [2026-09-25T14:38:29.345+0000] {dag.py:3954} INFO - Setting next_dagrun for update_db to 2026-09-25 12:00:00+00:00, run_after=2026-09-26 12:00:00+00:00
[2026-09-25T14:38:29.367+0000] {processor.py:183} INFO - Processing /opt/airflow/dags/main.py took 0.324 seconds
[2026-09-25T14:38:59.688+0000] {processor.py:161} INFO - Started process (PID=677) to work on /opt/airflow/dags/main.py
[2026-09-25T14:38:59.691+0000] {processor.py:830} INFO - Processing file /opt/airflow/dags/main.py for tasks to queue
[2026-09-25T14:38:59.695+0000] {logging_mixin.py:188} INFO - [2026-09-25T14:38:59.695+0000] {dagbag.py:545} INFO - Filling up the DagBag from /opt/airflow/dags/main.py
[2026-09-25T14:38:59.924+0000] {processor.py:840} INFO - DAG(s) 'update_db' retrieved from /opt/airflow/dags/main.py
[2026-09-25T14:38:59.952+0000] {logging_mixin.py:188} INFO - [2026-09-25T14:38:59.952+0000] {dag.py:3096} INFO - Sync 1 DAGs
[2026-09-25T14:38:59.972+0000] {logging_mixin.py:188} INFO - [2026-09-25T14:38:59.972+0000] {dag.py:3954} INFO - Setting next_dagrun for update_db to 2026-09-25 12:00:00+00:00, run_after=2026-09-26 12:00:00+00:00
[2026-09-25T14:38:59.995+0000] {processor.py:183} INFO - Processing /opt/airflow/dags/main.py took 0.315 seconds
[2026-09-25T14:39:30.292+0000] {processor.py:161} INFO - Started process (PID=684) to work on /opt/airflow/dags/main.py
[2026-09-25T14:39:30.295+0000] {processor.py:830} INFO - Processing file /opt/airflow/dags/main.py for tasks to queue
[2026-09-25T14:39:30.298+0000] {logging_mixin.py:188} INFO - [2026-09-25T14:39:30.298+0000] {dagbag.py:545} INFO - Filling up the DagBag from /opt/airflow/dags/main.py
[2026-09-25T14:39:30.557+0000] {processor.py:840} INFO - DAG(s) 'update_db' retrieved from /opt/airflow/dags/main.py
[2026-09-25T14:39:30.587+0000] {logging_mixin.py:188} INFO - [2026-09-25T14:39:30.586+0000] {dag.py:3096} INFO - Sync 1 DAGs
[2026-09-25T14:39:30.609+0000] {logging_mixin.py:188} INFO - [2026-09-25T14:39:30.609+0000] {dag.py:3954} INFO - Setting next_dagrun for update_db to 2026-09-25 12:00:00+00:00, run_after=2026-09-26 12:00:00+00:00
[2026-09-25T14:39:30.635+0000] {processor.py:183} INFO - Processing /opt/airflow/dags/main.py took 0.349 seconds
[2026-09-25T14:40:00.929+0000] {processor.py:161} INFO - Started process (PID=692) to work on /opt/airflow/dags/main.py
[2026-09-25T14:40:00.932+0000] {processor.py:830} INFO - Processing file /opt/airflow/dags/main.py for tasks to queue
[2026-09-25T14:40:00.935+0000] {logging_mixin.py:188} INFO - [2026-09-25T14:40:00.935+0000] {dagbag.py:545} INFO - Filling up the DagBag from /opt/airflow/dags/main.py
[2026-09-25T14:40:01.190+0000] {processor.py:840} INFO - DAG(s) 'update_db' retrieved from /opt/airflow/dags/main.py
[2026-09-25T14:40:01.215+0000] {logging_mixin.py:188} INFO - [2026-09-25T14:40:01.215+0000] {dag.py:3096} INFO - Sync 1 DAGs
[2026-09-25T14:40:01.235+0000] {logging_mixin.py:188} INFO - [2026-09-25T14:40:01.235+0000] {dag.py:3954} INFO - Setting next_dagrun for update_db to 2026-09-25 12:00:00+00:00, run_after=2026-09-26 12:00:00+00:00
[2026-09-25T14:40:01.257+0000] {processor.py:183} INFO - Processing /opt/airflow/dags/main.py took 0.337 seconds
[2026-09-25T14:40:31.583+0000] {processor.py:161} INFO - Started process (PID=699) to work on /opt/airflow/dags/main.py
[2026-09-25T14:40:31.585+0000] {processor.py:830} INFO - Processing file /opt/airflow/dags/main.py for tasks to queue
[2026-09-25T14:40:31.588+0000] {logging_mixin.py:188} INFO - [2026-09-25T14:40:31.588+0000] {dagbag.py:545} INFO - Filling up the DagBag from /opt/airflow/dags/main.py
[2026-09-25T14:40:31.832+0000] {processor.py:840} INFO - DAG(s) 'update_db' retrieved from /opt/airflow/dags/main.py
[2026-09-25T14:40:31.857+0000] {logging_mixin.py:188} INFO - [2026-09-25T14:40:31.857+0000] {dag.py:3096} INFO - Sync 1 DAGs
[2026-09-25T14:40:31.878+0000] {logging_mixin.py:188} INFO - [2026-09-25T14:40:31.878+0000] {dag.py:3954} INFO - Setting next_dagrun for update_db to 2026-09-25 12:00:00+00:00, run_after=2026-09-26 12:00:00+00:00
[2026-09-25T14:40:31.900+0000] {processor.py:183} INFO - Processing /opt/airflow/dags/main.py took 0.324 seconds
[2026-09-25T14:41:02.211+0000] {processor.py:161} INFO - Started process (PID=706) to work on /opt/airflow/dags/main.py
[2026-09-25T14:41:02.214+0000] {processor.py:830} INFO - Processing file /opt/airflow/dags/main.py for tasks to queue
[2026-09-25T14:41:02.217+0000] {logging_mixin.py:188} INFO - [2026-09-25T14:41:02.217+0000] {dagbag.py:545} INFO - Filling up the DagBag from /opt/airflow/dags/main.py
[2026-09-25T14:41:02.502+0000] {processor.py:840} INFO - DAG(s) 'update_db' retrieved from /opt/airflow/dags/main.py
[2026-09-25T14:41:02.527+0000] {logging_mixin.py:188} INFO - [2026-09-25T14:41:02.527+0000] {dag.py:3096} INFO - Sync 1 DAGs
[2026-09-25T14:41:02.547+0000] {logging_mixin.py:188} INFO - [2026-09-25T14:41:02.547+0000] {dag.py:3954} INFO - Setting next_dagrun for update_db to 2026-09-25 12:00:00+00:00, run_after=2026-09-26 12:00:00+00:00
[2026-09-25T14:41:02.567+0000] {processor.py:183} INFO - Processing /opt/airflow/dags/main.py took 0.362 seconds
[2026-09-25T14:41:32.867+0000] {processor.py:161} INFO - Started process (PID=713) to work on /opt/airflow/dags/main.py
[2026-09-25T14:41:32.869+0000] {processor.py:830} INFO - Processing file /opt/airflow/dags/main.py for tasks to queue
[2026-09-25T14:41:32.872+0000] {logging_mixin.py:188} INFO - [2026-09-25T14:41:32.872+0000] {dagbag.py:545} INFO - Filling up the DagBag from /opt/airflow/dags/main.py
[2026-09-25T14:41:33.108+0000] {processor.py:840} INFO - DAG(s) 'update_db' retrieved from /opt/airflow/dags/main.py
[2026-09-25T14:41:33.136+0000] {logging_mixin.py:188} INFO - [2026-09-25T14:41:33.136+0000] {dag.py:3096} INFO - Sync 1 DAGs
[2026-09-25T14:41:33.157+0000] {logging_mixin.py:188} INFO - [2026-09-25T14:41:33.157+0000] {dag.py:3954} INFO - Setting next_dagrun for update_db to 2026-09-25 12:00:00+00:00, run_after=2026-09-26 12:00:00+00:00
[2026-09-25T14:41:33.178+0000] {processor.py:183} INFO - Processing /opt/airflow/dags/main.py took 0.317 seconds
[2026-09-25T14:42:03.470+0000] {processor.py:161} INFO - Started process (PID=720) to work on /opt/airflow/dags/main.py
[2026-09-25T14:42:03.473+0000] {processor.py:830} INFO - Processing file /opt/airflow/dags/main.py for tasks to queue
[2026-09-25T14:42:03.476+0000] {logging_mixin.py:188} INFO - [2026-09-25T14:42:03.476+0000] {dagbag.py:545} INFO - Filling up the DagBag from /opt/airflow/dags/main.py
[2026-09-25T14:42:03.708+0000] {processor.py:840} INFO - DAG(s) 'update_db' retrieved from /opt/airflow/dags/main.py
[2026-09-25T14:42:03.742+0000] {logging_mixin.py:188} INFO - [2026-09-25T14:42:03.742+0000] {dag.py:3096} INFO - Sync 1 DAGs
[2026-09-25T14:42:03.764+0000] {logging_mixin.py:188} INFO - [2026-09-25T14:42:03.764+0000] {dag.py:3954} INFO - Setting next_dagrun for update_db to 2026-09-25 12:00:00+00:00, run_after=2026-09-26 12:00:00+00:00
[2026-09-25T14:42:03.786+0000] {processor.py:183} INFO - Processing /opt/airflow/dags/main.py took 0.322 seconds
[2026-09-25T14:42:34.068+0000] {processor.py:161} INFO - Started process (PID=727) to work on /opt/airflow/dags/main.py
[2026-09-25T14:42:34.071+0000] {processor.py:830} INFO - Processing file /opt/airflow/dags/main.py for tasks to queue
[2026-09-25T14:42:34.075+0000] {logging_mixin.py:188} INFO - [2026-09-25T14:42:34.074+0000] {dagbag.py:545} INFO - Filling up the DagBag from /opt/airflow/dags/main.py
[2026-09-25T14:42:34.308+0000] {processor.py:840} INFO - DAG(s) 'update_db' retrieved from /opt/airflow/dags/main.py
[2026-09-25T14:42:34.337+0000] {logging_mixin.py:188} INFO - [2026-09-25T14:42:34.337+0000] {dag.py:3096} INFO - Sync 1 DAGs
[2026-09-25T14:42:34.358+0000] {logging_mixin.py:188} INFO - [2026-09-25T14:42:34.357+0000] {dag.py:3954} INFO - Setting next_dagrun for update_db to 2026-09-25 12:00:00+00:00, run_after=2026-09-26 12:00:00+00:00
[2026-09-25T14:42:34.381+0000] {processor.py:183} INFO - Processing /opt/airflow/dags/main.py took 0.318 seconds
[2026-09-25T14:43:04.697+0000] {processor.py:161} INFO - Started process (PID=734) to work on /opt/airflow/dags/main.py
[2026-09-25T14:43:04.700+0000] {processor.py:830} INFO - Processing file /opt/airflow/dags/main.py for tasks to queue
[2026-09-25T14:43:04.706+0000] {logging_mixin.py:188} INFO - [2026-09-25T14:43:04.706+0000] {dagbag.py:545} INFO - Filling up the DagBag from /opt/airflow/dags/main.py
[2026-09-25T14:43:04.948+0000] {processor.py:840} INFO - DAG(s) 'update_db' retrieved from /opt/airflow/dags/main.py
[2026-09-25T14:43:04.981+0000] {logging_mixin.py:188} INFO - [2026-09-25T14:43:04.981+0000] {dag.py:3096} INFO - Sync 1 DAGs
[2026-09-25T14:43:05.031+0000] {logging_mixin.py:188} INFO - [2026-09-25T14:43:05.030+0000] {dag.py:3954} INFO - Setting next_dagrun for update_db to 2026-09-25 12:00:00+00:00, run_after=2026-09-26 12:00:00+00:00
[2026-09-25T14:43:05.098+0000] {processor.py:183} INFO - Processing /opt/airflow/dags/main.py took 0.411 seconds
[2026-09-25T14:43:35.411+0000] {processor.py:161} INFO - Started process (PID=741) to work on /opt/airflow/dags/main.py
[2026-09-25T14:43:35.414+0000] {processor.py:830} INFO - Processing file /opt/airflow/dags/main.py for tasks to queue
[2026-09-25T14:43:35.417+0000] {logging_mixin.py:188} INFO - [2026-09-25T14:43:35.417+0000] {dagbag.py:545} INFO - Filling up the DagBag from /opt/airflow/dags/main.py
[2026-09-25T14:43:35.636+0000] {processor.py:840} INFO - DAG(s) 'update_db' retrieved from /opt/airflow/dags/main.py
[2026-09-25T14:43:35.667+0000] {logging_mixin.py:188} INFO - [2026-09-25T14:43:35.666+0000] {dag.py:3096} INFO - Sync 1 DAGs
[2026-09-25T14:43:35.691+0000] {logging_mixin.py:188} INFO - [2026-09-25T14:43:35.691+0000] {dag.py:3954} INFO - Setting next_dagrun for update_db to 2026-09-25 12:00:00+00:00, run_after=2026-09-26 12:00:00+00:00
[2026-09-25T14:43:35.715+0000] {processor.py:183} INFO - Processing /opt/airflow/dags/main.py took 0.311 seconds
[2026-09-25T14:44:06.043+0000] {processor.py:161} INFO - Started process (PID=754) to work on /opt/airflow/dags/main.py
[2026-09-25T14:44:06.046+0000] {processor.py:830} INFO - Processing file /opt/airflow/dags/main.py for tasks to queue
[2026-09-25T14:44:06.050+0000] {logging_mixin.py:188} INFO - [2026-09-25T14:44:06.049+0000] {dagbag.py:545} INFO - Filling up the DagBag from /opt/airflow/dags/main.py
[2026-09-25T14:44:06.296+0000] {processor.py:840} INFO - DAG(s) 'update_db' retrieved from /opt/airflow/dags/main.py
[2026-09-25T14:44:06.340+0000] {logging_mixin.py:188} INFO - [2026-09-25T14:44:06.339+0000] {dag.py:3096} INFO - Sync 1 DAGs
[2026-09-25T14:44:06.383+0000] {logging_mixin.py:188} INFO - [2026-09-25T14:44:06.382+0000] {dag.py:3954} INFO - Setting next_dagrun for update_db to 2026-09-25 12:00:00+00:00, run_after=2026-09-26 12:00:00+00:00
[2026-09-25T14:44:06.422+0000] {processor.py:183} INFO - Processing /opt/airflow/dags/main.py took 0.386 seconds
[2026-09-25T14:44:36.783+0000] {processor.py:161} INFO - Started process (PID=761) to work on /opt/airflow/dags/main.py
[2026-09-25T14:44:36.786+0000] {processor.py:830} INFO - Processing file /opt/airflow/dags/main.py for tasks to queue
[2026-09-25T14:44:36.790+0000] {logging_mixin.py:188} INFO - [2026-09-25T14:44:36.790+0000] {dagbag.py:545} INFO - Filling up the DagBag from /opt/airflow/dags/main.py
[2026-09-25T14:44:37.042+0000] {processor.py:840} INFO - DAG(s) 'update_db' retrieved from /opt/airflow/dags/main.py
[2026-09-25T14:44:37.080+0000] {logging_mixin.py:188} INFO - [2026-09-25T14:44:37.079+0000] {dag.py:3096} INFO - Sync 1 DAGs
[2026-09-25T14:44:37.102+0000] {logging_mixin.py:188} INFO - [2026-09-25T14:44:37.102+0000] {dag.py:3954} INFO - Setting next_dagrun for update_db to 2026-09-25 12:00:00+00:00, run_after=2026-09-26 12:00:00+00:00
[2026-09-25T14:44:37.129+0000] {processor.py:183} INFO - Processing /opt/airflow/dags/main.py took 0.352 seconds
[2026-09-25T14:45:07.423+0000] {processor.py:161} INFO - Started process (PID=768) to work on /opt/airflow/dags/main.py
[2026-09-25T14:45:07.427+0000] {processor.py:830} INFO - Processing file /opt/airflow/dags/main.py for tasks to queue
[2026-09-25T14:45:07.433+0000] {logging_mixin.py:188} INFO - [2026-09-25T14:45:07.433+0000] {dagbag.py:545} INFO - Filling up the DagBag from /opt/airflow/dags/main.py
[2026-09-25T14:45:07.685+0000] {processor.py:840} INFO - DAG(s) 'update_db' retrieved from /opt/airflow/dags/main.py
[2026-09-25T14:45:07.717+0000] {logging_mixin.py:188} INFO - [2026-09-25T14:45:07.717+0000] {dag.py:3096} INFO - Sync 1 DAGs
[2026-09-25T14:45:07.739+0000] {logging_mixin.py:188} INFO - [2026-09-25T14:45:07.738+0000] {dag.py:3954} INFO - Setting next_dagrun for update_db to 2026-09-25 12:00:00+00:00, run_after=2026-09-26 12:00:00+00:00
[2026-09-25T14:45:07.768+0000] {processor.py:183} INFO - Processing /opt/airflow/dags/main.py took 0.352 seconds
[2026-09-25T14:45:38.032+0000] {processor.py:161} INFO - Started process (PID=775) to work on /opt/airflow/dags/main.py
[2026-09-25T14:45:38.035+0000] {processor.py:830} INFO - Processing file /opt/airflow/dags/main.py for tasks to queue
[2026-09-25T14:45:38.040+0000] {logging_mixin.py:188} INFO - [2026-09-25T14:45:38.039+0000] {dagbag.py:545} INFO - Filling up the DagBag from /opt/airflow/dags/main.py
[2026-09-25T14:45:38.274+0000] {processor.py:840} INFO - DAG(s) 'update_db' retrieved from /opt/airflow/dags/main.py
[2026-09-25T14:45:38.302+0000] {logging_mixin.py:188} INFO - [2026-09-25T14:45:38.302+0000] {dag.py:3096} INFO - Sync 1 DAGs
[2026-09-25T14:45:38.323+0000] {logging_mixin.py:188} INFO - [2026-09-25T14:45:38.323+0000] {dag.py:3954} INFO - Setting next_dagrun for update_db to 2026-09-25 12:00:00+00:00, run_after=2026-09-26 12:00:00+00:00
[2026-09-25T14:45:38.348+0000] {processor.py:183} INFO - Processing /opt/airflow/dags/main.py took 0.321 seconds
[2026-09-25T14:46:08.654+0000] {processor.py:161} INFO - Started process (PID=782) to work on /opt/airflow/dags/main.py
[2026-09-25T14:46:08.659+0000] {processor.py:830} INFO - Processing file /opt/airflow/dags/main.py for tasks to queue
[2026-09-25T14:46:08.665+0000] {logging_mixin.py:188} INFO - [2026-09-25T14:46:08.665+0000] {dagbag.py:545} INFO - Filling up the DagBag from /opt/airflow/dags/main.py
[2026-09-25T14:46:08.941+0000] {processor.py:840} INFO - DAG(s) 'update_db' retrieved from /opt/airflow/dags/main.py
[2026-09-25T14:46:08.985+0000] {logging_mixin.py:188} INFO - [2026-09-25T14:46:08.985+0000] {dag.py:3096} INFO - Sync 1 DAGs
[2026-09-25T14:46:09.008+0000] {logging_mixin.py:188} INFO - [2026-09-25T14:46:09.008+0000] {dag.py:3954} INFO - Setting next_dagrun for update_db to 2026-09-25 12:00:00+00:00, run_after=2026-09-26 12:00:00+00:00
[2026-09-25T14:46:09.032+0000] {processor.py:183} INFO - Processing /opt/airflow/dags/main.py took 0.394 seconds
[2026-09-25T14:46:39.338+0000] {processor.py:161} INFO - Started process (PID=789) to work on /opt/airflow/dags/main.py
[2026-09-25T14:46:39.341+0000] {processor.py:830} INFO - Processing file /opt/airflow/dags/main.py for tasks to queue
[2026-09-25T14:46:39.344+0000] {logging_mixin.py:188} INFO - [2026-09-25T14:46:39.344+0000] {dagbag.py:545} INFO - Filling up the DagBag from /opt/airflow/dags/main.py
[2026-09-25T14:46:39.580+0000] {processor.py:840} INFO - DAG(s) 'update_db' retrieved from /opt/airflow/dags/main.py
[2026-09-25T14:46:39.604+0000] {logging_mixin.py:188} INFO - [2026-09-25T14:46:39.604+0000] {dag.py:3096} INFO - Sync 1 DAGs
[2026-09-25T14:46:39.624+0000] {logging_mixin.py:188} INFO - [2026-09-25T14:46:39.624+0000] {dag.py:3954} INFO - Setting next_dagrun for update_db to 2026-09-25 12:00:00+00:00, run_after=2026-09-26 12:00:00+00:00
[2026-09-25T14:46:39.645+0000] {processor.py:183} INFO - Processing /opt/airflow/dags/main.py took 0.312 seconds
[2026-09-25T14:47:09.950+0000] {processor.py:161} INFO - Started process (PID=796) to work on /opt/airflow/dags/main.py
[2026-09-25T14:47:09.953+0000] {processor.py:830} INFO - Processing file /opt/airflow/dags/main.py for tasks to queue
[2026-09-25T14:47:09.956+0000] {logging_mixin.py:188} INFO - [2026-09-25T14:47:09.955+0000] {dagbag.py:545} INFO - Filling up the DagBag from /opt/airflow/dags/main.py
[2026-09-25T14:47:10.173+0000] {processor.py:840} INFO - DAG(s) 'update_db' retrieved from /opt/airflow/dags/main.py
[2026-09-25T14:47:10.200+0000] {logging_mixin.py:188} INFO - [2026-09-25T14:47:10.200+0000] {dag.py:3096} INFO - Sync 1 DAGs
[2026-09-25T14:47:10.222+0000] {logging_mixin.py:188} INFO - [2026-09-25T14:47:10.222+0000] {dag.py:3954} INFO - Setting next_dagrun for update_db to 2026-09-25 12:00:00+00:00, run_after=2026-09-26 12:00:00+00:00
[2026-09-25T14:47:10.244+0000] {processor.py:183} INFO - Processing /opt/airflow/dags/main.py took 0.300 seconds
[2026-09-25T14:47:40.542+0000] {processor.py:161} INFO - Started process (PID=803) to work on /opt/airflow/dags/main.py
[2026-09-25T14:47:40.545+0000] {processor.py:830} INFO - Processing file /opt/airflow/dags/main.py for tasks to queue
[2026-09-25T14:47:40.549+0000] {logging_mixin.py:188} INFO - [2026-09-25T14:47:40.548+0000] {dagbag.py:545} INFO - Filling up the DagBag from /opt/airflow/dags/main.py
[2026-09-25T14:47:40.786+0000] {processor.py:840} INFO - DAG(s) 'update_db' retrieved from /opt/airflow/dags/main.py
[2026-09-25T14:47:40.816+0000] {logging_mixin.py:188} INFO - [2026-09-25T14:47:40.815+0000] {dag.py:3096} INFO - Sync 1 DAGs
[2026-09-25T14:47:40.837+0000] {logging_mixin.py:188} INFO - [2026-09-25T14:47:40.837+0000] {dag.py:3954} INFO - Setting next_dagrun for update_db to 2026-09-25 12:00:00+00:00, run_after=2026-09-26 12:00:00+00:00
[2026-09-25T14:47:40.860+0000] {processor.py:183} INFO - Processing /opt/airflow/dags/main.py took 0.324 seconds
[2026-09-25T14:48:11.168+0000] {processor.py:161} INFO - Started process (PID=810) to work on /opt/airflow/dags/main.py
[2026-09-25T14:48:11.171+0000] {processor.py:830} INFO - Processing file /opt/airflow/dags/main.py for tasks to queue
[2026-09-25T14:48:11.174+0000] {logging_mixin.py:188} INFO - [2026-09-25T14:48:11.174+0000] {dagbag.py:545} INFO - Filling up the DagBag from /opt/airflow/dags/main.py
[2026-09-25T14:48:11.413+0000] {processor.py:840} INFO - DAG(s) 'update_db' retrieved from /opt/airflow/dags/main.py
[2026-09-25T14:48:11.442+0000] {logging_mixin.py:188} INFO - [2026-09-25T14:48:11.441+0000] {dag.py:3096} INFO - Sync 1 DAGs
[2026-09-25T14:48:11.463+0000] {logging_mixin.py:188} INFO - [2026-09-25T14:48:11.462+0000] {dag.py:3954} INFO - Setting next_dagrun for update_db to 2026-09-25 12:00:00+00:00, run_after=2026-09-26 12:00:00+00:00
[2026-09-25T14:48:11.487+0000] {processor.py:183} INFO - Processing /opt/airflow/dags/main.py took 0.326 seconds
[2026-09-25T14:48:41.796+0000] {processor.py:161} INFO - Started process (PID=817) to work on /opt/airflow/dags/main.py
[2026-09-25T14:48:41.799+0000] {processor.py:830} INFO - Processing file /opt/airflow/dags/main.py for tasks to queue
[2026-09-25T14:48:41.804+0000] {logging_mixin.py:188} INFO - [2026-09-25T14:48:41.803+0000] {dagbag.py:545} INFO - Filling up the DagBag from /opt/airflow/dags/main.py
[2026-09-25T14:48:42.035+0000] {processor.py:840} INFO - DAG(s) 'update_db' retrieved from /opt/airflow/dags/main.py
[2026-09-25T14:48:42.083+0000] {logging_mixin.py:188} INFO - [2026-09-25T14:48:42.082+0000] {dag.py:3096} INFO - Sync 1 DAGs
[2026-09-25T14:48:42.108+0000] {logging_mixin.py:188} INFO - [2026-09-25T14:48:42.107+0000] {dag.py:3954} INFO - Setting next_dagrun for update_db to 2026-09-25 12:00:00+00:00, run_after=2026-09-26 12:00:00+00:00
[2026-09-25T14:48:42.133+0000] {processor.py:183} INFO - Processing /opt/airflow/dags/main.py took 0.343 seconds
[2026-09-25T14:49:12.467+0000] {processor.py:161} INFO - Started process (PID=824) to work on /opt/airflow/dags/main.py
[2026-09-25T14:49:12.470+0000] {processor.py:830} INFO - Processing file /opt/airflow/dags/main.py for tasks to queue
[2026-09-25T14:49:12.473+0000] {logging_mixin.py:188} INFO - [2026-09-25T14:49:12.473+0000] {dagbag.py:545} INFO - Filling up the DagBag from /opt/airflow/dags/main.py
[2026-09-25T14:49:12.699+0000] {processor.py:840} INFO - DAG(s) 'update_db' retrieved from /opt/airflow/dags/main.py
[2026-09-25T14:49:12.726+0000] {logging_mixin.py:188} INFO - [2026-09-25T14:49:12.726+0000] {dag.py:3096} INFO - Sync 1 DAGs
[2026-09-25T14:49:12.748+0000] {logging_mixin.py:188} INFO - [2026-09-25T14:49:12.747+0000] {dag.py:3954} INFO - Setting next_dagrun for update_db to 2026-09-25 12:00:00+00:00, run_after=2026-09-26 12:00:00+00:00
[2026-09-25T14:49:12.770+0000] {processor.py:183} INFO - Processing /opt/airflow/dags/main.py took 0.309 seconds
[2026-09-25T14:49:43.089+0000] {processor.py:161} INFO - Started process (PID=831) to work on /opt/airflow/dags/main.py
[2026-09-25T14:49:43.092+0000] {processor.py:830} INFO - Processing file /opt/airflow/dags/main.py for tasks to queue
[2026-09-25T14:49:43.096+0000] {logging_mixin.py:188} INFO - [2026-09-25T14:49:43.096+0000] {dagbag.py:545} INFO - Filling up the DagBag from /opt/airflow/dags/main.py
[2026-09-25T14:49:43.365+0000] {processor.py:840} INFO - DAG(s) 'update_db' retrieved from /opt/airflow/dags/main.py
[2026-09-25T14:49:43.410+0000] {logging_mixin.py:188} INFO - [2026-09-25T14:49:43.409+0000] {dag.py:3096} INFO - Sync 1 DAGs
[2026-09-25T14:49:43.440+0000] {logging_mixin.py:188} INFO - [2026-09-25T14:49:43.439+0000] {dag.py:3954} INFO - Setting next_dagrun for update_db to 2026-09-25 12:00:00+00:00, run_after=2026-09-26 12:00:00+00:00
[2026-09-25T14:49:43.466+0000] {processor.py:183} INFO - Processing /opt/airflow/dags/main.py took 0.386 seconds
[2026-09-25T14:50:13.797+0000] {processor.py:161} INFO - Started process (PID=838) to work on /opt/airflow/dags/main.py
[2026-09-25T14:50:13.802+0000] {processor.py:830} INFO - Processing file /opt/airflow/dags/main.py for tasks to queue
[2026-09-25T14:50:13.805+0000] {logging_mixin.py:188} INFO - [2026-09-25T14:50:13.805+0000] {dagbag.py:545} INFO - Filling up the DagBag from /opt/airflow/dags/main.py
[2026-09-25T14:50:14.052+0000] {processor.py:840} INFO - DAG(s) 'update_db' retrieved from /opt/airflow/dags/main.py
[2026-09-25T14:50:14.080+0000] {logging_mixin.py:188} INFO - [2026-09-25T14:50:14.080+0000] {dag.py:3096} INFO - Sync 1 DAGs
[2026-09-25T14:50:14.100+0000] {logging_mixin.py:188} INFO - [2026-09-25T14:50:14.100+0000] {dag.py:3954} INFO - Setting next_dagrun for update_db to 2026-09-25 12:00:00+00:00, run_after=2026-09-26 12:00:00+00:00
[2026-09-25T14:50:14.127+0000] {processor.py:183} INFO - Processing /opt/airflow/dags/main.py took 0.337 seconds
[2026-09-25T14:50:44.471+0000] {processor.py:161} INFO - Started process (PID=845) to work on /opt/airflow/dags/main.py
[2026-09-25T14:50:44.474+0000] {processor.py:830} INFO - Processing file /opt/airflow/dags/main.py for tasks to queue
[2026-09-25T14:50:44.479+0000] {logging_mixin.py:188} INFO - [2026-09-25T14:50:44.478+0000] {dagbag.py:545} INFO - Filling up the DagBag from /opt/airflow/dags/main.py
[2026-09-25T14:50:44.773+0000] {processor.py:840} INFO - DAG(s) 'update_db' retrieved from /opt/airflow/dags/main.py
[2026-09-25T14:50:44.799+0000] {logging_mixin.py:188} INFO - [2026-09-25T14:50:44.799+0000] {dag.py:3096} INFO - Sync 1 DAGs
[2026-09-25T14:50:44.821+0000] {logging_mixin.py:188} INFO - [2026-09-25T14:50:44.821+0000] {dag.py:3954} INFO - Setting next_dagrun for update_db to 2026-09-25 12:00:00+00:00, run_after=2026-09-26 12:00:00+00:00
[2026-09-25T14:50:44.843+0000] {processor.py:183} INFO - Processing /opt/airflow/dags/main.py took 0.380 seconds
[2026-09-25T14:51:15.154+0000] {processor.py:161} INFO - Started process (PID=852) to work on /opt/airflow/dags/main.py
[2026-09-25T14:51:15.157+0000] {processor.py:830} INFO - Processing file /opt/airflow/dags/main.py for tasks to queue
[2026-09-25T14:51:15.161+0000] {logging_mixin.py:188} INFO - [2026-09-25T14:51:15.161+0000] {dagbag.py:545} INFO - Filling up the DagBag from /opt/airflow/dags/main.py
[2026-09-25T14:51:15.385+0000] {processor.py:840} INFO - DAG(s) 'update_db' retrieved from /opt/airflow/dags/main.py
[2026-09-25T14:51:15.413+0000] {logging_mixin.py:188} INFO - [2026-09-25T14:51:15.413+0000] {dag.py:3096} INFO - Sync 1 DAGs
[2026-09-25T14:51:15.434+0000] {logging_mixin.py:188} INFO - [2026-09-25T14:51:15.434+0000] {dag.py:3954} INFO - Setting next_dagrun for update_db to 2026-09-25 12:00:00+00:00, run_after=2026-09-26 12:00:00+00:00
[2026-09-25T14:51:15.458+0000] {processor.py:183} INFO - Processing /opt/airflow/dags/main.py took 0.310 seconds
[2026-09-25T14:51:45.740+0000] {processor.py:161} INFO - Started process (PID=859) to work on /opt/airflow/dags/main.py
[2026-09-25T14:51:45.743+0000] {processor.py:830} INFO - Processing file /opt/airflow/dags/main.py for tasks to queue
[2026-09-25T14:51:45.747+0000] {logging_mixin.py:188} INFO - [2026-09-25T14:51:45.746+0000] {dagbag.py:545} INFO - Filling up the DagBag from /opt/airflow/dags/main.py
[2026-09-25T14:51:46.008+0000] {processor.py:840} INFO - DAG(s) 'update_db' retrieved from /opt/airflow/dags/main.py
[2026-09-25T14:51:46.049+0000] {logging_mixin.py:188} INFO - [2026-09-25T14:51:46.049+0000] {dag.py:3096} INFO - Sync 1 DAGs
[2026-09-25T14:51:46.089+0000] {logging_mixin.py:188} INFO - [2026-09-25T14:51:46.089+0000] {dag.py:3954} INFO - Setting next_dagrun for update_db to 2026-09-25 12:00:00+00:00, run_after=2026-09-26 12:00:00+00:00
[2026-09-25T14:51:46.131+0000] {processor.py:183} INFO - Processing /opt/airflow/dags/main.py took 0.400 seconds
[2026-09-25T14:52:58.816+0000] {processor.py:161} INFO - Started process (PID=53) to work on /opt/airflow/dags/main.py
[2026-09-25T14:52:58.821+0000] {processor.py:830} INFO - Processing file /opt/airflow/dags/main.py for tasks to queue
[2026-09-25T14:52:58.829+0000] {logging_mixin.py:188} INFO - [2026-09-25T14:52:58.827+0000] {dagbag.py:545} INFO - Filling up the DagBag from /opt/airflow/dags/main.py
[2026-09-25T14:52:59.191+0000] {processor.py:840} INFO - DAG(s) 'update_db' retrieved from /opt/airflow/dags/main.py
[2026-09-25T14:52:59.456+0000] {logging_mixin.py:188} INFO - [2026-09-25T14:52:59.455+0000] {dag.py:3096} INFO - Sync 1 DAGs
[2026-09-25T14:52:59.489+0000] {logging_mixin.py:188} INFO - [2026-09-25T14:52:59.489+0000] {dag.py:3954} INFO - Setting next_dagrun for update_db to 2026-09-25 12:00:00+00:00, run_after=2026-09-26 12:00:00+00:00
[2026-09-25T14:52:59.534+0000] {processor.py:183} INFO - Processing /opt/airflow/dags/main.py took 0.739 seconds
[2026-09-25T14:53:29.929+0000] {processor.py:161} INFO - Started process (PID=61) to work on /opt/airflow/dags/main.py
[2026-09-25T14:53:29.933+0000] {processor.py:830} INFO - Processing file /opt/airflow/dags/main.py for tasks to queue
[2026-09-25T14:53:29.937+0000] {logging_mixin.py:188} INFO - [2026-09-25T14:53:29.936+0000] {dagbag.py:545} INFO - Filling up the DagBag from /opt/airflow/dags/main.py
[2026-09-25T14:53:30.181+0000] {processor.py:840} INFO - DAG(s) 'update_db' retrieved from /opt/airflow/dags/main.py
[2026-09-25T14:53:30.208+0000] {logging_mixin.py:188} INFO - [2026-09-25T14:53:30.208+0000] {dag.py:3096} INFO - Sync 1 DAGs
[2026-09-25T14:53:30.228+0000] {logging_mixin.py:188} INFO - [2026-09-25T14:53:30.227+0000] {dag.py:3954} INFO - Setting next_dagrun for update_db to 2026-09-25 12:00:00+00:00, run_after=2026-09-26 12:00:00+00:00
[2026-09-25T14:53:30.249+0000] {processor.py:183} INFO - Processing /opt/airflow/dags/main.py took 0.333 seconds
[2026-09-25T14:54:00.535+0000] {processor.py:161} INFO - Started process (PID=68) to work on /opt/airflow/dags/main.py
[2026-09-25T14:54:00.538+0000] {processor.py:830} INFO - Processing file /opt/airflow/dags/main.py for tasks to queue
[2026-09-25T14:54:00.542+0000] {logging_mixin.py:188} INFO - [2026-09-25T14:54:00.541+0000] {dagbag.py:545} INFO - Filling up the DagBag from /opt/airflow/dags/main.py
[2026-09-25T14:54:00.775+0000] {processor.py:840} INFO - DAG(s) 'update_db' retrieved from /opt/airflow/dags/main.py
[2026-09-25T14:54:00.801+0000] {logging_mixin.py:188} INFO - [2026-09-25T14:54:00.801+0000] {dag.py:3096} INFO - Sync 1 DAGs
[2026-09-25T14:54:00.822+0000] {logging_mixin.py:188} INFO - [2026-09-25T14:54:00.822+0000] {dag.py:3954} INFO - Setting next_dagrun for update_db to 2026-09-25 12:00:00+00:00, run_after=2026-09-26 12:00:00+00:00
[2026-09-25T14:54:00.846+0000] {processor.py:183} INFO - Processing /opt/airflow/dags/main.py took 0.316 seconds
[2026-09-25T14:54:31.200+0000] {processor.py:161} INFO - Started process (PID=75) to work on /opt/airflow/dags/main.py
[2026-09-25T14:54:31.203+0000] {processor.py:830} INFO - Processing file /opt/airflow/dags/main.py for tasks to queue
[2026-09-25T14:54:31.207+0000] {logging_mixin.py:188} INFO - [2026-09-25T14:54:31.207+0000] {dagbag.py:545} INFO - Filling up the DagBag from /opt/airflow/dags/main.py
[2026-09-25T14:54:31.457+0000] {processor.py:840} INFO - DAG(s) 'update_db' retrieved from /opt/airflow/dags/main.py
[2026-09-25T14:54:31.487+0000] {logging_mixin.py:188} INFO - [2026-09-25T14:54:31.487+0000] {dag.py:3096} INFO - Sync 1 DAGs
[2026-09-25T14:54:31.512+0000] {logging_mixin.py:188} INFO - [2026-09-25T14:54:31.512+0000] {dag.py:3954} INFO - Setting next_dagrun for update_db to 2026-09-25 12:00:00+00:00, run_after=2026-09-26 12:00:00+00:00
[2026-09-25T14:54:31.536+0000] {processor.py:183} INFO - Processing /opt/airflow/dags/main.py took 0.343 seconds
[2026-09-25T14:55:01.882+0000] {processor.py:161} INFO - Started process (PID=88) to work on /opt/airflow/dags/main.py
[2026-09-25T14:55:01.885+0000] {processor.py:830} INFO - Processing file /opt/airflow/dags/main.py for tasks to queue
[2026-09-25T14:55:01.890+0000] {logging_mixin.py:188} INFO - [2026-09-25T14:55:01.890+0000] {dagbag.py:545} INFO - Filling up the DagBag from /opt/airflow/dags/main.py
[2026-09-25T14:55:02.142+0000] {processor.py:840} INFO - DAG(s) 'update_db' retrieved from /opt/airflow/dags/main.py
[2026-09-25T14:55:02.175+0000] {logging_mixin.py:188} INFO - [2026-09-25T14:55:02.175+0000] {dag.py:3096} INFO - Sync 1 DAGs
[2026-09-25T14:55:02.198+0000] {logging_mixin.py:188} INFO - [2026-09-25T14:55:02.198+0000] {dag.py:3954} INFO - Setting next_dagrun for update_db to 2026-09-25 12:00:00+00:00, run_after=2026-09-26 12:00:00+00:00
[2026-09-25T14:55:02.221+0000] {processor.py:183} INFO - Processing /opt/airflow/dags/main.py took 0.347 seconds
[2026-09-25T14:55:32.532+0000] {processor.py:161} INFO - Started process (PID=95) to work on /opt/airflow/dags/main.py
[2026-09-25T14:55:32.535+0000] {processor.py:830} INFO - Processing file /opt/airflow/dags/main.py for tasks to queue
[2026-09-25T14:55:32.539+0000] {logging_mixin.py:188} INFO - [2026-09-25T14:55:32.539+0000] {dagbag.py:545} INFO - Filling up the DagBag from /opt/airflow/dags/main.py
[2026-09-25T14:55:32.767+0000] {processor.py:840} INFO - DAG(s) 'update_db' retrieved from /opt/airflow/dags/main.py
[2026-09-25T14:55:32.799+0000] {logging_mixin.py:188} INFO - [2026-09-25T14:55:32.798+0000] {dag.py:3096} INFO - Sync 1 DAGs
[2026-09-25T14:55:32.822+0000] {logging_mixin.py:188} INFO - [2026-09-25T14:55:32.821+0000] {dag.py:3954} INFO - Setting next_dagrun for update_db to 2026-09-25 12:00:00+00:00, run_after=2026-09-26 12:00:00+00:00
[2026-09-25T14:55:32.845+0000] {processor.py:183} INFO - Processing /opt/airflow/dags/main.py took 0.321 seconds
[2026-09-25T14:56:03.176+0000] {processor.py:161} INFO - Started process (PID=102) to work on /opt/airflow/dags/main.py
[2026-09-25T14:56:03.179+0000] {processor.py:830} INFO - Processing file /opt/airflow/dags/main.py for tasks to queue
[2026-09-25T14:56:03.183+0000] {logging_mixin.py:188} INFO - [2026-09-25T14:56:03.182+0000] {dagbag.py:545} INFO - Filling up the DagBag from /opt/airflow/dags/main.py
[2026-09-25T14:56:03.411+0000] {processor.py:840} INFO - DAG(s) 'update_db' retrieved from /opt/airflow/dags/main.py
[2026-09-25T14:56:03.455+0000] {logging_mixin.py:188} INFO - [2026-09-25T14:56:03.454+0000] {dag.py:3096} INFO - Sync 1 DAGs
[2026-09-25T14:56:03.478+0000] {logging_mixin.py:188} INFO - [2026-09-25T14:56:03.478+0000] {dag.py:3954} INFO - Setting next_dagrun for update_db to 2026-09-25 12:00:00+00:00, run_after=2026-09-26 12:00:00+00:00
[2026-09-25T14:56:03.499+0000] {processor.py:183} INFO - Processing /opt/airflow/dags/main.py took 0.329 seconds
[2026-09-25T14:56:33.840+0000] {processor.py:161} INFO - Started process (PID=109) to work on /opt/airflow/dags/main.py
[2026-09-25T14:56:33.843+0000] {processor.py:830} INFO - Processing file /opt/airflow/dags/main.py for tasks to queue
[2026-09-25T14:56:33.847+0000] {logging_mixin.py:188} INFO - [2026-09-25T14:56:33.847+0000] {dagbag.py:545} INFO - Filling up the DagBag from /opt/airflow/dags/main.py
[2026-09-25T14:56:34.097+0000] {processor.py:840} INFO - DAG(s) 'update_db' retrieved from /opt/airflow/dags/main.py
[2026-09-25T14:56:34.129+0000] {logging_mixin.py:188} INFO - [2026-09-25T14:56:34.128+0000] {dag.py:3096} INFO - Sync 1 DAGs
[2026-09-25T14:56:34.155+0000] {logging_mixin.py:188} INFO - [2026-09-25T14:56:34.155+0000] {dag.py:3954} INFO - Setting next_dagrun for update_db to 2026-09-25 12:00:00+00:00, run_after=2026-09-26 12:00:00+00:00
[2026-09-25T14:56:34.182+0000] {processor.py:183} INFO - Processing /opt/airflow/dags/main.py took 0.348 seconds
[2026-09-25T14:57:04.512+0000] {processor.py:161} INFO - Started process (PID=116) to work on /opt/airflow/dags/main.py
[2026-09-25T14:57:04.516+0000] {processor.py:830} INFO - Processing file /opt/airflow/dags/main.py for tasks to queue
[2026-09-25T14:57:04.520+0000] {logging_mixin.py:188} INFO - [2026-09-25T14:57:04.519+0000] {dagbag.py:545} INFO - Filling up the DagBag from /opt/airflow/dags/main.py
[2026-09-25T14:57:04.749+0000] {processor.py:840} INFO - DAG(s) 'update_db' retrieved from /opt/airflow/dags/main.py
[2026-09-25T14:57:04.774+0000] {logging_mixin.py:188} INFO - [2026-09-25T14:57:04.774+0000] {dag.py:3096} INFO - Sync 1 DAGs
[2026-09-25T14:57:04.794+0000] {logging_mixin.py:188} INFO - [2026-09-25T14:57:04.794+0000] {dag.py:3954} INFO - Setting next_dagrun for update_db to 2026-09-25 12:00:00+00:00, run_after=2026-09-26 12:00:00+00:00
[2026-09-25T14:57:04.819+0000] {processor.py:183} INFO - Processing /opt/airflow/dags/main.py took 0.314 seconds
[2026-09-25T14:57:35.168+0000] {processor.py:161} INFO - Started process (PID=123) to work on /opt/airflow/dags/main.py
[2026-09-25T14:57:35.171+0000] {processor.py:830} INFO - Processing file /opt/airflow/dags/main.py for tasks to queue
[2026-09-25T14:57:35.175+0000] {logging_mixin.py:188} INFO - [2026-09-25T14:57:35.175+0000] {dagbag.py:545} INFO - Filling up the DagBag from /opt/airflow/dags/main.py
[2026-09-25T14:57:35.426+0000] {processor.py:840} INFO - DAG(s) 'update_db' retrieved from /opt/airflow/dags/main.py
[2026-09-25T14:57:35.460+0000] {logging_mixin.py:188} INFO - [2026-09-25T14:57:35.460+0000] {dag.py:3096} INFO - Sync 1 DAGs
[2026-09-25T14:57:35.486+0000] {logging_mixin.py:188} INFO - [2026-09-25T14:57:35.486+0000] {dag.py:3954} INFO - Setting next_dagrun for update_db to 2026-09-25 12:00:00+00:00, run_after=2026-09-26 12:00:00+00:00
[2026-09-25T14:57:35.518+0000] {processor.py:183} INFO - Processing /opt/airflow/dags/main.py took 0.356 seconds
[2026-09-25T14:58:06.235+0000] {processor.py:161} INFO - Started process (PID=130) to work on /opt/airflow/dags/main.py
[2026-09-25T14:58:06.238+0000] {processor.py:830} INFO - Processing file /opt/airflow/dags/main.py for tasks to queue
[2026-09-25T14:58:06.241+0000] {logging_mixin.py:188} INFO - [2026-09-25T14:58:06.241+0000] {dagbag.py:545} INFO - Filling up the DagBag from /opt/airflow/dags/main.py
[2026-09-25T14:58:06.487+0000] {processor.py:840} INFO - DAG(s) 'update_db' retrieved from /opt/airflow/dags/main.py
[2026-09-25T14:58:06.515+0000] {logging_mixin.py:188} INFO - [2026-09-25T14:58:06.515+0000] {dag.py:3096} INFO - Sync 1 DAGs
[2026-09-25T14:58:06.539+0000] {logging_mixin.py:188} INFO - [2026-09-25T14:58:06.539+0000] {dag.py:3954} INFO - Setting next_dagrun for update_db to 2026-09-25 12:00:00+00:00, run_after=2026-09-26 12:00:00+00:00
[2026-09-25T14:58:06.561+0000] {processor.py:183} INFO - Processing /opt/airflow/dags/main.py took 0.332 seconds
[2026-09-25T14:58:36.685+0000] {processor.py:161} INFO - Started process (PID=137) to work on /opt/airflow/dags/main.py
[2026-09-25T14:58:36.688+0000] {processor.py:830} INFO - Processing file /opt/airflow/dags/main.py for tasks to queue
[2026-09-25T14:58:36.692+0000] {logging_mixin.py:188} INFO - [2026-09-25T14:58:36.692+0000] {dagbag.py:545} INFO - Filling up the DagBag from /opt/airflow/dags/main.py
[2026-09-25T14:58:36.934+0000] {processor.py:840} INFO - DAG(s) 'update_db' retrieved from /opt/airflow/dags/main.py
[2026-09-25T14:58:36.962+0000] {logging_mixin.py:188} INFO - [2026-09-25T14:58:36.962+0000] {dag.py:3096} INFO - Sync 1 DAGs
[2026-09-25T14:58:36.982+0000] {logging_mixin.py:188} INFO - [2026-09-25T14:58:36.982+0000] {dag.py:3954} INFO - Setting next_dagrun for update_db to 2026-09-25 12:00:00+00:00, run_after=2026-09-26 12:00:00+00:00
[2026-09-25T14:58:37.005+0000] {processor.py:183} INFO - Processing /opt/airflow/dags/main.py took 0.325 seconds
[2026-09-25T14:59:07.131+0000] {processor.py:161} INFO - Started process (PID=145) to work on /opt/airflow/dags/main.py
[2026-09-25T14:59:07.134+0000] {processor.py:830} INFO - Processing file /opt/airflow/dags/main.py for tasks to queue
[2026-09-25T14:59:07.137+0000] {logging_mixin.py:188} INFO - [2026-09-25T14:59:07.137+0000] {dagbag.py:545} INFO - Filling up the DagBag from /opt/airflow/dags/main.py
[2026-09-25T14:59:07.434+0000] {processor.py:840} INFO - DAG(s) 'update_db' retrieved from /opt/airflow/dags/main.py
[2026-09-25T14:59:07.463+0000] {logging_mixin.py:188} INFO - [2026-09-25T14:59:07.462+0000] {dag.py:3096} INFO - Sync 1 DAGs
[2026-09-25T14:59:07.488+0000] {logging_mixin.py:188} INFO - [2026-09-25T14:59:07.488+0000] {dag.py:3954} INFO - Setting next_dagrun for update_db to 2026-09-25 12:00:00+00:00, run_after=2026-09-26 12:00:00+00:00
[2026-09-25T14:59:07.510+0000] {processor.py:183} INFO - Processing /opt/airflow/dags/main.py took 0.384 seconds
[2026-09-25T14:59:37.824+0000] {processor.py:161} INFO - Started process (PID=152) to work on /opt/airflow/dags/main.py
[2026-09-25T14:59:37.827+0000] {processor.py:830} INFO - Processing file /opt/airflow/dags/main.py for tasks to queue
[2026-09-25T14:59:37.831+0000] {logging_mixin.py:188} INFO - [2026-09-25T14:59:37.830+0000] {dagbag.py:545} INFO - Filling up the DagBag from /opt/airflow/dags/main.py
[2026-09-25T14:59:38.054+0000] {processor.py:840} INFO - DAG(s) 'update_db' retrieved from /opt/airflow/dags/main.py
[2026-09-25T14:59:38.081+0000] {logging_mixin.py:188} INFO - [2026-09-25T14:59:38.080+0000] {dag.py:3096} INFO - Sync 1 DAGs
[2026-09-25T14:59:38.101+0000] {logging_mixin.py:188} INFO - [2026-09-25T14:59:38.101+0000] {dag.py:3954} INFO - Setting next_dagrun for update_db to 2026-09-25 12:00:00+00:00, run_after=2026-09-26 12:00:00+00:00
[2026-09-25T14:59:38.123+0000] {processor.py:183} INFO - Processing /opt/airflow/dags/main.py took 0.304 seconds
[2026-09-25T15:00:08.439+0000] {processor.py:161} INFO - Started process (PID=159) to work on /opt/airflow/dags/main.py
[2026-09-25T15:00:08.442+0000] {processor.py:830} INFO - Processing file /opt/airflow/dags/main.py for tasks to queue
[2026-09-25T15:00:08.446+0000] {logging_mixin.py:188} INFO - [2026-09-25T15:00:08.446+0000] {dagbag.py:545} INFO - Filling up the DagBag from /opt/airflow/dags/main.py
[2026-09-25T15:00:08.684+0000] {processor.py:840} INFO - DAG(s) 'update_db' retrieved from /opt/airflow/dags/main.py
[2026-09-25T15:00:08.713+0000] {logging_mixin.py:188} INFO - [2026-09-25T15:00:08.712+0000] {dag.py:3096} INFO - Sync 1 DAGs
[2026-09-25T15:00:08.735+0000] {logging_mixin.py:188} INFO - [2026-09-25T15:00:08.734+0000] {dag.py:3954} INFO - Setting next_dagrun for update_db to 2026-09-25 12:00:00+00:00, run_after=2026-09-26 12:00:00+00:00
[2026-09-25T15:00:08.758+0000] {processor.py:183} INFO - Processing /opt/airflow/dags/main.py took 0.327 seconds
[2026-09-25T15:00:39.087+0000] {processor.py:161} INFO - Started process (PID=166) to work on /opt/airflow/dags/main.py
[2026-09-25T15:00:39.091+0000] {processor.py:830} INFO - Processing file /opt/airflow/dags/main.py for tasks to queue
[2026-09-25T15:00:39.095+0000] {logging_mixin.py:188} INFO - [2026-09-25T15:00:39.094+0000] {dagbag.py:545} INFO - Filling up the DagBag from /opt/airflow/dags/main.py
[2026-09-25T15:00:39.338+0000] {processor.py:840} INFO - DAG(s) 'update_db' retrieved from /opt/airflow/dags/main.py
[2026-09-25T15:00:39.364+0000] {logging_mixin.py:188} INFO - [2026-09-25T15:00:39.364+0000] {dag.py:3096} INFO - Sync 1 DAGs
[2026-09-25T15:00:39.385+0000] {logging_mixin.py:188} INFO - [2026-09-25T15:00:39.384+0000] {dag.py:3954} INFO - Setting next_dagrun for update_db to 2026-09-25 12:00:00+00:00, run_after=2026-09-26 12:00:00+00:00
[2026-09-25T15:00:39.406+0000] {processor.py:183} INFO - Processing /opt/airflow/dags/main.py took 0.325 seconds
[2026-09-25T15:01:09.767+0000] {processor.py:161} INFO - Started process (PID=173) to work on /opt/airflow/dags/main.py
[2026-09-25T15:01:09.771+0000] {processor.py:830} INFO - Processing file /opt/airflow/dags/main.py for tasks to queue
[2026-09-25T15:01:09.776+0000] {logging_mixin.py:188} INFO - [2026-09-25T15:01:09.775+0000] {dagbag.py:545} INFO - Filling up the DagBag from /opt/airflow/dags/main.py
[2026-09-25T15:01:10.016+0000] {processor.py:840} INFO - DAG(s) 'update_db' retrieved from /opt/airflow/dags/main.py
[2026-09-25T15:01:10.042+0000] {logging_mixin.py:188} INFO - [2026-09-25T15:01:10.042+0000] {dag.py:3096} INFO - Sync 1 DAGs
[2026-09-25T15:01:10.063+0000] {logging_mixin.py:188} INFO - [2026-09-25T15:01:10.063+0000] {dag.py:3954} INFO - Setting next_dagrun for update_db to 2026-09-25 12:00:00+00:00, run_after=2026-09-26 12:00:00+00:00
[2026-09-25T15:01:10.086+0000] {processor.py:183} INFO - Processing /opt/airflow/dags/main.py took 0.332 seconds
[2026-09-25T15:01:40.410+0000] {processor.py:161} INFO - Started process (PID=180) to work on /opt/airflow/dags/main.py
[2026-09-25T15:01:40.414+0000] {processor.py:830} INFO - Processing file /opt/airflow/dags/main.py for tasks to queue
[2026-09-25T15:01:40.417+0000] {logging_mixin.py:188} INFO - [2026-09-25T15:01:40.417+0000] {dagbag.py:545} INFO - Filling up the DagBag from /opt/airflow/dags/main.py
[2026-09-25T15:01:40.661+0000] {processor.py:840} INFO - DAG(s) 'update_db' retrieved from /opt/airflow/dags/main.py
[2026-09-25T15:01:40.689+0000] {logging_mixin.py:188} INFO - [2026-09-25T15:01:40.688+0000] {dag.py:3096} INFO - Sync 1 DAGs
[2026-09-25T15:01:40.710+0000] {logging_mixin.py:188} INFO - [2026-09-25T15:01:40.710+0000] {dag.py:3954} INFO - Setting next_dagrun for update_db to 2026-09-25 12:00:00+00:00, run_after=2026-09-26 12:00:00+00:00
[2026-09-25T15:01:40.733+0000] {processor.py:183} INFO - Processing /opt/airflow/dags/main.py took 0.329 seconds
[2026-09-25T15:02:11.061+0000] {processor.py:161} INFO - Started process (PID=188) to work on /opt/airflow/dags/main.py
[2026-09-25T15:02:11.063+0000] {processor.py:830} INFO - Processing file /opt/airflow/dags/main.py for tasks to queue
[2026-09-25T15:02:11.067+0000] {logging_mixin.py:188} INFO - [2026-09-25T15:02:11.066+0000] {dagbag.py:545} INFO - Filling up the DagBag from /opt/airflow/dags/main.py
[2026-09-25T15:02:11.303+0000] {processor.py:840} INFO - DAG(s) 'update_db' retrieved from /opt/airflow/dags/main.py
[2026-09-25T15:02:11.331+0000] {logging_mixin.py:188} INFO - [2026-09-25T15:02:11.330+0000] {dag.py:3096} INFO - Sync 1 DAGs
[2026-09-25T15:02:11.350+0000] {logging_mixin.py:188} INFO - [2026-09-25T15:02:11.349+0000] {dag.py:3954} INFO - Setting next_dagrun for update_db to 2026-09-25 12:00:00+00:00, run_after=2026-09-26 12:00:00+00:00
[2026-09-25T15:02:11.376+0000] {processor.py:183} INFO - Processing /opt/airflow/dags/main.py took 0.322 seconds
[2026-09-25T15:02:41.695+0000] {processor.py:161} INFO - Started process (PID=195) to work on /opt/airflow/dags/main.py
[2026-09-25T15:02:41.698+0000] {processor.py:830} INFO - Processing file /opt/airflow/dags/main.py for tasks to queue
[2026-09-25T15:02:41.702+0000] {logging_mixin.py:188} INFO - [2026-09-25T15:02:41.701+0000] {dagbag.py:545} INFO - Filling up the DagBag from /opt/airflow/dags/main.py
[2026-09-25T15:02:41.963+0000] {processor.py:840} INFO - DAG(s) 'update_db' retrieved from /opt/airflow/dags/main.py
[2026-09-25T15:02:41.992+0000] {logging_mixin.py:188} INFO - [2026-09-25T15:02:41.992+0000] {dag.py:3096} INFO - Sync 1 DAGs
[2026-09-25T15:02:42.015+0000] {logging_mixin.py:188} INFO - [2026-09-25T15:02:42.015+0000] {dag.py:3954} INFO - Setting next_dagrun for update_db to 2026-09-25 12:00:00+00:00, run_after=2026-09-26 12:00:00+00:00
[2026-09-25T15:02:42.037+0000] {processor.py:183} INFO - Processing /opt/airflow/dags/main.py took 0.349 seconds
[2026-09-25T15:03:12.419+0000] {processor.py:161} INFO - Started process (PID=202) to work on /opt/airflow/dags/main.py
[2026-09-25T15:03:12.422+0000] {processor.py:830} INFO - Processing file /opt/airflow/dags/main.py for tasks to queue
[2026-09-25T15:03:12.426+0000] {logging_mixin.py:188} INFO - [2026-09-25T15:03:12.425+0000] {dagbag.py:545} INFO - Filling up the DagBag from /opt/airflow/dags/main.py
[2026-09-25T15:03:12.678+0000] {processor.py:840} INFO - DAG(s) 'update_db' retrieved from /opt/airflow/dags/main.py
[2026-09-25T15:03:12.735+0000] {logging_mixin.py:188} INFO - [2026-09-25T15:03:12.734+0000] {dag.py:3096} INFO - Sync 1 DAGs
[2026-09-25T15:03:12.765+0000] {logging_mixin.py:188} INFO - [2026-09-25T15:03:12.765+0000] {dag.py:3954} INFO - Setting next_dagrun for update_db to 2026-09-25 12:00:00+00:00, run_after=2026-09-26 12:00:00+00:00
[2026-09-25T15:03:12.793+0000] {processor.py:183} INFO - Processing /opt/airflow/dags/main.py took 0.386 seconds
[2026-09-25T15:03:43.084+0000] {processor.py:161} INFO - Started process (PID=209) to work on /opt/airflow/dags/main.py
[2026-09-25T15:03:43.086+0000] {processor.py:830} INFO - Processing file /opt/airflow/dags/main.py for tasks to queue
[2026-09-25T15:03:43.089+0000] {logging_mixin.py:188} INFO - [2026-09-25T15:03:43.089+0000] {dagbag.py:545} INFO - Filling up the DagBag from /opt/airflow/dags/main.py
[2026-09-25T15:03:43.318+0000] {processor.py:840} INFO - DAG(s) 'update_db' retrieved from /opt/airflow/dags/main.py
[2026-09-25T15:03:43.346+0000] {logging_mixin.py:188} INFO - [2026-09-25T15:03:43.346+0000] {dag.py:3096} INFO - Sync 1 DAGs
[2026-09-25T15:03:43.368+0000] {logging_mixin.py:188} INFO - [2026-09-25T15:03:43.368+0000] {dag.py:3954} INFO - Setting next_dagrun for update_db to 2026-09-25 12:00:00+00:00, run_after=2026-09-26 12:00:00+00:00
[2026-09-25T15:03:43.392+0000] {processor.py:183} INFO - Processing /opt/airflow/dags/main.py took 0.313 seconds
[2026-09-25T15:04:13.699+0000] {processor.py:161} INFO - Started process (PID=216) to work on /opt/airflow/dags/main.py
[2026-09-25T15:04:13.703+0000] {processor.py:830} INFO - Processing file /opt/airflow/dags/main.py for tasks to queue
[2026-09-25T15:04:13.708+0000] {logging_mixin.py:188} INFO - [2026-09-25T15:04:13.707+0000] {dagbag.py:545} INFO - Filling up the DagBag from /opt/airflow/dags/main.py
[2026-09-25T15:04:13.926+0000] {processor.py:840} INFO - DAG(s) 'update_db' retrieved from /opt/airflow/dags/main.py
[2026-09-25T15:04:13.958+0000] {logging_mixin.py:188} INFO - [2026-09-25T15:04:13.957+0000] {dag.py:3096} INFO - Sync 1 DAGs
[2026-09-25T15:04:13.978+0000] {logging_mixin.py:188} INFO - [2026-09-25T15:04:13.978+0000] {dag.py:3954} INFO - Setting next_dagrun for update_db to 2026-09-25 12:00:00+00:00, run_after=2026-09-26 12:00:00+00:00
[2026-09-25T15:04:14.011+0000] {processor.py:183} INFO - Processing /opt/airflow/dags/main.py took 0.319 seconds
[2026-09-25T15:04:44.320+0000] {processor.py:161} INFO - Started process (PID=223) to work on /opt/airflow/dags/main.py
[2026-09-25T15:04:44.323+0000] {processor.py:830} INFO - Processing file /opt/airflow/dags/main.py for tasks to queue
[2026-09-25T15:04:44.326+0000] {logging_mixin.py:188} INFO - [2026-09-25T15:04:44.326+0000] {dagbag.py:545} INFO - Filling up the DagBag from /opt/airflow/dags/main.py
[2026-09-25T15:04:44.566+0000] {processor.py:840} INFO - DAG(s) 'update_db' retrieved from /opt/airflow/dags/main.py
[2026-09-25T15:04:44.601+0000] {logging_mixin.py:188} INFO - [2026-09-25T15:04:44.601+0000] {dag.py:3096} INFO - Sync 1 DAGs
[2026-09-25T15:04:44.624+0000] {logging_mixin.py:188} INFO - [2026-09-25T15:04:44.623+0000] {dag.py:3954} INFO - Setting next_dagrun for update_db to 2026-09-25 12:00:00+00:00, run_after=2026-09-26 12:00:00+00:00
[2026-09-25T15:04:44.648+0000] {processor.py:183} INFO - Processing /opt/airflow/dags/main.py took 0.336 seconds
[2026-09-25T15:05:14.958+0000] {processor.py:161} INFO - Started process (PID=231) to work on /opt/airflow/dags/main.py
[2026-09-25T15:05:14.962+0000] {processor.py:830} INFO - Processing file /opt/airflow/dags/main.py for tasks to queue
[2026-09-25T15:05:14.966+0000] {logging_mixin.py:188} INFO - [2026-09-25T15:05:14.966+0000] {dagbag.py:545} INFO - Filling up the DagBag from /opt/airflow/dags/main.py
[2026-09-25T15:05:15.236+0000] {processor.py:840} INFO - DAG(s) 'update_db' retrieved from /opt/airflow/dags/main.py
[2026-09-25T15:05:15.269+0000] {logging_mixin.py:188} INFO - [2026-09-25T15:05:15.269+0000] {dag.py:3096} INFO - Sync 1 DAGs
[2026-09-25T15:05:15.292+0000] {logging_mixin.py:188} INFO - [2026-09-25T15:05:15.292+0000] {dag.py:3954} INFO - Setting next_dagrun for update_db to 2026-09-25 12:00:00+00:00, run_after=2026-09-26 12:00:00+00:00
[2026-09-25T15:05:15.320+0000] {processor.py:183} INFO - Processing /opt/airflow/dags/main.py took 0.369 seconds
[2026-09-25T15:05:45.628+0000] {processor.py:161} INFO - Started process (PID=238) to work on /opt/airflow/dags/main.py
[2026-09-25T15:05:45.630+0000] {processor.py:830} INFO - Processing file /opt/airflow/dags/main.py for tasks to queue
[2026-09-25T15:05:45.634+0000] {logging_mixin.py:188} INFO - [2026-09-25T15:05:45.634+0000] {dagbag.py:545} INFO - Filling up the DagBag from /opt/airflow/dags/main.py
[2026-09-25T15:05:45.877+0000] {processor.py:840} INFO - DAG(s) 'update_db' retrieved from /opt/airflow/dags/main.py
[2026-09-25T15:05:45.916+0000] {logging_mixin.py:188} INFO - [2026-09-25T15:05:45.915+0000] {dag.py:3096} INFO - Sync 1 DAGs
[2026-09-25T15:05:45.939+0000] {logging_mixin.py:188} INFO - [2026-09-25T15:05:45.939+0000] {dag.py:3954} INFO - Setting next_dagrun for update_db to 2026-09-25 12:00:00+00:00, run_after=2026-09-26 12:00:00+00:00
[2026-09-25T15:05:45.963+0000] {processor.py:183} INFO - Processing /opt/airflow/dags/main.py took 0.341 seconds
[2026-09-25T15:06:16.299+0000] {processor.py:161} INFO - Started process (PID=245) to work on /opt/airflow/dags/main.py
[2026-09-25T15:06:16.302+0000] {processor.py:830} INFO - Processing file /opt/airflow/dags/main.py for tasks to queue
[2026-09-25T15:06:16.307+0000] {logging_mixin.py:188} INFO - [2026-09-25T15:06:16.307+0000] {dagbag.py:545} INFO - Filling up the DagBag from /opt/airflow/dags/main.py
[2026-09-25T15:06:16.588+0000] {processor.py:840} INFO - DAG(s) 'update_db' retrieved from /opt/airflow/dags/main.py
[2026-09-25T15:06:16.615+0000] {logging_mixin.py:188} INFO - [2026-09-25T15:06:16.615+0000] {dag.py:3096} INFO - Sync 1 DAGs
[2026-09-25T15:06:16.639+0000] {logging_mixin.py:188} INFO - [2026-09-25T15:06:16.639+0000] {dag.py:3954} INFO - Setting next_dagrun for update_db to 2026-09-25 12:00:00+00:00, run_after=2026-09-26 12:00:00+00:00
[2026-09-25T15:06:16.661+0000] {processor.py:183} INFO - Processing /opt/airflow/dags/main.py took 0.369 seconds
[2026-09-25T15:06:46.996+0000] {processor.py:161} INFO - Started process (PID=252) to work on /opt/airflow/dags/main.py
[2026-09-25T15:06:46.998+0000] {processor.py:830} INFO - Processing file /opt/airflow/dags/main.py for tasks to queue
[2026-09-25T15:06:47.002+0000] {logging_mixin.py:188} INFO - [2026-09-25T15:06:47.002+0000] {dagbag.py:545} INFO - Filling up the DagBag from /opt/airflow/dags/main.py
[2026-09-25T15:06:47.246+0000] {processor.py:840} INFO - DAG(s) 'update_db' retrieved from /opt/airflow/dags/main.py
[2026-09-25T15:06:47.272+0000] {logging_mixin.py:188} INFO - [2026-09-25T15:06:47.272+0000] {dag.py:3096} INFO - Sync 1 DAGs
[2026-09-25T15:06:47.294+0000] {logging_mixin.py:188} INFO - [2026-09-25T15:06:47.293+0000] {dag.py:3954} INFO - Setting next_dagrun for update_db to 2026-09-25 12:00:00+00:00, run_after=2026-09-26 12:00:00+00:00
[2026-09-25T15:06:47.315+0000] {processor.py:183} INFO - Processing /opt/airflow/dags/main.py took 0.326 seconds
[2026-09-25T15:07:17.720+0000] {processor.py:161} INFO - Started process (PID=259) to work on /opt/airflow/dags/main.py
[2026-09-25T15:07:17.723+0000] {processor.py:830} INFO - Processing file /opt/airflow/dags/main.py for tasks to queue
[2026-09-25T15:07:17.727+0000] {logging_mixin.py:188} INFO - [2026-09-25T15:07:17.727+0000] {dagbag.py:545} INFO - Filling up the DagBag from /opt/airflow/dags/main.py
[2026-09-25T15:07:17.969+0000] {processor.py:840} INFO - DAG(s) 'update_db' retrieved from /opt/airflow/dags/main.py
[2026-09-25T15:07:17.996+0000] {logging_mixin.py:188} INFO - [2026-09-25T15:07:17.996+0000] {dag.py:3096} INFO - Sync 1 DAGs
[2026-09-25T15:07:18.017+0000] {logging_mixin.py:188} INFO - [2026-09-25T15:07:18.017+0000] {dag.py:3954} INFO - Setting next_dagrun for update_db to 2026-09-25 12:00:00+00:00, run_after=2026-09-26 12:00:00+00:00
[2026-09-25T15:07:18.040+0000] {processor.py:183} INFO - Processing /opt/airflow/dags/main.py took 0.337 seconds
[2026-09-25T15:07:48.413+0000] {processor.py:161} INFO - Started process (PID=266) to work on /opt/airflow/dags/main.py
[2026-09-25T15:07:48.416+0000] {processor.py:830} INFO - Processing file /opt/airflow/dags/main.py for tasks to queue
[2026-09-25T15:07:48.419+0000] {logging_mixin.py:188} INFO - [2026-09-25T15:07:48.419+0000] {dagbag.py:545} INFO - Filling up the DagBag from /opt/airflow/dags/main.py
[2026-09-25T15:07:48.667+0000] {processor.py:840} INFO - DAG(s) 'update_db' retrieved from /opt/airflow/dags/main.py
[2026-09-25T15:07:48.704+0000] {logging_mixin.py:188} INFO - [2026-09-25T15:07:48.703+0000] {dag.py:3096} INFO - Sync 1 DAGs
[2026-09-25T15:07:48.727+0000] {logging_mixin.py:188} INFO - [2026-09-25T15:07:48.727+0000] {dag.py:3954} INFO - Setting next_dagrun for update_db to 2026-09-25 12:00:00+00:00, run_after=2026-09-26 12:00:00+00:00
[2026-09-25T15:07:48.754+0000] {processor.py:183} INFO - Processing /opt/airflow/dags/main.py took 0.351 seconds
[2026-09-25T15:08:19.534+0000] {processor.py:161} INFO - Started process (PID=273) to work on /opt/airflow/dags/main.py
[2026-09-25T15:08:19.536+0000] {processor.py:830} INFO - Processing file /opt/airflow/dags/main.py for tasks to queue
[2026-09-25T15:08:19.540+0000] {logging_mixin.py:188} INFO - [2026-09-25T15:08:19.539+0000] {dagbag.py:545} INFO - Filling up the DagBag from /opt/airflow/dags/main.py
[2026-09-25T15:08:19.756+0000] {processor.py:840} INFO - DAG(s) 'update_db' retrieved from /opt/airflow/dags/main.py
[2026-09-25T15:08:19.785+0000] {logging_mixin.py:188} INFO - [2026-09-25T15:08:19.785+0000] {dag.py:3096} INFO - Sync 1 DAGs
[2026-09-25T15:08:19.836+0000] {logging_mixin.py:188} INFO - [2026-09-25T15:08:19.835+0000] {dag.py:3954} INFO - Setting next_dagrun for update_db to 2026-09-25 12:00:00+00:00, run_after=2026-09-26 12:00:00+00:00
[2026-09-25T15:08:19.886+0000] {processor.py:183} INFO - Processing /opt/airflow/dags/main.py took 0.358 seconds
[2026-09-25T15:08:50.267+0000] {processor.py:161} INFO - Started process (PID=280) to work on /opt/airflow/dags/main.py
[2026-09-25T15:08:50.270+0000] {processor.py:830} INFO - Processing file /opt/airflow/dags/main.py for tasks to queue
[2026-09-25T15:08:50.274+0000] {logging_mixin.py:188} INFO - [2026-09-25T15:08:50.274+0000] {dagbag.py:545} INFO - Filling up the DagBag from /opt/airflow/dags/main.py
[2026-09-25T15:08:50.520+0000] {processor.py:840} INFO - DAG(s) 'update_db' retrieved from /opt/airflow/dags/main.py
[2026-09-25T15:08:50.546+0000] {logging_mixin.py:188} INFO - [2026-09-25T15:08:50.546+0000] {dag.py:3096} INFO - Sync 1 DAGs
[2026-09-25T15:08:50.566+0000] {logging_mixin.py:188} INFO - [2026-09-25T15:08:50.565+0000] {dag.py:3954} INFO - Setting next_dagrun for update_db to 2026-09-25 12:00:00+00:00, run_after=2026-09-26 12:00:00+00:00
[2026-09-25T15:08:50.587+0000] {processor.py:183} INFO - Processing /opt/airflow/dags/main.py took 0.326 seconds
[2026-09-25T15:09:20.920+0000] {processor.py:161} INFO - Started process (PID=287) to work on /opt/airflow/dags/main.py
[2026-09-25T15:09:20.922+0000] {processor.py:830} INFO - Processing file /opt/airflow/dags/main.py for tasks to queue
[2026-09-25T15:09:20.926+0000] {logging_mixin.py:188} INFO - [2026-09-25T15:09:20.925+0000] {dagbag.py:545} INFO - Filling up the DagBag from /opt/airflow/dags/main.py
[2026-09-25T15:09:21.156+0000] {processor.py:840} INFO - DAG(s) 'update_db' retrieved from /opt/airflow/dags/main.py
[2026-09-25T15:09:21.183+0000] {logging_mixin.py:188} INFO - [2026-09-25T15:09:21.182+0000] {dag.py:3096} INFO - Sync 1 DAGs
[2026-09-25T15:09:21.204+0000] {logging_mixin.py:188} INFO - [2026-09-25T15:09:21.204+0000] {dag.py:3954} INFO - Setting next_dagrun for update_db to 2026-09-25 12:00:00+00:00, run_after=2026-09-26 12:00:00+00:00
[2026-09-25T15:09:21.225+0000] {processor.py:183} INFO - Processing /opt/airflow/dags/main.py took 0.313 seconds
[2026-09-25T15:09:51.556+0000] {processor.py:161} INFO - Started process (PID=294) to work on /opt/airflow/dags/main.py
[2026-09-25T15:09:51.559+0000] {processor.py:830} INFO - Processing file /opt/airflow/dags/main.py for tasks to queue
[2026-09-25T15:09:51.563+0000] {logging_mixin.py:188} INFO - [2026-09-25T15:09:51.563+0000] {dagbag.py:545} INFO - Filling up the DagBag from /opt/airflow/dags/main.py
[2026-09-25T15:09:51.803+0000] {processor.py:840} INFO - DAG(s) 'update_db' retrieved from /opt/airflow/dags/main.py
[2026-09-25T15:09:51.829+0000] {logging_mixin.py:188} INFO - [2026-09-25T15:09:51.829+0000] {dag.py:3096} INFO - Sync 1 DAGs
[2026-09-25T15:09:51.849+0000] {logging_mixin.py:188} INFO - [2026-09-25T15:09:51.849+0000] {dag.py:3954} INFO - Setting next_dagrun for update_db to 2026-09-25 12:00:00+00:00, run_after=2026-09-26 12:00:00+00:00
[2026-09-25T15:09:51.874+0000] {processor.py:183} INFO - Processing /opt/airflow/dags/main.py took 0.325 seconds
[2026-09-25T15:10:22.222+0000] {processor.py:161} INFO - Started process (PID=301) to work on /opt/airflow/dags/main.py
[2026-09-25T15:10:22.225+0000] {processor.py:830} INFO - Processing file /opt/airflow/dags/main.py for tasks to queue
[2026-09-25T15:10:22.228+0000] {logging_mixin.py:188} INFO - [2026-09-25T15:10:22.228+0000] {dagbag.py:545} INFO - Filling up the DagBag from /opt/airflow/dags/main.py
[2026-09-25T15:10:22.473+0000] {processor.py:840} INFO - DAG(s) 'update_db' retrieved from /opt/airflow/dags/main.py
[2026-09-25T15:10:22.502+0000] {logging_mixin.py:188} INFO - [2026-09-25T15:10:22.501+0000] {dag.py:3096} INFO - Sync 1 DAGs
[2026-09-25T15:10:22.523+0000] {logging_mixin.py:188} INFO - [2026-09-25T15:10:22.523+0000] {dag.py:3954} INFO - Setting next_dagrun for update_db to 2026-09-25 12:00:00+00:00, run_after=2026-09-26 12:00:00+00:00
[2026-09-25T15:10:22.546+0000] {processor.py:183} INFO - Processing /opt/airflow/dags/main.py took 0.331 seconds
[2026-09-25T15:10:52.859+0000] {processor.py:161} INFO - Started process (PID=309) to work on /opt/airflow/dags/main.py
[2026-09-25T15:10:52.862+0000] {processor.py:830} INFO - Processing file /opt/airflow/dags/main.py for tasks to queue
[2026-09-25T15:10:52.866+0000] {logging_mixin.py:188} INFO - [2026-09-25T15:10:52.866+0000] {dagbag.py:545} INFO - Filling up the DagBag from /opt/airflow/dags/main.py
[2026-09-25T15:10:53.103+0000] {processor.py:840} INFO - DAG(s) 'update_db' retrieved from /opt/airflow/dags/main.py
[2026-09-25T15:10:53.132+0000] {logging_mixin.py:188} INFO - [2026-09-25T15:10:53.131+0000] {dag.py:3096} INFO - Sync 1 DAGs
[2026-09-25T15:10:53.151+0000] {logging_mixin.py:188} INFO - [2026-09-25T15:10:53.151+0000] {dag.py:3954} INFO - Setting next_dagrun for update_db to 2026-09-25 12:00:00+00:00, run_after=2026-09-26 12:00:00+00:00
[2026-09-25T15:10:53.174+0000] {processor.py:183} INFO - Processing /opt/airflow/dags/main.py took 0.323 seconds
[2026-09-25T15:11:23.484+0000] {processor.py:161} INFO - Started process (PID=316) to work on /opt/airflow/dags/main.py
[2026-09-25T15:11:23.486+0000] {processor.py:830} INFO - Processing file /opt/airflow/dags/main.py for tasks to queue
[2026-09-25T15:11:23.489+0000] {logging_mixin.py:188} INFO - [2026-09-25T15:11:23.489+0000] {dagbag.py:545} INFO - Filling up the DagBag from /opt/airflow/dags/main.py
[2026-09-25T15:11:23.752+0000] {processor.py:840} INFO - DAG(s) 'update_db' retrieved from /opt/airflow/dags/main.py
[2026-09-25T15:11:23.788+0000] {logging_mixin.py:188} INFO - [2026-09-25T15:11:23.787+0000] {dag.py:3096} INFO - Sync 1 DAGs
[2026-09-25T15:11:23.811+0000] {logging_mixin.py:188} INFO - [2026-09-25T15:11:23.810+0000] {dag.py:3954} INFO - Setting next_dagrun for update_db to 2026-09-25 12:00:00+00:00, run_after=2026-09-26 12:00:00+00:00
[2026-09-25T15:11:23.832+0000] {processor.py:183} INFO - Processing /opt/airflow/dags/main.py took 0.355 seconds
[2026-09-25T15:11:54.177+0000] {processor.py:161} INFO - Started process (PID=324) to work on /opt/airflow/dags/main.py
[2026-09-25T15:11:54.180+0000] {processor.py:830} INFO - Processing file /opt/airflow/dags/main.py for tasks to queue
[2026-09-25T15:11:54.184+0000] {logging_mixin.py:188} INFO - [2026-09-25T15:11:54.184+0000] {dagbag.py:545} INFO - Filling up the DagBag from /opt/airflow/dags/main.py
[2026-09-25T15:11:54.542+0000] {processor.py:840} INFO - DAG(s) 'update_db' retrieved from /opt/airflow/dags/main.py
[2026-09-25T15:11:54.580+0000] {logging_mixin.py:188} INFO - [2026-09-25T15:11:54.580+0000] {dag.py:3096} INFO - Sync 1 DAGs
[2026-09-25T15:11:54.604+0000] {logging_mixin.py:188} INFO - [2026-09-25T15:11:54.604+0000] {dag.py:3954} INFO - Setting next_dagrun for update_db to 2026-09-25 12:00:00+00:00, run_after=2026-09-26 12:00:00+00:00
[2026-09-25T15:11:54.631+0000] {processor.py:183} INFO - Processing /opt/airflow/dags/main.py took 0.463 seconds
[2026-09-25T15:12:24.985+0000] {processor.py:161} INFO - Started process (PID=331) to work on /opt/airflow/dags/main.py
[2026-09-25T15:12:24.988+0000] {processor.py:830} INFO - Processing file /opt/airflow/dags/main.py for tasks to queue
[2026-09-25T15:12:24.991+0000] {logging_mixin.py:188} INFO - [2026-09-25T15:12:24.991+0000] {dagbag.py:545} INFO - Filling up the DagBag from /opt/airflow/dags/main.py
[2026-09-25T15:12:25.263+0000] {processor.py:840} INFO - DAG(s) 'update_db' retrieved from /opt/airflow/dags/main.py
[2026-09-25T15:12:25.294+0000] {logging_mixin.py:188} INFO - [2026-09-25T15:12:25.294+0000] {dag.py:3096} INFO - Sync 1 DAGs
[2026-09-25T15:12:25.314+0000] {logging_mixin.py:188} INFO - [2026-09-25T15:12:25.314+0000] {dag.py:3954} INFO - Setting next_dagrun for update_db to 2026-09-25 12:00:00+00:00, run_after=2026-09-26 12:00:00+00:00
[2026-09-25T15:12:25.335+0000] {processor.py:183} INFO - Processing /opt/airflow/dags/main.py took 0.356 seconds
[2026-09-25T15:12:55.749+0000] {processor.py:161} INFO - Started process (PID=338) to work on /opt/airflow/dags/main.py
[2026-09-25T15:12:55.752+0000] {processor.py:830} INFO - Processing file /opt/airflow/dags/main.py for tasks to queue
[2026-09-25T15:12:55.755+0000] {logging_mixin.py:188} INFO - [2026-09-25T15:12:55.755+0000] {dagbag.py:545} INFO - Filling up the DagBag from /opt/airflow/dags/main.py
[2026-09-25T15:12:56.049+0000] {processor.py:840} INFO - DAG(s) 'update_db' retrieved from /opt/airflow/dags/main.py
[2026-09-25T15:12:56.075+0000] {logging_mixin.py:188} INFO - [2026-09-25T15:12:56.075+0000] {dag.py:3096} INFO - Sync 1 DAGs
[2026-09-25T15:12:56.098+0000] {logging_mixin.py:188} INFO - [2026-09-25T15:12:56.098+0000] {dag.py:3954} INFO - Setting next_dagrun for update_db to 2026-09-25 12:00:00+00:00, run_after=2026-09-26 12:00:00+00:00
[2026-09-25T15:12:56.119+0000] {processor.py:183} INFO - Processing /opt/airflow/dags/main.py took 0.376 seconds
[2026-09-25T15:13:26.976+0000] {processor.py:161} INFO - Started process (PID=345) to work on /opt/airflow/dags/main.py
[2026-09-25T15:13:26.978+0000] {processor.py:830} INFO - Processing file /opt/airflow/dags/main.py for tasks to queue
[2026-09-25T15:13:26.982+0000] {logging_mixin.py:188} INFO - [2026-09-25T15:13:26.982+0000] {dagbag.py:545} INFO - Filling up the DagBag from /opt/airflow/dags/main.py
[2026-09-25T15:13:27.269+0000] {processor.py:840} INFO - DAG(s) 'update_db' retrieved from /opt/airflow/dags/main.py
[2026-09-25T15:13:27.295+0000] {logging_mixin.py:188} INFO - [2026-09-25T15:13:27.295+0000] {dag.py:3096} INFO - Sync 1 DAGs
[2026-09-25T15:13:27.315+0000] {logging_mixin.py:188} INFO - [2026-09-25T15:13:27.315+0000] {dag.py:3954} INFO - Setting next_dagrun for update_db to 2026-09-25 12:00:00+00:00, run_after=2026-09-26 12:00:00+00:00
[2026-09-25T15:13:27.336+0000] {processor.py:183} INFO - Processing /opt/airflow/dags/main.py took 0.366 seconds
[2026-09-25T15:13:57.711+0000] {processor.py:161} INFO - Started process (PID=352) to work on /opt/airflow/dags/main.py
[2026-09-25T15:13:57.713+0000] {processor.py:830} INFO - Processing file /opt/airflow/dags/main.py for tasks to queue
[2026-09-25T15:13:57.717+0000] {logging_mixin.py:188} INFO - [2026-09-25T15:13:57.716+0000] {dagbag.py:545} INFO - Filling up the DagBag from /opt/airflow/dags/main.py
[2026-09-25T15:13:57.960+0000] {processor.py:840} INFO - DAG(s) 'update_db' retrieved from /opt/airflow/dags/main.py
[2026-09-25T15:13:57.984+0000] {logging_mixin.py:188} INFO - [2026-09-25T15:13:57.984+0000] {dag.py:3096} INFO - Sync 1 DAGs
[2026-09-25T15:13:58.002+0000] {logging_mixin.py:188} INFO - [2026-09-25T15:13:58.002+0000] {dag.py:3954} INFO - Setting next_dagrun for update_db to 2026-09-25 12:00:00+00:00, run_after=2026-09-26 12:00:00+00:00
[2026-09-25T15:13:58.022+0000] {processor.py:183} INFO - Processing /opt/airflow/dags/main.py took 0.316 seconds
[2026-09-25T15:14:28.416+0000] {processor.py:161} INFO - Started process (PID=359) to work on /opt/airflow/dags/main.py
[2026-09-25T15:14:28.419+0000] {processor.py:830} INFO - Processing file /opt/airflow/dags/main.py for tasks to queue
[2026-09-25T15:14:28.422+0000] {logging_mixin.py:188} INFO - [2026-09-25T15:14:28.422+0000] {dagbag.py:545} INFO - Filling up the DagBag from /opt/airflow/dags/main.py
[2026-09-25T15:14:28.700+0000] {processor.py:840} INFO - DAG(s) 'update_db' retrieved from /opt/airflow/dags/main.py
[2026-09-25T15:14:28.726+0000] {logging_mixin.py:188} INFO - [2026-09-25T15:14:28.726+0000] {dag.py:3096} INFO - Sync 1 DAGs
[2026-09-25T15:14:28.745+0000] {logging_mixin.py:188} INFO - [2026-09-25T15:14:28.745+0000] {dag.py:3954} INFO - Setting next_dagrun for update_db to 2026-09-25 12:00:00+00:00, run_after=2026-09-26 12:00:00+00:00
[2026-09-25T15:14:28.766+0000] {processor.py:183} INFO - Processing /opt/airflow/dags/main.py took 0.356 seconds
[2026-09-25T15:14:59.109+0000] {processor.py:161} INFO - Started process (PID=366) to work on /opt/airflow/dags/main.py
[2026-09-25T15:14:59.112+0000] {processor.py:830} INFO - Processing file /opt/airflow/dags/main.py for tasks to queue
[2026-09-25T15:14:59.115+0000] {logging_mixin.py:188} INFO - [2026-09-25T15:14:59.115+0000] {dagbag.py:545} INFO - Filling up the DagBag from /opt/airflow/dags/main.py
[2026-09-25T15:14:59.384+0000] {processor.py:840} INFO - DAG(s) 'update_db' retrieved from /opt/airflow/dags/main.py
[2026-09-25T15:14:59.448+0000] {logging_mixin.py:188} INFO - [2026-09-25T15:14:59.448+0000] {dag.py:3096} INFO - Sync 1 DAGs
[2026-09-25T15:14:59.494+0000] {logging_mixin.py:188} INFO - [2026-09-25T15:14:59.494+0000] {dag.py:3954} INFO - Setting next_dagrun for update_db to 2026-09-25 12:00:00+00:00, run_after=2026-09-26 12:00:00+00:00
[2026-09-25T15:14:59.524+0000] {processor.py:183} INFO - Processing /opt/airflow/dags/main.py took 0.421 seconds
[2026-09-25T15:15:29.908+0000] {processor.py:161} INFO - Started process (PID=373) to work on /opt/airflow/dags/main.py
[2026-09-25T15:15:29.911+0000] {processor.py:830} INFO - Processing file /opt/airflow/dags/main.py for tasks to queue
[2026-09-25T15:15:29.914+0000] {logging_mixin.py:188} INFO - [2026-09-25T15:15:29.914+0000] {dagbag.py:545} INFO - Filling up the DagBag from /opt/airflow/dags/main.py
[2026-09-25T15:15:30.175+0000] {processor.py:840} INFO - DAG(s) 'update_db' retrieved from /opt/airflow/dags/main.py
[2026-09-25T15:15:30.196+0000] {logging_mixin.py:188} INFO - [2026-09-25T15:15:30.196+0000] {dag.py:3096} INFO - Sync 1 DAGs
[2026-09-25T15:15:30.214+0000] {logging_mixin.py:188} INFO - [2026-09-25T15:15:30.214+0000] {dag.py:3954} INFO - Setting next_dagrun for update_db to 2026-09-25 12:00:00+00:00, run_after=2026-09-26 12:00:00+00:00
[2026-09-25T15:15:30.233+0000] {processor.py:183} INFO - Processing /opt/airflow/dags/main.py took 0.334 seconds
[2026-09-25T15:16:00.607+0000] {processor.py:161} INFO - Started process (PID=380) to work on /opt/airflow/dags/main.py
[2026-09-25T15:16:00.610+0000] {processor.py:830} INFO - Processing file /opt/airflow/dags/main.py for tasks to queue
[2026-09-25T15:16:00.613+0000] {logging_mixin.py:188} INFO - [2026-09-25T15:16:00.613+0000] {dagbag.py:545} INFO - Filling up the DagBag from /opt/airflow/dags/main.py
[2026-09-25T15:16:00.871+0000] {processor.py:840} INFO - DAG(s) 'update_db' retrieved from /opt/airflow/dags/main.py
[2026-09-25T15:16:00.893+0000] {logging_mixin.py:188} INFO - [2026-09-25T15:16:00.892+0000] {dag.py:3096} INFO - Sync 1 DAGs
[2026-09-25T15:16:00.909+0000] {logging_mixin.py:188} INFO - [2026-09-25T15:16:00.909+0000] {dag.py:3954} INFO - Setting next_dagrun for update_db to 2026-09-25 12:00:00+00:00, run_after=2026-09-26 12:00:00+00:00
[2026-09-25T15:16:00.931+0000] {processor.py:183} INFO - Processing /opt/airflow/dags/main.py took 0.330 seconds
[2026-09-25T15:16:31.288+0000] {processor.py:161} INFO - Started process (PID=387) to work on /opt/airflow/dags/main.py
[2026-09-25T15:16:31.292+0000] {processor.py:830} INFO - Processing file /opt/airflow/dags/main.py for tasks to queue
[2026-09-25T15:16:31.299+0000] {logging_mixin.py:188} INFO - [2026-09-25T15:16:31.298+0000] {dagbag.py:545} INFO - Filling up the DagBag from /opt/airflow/dags/main.py
[2026-09-25T15:16:31.567+0000] {processor.py:840} INFO - DAG(s) 'update_db' retrieved from /opt/airflow/dags/main.py
[2026-09-25T15:16:31.598+0000] {logging_mixin.py:188} INFO - [2026-09-25T15:16:31.598+0000] {dag.py:3096} INFO - Sync 1 DAGs
[2026-09-25T15:16:31.619+0000] {logging_mixin.py:188} INFO - [2026-09-25T15:16:31.619+0000] {dag.py:3954} INFO - Setting next_dagrun for update_db to 2026-09-25 12:00:00+00:00, run_after=2026-09-26 12:00:00+00:00
[2026-09-25T15:16:31.644+0000] {processor.py:183} INFO - Processing /opt/airflow/dags/main.py took 0.371 seconds
[2026-09-25T15:17:01.966+0000] {processor.py:161} INFO - Started process (PID=394) to work on /opt/airflow/dags/main.py
[2026-09-25T15:17:01.968+0000] {processor.py:830} INFO - Processing file /opt/airflow/dags/main.py for tasks to queue
[2026-09-25T15:17:01.971+0000] {logging_mixin.py:188} INFO - [2026-09-25T15:17:01.971+0000] {dagbag.py:545} INFO - Filling up the DagBag from /opt/airflow/dags/main.py
[2026-09-25T15:17:02.205+0000] {processor.py:840} INFO - DAG(s) 'update_db' retrieved from /opt/airflow/dags/main.py
[2026-09-25T15:17:02.234+0000] {logging_mixin.py:188} INFO - [2026-09-25T15:17:02.234+0000] {dag.py:3096} INFO - Sync 1 DAGs
[2026-09-25T15:17:02.252+0000] {logging_mixin.py:188} INFO - [2026-09-25T15:17:02.251+0000] {dag.py:3954} INFO - Setting next_dagrun for update_db to 2026-09-25 12:00:00+00:00, run_after=2026-09-26 12:00:00+00:00
[2026-09-25T15:17:02.273+0000] {processor.py:183} INFO - Processing /opt/airflow/dags/main.py took 0.312 seconds
[2026-09-25T15:17:32.641+0000] {processor.py:161} INFO - Started process (PID=401) to work on /opt/airflow/dags/main.py
[2026-09-25T15:17:32.643+0000] {processor.py:830} INFO - Processing file /opt/airflow/dags/main.py for tasks to queue
[2026-09-25T15:17:32.646+0000] {logging_mixin.py:188} INFO - [2026-09-25T15:17:32.645+0000] {dagbag.py:545} INFO - Filling up the DagBag from /opt/airflow/dags/main.py
[2026-09-25T15:17:32.867+0000] {processor.py:840} INFO - DAG(s) 'update_db' retrieved from /opt/airflow/dags/main.py
[2026-09-25T15:17:32.892+0000] {logging_mixin.py:188} INFO - [2026-09-25T15:17:32.892+0000] {dag.py:3096} INFO - Sync 1 DAGs
[2026-09-25T15:17:32.912+0000] {logging_mixin.py:188} INFO - [2026-09-25T15:17:32.912+0000] {dag.py:3954} INFO - Setting next_dagrun for update_db to 2026-09-25 12:00:00+00:00, run_after=2026-09-26 12:00:00+00:00
[2026-09-25T15:17:32.933+0000] {processor.py:183} INFO - Processing /opt/airflow/dags/main.py took 0.297 seconds
[2026-09-25T15:18:03.700+0000] {processor.py:161} INFO - Started process (PID=408) to work on /opt/airflow/dags/main.py
[2026-09-25T15:18:03.703+0000] {processor.py:830} INFO - Processing file /opt/airflow/dags/main.py for tasks to queue
[2026-09-25T15:18:03.708+0000] {logging_mixin.py:188} INFO - [2026-09-25T15:18:03.707+0000] {dagbag.py:545} INFO - Filling up the DagBag from /opt/airflow/dags/main.py
[2026-09-25T15:18:03.987+0000] {processor.py:840} INFO - DAG(s) 'update_db' retrieved from /opt/airflow/dags/main.py
[2026-09-25T15:18:04.076+0000] {logging_mixin.py:188} INFO - [2026-09-25T15:18:04.076+0000] {dag.py:3096} INFO - Sync 1 DAGs
[2026-09-25T15:18:04.152+0000] {logging_mixin.py:188} INFO - [2026-09-25T15:18:04.151+0000] {dag.py:3954} INFO - Setting next_dagrun for update_db to 2026-09-25 12:00:00+00:00, run_after=2026-09-26 12:00:00+00:00
[2026-09-25T15:18:04.189+0000] {processor.py:183} INFO - Processing /opt/airflow/dags/main.py took 0.496 seconds
[2026-09-25T15:18:34.487+0000] {processor.py:161} INFO - Started process (PID=415) to work on /opt/airflow/dags/main.py
[2026-09-25T15:18:34.490+0000] {processor.py:830} INFO - Processing file /opt/airflow/dags/main.py for tasks to queue
[2026-09-25T15:18:34.499+0000] {logging_mixin.py:188} INFO - [2026-09-25T15:18:34.498+0000] {dagbag.py:545} INFO - Filling up the DagBag from /opt/airflow/dags/main.py
[2026-09-25T15:18:34.749+0000] {processor.py:840} INFO - DAG(s) 'update_db' retrieved from /opt/airflow/dags/main.py
[2026-09-25T15:18:34.785+0000] {logging_mixin.py:188} INFO - [2026-09-25T15:18:34.784+0000] {dag.py:3096} INFO - Sync 1 DAGs
[2026-09-25T15:18:34.813+0000] {logging_mixin.py:188} INFO - [2026-09-25T15:18:34.813+0000] {dag.py:3954} INFO - Setting next_dagrun for update_db to 2026-09-25 12:00:00+00:00, run_after=2026-09-26 12:00:00+00:00
[2026-09-25T15:18:34.844+0000] {processor.py:183} INFO - Processing /opt/airflow/dags/main.py took 0.373 seconds
[2026-09-25T15:19:05.142+0000] {processor.py:161} INFO - Started process (PID=422) to work on /opt/airflow/dags/main.py
[2026-09-25T15:19:05.147+0000] {processor.py:830} INFO - Processing file /opt/airflow/dags/main.py for tasks to queue
[2026-09-25T15:19:05.154+0000] {logging_mixin.py:188} INFO - [2026-09-25T15:19:05.153+0000] {dagbag.py:545} INFO - Filling up the DagBag from /opt/airflow/dags/main.py
[2026-09-25T15:19:05.415+0000] {processor.py:840} INFO - DAG(s) 'update_db' retrieved from /opt/airflow/dags/main.py
[2026-09-25T15:19:05.452+0000] {logging_mixin.py:188} INFO - [2026-09-25T15:19:05.452+0000] {dag.py:3096} INFO - Sync 1 DAGs
[2026-09-25T15:19:05.476+0000] {logging_mixin.py:188} INFO - [2026-09-25T15:19:05.476+0000] {dag.py:3954} INFO - Setting next_dagrun for update_db to 2026-09-25 12:00:00+00:00, run_after=2026-09-26 12:00:00+00:00
[2026-09-25T15:19:05.506+0000] {processor.py:183} INFO - Processing /opt/airflow/dags/main.py took 0.374 seconds
[2026-09-25T15:19:35.804+0000] {processor.py:161} INFO - Started process (PID=436) to work on /opt/airflow/dags/main.py
[2026-09-25T15:19:35.807+0000] {processor.py:830} INFO - Processing file /opt/airflow/dags/main.py for tasks to queue
[2026-09-25T15:19:35.810+0000] {logging_mixin.py:188} INFO - [2026-09-25T15:19:35.810+0000] {dagbag.py:545} INFO - Filling up the DagBag from /opt/airflow/dags/main.py
[2026-09-25T15:19:36.044+0000] {processor.py:840} INFO - DAG(s) 'update_db' retrieved from /opt/airflow/dags/main.py
[2026-09-25T15:19:36.076+0000] {logging_mixin.py:188} INFO - [2026-09-25T15:19:36.076+0000] {dag.py:3096} INFO - Sync 1 DAGs
[2026-09-25T15:19:36.099+0000] {logging_mixin.py:188} INFO - [2026-09-25T15:19:36.099+0000] {dag.py:3954} INFO - Setting next_dagrun for update_db to 2026-09-25 12:00:00+00:00, run_after=2026-09-26 12:00:00+00:00
[2026-09-25T15:19:36.141+0000] {processor.py:183} INFO - Processing /opt/airflow/dags/main.py took 0.343 seconds
[2026-09-25T15:20:06.438+0000] {processor.py:161} INFO - Started process (PID=443) to work on /opt/airflow/dags/main.py
[2026-09-25T15:20:06.441+0000] {processor.py:830} INFO - Processing file /opt/airflow/dags/main.py for tasks to queue
[2026-09-25T15:20:06.446+0000] {logging_mixin.py:188} INFO - [2026-09-25T15:20:06.446+0000] {dagbag.py:545} INFO - Filling up the DagBag from /opt/airflow/dags/main.py
[2026-09-25T15:20:06.695+0000] {processor.py:840} INFO - DAG(s) 'update_db' retrieved from /opt/airflow/dags/main.py
[2026-09-25T15:20:06.726+0000] {logging_mixin.py:188} INFO - [2026-09-25T15:20:06.726+0000] {dag.py:3096} INFO - Sync 1 DAGs
[2026-09-25T15:20:06.750+0000] {logging_mixin.py:188} INFO - [2026-09-25T15:20:06.750+0000] {dag.py:3954} INFO - Setting next_dagrun for update_db to 2026-09-25 12:00:00+00:00, run_after=2026-09-26 12:00:00+00:00
[2026-09-25T15:20:06.776+0000] {processor.py:183} INFO - Processing /opt/airflow/dags/main.py took 0.345 seconds
[2026-09-25T15:20:37.041+0000] {processor.py:161} INFO - Started process (PID=450) to work on /opt/airflow/dags/main.py
[2026-09-25T15:20:37.043+0000] {processor.py:830} INFO - Processing file /opt/airflow/dags/main.py for tasks to queue
[2026-09-25T15:20:37.047+0000] {logging_mixin.py:188} INFO - [2026-09-25T15:20:37.047+0000] {dagbag.py:545} INFO - Filling up the DagBag from /opt/airflow/dags/main.py
[2026-09-25T15:20:37.296+0000] {processor.py:840} INFO - DAG(s) 'update_db' retrieved from /opt/airflow/dags/main.py
[2026-09-25T15:20:37.330+0000] {logging_mixin.py:188} INFO - [2026-09-25T15:20:37.330+0000] {dag.py:3096} INFO - Sync 1 DAGs
[2026-09-25T15:20:37.359+0000] {logging_mixin.py:188} INFO - [2026-09-25T15:20:37.359+0000] {dag.py:3954} INFO - Setting next_dagrun for update_db to 2026-09-25 12:00:00+00:00, run_after=2026-09-26 12:00:00+00:00
[2026-09-25T15:20:37.384+0000] {processor.py:183} INFO - Processing /opt/airflow/dags/main.py took 0.349 seconds
[2026-09-25T15:21:07.662+0000] {processor.py:161} INFO - Started process (PID=458) to work on /opt/airflow/dags/main.py
[2026-09-25T15:21:07.665+0000] {processor.py:830} INFO - Processing file /opt/airflow/dags/main.py for tasks to queue
[2026-09-25T15:21:07.668+0000] {logging_mixin.py:188} INFO - [2026-09-25T15:21:07.668+0000] {dagbag.py:545} INFO - Filling up the DagBag from /opt/airflow/dags/main.py
[2026-09-25T15:21:07.914+0000] {processor.py:840} INFO - DAG(s) 'update_db' retrieved from /opt/airflow/dags/main.py
[2026-09-25T15:21:07.945+0000] {logging_mixin.py:188} INFO - [2026-09-25T15:21:07.944+0000] {dag.py:3096} INFO - Sync 1 DAGs
[2026-09-25T15:21:07.970+0000] {logging_mixin.py:188} INFO - [2026-09-25T15:21:07.970+0000] {dag.py:3954} INFO - Setting next_dagrun for update_db to 2026-09-25 12:00:00+00:00, run_after=2026-09-26 12:00:00+00:00
[2026-09-25T15:21:07.994+0000] {processor.py:183} INFO - Processing /opt/airflow/dags/main.py took 0.338 seconds
[2026-09-25T15:21:38.246+0000] {processor.py:161} INFO - Started process (PID=465) to work on /opt/airflow/dags/main.py
[2026-09-25T15:21:38.249+0000] {processor.py:830} INFO - Processing file /opt/airflow/dags/main.py for tasks to queue
[2026-09-25T15:21:38.252+0000] {logging_mixin.py:188} INFO - [2026-09-25T15:21:38.252+0000] {dagbag.py:545} INFO - Filling up the DagBag from /opt/airflow/dags/main.py
[2026-09-25T15:21:38.478+0000] {processor.py:840} INFO - DAG(s) 'update_db' retrieved from /opt/airflow/dags/main.py
[2026-09-25T15:21:38.513+0000] {logging_mixin.py:188} INFO - [2026-09-25T15:21:38.512+0000] {dag.py:3096} INFO - Sync 1 DAGs
[2026-09-25T15:21:38.539+0000] {logging_mixin.py:188} INFO - [2026-09-25T15:21:38.539+0000] {dag.py:3954} INFO - Setting next_dagrun for update_db to 2026-09-25 12:00:00+00:00, run_after=2026-09-26 12:00:00+00:00
[2026-09-25T15:21:38.563+0000] {processor.py:183} INFO - Processing /opt/airflow/dags/main.py took 0.323 seconds
[2026-09-25T15:22:08.811+0000] {processor.py:161} INFO - Started process (PID=472) to work on /opt/airflow/dags/main.py
[2026-09-25T15:22:08.813+0000] {processor.py:830} INFO - Processing file /opt/airflow/dags/main.py for tasks to queue
[2026-09-25T15:22:08.817+0000] {logging_mixin.py:188} INFO - [2026-09-25T15:22:08.817+0000] {dagbag.py:545} INFO - Filling up the DagBag from /opt/airflow/dags/main.py
[2026-09-25T15:22:09.049+0000] {processor.py:840} INFO - DAG(s) 'update_db' retrieved from /opt/airflow/dags/main.py
[2026-09-25T15:22:09.082+0000] {logging_mixin.py:188} INFO - [2026-09-25T15:22:09.081+0000] {dag.py:3096} INFO - Sync 1 DAGs
[2026-09-25T15:22:09.107+0000] {logging_mixin.py:188} INFO - [2026-09-25T15:22:09.106+0000] {dag.py:3954} INFO - Setting next_dagrun for update_db to 2026-09-25 12:00:00+00:00, run_after=2026-09-26 12:00:00+00:00
[2026-09-25T15:22:09.128+0000] {processor.py:183} INFO - Processing /opt/airflow/dags/main.py took 0.324 seconds
[2026-09-25T15:22:39.387+0000] {processor.py:161} INFO - Started process (PID=480) to work on /opt/airflow/dags/main.py
[2026-09-25T15:22:39.389+0000] {processor.py:830} INFO - Processing file /opt/airflow/dags/main.py for tasks to queue
[2026-09-25T15:22:39.392+0000] {logging_mixin.py:188} INFO - [2026-09-25T15:22:39.392+0000] {dagbag.py:545} INFO - Filling up the DagBag from /opt/airflow/dags/main.py
[2026-09-25T15:22:39.616+0000] {processor.py:840} INFO - DAG(s) 'update_db' retrieved from /opt/airflow/dags/main.py
[2026-09-25T15:22:39.647+0000] {logging_mixin.py:188} INFO - [2026-09-25T15:22:39.647+0000] {dag.py:3096} INFO - Sync 1 DAGs
[2026-09-25T15:22:39.672+0000] {logging_mixin.py:188} INFO - [2026-09-25T15:22:39.672+0000] {dag.py:3954} INFO - Setting next_dagrun for update_db to 2026-09-25 12:00:00+00:00, run_after=2026-09-26 12:00:00+00:00
[2026-09-25T15:22:39.694+0000] {processor.py:183} INFO - Processing /opt/airflow/dags/main.py took 0.314 seconds
[2026-09-25T15:23:09.998+0000] {processor.py:161} INFO - Started process (PID=487) to work on /opt/airflow/dags/main.py
[2026-09-25T15:23:10.000+0000] {processor.py:830} INFO - Processing file /opt/airflow/dags/main.py for tasks to queue
[2026-09-25T15:23:10.004+0000] {logging_mixin.py:188} INFO - [2026-09-25T15:23:10.003+0000] {dagbag.py:545} INFO - Filling up the DagBag from /opt/airflow/dags/main.py
[2026-09-25T15:23:10.229+0000] {processor.py:840} INFO - DAG(s) 'update_db' retrieved from /opt/airflow/dags/main.py
[2026-09-25T15:23:10.257+0000] {logging_mixin.py:188} INFO - [2026-09-25T15:23:10.257+0000] {dag.py:3096} INFO - Sync 1 DAGs
[2026-09-25T15:23:10.282+0000] {logging_mixin.py:188} INFO - [2026-09-25T15:23:10.282+0000] {dag.py:3954} INFO - Setting next_dagrun for update_db to 2026-09-25 12:00:00+00:00, run_after=2026-09-26 12:00:00+00:00
[2026-09-25T15:23:10.310+0000] {processor.py:183} INFO - Processing /opt/airflow/dags/main.py took 0.317 seconds
[2026-09-25T15:23:40.642+0000] {processor.py:161} INFO - Started process (PID=494) to work on /opt/airflow/dags/main.py
[2026-09-25T15:23:40.644+0000] {processor.py:830} INFO - Processing file /opt/airflow/dags/main.py for tasks to queue
[2026-09-25T15:23:40.647+0000] {logging_mixin.py:188} INFO - [2026-09-25T15:23:40.647+0000] {dagbag.py:545} INFO - Filling up the DagBag from /opt/airflow/dags/main.py
[2026-09-25T15:23:41.152+0000] {processor.py:840} INFO - DAG(s) 'update_db' retrieved from /opt/airflow/dags/main.py
[2026-09-25T15:23:41.174+0000] {logging_mixin.py:188} INFO - [2026-09-25T15:23:41.173+0000] {dag.py:3096} INFO - Sync 1 DAGs
[2026-09-25T15:23:41.191+0000] {logging_mixin.py:188} INFO - [2026-09-25T15:23:41.191+0000] {dag.py:3954} INFO - Setting next_dagrun for update_db to 2026-09-25 12:00:00+00:00, run_after=2026-09-26 12:00:00+00:00
[2026-09-25T15:23:41.211+0000] {processor.py:183} INFO - Processing /opt/airflow/dags/main.py took 0.575 seconds
[2026-09-25T15:24:11.611+0000] {processor.py:161} INFO - Started process (PID=501) to work on /opt/airflow/dags/main.py
[2026-09-25T15:24:11.614+0000] {processor.py:830} INFO - Processing file /opt/airflow/dags/main.py for tasks to queue
[2026-09-25T15:24:11.618+0000] {logging_mixin.py:188} INFO - [2026-09-25T15:24:11.617+0000] {dagbag.py:545} INFO - Filling up the DagBag from /opt/airflow/dags/main.py
[2026-09-25T15:24:11.913+0000] {processor.py:840} INFO - DAG(s) 'update_db' retrieved from /opt/airflow/dags/main.py
[2026-09-25T15:24:11.937+0000] {logging_mixin.py:188} INFO - [2026-09-25T15:24:11.937+0000] {dag.py:3096} INFO - Sync 1 DAGs
[2026-09-25T15:24:11.955+0000] {logging_mixin.py:188} INFO - [2026-09-25T15:24:11.955+0000] {dag.py:3954} INFO - Setting next_dagrun for update_db to 2026-09-25 12:00:00+00:00, run_after=2026-09-26 12:00:00+00:00
[2026-09-25T15:24:11.976+0000] {processor.py:183} INFO - Processing /opt/airflow/dags/main.py took 0.372 seconds
[2026-09-25T15:24:42.386+0000] {processor.py:161} INFO - Started process (PID=508) to work on /opt/airflow/dags/main.py
[2026-09-25T15:24:42.390+0000] {processor.py:830} INFO - Processing file /opt/airflow/dags/main.py for tasks to queue
[2026-09-25T15:24:42.393+0000] {logging_mixin.py:188} INFO - [2026-09-25T15:24:42.393+0000] {dagbag.py:545} INFO - Filling up the DagBag from /opt/airflow/dags/main.py
[2026-09-25T15:24:42.670+0000] {processor.py:840} INFO - DAG(s) 'update_db' retrieved from /opt/airflow/dags/main.py
[2026-09-25T15:24:42.695+0000] {logging_mixin.py:188} INFO - [2026-09-25T15:24:42.695+0000] {dag.py:3096} INFO - Sync 1 DAGs
[2026-09-25T15:24:42.713+0000] {logging_mixin.py:188} INFO - [2026-09-25T15:24:42.713+0000] {dag.py:3954} INFO - Setting next_dagrun for update_db to 2026-09-25 12:00:00+00:00, run_after=2026-09-26 12:00:00+00:00
[2026-09-25T15:24:42.734+0000] {processor.py:183} INFO - Processing /opt/airflow/dags/main.py took 0.355 seconds
[2026-09-25T15:25:13.132+0000] {processor.py:161} INFO - Started process (PID=515) to work on /opt/airflow/dags/main.py
[2026-09-25T15:25:13.136+0000] {processor.py:830} INFO - Processing file /opt/airflow/dags/main.py for tasks to queue
[2026-09-25T15:25:13.139+0000] {logging_mixin.py:188} INFO - [2026-09-25T15:25:13.139+0000] {dagbag.py:545} INFO - Filling up the DagBag from /opt/airflow/dags/main.py
[2026-09-25T15:25:13.430+0000] {processor.py:840} INFO - DAG(s) 'update_db' retrieved from /opt/airflow/dags/main.py
[2026-09-25T15:25:13.460+0000] {logging_mixin.py:188} INFO - [2026-09-25T15:25:13.459+0000] {dag.py:3096} INFO - Sync 1 DAGs
[2026-09-25T15:25:13.476+0000] {logging_mixin.py:188} INFO - [2026-09-25T15:25:13.476+0000] {dag.py:3954} INFO - Setting next_dagrun for update_db to 2026-09-25 12:00:00+00:00, run_after=2026-09-26 12:00:00+00:00
[2026-09-25T15:25:13.499+0000] {processor.py:183} INFO - Processing /opt/airflow/dags/main.py took 0.375 seconds
[2026-09-25T15:25:43.892+0000] {processor.py:161} INFO - Started process (PID=522) to work on /opt/airflow/dags/main.py
[2026-09-25T15:25:43.895+0000] {processor.py:830} INFO - Processing file /opt/airflow/dags/main.py for tasks to queue
[2026-09-25T15:25:43.898+0000] {logging_mixin.py:188} INFO - [2026-09-25T15:25:43.898+0000] {dagbag.py:545} INFO - Filling up the DagBag from /opt/airflow/dags/main.py
[2026-09-25T15:25:44.166+0000] {processor.py:840} INFO - DAG(s) 'update_db' retrieved from /opt/airflow/dags/main.py
[2026-09-25T15:25:44.190+0000] {logging_mixin.py:188} INFO - [2026-09-25T15:25:44.189+0000] {dag.py:3096} INFO - Sync 1 DAGs
[2026-09-25T15:25:44.218+0000] {logging_mixin.py:188} INFO - [2026-09-25T15:25:44.217+0000] {dag.py:3954} INFO - Setting next_dagrun for update_db to 2026-09-25 12:00:00+00:00, run_after=2026-09-26 12:00:00+00:00
[2026-09-25T15:25:44.246+0000] {processor.py:183} INFO - Processing /opt/airflow/dags/main.py took 0.360 seconds
[2026-09-25T15:26:14.594+0000] {processor.py:161} INFO - Started process (PID=529) to work on /opt/airflow/dags/main.py
[2026-09-25T15:26:14.596+0000] {processor.py:830} INFO - Processing file /opt/airflow/dags/main.py for tasks to queue
[2026-09-25T15:26:14.599+0000] {logging_mixin.py:188} INFO - [2026-09-25T15:26:14.599+0000] {dagbag.py:545} INFO - Filling up the DagBag from /opt/airflow/dags/main.py
[2026-09-25T15:26:14.828+0000] {processor.py:840} INFO - DAG(s) 'update_db' retrieved from /opt/airflow/dags/main.py
[2026-09-25T15:26:14.878+0000] {logging_mixin.py:188} INFO - [2026-09-25T15:26:14.877+0000] {dag.py:3096} INFO - Sync 1 DAGs
[2026-09-25T15:26:14.902+0000] {logging_mixin.py:188} INFO - [2026-09-25T15:26:14.902+0000] {dag.py:3954} INFO - Setting next_dagrun for update_db to 2026-09-25 12:00:00+00:00, run_after=2026-09-26 12:00:00+00:00
[2026-09-25T15:26:14.926+0000] {processor.py:183} INFO - Processing /opt/airflow/dags/main.py took 0.338 seconds
[2026-09-25T15:26:45.240+0000] {processor.py:161} INFO - Started process (PID=536) to work on /opt/airflow/dags/main.py
[2026-09-25T15:26:45.243+0000] {processor.py:830} INFO - Processing file /opt/airflow/dags/main.py for tasks to queue
[2026-09-25T15:26:45.246+0000] {logging_mixin.py:188} INFO - [2026-09-25T15:26:45.246+0000] {dagbag.py:545} INFO - Filling up the DagBag from /opt/airflow/dags/main.py
[2026-09-25T15:26:45.535+0000] {processor.py:840} INFO - DAG(s) 'update_db' retrieved from /opt/airflow/dags/main.py
[2026-09-25T15:26:45.562+0000] {logging_mixin.py:188} INFO - [2026-09-25T15:26:45.562+0000] {dag.py:3096} INFO - Sync 1 DAGs
[2026-09-25T15:26:45.586+0000] {logging_mixin.py:188} INFO - [2026-09-25T15:26:45.586+0000] {dag.py:3954} INFO - Setting next_dagrun for update_db to 2026-09-25 12:00:00+00:00, run_after=2026-09-26 12:00:00+00:00
[2026-09-25T15:26:45.611+0000] {processor.py:183} INFO - Processing /opt/airflow/dags/main.py took 0.376 seconds
[2026-09-25T15:27:15.985+0000] {processor.py:161} INFO - Started process (PID=543) to work on /opt/airflow/dags/main.py
[2026-09-25T15:27:15.989+0000] {processor.py:830} INFO - Processing file /opt/airflow/dags/main.py for tasks to queue
[2026-09-25T15:27:15.993+0000] {logging_mixin.py:188} INFO - [2026-09-25T15:27:15.992+0000] {dagbag.py:545} INFO - Filling up the DagBag from /opt/airflow/dags/main.py
[2026-09-25T15:27:16.289+0000] {processor.py:840} INFO - DAG(s) 'update_db' retrieved from /opt/airflow/dags/main.py
[2026-09-25T15:27:16.312+0000] {logging_mixin.py:188} INFO - [2026-09-25T15:27:16.312+0000] {dag.py:3096} INFO - Sync 1 DAGs
[2026-09-25T15:27:16.330+0000] {logging_mixin.py:188} INFO - [2026-09-25T15:27:16.330+0000] {dag.py:3954} INFO - Setting next_dagrun for update_db to 2026-09-25 12:00:00+00:00, run_after=2026-09-26 12:00:00+00:00
[2026-09-25T15:27:16.353+0000] {processor.py:183} INFO - Processing /opt/airflow/dags/main.py took 0.373 seconds
[2026-09-25T15:27:46.681+0000] {processor.py:161} INFO - Started process (PID=550) to work on /opt/airflow/dags/main.py
[2026-09-25T15:27:46.685+0000] {processor.py:830} INFO - Processing file /opt/airflow/dags/main.py for tasks to queue
[2026-09-25T15:27:46.689+0000] {logging_mixin.py:188} INFO - [2026-09-25T15:27:46.689+0000] {dagbag.py:545} INFO - Filling up the DagBag from /opt/airflow/dags/main.py
[2026-09-25T15:27:46.986+0000] {processor.py:840} INFO - DAG(s) 'update_db' retrieved from /opt/airflow/dags/main.py
[2026-09-25T15:27:47.010+0000] {logging_mixin.py:188} INFO - [2026-09-25T15:27:47.010+0000] {dag.py:3096} INFO - Sync 1 DAGs
[2026-09-25T15:27:47.030+0000] {logging_mixin.py:188} INFO - [2026-09-25T15:27:47.029+0000] {dag.py:3954} INFO - Setting next_dagrun for update_db to 2026-09-25 12:00:00+00:00, run_after=2026-09-26 12:00:00+00:00
[2026-09-25T15:27:47.049+0000] {processor.py:183} INFO - Processing /opt/airflow/dags/main.py took 0.374 seconds
[2026-09-25T15:28:17.624+0000] {processor.py:161} INFO - Started process (PID=557) to work on /opt/airflow/dags/main.py
[2026-09-25T15:28:17.627+0000] {processor.py:830} INFO - Processing file /opt/airflow/dags/main.py for tasks to queue
[2026-09-25T15:28:17.630+0000] {logging_mixin.py:188} INFO - [2026-09-25T15:28:17.630+0000] {dagbag.py:545} INFO - Filling up the DagBag from /opt/airflow/dags/main.py
[2026-09-25T15:28:17.933+0000] {processor.py:840} INFO - DAG(s) 'update_db' retrieved from /opt/airflow/dags/main.py
[2026-09-25T15:28:17.956+0000] {logging_mixin.py:188} INFO - [2026-09-25T15:28:17.956+0000] {dag.py:3096} INFO - Sync 1 DAGs
[2026-09-25T15:28:17.973+0000] {logging_mixin.py:188} INFO - [2026-09-25T15:28:17.973+0000] {dag.py:3954} INFO - Setting next_dagrun for update_db to 2026-09-25 12:00:00+00:00, run_after=2026-09-26 12:00:00+00:00
[2026-09-25T15:28:17.996+0000] {processor.py:183} INFO - Processing /opt/airflow/dags/main.py took 0.377 seconds
[2026-09-25T15:28:48.363+0000] {processor.py:161} INFO - Started process (PID=564) to work on /opt/airflow/dags/main.py
[2026-09-25T15:28:48.367+0000] {processor.py:830} INFO - Processing file /opt/airflow/dags/main.py for tasks to queue
[2026-09-25T15:28:48.370+0000] {logging_mixin.py:188} INFO - [2026-09-25T15:28:48.370+0000] {dagbag.py:545} INFO - Filling up the DagBag from /opt/airflow/dags/main.py
[2026-09-25T15:28:48.669+0000] {processor.py:840} INFO - DAG(s) 'update_db' retrieved from /opt/airflow/dags/main.py
[2026-09-25T15:28:48.696+0000] {logging_mixin.py:188} INFO - [2026-09-25T15:28:48.695+0000] {dag.py:3096} INFO - Sync 1 DAGs
[2026-09-25T15:28:48.715+0000] {logging_mixin.py:188} INFO - [2026-09-25T15:28:48.715+0000] {dag.py:3954} INFO - Setting next_dagrun for update_db to 2026-09-25 12:00:00+00:00, run_after=2026-09-26 12:00:00+00:00
[2026-09-25T15:28:48.736+0000] {processor.py:183} INFO - Processing /opt/airflow/dags/main.py took 0.383 seconds
[2026-09-25T15:29:19.102+0000] {processor.py:161} INFO - Started process (PID=571) to work on /opt/airflow/dags/main.py
[2026-09-25T15:29:19.105+0000] {processor.py:830} INFO - Processing file /opt/airflow/dags/main.py for tasks to queue
[2026-09-25T15:29:19.108+0000] {logging_mixin.py:188} INFO - [2026-09-25T15:29:19.107+0000] {dagbag.py:545} INFO - Filling up the DagBag from /opt/airflow/dags/main.py
[2026-09-25T15:29:19.427+0000] {processor.py:840} INFO - DAG(s) 'update_db' retrieved from /opt/airflow/dags/main.py
[2026-09-25T15:29:19.456+0000] {logging_mixin.py:188} INFO - [2026-09-25T15:29:19.455+0000] {dag.py:3096} INFO - Sync 1 DAGs
[2026-09-25T15:29:19.475+0000] {logging_mixin.py:188} INFO - [2026-09-25T15:29:19.474+0000] {dag.py:3954} INFO - Setting next_dagrun for update_db to 2026-09-25 12:00:00+00:00, run_after=2026-09-26 12:00:00+00:00
[2026-09-25T15:29:19.495+0000] {processor.py:183} INFO - Processing /opt/airflow/dags/main.py took 0.400 seconds
[2026-09-25T15:29:49.844+0000] {processor.py:161} INFO - Started process (PID=578) to work on /opt/airflow/dags/main.py
[2026-09-25T15:29:49.847+0000] {processor.py:830} INFO - Processing file /opt/airflow/dags/main.py for tasks to queue
[2026-09-25T15:29:49.850+0000] {logging_mixin.py:188} INFO - [2026-09-25T15:29:49.850+0000] {dagbag.py:545} INFO - Filling up the DagBag from /opt/airflow/dags/main.py
[2026-09-25T15:29:50.187+0000] {processor.py:840} INFO - DAG(s) 'update_db' retrieved from /opt/airflow/dags/main.py
[2026-09-25T15:29:50.210+0000] {logging_mixin.py:188} INFO - [2026-09-25T15:29:50.210+0000] {dag.py:3096} INFO - Sync 1 DAGs
[2026-09-25T15:29:50.228+0000] {logging_mixin.py:188} INFO - [2026-09-25T15:29:50.228+0000] {dag.py:3954} INFO - Setting next_dagrun for update_db to 2026-09-25 12:00:00+00:00, run_after=2026-09-26 12:00:00+00:00
[2026-09-25T15:29:50.248+0000] {processor.py:183} INFO - Processing /opt/airflow/dags/main.py took 0.409 seconds
[2026-09-25T15:30:20.633+0000] {processor.py:161} INFO - Started process (PID=585) to work on /opt/airflow/dags/main.py
[2026-09-25T15:30:20.636+0000] {processor.py:830} INFO - Processing file /opt/airflow/dags/main.py for tasks to queue
[2026-09-25T15:30:20.639+0000] {logging_mixin.py:188} INFO - [2026-09-25T15:30:20.638+0000] {dagbag.py:545} INFO - Filling up the DagBag from /opt/airflow/dags/main.py
[2026-09-25T15:30:20.910+0000] {processor.py:840} INFO - DAG(s) 'update_db' retrieved from /opt/airflow/dags/main.py
[2026-09-25T15:30:20.933+0000] {logging_mixin.py:188} INFO - [2026-09-25T15:30:20.933+0000] {dag.py:3096} INFO - Sync 1 DAGs
[2026-09-25T15:30:20.949+0000] {logging_mixin.py:188} INFO - [2026-09-25T15:30:20.949+0000] {dag.py:3954} INFO - Setting next_dagrun for update_db to 2026-09-25 12:00:00+00:00, run_after=2026-09-26 12:00:00+00:00
[2026-09-25T15:30:20.967+0000] {processor.py:183} INFO - Processing /opt/airflow/dags/main.py took 0.340 seconds
[2026-09-25T15:30:51.306+0000] {processor.py:161} INFO - Started process (PID=592) to work on /opt/airflow/dags/main.py
[2026-09-25T15:30:51.309+0000] {processor.py:830} INFO - Processing file /opt/airflow/dags/main.py for tasks to queue
[2026-09-25T15:30:51.312+0000] {logging_mixin.py:188} INFO - [2026-09-25T15:30:51.312+0000] {dagbag.py:545} INFO - Filling up the DagBag from /opt/airflow/dags/main.py
[2026-09-25T15:30:51.558+0000] {processor.py:840} INFO - DAG(s) 'update_db' retrieved from /opt/airflow/dags/main.py
[2026-09-25T15:30:51.583+0000] {logging_mixin.py:188} INFO - [2026-09-25T15:30:51.582+0000] {dag.py:3096} INFO - Sync 1 DAGs
[2026-09-25T15:30:51.600+0000] {logging_mixin.py:188} INFO - [2026-09-25T15:30:51.600+0000] {dag.py:3954} INFO - Setting next_dagrun for update_db to 2026-09-25 12:00:00+00:00, run_after=2026-09-26 12:00:00+00:00
[2026-09-25T15:30:51.619+0000] {processor.py:183} INFO - Processing /opt/airflow/dags/main.py took 0.318 seconds
[2026-09-25T15:31:21.932+0000] {processor.py:161} INFO - Started process (PID=599) to work on /opt/airflow/dags/main.py
[2026-09-25T15:31:22.315+0000] {processor.py:830} INFO - Processing file /opt/airflow/dags/main.py for tasks to queue
[2026-09-25T15:31:22.320+0000] {logging_mixin.py:188} INFO - [2026-09-25T15:31:22.320+0000] {dagbag.py:545} INFO - Filling up the DagBag from /opt/airflow/dags/main.py
[2026-09-25T15:31:22.563+0000] {processor.py:840} INFO - DAG(s) 'update_db' retrieved from /opt/airflow/dags/main.py
[2026-09-25T15:31:22.595+0000] {logging_mixin.py:188} INFO - [2026-09-25T15:31:22.594+0000] {dag.py:3096} INFO - Sync 1 DAGs
[2026-09-25T15:31:22.620+0000] {logging_mixin.py:188} INFO - [2026-09-25T15:31:22.620+0000] {dag.py:3954} INFO - Setting next_dagrun for update_db to 2026-09-25 12:00:00+00:00, run_after=2026-09-26 12:00:00+00:00
[2026-09-25T15:31:22.641+0000] {processor.py:183} INFO - Processing /opt/airflow/dags/main.py took 0.714 seconds
[2026-09-25T15:31:52.860+0000] {processor.py:161} INFO - Started process (PID=606) to work on /opt/airflow/dags/main.py
[2026-09-25T15:31:52.863+0000] {processor.py:830} INFO - Processing file /opt/airflow/dags/main.py for tasks to queue
[2026-09-25T15:31:52.866+0000] {logging_mixin.py:188} INFO - [2026-09-25T15:31:52.866+0000] {dagbag.py:545} INFO - Filling up the DagBag from /opt/airflow/dags/main.py
[2026-09-25T15:31:53.079+0000] {processor.py:840} INFO - DAG(s) 'update_db' retrieved from /opt/airflow/dags/main.py
[2026-09-25T15:31:53.102+0000] {logging_mixin.py:188} INFO - [2026-09-25T15:31:53.102+0000] {dag.py:3096} INFO - Sync 1 DAGs
[2026-09-25T15:31:53.120+0000] {logging_mixin.py:188} INFO - [2026-09-25T15:31:53.120+0000] {dag.py:3954} INFO - Setting next_dagrun for update_db to 2026-09-25 12:00:00+00:00, run_after=2026-09-26 12:00:00+00:00
[2026-09-25T15:31:53.142+0000] {processor.py:183} INFO - Processing /opt/airflow/dags/main.py took 0.287 seconds
[2026-09-25T15:32:23.286+0000] {processor.py:161} INFO - Started process (PID=614) to work on /opt/airflow/dags/main.py
[2026-09-25T15:32:23.289+0000] {processor.py:830} INFO - Processing file /opt/airflow/dags/main.py for tasks to queue
[2026-09-25T15:32:23.292+0000] {logging_mixin.py:188} INFO - [2026-09-25T15:32:23.292+0000] {dagbag.py:545} INFO - Filling up the DagBag from /opt/airflow/dags/main.py
[2026-09-25T15:32:23.559+0000] {processor.py:840} INFO - DAG(s) 'update_db' retrieved from /opt/airflow/dags/main.py
[2026-09-25T15:32:23.581+0000] {logging_mixin.py:188} INFO - [2026-09-25T15:32:23.581+0000] {dag.py:3096} INFO - Sync 1 DAGs
[2026-09-25T15:32:23.598+0000] {logging_mixin.py:188} INFO - [2026-09-25T15:32:23.598+0000] {dag.py:3954} INFO - Setting next_dagrun for update_db to 2026-09-25 12:00:00+00:00, run_after=2026-09-26 12:00:00+00:00
[2026-09-25T15:32:23.617+0000] {processor.py:183} INFO - Processing /opt/airflow/dags/main.py took 0.337 seconds
[2026-09-25T15:32:53.776+0000] {processor.py:161} INFO - Started process (PID=621) to work on /opt/airflow/dags/main.py
[2026-09-25T15:32:53.779+0000] {processor.py:830} INFO - Processing file /opt/airflow/dags/main.py for tasks to queue
[2026-09-25T15:32:53.783+0000] {logging_mixin.py:188} INFO - [2026-09-25T15:32:53.783+0000] {dagbag.py:545} INFO - Filling up the DagBag from /opt/airflow/dags/main.py
[2026-09-25T15:32:54.067+0000] {processor.py:840} INFO - DAG(s) 'update_db' retrieved from /opt/airflow/dags/main.py
[2026-09-25T15:32:54.090+0000] {logging_mixin.py:188} INFO - [2026-09-25T15:32:54.090+0000] {dag.py:3096} INFO - Sync 1 DAGs
[2026-09-25T15:32:54.108+0000] {logging_mixin.py:188} INFO - [2026-09-25T15:32:54.108+0000] {dag.py:3954} INFO - Setting next_dagrun for update_db to 2026-09-25 12:00:00+00:00, run_after=2026-09-26 12:00:00+00:00
[2026-09-25T15:32:54.129+0000] {processor.py:183} INFO - Processing /opt/airflow/dags/main.py took 0.361 seconds
[2026-09-25T15:33:24.766+0000] {processor.py:161} INFO - Started process (PID=628) to work on /opt/airflow/dags/main.py
[2026-09-25T15:33:24.768+0000] {processor.py:830} INFO - Processing file /opt/airflow/dags/main.py for tasks to queue
[2026-09-25T15:33:24.773+0000] {logging_mixin.py:188} INFO - [2026-09-25T15:33:24.772+0000] {dagbag.py:545} INFO - Filling up the DagBag from /opt/airflow/dags/main.py
[2026-09-25T15:33:25.030+0000] {processor.py:840} INFO - DAG(s) 'update_db' retrieved from /opt/airflow/dags/main.py
[2026-09-25T15:33:25.068+0000] {logging_mixin.py:188} INFO - [2026-09-25T15:33:25.068+0000] {dag.py:3096} INFO - Sync 1 DAGs
[2026-09-25T15:33:25.096+0000] {logging_mixin.py:188} INFO - [2026-09-25T15:33:25.096+0000] {dag.py:3954} INFO - Setting next_dagrun for update_db to 2026-09-25 12:00:00+00:00, run_after=2026-09-26 12:00:00+00:00
[2026-09-25T15:33:25.126+0000] {processor.py:183} INFO - Processing /opt/airflow/dags/main.py took 0.370 seconds
[2026-09-25T15:33:55.472+0000] {processor.py:161} INFO - Started process (PID=635) to work on /opt/airflow/dags/main.py
[2026-09-25T15:33:55.475+0000] {processor.py:830} INFO - Processing file /opt/airflow/dags/main.py for tasks to queue
[2026-09-25T15:33:55.478+0000] {logging_mixin.py:188} INFO - [2026-09-25T15:33:55.478+0000] {dagbag.py:545} INFO - Filling up the DagBag from /opt/airflow/dags/main.py
[2026-09-25T15:33:55.763+0000] {processor.py:840} INFO - DAG(s) 'update_db' retrieved from /opt/airflow/dags/main.py
[2026-09-25T15:33:55.787+0000] {logging_mixin.py:188} INFO - [2026-09-25T15:33:55.787+0000] {dag.py:3096} INFO - Sync 1 DAGs
[2026-09-25T15:33:55.809+0000] {logging_mixin.py:188} INFO - [2026-09-25T15:33:55.808+0000] {dag.py:3954} INFO - Setting next_dagrun for update_db to 2026-09-25 12:00:00+00:00, run_after=2026-09-26 12:00:00+00:00
[2026-09-25T15:33:55.829+0000] {processor.py:183} INFO - Processing /opt/airflow/dags/main.py took 0.363 seconds
[2026-09-25T15:34:26.144+0000] {processor.py:161} INFO - Started process (PID=642) to work on /opt/airflow/dags/main.py
[2026-09-25T15:34:26.146+0000] {processor.py:830} INFO - Processing file /opt/airflow/dags/main.py for tasks to queue
[2026-09-25T15:34:26.149+0000] {logging_mixin.py:188} INFO - [2026-09-25T15:34:26.149+0000] {dagbag.py:545} INFO - Filling up the DagBag from /opt/airflow/dags/main.py
[2026-09-25T15:34:26.410+0000] {processor.py:840} INFO - DAG(s) 'update_db' retrieved from /opt/airflow/dags/main.py
[2026-09-25T15:34:26.436+0000] {logging_mixin.py:188} INFO - [2026-09-25T15:34:26.436+0000] {dag.py:3096} INFO - Sync 1 DAGs
[2026-09-25T15:34:26.454+0000] {logging_mixin.py:188} INFO - [2026-09-25T15:34:26.454+0000] {dag.py:3954} INFO - Setting next_dagrun for update_db to 2026-09-25 12:00:00+00:00, run_after=2026-09-26 12:00:00+00:00
[2026-09-25T15:34:26.474+0000] {processor.py:183} INFO - Processing /opt/airflow/dags/main.py took 0.335 seconds
[2026-09-25T15:34:56.835+0000] {processor.py:161} INFO - Started process (PID=649) to work on /opt/airflow/dags/main.py
[2026-09-25T15:34:56.838+0000] {processor.py:830} INFO - Processing file /opt/airflow/dags/main.py for tasks to queue
[2026-09-25T15:34:56.842+0000] {logging_mixin.py:188} INFO - [2026-09-25T15:34:56.841+0000] {dagbag.py:545} INFO - Filling up the DagBag from /opt/airflow/dags/main.py
[2026-09-25T15:34:57.119+0000] {processor.py:840} INFO - DAG(s) 'update_db' retrieved from /opt/airflow/dags/main.py
[2026-09-25T15:34:57.147+0000] {logging_mixin.py:188} INFO - [2026-09-25T15:34:57.147+0000] {dag.py:3096} INFO - Sync 1 DAGs
[2026-09-25T15:34:57.167+0000] {logging_mixin.py:188} INFO - [2026-09-25T15:34:57.167+0000] {dag.py:3954} INFO - Setting next_dagrun for update_db to 2026-09-25 12:00:00+00:00, run_after=2026-09-26 12:00:00+00:00
[2026-09-25T15:34:57.190+0000] {processor.py:183} INFO - Processing /opt/airflow/dags/main.py took 0.360 seconds
[2026-09-25T15:35:27.569+0000] {processor.py:161} INFO - Started process (PID=656) to work on /opt/airflow/dags/main.py
[2026-09-25T15:35:27.573+0000] {processor.py:830} INFO - Processing file /opt/airflow/dags/main.py for tasks to queue
[2026-09-25T15:35:27.577+0000] {logging_mixin.py:188} INFO - [2026-09-25T15:35:27.577+0000] {dagbag.py:545} INFO - Filling up the DagBag from /opt/airflow/dags/main.py
[2026-09-25T15:35:27.869+0000] {processor.py:840} INFO - DAG(s) 'update_db' retrieved from /opt/airflow/dags/main.py
[2026-09-25T15:35:27.898+0000] {logging_mixin.py:188} INFO - [2026-09-25T15:35:27.898+0000] {dag.py:3096} INFO - Sync 1 DAGs
[2026-09-25T15:35:27.921+0000] {logging_mixin.py:188} INFO - [2026-09-25T15:35:27.920+0000] {dag.py:3954} INFO - Setting next_dagrun for update_db to 2026-09-25 12:00:00+00:00, run_after=2026-09-26 12:00:00+00:00
[2026-09-25T15:35:27.944+0000] {processor.py:183} INFO - Processing /opt/airflow/dags/main.py took 0.383 seconds
[2026-09-25T15:35:58.283+0000] {processor.py:161} INFO - Started process (PID=663) to work on /opt/airflow/dags/main.py
[2026-09-25T15:35:58.287+0000] {processor.py:830} INFO - Processing file /opt/airflow/dags/main.py for tasks to queue
[2026-09-25T15:35:58.294+0000] {logging_mixin.py:188} INFO - [2026-09-25T15:35:58.294+0000] {dagbag.py:545} INFO - Filling up the DagBag from /opt/airflow/dags/main.py
[2026-09-25T15:35:58.639+0000] {processor.py:840} INFO - DAG(s) 'update_db' retrieved from /opt/airflow/dags/main.py
[2026-09-25T15:35:58.675+0000] {logging_mixin.py:188} INFO - [2026-09-25T15:35:58.674+0000] {dag.py:3096} INFO - Sync 1 DAGs
[2026-09-25T15:35:58.699+0000] {logging_mixin.py:188} INFO - [2026-09-25T15:35:58.699+0000] {dag.py:3954} INFO - Setting next_dagrun for update_db to 2026-09-25 12:00:00+00:00, run_after=2026-09-26 12:00:00+00:00
[2026-09-25T15:35:58.724+0000] {processor.py:183} INFO - Processing /opt/airflow/dags/main.py took 0.455 seconds
[2026-09-25T15:36:29.059+0000] {processor.py:161} INFO - Started process (PID=670) to work on /opt/airflow/dags/main.py
[2026-09-25T15:36:29.062+0000] {processor.py:830} INFO - Processing file /opt/airflow/dags/main.py for tasks to queue
[2026-09-25T15:36:29.067+0000] {logging_mixin.py:188} INFO - [2026-09-25T15:36:29.067+0000] {dagbag.py:545} INFO - Filling up the DagBag from /opt/airflow/dags/main.py
[2026-09-25T15:36:29.328+0000] {processor.py:840} INFO - DAG(s) 'update_db' retrieved from /opt/airflow/dags/main.py
[2026-09-25T15:36:29.389+0000] {logging_mixin.py:188} INFO - [2026-09-25T15:36:29.389+0000] {dag.py:3096} INFO - Sync 1 DAGs
[2026-09-25T15:36:29.416+0000] {logging_mixin.py:188} INFO - [2026-09-25T15:36:29.415+0000] {dag.py:3954} INFO - Setting next_dagrun for update_db to 2026-09-25 12:00:00+00:00, run_after=2026-09-26 12:00:00+00:00
[2026-09-25T15:36:29.442+0000] {processor.py:183} INFO - Processing /opt/airflow/dags/main.py took 0.391 seconds
[2026-09-25T15:36:59.788+0000] {processor.py:161} INFO - Started process (PID=677) to work on /opt/airflow/dags/main.py
[2026-09-25T15:36:59.792+0000] {processor.py:830} INFO - Processing file /opt/airflow/dags/main.py for tasks to queue
[2026-09-25T15:36:59.796+0000] {logging_mixin.py:188} INFO - [2026-09-25T15:36:59.796+0000] {dagbag.py:545} INFO - Filling up the DagBag from /opt/airflow/dags/main.py
[2026-09-25T15:37:00.062+0000] {processor.py:840} INFO - DAG(s) 'update_db' retrieved from /opt/airflow/dags/main.py
[2026-09-25T15:37:00.097+0000] {logging_mixin.py:188} INFO - [2026-09-25T15:37:00.097+0000] {dag.py:3096} INFO - Sync 1 DAGs
[2026-09-25T15:37:00.119+0000] {logging_mixin.py:188} INFO - [2026-09-25T15:37:00.118+0000] {dag.py:3954} INFO - Setting next_dagrun for update_db to 2026-09-25 12:00:00+00:00, run_after=2026-09-26 12:00:00+00:00
[2026-09-25T15:37:00.141+0000] {processor.py:183} INFO - Processing /opt/airflow/dags/main.py took 0.362 seconds
[2026-09-25T15:37:30.453+0000] {processor.py:161} INFO - Started process (PID=684) to work on /opt/airflow/dags/main.py
[2026-09-25T15:37:30.456+0000] {processor.py:830} INFO - Processing file /opt/airflow/dags/main.py for tasks to queue
[2026-09-25T15:37:30.459+0000] {logging_mixin.py:188} INFO - [2026-09-25T15:37:30.459+0000] {dagbag.py:545} INFO - Filling up the DagBag from /opt/airflow/dags/main.py
[2026-09-25T15:37:30.708+0000] {processor.py:840} INFO - DAG(s) 'update_db' retrieved from /opt/airflow/dags/main.py
[2026-09-25T15:37:30.733+0000] {logging_mixin.py:188} INFO - [2026-09-25T15:37:30.733+0000] {dag.py:3096} INFO - Sync 1 DAGs
[2026-09-25T15:37:30.751+0000] {logging_mixin.py:188} INFO - [2026-09-25T15:37:30.751+0000] {dag.py:3954} INFO - Setting next_dagrun for update_db to 2026-09-25 12:00:00+00:00, run_after=2026-09-26 12:00:00+00:00
[2026-09-25T15:37:30.772+0000] {processor.py:183} INFO - Processing /opt/airflow/dags/main.py took 0.326 seconds
[2026-09-25T15:38:01.528+0000] {processor.py:161} INFO - Started process (PID=690) to work on /opt/airflow/dags/main.py
[2026-09-25T15:38:01.531+0000] {processor.py:830} INFO - Processing file /opt/airflow/dags/main.py for tasks to queue
[2026-09-25T15:38:01.535+0000] {logging_mixin.py:188} INFO - [2026-09-25T15:38:01.534+0000] {dagbag.py:545} INFO - Filling up the DagBag from /opt/airflow/dags/main.py
[2026-09-25T15:38:01.780+0000] {processor.py:840} INFO - DAG(s) 'update_db' retrieved from /opt/airflow/dags/main.py
[2026-09-25T15:38:01.806+0000] {logging_mixin.py:188} INFO - [2026-09-25T15:38:01.806+0000] {dag.py:3096} INFO - Sync 1 DAGs
[2026-09-25T15:38:01.827+0000] {logging_mixin.py:188} INFO - [2026-09-25T15:38:01.827+0000] {dag.py:3954} INFO - Setting next_dagrun for update_db to 2026-09-25 12:00:00+00:00, run_after=2026-09-26 12:00:00+00:00
[2026-09-25T15:38:01.849+0000] {processor.py:183} INFO - Processing /opt/airflow/dags/main.py took 0.328 seconds
[2026-09-25T15:38:31.995+0000] {processor.py:161} INFO - Started process (PID=697) to work on /opt/airflow/dags/main.py
[2026-09-25T15:38:31.997+0000] {processor.py:830} INFO - Processing file /opt/airflow/dags/main.py for tasks to queue
[2026-09-25T15:38:32.000+0000] {logging_mixin.py:188} INFO - [2026-09-25T15:38:32.000+0000] {dagbag.py:545} INFO - Filling up the DagBag from /opt/airflow/dags/main.py
[2026-09-25T15:38:32.237+0000] {processor.py:840} INFO - DAG(s) 'update_db' retrieved from /opt/airflow/dags/main.py
[2026-09-25T15:38:32.260+0000] {logging_mixin.py:188} INFO - [2026-09-25T15:38:32.260+0000] {dag.py:3096} INFO - Sync 1 DAGs
[2026-09-25T15:38:32.281+0000] {logging_mixin.py:188} INFO - [2026-09-25T15:38:32.281+0000] {dag.py:3954} INFO - Setting next_dagrun for update_db to 2026-09-25 12:00:00+00:00, run_after=2026-09-26 12:00:00+00:00
[2026-09-25T15:38:32.303+0000] {processor.py:183} INFO - Processing /opt/airflow/dags/main.py took 0.314 seconds
[2026-09-25T15:39:02.420+0000] {processor.py:161} INFO - Started process (PID=704) to work on /opt/airflow/dags/main.py
[2026-09-25T15:39:02.424+0000] {processor.py:830} INFO - Processing file /opt/airflow/dags/main.py for tasks to queue
[2026-09-25T15:39:02.428+0000] {logging_mixin.py:188} INFO - [2026-09-25T15:39:02.428+0000] {dagbag.py:545} INFO - Filling up the DagBag from /opt/airflow/dags/main.py
[2026-09-25T15:39:02.670+0000] {processor.py:840} INFO - DAG(s) 'update_db' retrieved from /opt/airflow/dags/main.py
[2026-09-25T15:39:02.698+0000] {logging_mixin.py:188} INFO - [2026-09-25T15:39:02.698+0000] {dag.py:3096} INFO - Sync 1 DAGs
[2026-09-25T15:39:02.720+0000] {logging_mixin.py:188} INFO - [2026-09-25T15:39:02.720+0000] {dag.py:3954} INFO - Setting next_dagrun for update_db to 2026-09-25 12:00:00+00:00, run_after=2026-09-26 12:00:00+00:00
[2026-09-25T15:39:02.744+0000] {processor.py:183} INFO - Processing /opt/airflow/dags/main.py took 0.332 seconds
[2026-09-25T15:39:32.899+0000] {processor.py:161} INFO - Started process (PID=711) to work on /opt/airflow/dags/main.py
[2026-09-25T15:39:32.902+0000] {processor.py:830} INFO - Processing file /opt/airflow/dags/main.py for tasks to queue
[2026-09-25T15:39:32.905+0000] {logging_mixin.py:188} INFO - [2026-09-25T15:39:32.905+0000] {dagbag.py:545} INFO - Filling up the DagBag from /opt/airflow/dags/main.py
[2026-09-25T15:39:33.153+0000] {processor.py:840} INFO - DAG(s) 'update_db' retrieved from /opt/airflow/dags/main.py
[2026-09-25T15:39:33.180+0000] {logging_mixin.py:188} INFO - [2026-09-25T15:39:33.180+0000] {dag.py:3096} INFO - Sync 1 DAGs
[2026-09-25T15:39:33.199+0000] {logging_mixin.py:188} INFO - [2026-09-25T15:39:33.199+0000] {dag.py:3954} INFO - Setting next_dagrun for update_db to 2026-09-25 12:00:00+00:00, run_after=2026-09-26 12:00:00+00:00
[2026-09-25T15:39:33.220+0000] {processor.py:183} INFO - Processing /opt/airflow/dags/main.py took 0.327 seconds
[2026-09-25T15:40:03.362+0000] {processor.py:161} INFO - Started process (PID=718) to work on /opt/airflow/dags/main.py
[2026-09-25T15:40:03.364+0000] {processor.py:830} INFO - Processing file /opt/airflow/dags/main.py for tasks to queue
[2026-09-25T15:40:03.368+0000] {logging_mixin.py:188} INFO - [2026-09-25T15:40:03.368+0000] {dagbag.py:545} INFO - Filling up the DagBag from /opt/airflow/dags/main.py
[2026-09-25T15:40:03.630+0000] {processor.py:840} INFO - DAG(s) 'update_db' retrieved from /opt/airflow/dags/main.py
[2026-09-25T15:40:03.652+0000] {logging_mixin.py:188} INFO - [2026-09-25T15:40:03.652+0000] {dag.py:3096} INFO - Sync 1 DAGs
[2026-09-25T15:40:03.669+0000] {logging_mixin.py:188} INFO - [2026-09-25T15:40:03.669+0000] {dag.py:3954} INFO - Setting next_dagrun for update_db to 2026-09-25 12:00:00+00:00, run_after=2026-09-26 12:00:00+00:00
[2026-09-25T15:40:03.689+0000] {processor.py:183} INFO - Processing /opt/airflow/dags/main.py took 0.334 seconds
[2026-09-25T15:40:33.820+0000] {processor.py:161} INFO - Started process (PID=725) to work on /opt/airflow/dags/main.py
[2026-09-25T15:40:33.824+0000] {processor.py:830} INFO - Processing file /opt/airflow/dags/main.py for tasks to queue
[2026-09-25T15:40:33.828+0000] {logging_mixin.py:188} INFO - [2026-09-25T15:40:33.827+0000] {dagbag.py:545} INFO - Filling up the DagBag from /opt/airflow/dags/main.py
[2026-09-25T15:40:34.156+0000] {processor.py:840} INFO - DAG(s) 'update_db' retrieved from /opt/airflow/dags/main.py
[2026-09-25T15:40:34.180+0000] {logging_mixin.py:188} INFO - [2026-09-25T15:40:34.180+0000] {dag.py:3096} INFO - Sync 1 DAGs
[2026-09-25T15:40:34.198+0000] {logging_mixin.py:188} INFO - [2026-09-25T15:40:34.198+0000] {dag.py:3954} INFO - Setting next_dagrun for update_db to 2026-09-25 12:00:00+00:00, run_after=2026-09-26 12:00:00+00:00
[2026-09-25T15:40:34.219+0000] {processor.py:183} INFO - Processing /opt/airflow/dags/main.py took 0.408 seconds
[2026-09-25T15:41:04.386+0000] {processor.py:161} INFO - Started process (PID=732) to work on /opt/airflow/dags/main.py
[2026-09-25T15:41:04.389+0000] {processor.py:830} INFO - Processing file /opt/airflow/dags/main.py for tasks to queue
[2026-09-25T15:41:04.394+0000] {logging_mixin.py:188} INFO - [2026-09-25T15:41:04.393+0000] {dagbag.py:545} INFO - Filling up the DagBag from /opt/airflow/dags/main.py
[2026-09-25T15:41:04.649+0000] {processor.py:840} INFO - DAG(s) 'update_db' retrieved from /opt/airflow/dags/main.py
[2026-09-25T15:41:04.673+0000] {logging_mixin.py:188} INFO - [2026-09-25T15:41:04.673+0000] {dag.py:3096} INFO - Sync 1 DAGs
[2026-09-25T15:41:04.693+0000] {logging_mixin.py:188} INFO - [2026-09-25T15:41:04.693+0000] {dag.py:3954} INFO - Setting next_dagrun for update_db to 2026-09-25 12:00:00+00:00, run_after=2026-09-26 12:00:00+00:00
[2026-09-25T15:41:04.718+0000] {processor.py:183} INFO - Processing /opt/airflow/dags/main.py took 0.338 seconds
[2026-09-25T15:41:34.866+0000] {processor.py:161} INFO - Started process (PID=739) to work on /opt/airflow/dags/main.py
[2026-09-25T15:41:34.869+0000] {processor.py:830} INFO - Processing file /opt/airflow/dags/main.py for tasks to queue
[2026-09-25T15:41:34.872+0000] {logging_mixin.py:188} INFO - [2026-09-25T15:41:34.872+0000] {dagbag.py:545} INFO - Filling up the DagBag from /opt/airflow/dags/main.py
[2026-09-25T15:41:35.138+0000] {processor.py:840} INFO - DAG(s) 'update_db' retrieved from /opt/airflow/dags/main.py
[2026-09-25T15:41:35.195+0000] {logging_mixin.py:188} INFO - [2026-09-25T15:41:35.195+0000] {dag.py:3096} INFO - Sync 1 DAGs
[2026-09-25T15:41:35.227+0000] {logging_mixin.py:188} INFO - [2026-09-25T15:41:35.227+0000] {dag.py:3954} INFO - Setting next_dagrun for update_db to 2026-09-25 12:00:00+00:00, run_after=2026-09-26 12:00:00+00:00
[2026-09-25T15:41:35.247+0000] {processor.py:183} INFO - Processing /opt/airflow/dags/main.py took 0.387 seconds
[2026-09-25T15:42:05.374+0000] {processor.py:161} INFO - Started process (PID=746) to work on /opt/airflow/dags/main.py
[2026-09-25T15:42:05.377+0000] {processor.py:830} INFO - Processing file /opt/airflow/dags/main.py for tasks to queue
[2026-09-25T15:42:05.381+0000] {logging_mixin.py:188} INFO - [2026-09-25T15:42:05.380+0000] {dagbag.py:545} INFO - Filling up the DagBag from /opt/airflow/dags/main.py
[2026-09-25T15:42:05.594+0000] {processor.py:840} INFO - DAG(s) 'update_db' retrieved from /opt/airflow/dags/main.py
[2026-09-25T15:42:05.619+0000] {logging_mixin.py:188} INFO - [2026-09-25T15:42:05.619+0000] {dag.py:3096} INFO - Sync 1 DAGs
[2026-09-25T15:42:05.637+0000] {logging_mixin.py:188} INFO - [2026-09-25T15:42:05.637+0000] {dag.py:3954} INFO - Setting next_dagrun for update_db to 2026-09-25 12:00:00+00:00, run_after=2026-09-26 12:00:00+00:00
[2026-09-25T15:42:05.657+0000] {processor.py:183} INFO - Processing /opt/airflow/dags/main.py took 0.292 seconds
[2026-09-25T15:42:35.955+0000] {processor.py:161} INFO - Started process (PID=753) to work on /opt/airflow/dags/main.py
[2026-09-25T15:42:35.958+0000] {processor.py:830} INFO - Processing file /opt/airflow/dags/main.py for tasks to queue
[2026-09-25T15:42:35.963+0000] {logging_mixin.py:188} INFO - [2026-09-25T15:42:35.962+0000] {dagbag.py:545} INFO - Filling up the DagBag from /opt/airflow/dags/main.py
[2026-09-25T15:42:36.264+0000] {processor.py:840} INFO - DAG(s) 'update_db' retrieved from /opt/airflow/dags/main.py
[2026-09-25T15:42:36.289+0000] {logging_mixin.py:188} INFO - [2026-09-25T15:42:36.288+0000] {dag.py:3096} INFO - Sync 1 DAGs
[2026-09-25T15:42:36.308+0000] {logging_mixin.py:188} INFO - [2026-09-25T15:42:36.308+0000] {dag.py:3954} INFO - Setting next_dagrun for update_db to 2026-09-25 12:00:00+00:00, run_after=2026-09-26 12:00:00+00:00
[2026-09-25T15:42:36.328+0000] {processor.py:183} INFO - Processing /opt/airflow/dags/main.py took 0.379 seconds
[2026-09-25T15:43:06.695+0000] {processor.py:161} INFO - Started process (PID=760) to work on /opt/airflow/dags/main.py
[2026-09-25T15:43:06.698+0000] {processor.py:830} INFO - Processing file /opt/airflow/dags/main.py for tasks to queue
[2026-09-25T15:43:06.701+0000] {logging_mixin.py:188} INFO - [2026-09-25T15:43:06.701+0000] {dagbag.py:545} INFO - Filling up the DagBag from /opt/airflow/dags/main.py
[2026-09-25T15:43:06.964+0000] {processor.py:840} INFO - DAG(s) 'update_db' retrieved from /opt/airflow/dags/main.py
[2026-09-25T15:43:06.995+0000] {logging_mixin.py:188} INFO - [2026-09-25T15:43:06.995+0000] {dag.py:3096} INFO - Sync 1 DAGs
[2026-09-25T15:43:07.011+0000] {logging_mixin.py:188} INFO - [2026-09-25T15:43:07.011+0000] {dag.py:3954} INFO - Setting next_dagrun for update_db to 2026-09-25 12:00:00+00:00, run_after=2026-09-26 12:00:00+00:00
[2026-09-25T15:43:07.031+0000] {processor.py:183} INFO - Processing /opt/airflow/dags/main.py took 0.340 seconds
[2026-09-25T15:43:37.420+0000] {processor.py:161} INFO - Started process (PID=767) to work on /opt/airflow/dags/main.py
[2026-09-25T15:43:37.424+0000] {processor.py:830} INFO - Processing file /opt/airflow/dags/main.py for tasks to queue
[2026-09-25T15:43:37.427+0000] {logging_mixin.py:188} INFO - [2026-09-25T15:43:37.427+0000] {dagbag.py:545} INFO - Filling up the DagBag from /opt/airflow/dags/main.py
[2026-09-25T15:43:37.739+0000] {processor.py:840} INFO - DAG(s) 'update_db' retrieved from /opt/airflow/dags/main.py
[2026-09-25T15:43:37.765+0000] {logging_mixin.py:188} INFO - [2026-09-25T15:43:37.765+0000] {dag.py:3096} INFO - Sync 1 DAGs
[2026-09-25T15:43:37.785+0000] {logging_mixin.py:188} INFO - [2026-09-25T15:43:37.785+0000] {dag.py:3954} INFO - Setting next_dagrun for update_db to 2026-09-25 12:00:00+00:00, run_after=2026-09-26 12:00:00+00:00
[2026-09-25T15:43:37.808+0000] {processor.py:183} INFO - Processing /opt/airflow/dags/main.py took 0.395 seconds
[2026-09-25T15:44:08.189+0000] {processor.py:161} INFO - Started process (PID=774) to work on /opt/airflow/dags/main.py
[2026-09-25T15:44:08.191+0000] {processor.py:830} INFO - Processing file /opt/airflow/dags/main.py for tasks to queue
[2026-09-25T15:44:08.195+0000] {logging_mixin.py:188} INFO - [2026-09-25T15:44:08.195+0000] {dagbag.py:545} INFO - Filling up the DagBag from /opt/airflow/dags/main.py
[2026-09-25T15:44:08.491+0000] {processor.py:840} INFO - DAG(s) 'update_db' retrieved from /opt/airflow/dags/main.py
[2026-09-25T15:44:08.525+0000] {logging_mixin.py:188} INFO - [2026-09-25T15:44:08.524+0000] {dag.py:3096} INFO - Sync 1 DAGs
[2026-09-25T15:44:08.559+0000] {logging_mixin.py:188} INFO - [2026-09-25T15:44:08.559+0000] {dag.py:3954} INFO - Setting next_dagrun for update_db to 2026-09-25 12:00:00+00:00, run_after=2026-09-26 12:00:00+00:00
[2026-09-25T15:44:08.579+0000] {processor.py:183} INFO - Processing /opt/airflow/dags/main.py took 0.396 seconds
[2026-09-25T15:44:38.937+0000] {processor.py:161} INFO - Started process (PID=787) to work on /opt/airflow/dags/main.py
[2026-09-25T15:44:38.940+0000] {processor.py:830} INFO - Processing file /opt/airflow/dags/main.py for tasks to queue
[2026-09-25T15:44:38.944+0000] {logging_mixin.py:188} INFO - [2026-09-25T15:44:38.943+0000] {dagbag.py:545} INFO - Filling up the DagBag from /opt/airflow/dags/main.py
[2026-09-25T15:44:39.239+0000] {processor.py:840} INFO - DAG(s) 'update_db' retrieved from /opt/airflow/dags/main.py
[2026-09-25T15:44:39.264+0000] {logging_mixin.py:188} INFO - [2026-09-25T15:44:39.263+0000] {dag.py:3096} INFO - Sync 1 DAGs
[2026-09-25T15:44:39.286+0000] {logging_mixin.py:188} INFO - [2026-09-25T15:44:39.286+0000] {dag.py:3954} INFO - Setting next_dagrun for update_db to 2026-09-25 12:00:00+00:00, run_after=2026-09-26 12:00:00+00:00
[2026-09-25T15:44:39.308+0000] {processor.py:183} INFO - Processing /opt/airflow/dags/main.py took 0.378 seconds
[2026-09-25T15:45:09.650+0000] {processor.py:161} INFO - Started process (PID=794) to work on /opt/airflow/dags/main.py
[2026-09-25T15:45:09.653+0000] {processor.py:830} INFO - Processing file /opt/airflow/dags/main.py for tasks to queue
[2026-09-25T15:45:09.656+0000] {logging_mixin.py:188} INFO - [2026-09-25T15:45:09.656+0000] {dagbag.py:545} INFO - Filling up the DagBag from /opt/airflow/dags/main.py
[2026-09-25T15:45:10.014+0000] {processor.py:840} INFO - DAG(s) 'update_db' retrieved from /opt/airflow/dags/main.py
[2026-09-25T15:45:10.039+0000] {logging_mixin.py:188} INFO - [2026-09-25T15:45:10.039+0000] {dag.py:3096} INFO - Sync 1 DAGs
[2026-09-25T15:45:10.056+0000] {logging_mixin.py:188} INFO - [2026-09-25T15:45:10.056+0000] {dag.py:3954} INFO - Setting next_dagrun for update_db to 2026-09-25 12:00:00+00:00, run_after=2026-09-26 12:00:00+00:00
[2026-09-25T15:45:10.077+0000] {processor.py:183} INFO - Processing /opt/airflow/dags/main.py took 0.433 seconds
[2026-09-25T15:45:40.427+0000] {processor.py:161} INFO - Started process (PID=801) to work on /opt/airflow/dags/main.py
[2026-09-25T15:45:40.430+0000] {processor.py:830} INFO - Processing file /opt/airflow/dags/main.py for tasks to queue
[2026-09-25T15:45:40.433+0000] {logging_mixin.py:188} INFO - [2026-09-25T15:45:40.433+0000] {dagbag.py:545} INFO - Filling up the DagBag from /opt/airflow/dags/main.py
[2026-09-25T15:45:40.719+0000] {processor.py:840} INFO - DAG(s) 'update_db' retrieved from /opt/airflow/dags/main.py
[2026-09-25T15:45:40.744+0000] {logging_mixin.py:188} INFO - [2026-09-25T15:45:40.744+0000] {dag.py:3096} INFO - Sync 1 DAGs
[2026-09-25T15:45:40.761+0000] {logging_mixin.py:188} INFO - [2026-09-25T15:45:40.761+0000] {dag.py:3954} INFO - Setting next_dagrun for update_db to 2026-09-25 12:00:00+00:00, run_after=2026-09-26 12:00:00+00:00
[2026-09-25T15:45:40.782+0000] {processor.py:183} INFO - Processing /opt/airflow/dags/main.py took 0.363 seconds
[2026-09-25T15:46:11.161+0000] {processor.py:161} INFO - Started process (PID=808) to work on /opt/airflow/dags/main.py
[2026-09-25T15:46:11.163+0000] {processor.py:830} INFO - Processing file /opt/airflow/dags/main.py for tasks to queue
[2026-09-25T15:46:11.166+0000] {logging_mixin.py:188} INFO - [2026-09-25T15:46:11.166+0000] {dagbag.py:545} INFO - Filling up the DagBag from /opt/airflow/dags/main.py
[2026-09-25T15:46:11.393+0000] {processor.py:840} INFO - DAG(s) 'update_db' retrieved from /opt/airflow/dags/main.py
[2026-09-25T15:46:11.431+0000] {logging_mixin.py:188} INFO - [2026-09-25T15:46:11.431+0000] {dag.py:3096} INFO - Sync 1 DAGs
[2026-09-25T15:46:11.456+0000] {logging_mixin.py:188} INFO - [2026-09-25T15:46:11.456+0000] {dag.py:3954} INFO - Setting next_dagrun for update_db to 2026-09-25 12:00:00+00:00, run_after=2026-09-26 12:00:00+00:00
[2026-09-25T15:46:11.480+0000] {processor.py:183} INFO - Processing /opt/airflow/dags/main.py took 0.326 seconds
[2026-09-25T15:46:41.841+0000] {processor.py:161} INFO - Started process (PID=815) to work on /opt/airflow/dags/main.py
[2026-09-25T15:46:41.845+0000] {processor.py:830} INFO - Processing file /opt/airflow/dags/main.py for tasks to queue
[2026-09-25T15:46:41.848+0000] {logging_mixin.py:188} INFO - [2026-09-25T15:46:41.848+0000] {dagbag.py:545} INFO - Filling up the DagBag from /opt/airflow/dags/main.py
[2026-09-25T15:46:42.080+0000] {processor.py:840} INFO - DAG(s) 'update_db' retrieved from /opt/airflow/dags/main.py
[2026-09-25T15:46:42.112+0000] {logging_mixin.py:188} INFO - [2026-09-25T15:46:42.112+0000] {dag.py:3096} INFO - Sync 1 DAGs
[2026-09-25T15:46:42.137+0000] {logging_mixin.py:188} INFO - [2026-09-25T15:46:42.137+0000] {dag.py:3954} INFO - Setting next_dagrun for update_db to 2026-09-25 12:00:00+00:00, run_after=2026-09-26 12:00:00+00:00
[2026-09-25T15:46:42.157+0000] {processor.py:183} INFO - Processing /opt/airflow/dags/main.py took 0.321 seconds
[2026-09-25T15:47:12.568+0000] {processor.py:161} INFO - Started process (PID=822) to work on /opt/airflow/dags/main.py
[2026-09-25T15:47:12.571+0000] {processor.py:830} INFO - Processing file /opt/airflow/dags/main.py for tasks to queue
[2026-09-25T15:47:12.574+0000] {logging_mixin.py:188} INFO - [2026-09-25T15:47:12.573+0000] {dagbag.py:545} INFO - Filling up the DagBag from /opt/airflow/dags/main.py
[2026-09-25T15:47:12.859+0000] {processor.py:840} INFO - DAG(s) 'update_db' retrieved from /opt/airflow/dags/main.py
[2026-09-25T15:47:12.882+0000] {logging_mixin.py:188} INFO - [2026-09-25T15:47:12.882+0000] {dag.py:3096} INFO - Sync 1 DAGs
[2026-09-25T15:47:12.900+0000] {logging_mixin.py:188} INFO - [2026-09-25T15:47:12.900+0000] {dag.py:3954} INFO - Setting next_dagrun for update_db to 2026-09-25 12:00:00+00:00, run_after=2026-09-26 12:00:00+00:00
[2026-09-25T15:47:12.919+0000] {processor.py:183} INFO - Processing /opt/airflow/dags/main.py took 0.357 seconds
[2026-09-25T15:47:43.340+0000] {processor.py:161} INFO - Started process (PID=829) to work on /opt/airflow/dags/main.py
[2026-09-25T15:47:43.343+0000] {processor.py:830} INFO - Processing file /opt/airflow/dags/main.py for tasks to queue
[2026-09-25T15:47:43.347+0000] {logging_mixin.py:188} INFO - [2026-09-25T15:47:43.346+0000] {dagbag.py:545} INFO - Filling up the DagBag from /opt/airflow/dags/main.py
[2026-09-25T15:47:43.602+0000] {processor.py:840} INFO - DAG(s) 'update_db' retrieved from /opt/airflow/dags/main.py
[2026-09-25T15:47:43.625+0000] {logging_mixin.py:188} INFO - [2026-09-25T15:47:43.625+0000] {dag.py:3096} INFO - Sync 1 DAGs
[2026-09-25T15:47:43.643+0000] {logging_mixin.py:188} INFO - [2026-09-25T15:47:43.642+0000] {dag.py:3954} INFO - Setting next_dagrun for update_db to 2026-09-25 12:00:00+00:00, run_after=2026-09-26 12:00:00+00:00
[2026-09-25T15:47:43.663+0000] {processor.py:183} INFO - Processing /opt/airflow/dags/main.py took 0.330 seconds
[2026-09-25T15:48:14.088+0000] {processor.py:161} INFO - Started process (PID=836) to work on /opt/airflow/dags/main.py
[2026-09-25T15:48:14.091+0000] {processor.py:830} INFO - Processing file /opt/airflow/dags/main.py for tasks to queue
[2026-09-25T15:48:14.094+0000] {logging_mixin.py:188} INFO - [2026-09-25T15:48:14.093+0000] {dagbag.py:545} INFO - Filling up the DagBag from /opt/airflow/dags/main.py
[2026-09-25T15:48:14.363+0000] {processor.py:840} INFO - DAG(s) 'update_db' retrieved from /opt/airflow/dags/main.py
[2026-09-25T15:48:14.385+0000] {logging_mixin.py:188} INFO - [2026-09-25T15:48:14.385+0000] {dag.py:3096} INFO - Sync 1 DAGs
[2026-09-25T15:48:14.401+0000] {logging_mixin.py:188} INFO - [2026-09-25T15:48:14.401+0000] {dag.py:3954} INFO - Setting next_dagrun for update_db to 2026-09-25 12:00:00+00:00, run_after=2026-09-26 12:00:00+00:00
[2026-09-25T15:48:14.420+0000] {processor.py:183} INFO - Processing /opt/airflow/dags/main.py took 0.336 seconds
[2026-09-25T15:48:44.737+0000] {processor.py:161} INFO - Started process (PID=843) to work on /opt/airflow/dags/main.py
[2026-09-25T15:48:44.739+0000] {processor.py:830} INFO - Processing file /opt/airflow/dags/main.py for tasks to queue
[2026-09-25T15:48:44.743+0000] {logging_mixin.py:188} INFO - [2026-09-25T15:48:44.742+0000] {dagbag.py:545} INFO - Filling up the DagBag from /opt/airflow/dags/main.py
[2026-09-25T15:48:45.031+0000] {processor.py:840} INFO - DAG(s) 'update_db' retrieved from /opt/airflow/dags/main.py
[2026-09-25T15:48:45.055+0000] {logging_mixin.py:188} INFO - [2026-09-25T15:48:45.055+0000] {dag.py:3096} INFO - Sync 1 DAGs
[2026-09-25T15:48:45.075+0000] {logging_mixin.py:188} INFO - [2026-09-25T15:48:45.074+0000] {dag.py:3954} INFO - Setting next_dagrun for update_db to 2026-09-25 12:00:00+00:00, run_after=2026-09-26 12:00:00+00:00
[2026-09-25T15:48:45.095+0000] {processor.py:183} INFO - Processing /opt/airflow/dags/main.py took 0.364 seconds
[2026-09-25T15:49:15.480+0000] {processor.py:161} INFO - Started process (PID=850) to work on /opt/airflow/dags/main.py
[2026-09-25T15:49:15.482+0000] {processor.py:830} INFO - Processing file /opt/airflow/dags/main.py for tasks to queue
[2026-09-25T15:49:15.487+0000] {logging_mixin.py:188} INFO - [2026-09-25T15:49:15.486+0000] {dagbag.py:545} INFO - Filling up the DagBag from /opt/airflow/dags/main.py
[2026-09-25T15:49:15.700+0000] {processor.py:840} INFO - DAG(s) 'update_db' retrieved from /opt/airflow/dags/main.py
[2026-09-25T15:49:15.732+0000] {logging_mixin.py:188} INFO - [2026-09-25T15:49:15.732+0000] {dag.py:3096} INFO - Sync 1 DAGs
[2026-09-25T15:49:15.756+0000] {logging_mixin.py:188} INFO - [2026-09-25T15:49:15.756+0000] {dag.py:3954} INFO - Setting next_dagrun for update_db to 2026-09-25 12:00:00+00:00, run_after=2026-09-26 12:00:00+00:00
[2026-09-25T15:49:15.786+0000] {processor.py:183} INFO - Processing /opt/airflow/dags/main.py took 0.315 seconds
[2026-09-25T15:49:46.123+0000] {processor.py:161} INFO - Started process (PID=857) to work on /opt/airflow/dags/main.py
[2026-09-25T15:49:46.127+0000] {processor.py:830} INFO - Processing file /opt/airflow/dags/main.py for tasks to queue
[2026-09-25T15:49:46.130+0000] {logging_mixin.py:188} INFO - [2026-09-25T15:49:46.130+0000] {dagbag.py:545} INFO - Filling up the DagBag from /opt/airflow/dags/main.py
[2026-09-25T15:49:46.403+0000] {processor.py:840} INFO - DAG(s) 'update_db' retrieved from /opt/airflow/dags/main.py
[2026-09-25T15:49:46.430+0000] {logging_mixin.py:188} INFO - [2026-09-25T15:49:46.430+0000] {dag.py:3096} INFO - Sync 1 DAGs
[2026-09-25T15:49:46.449+0000] {logging_mixin.py:188} INFO - [2026-09-25T15:49:46.449+0000] {dag.py:3954} INFO - Setting next_dagrun for update_db to 2026-09-25 12:00:00+00:00, run_after=2026-09-26 12:00:00+00:00
[2026-09-25T15:49:46.472+0000] {processor.py:183} INFO - Processing /opt/airflow/dags/main.py took 0.356 seconds
[2026-09-25T15:50:16.840+0000] {processor.py:161} INFO - Started process (PID=864) to work on /opt/airflow/dags/main.py
[2026-09-25T15:50:16.842+0000] {processor.py:830} INFO - Processing file /opt/airflow/dags/main.py for tasks to queue
[2026-09-25T15:50:16.845+0000] {logging_mixin.py:188} INFO - [2026-09-25T15:50:16.845+0000] {dagbag.py:545} INFO - Filling up the DagBag from /opt/airflow/dags/main.py
[2026-09-25T15:50:17.109+0000] {processor.py:840} INFO - DAG(s) 'update_db' retrieved from /opt/airflow/dags/main.py
[2026-09-25T15:50:17.131+0000] {logging_mixin.py:188} INFO - [2026-09-25T15:50:17.131+0000] {dag.py:3096} INFO - Sync 1 DAGs
[2026-09-25T15:50:17.149+0000] {logging_mixin.py:188} INFO - [2026-09-25T15:50:17.149+0000] {dag.py:3954} INFO - Setting next_dagrun for update_db to 2026-09-25 12:00:00+00:00, run_after=2026-09-26 12:00:00+00:00
[2026-09-25T15:50:17.168+0000] {processor.py:183} INFO - Processing /opt/airflow/dags/main.py took 0.334 seconds
[2026-09-25T15:50:47.558+0000] {processor.py:161} INFO - Started process (PID=871) to work on /opt/airflow/dags/main.py
[2026-09-25T15:50:47.561+0000] {processor.py:830} INFO - Processing file /opt/airflow/dags/main.py for tasks to queue
[2026-09-25T15:50:47.565+0000] {logging_mixin.py:188} INFO - [2026-09-25T15:50:47.565+0000] {dagbag.py:545} INFO - Filling up the DagBag from /opt/airflow/dags/main.py
[2026-09-25T15:50:47.878+0000] {processor.py:840} INFO - DAG(s) 'update_db' retrieved from /opt/airflow/dags/main.py
[2026-09-25T15:50:47.905+0000] {logging_mixin.py:188} INFO - [2026-09-25T15:50:47.905+0000] {dag.py:3096} INFO - Sync 1 DAGs
[2026-09-25T15:50:47.925+0000] {logging_mixin.py:188} INFO - [2026-09-25T15:50:47.925+0000] {dag.py:3954} INFO - Setting next_dagrun for update_db to 2026-09-25 12:00:00+00:00, run_after=2026-09-26 12:00:00+00:00
[2026-09-25T15:50:47.946+0000] {processor.py:183} INFO - Processing /opt/airflow/dags/main.py took 0.396 seconds
[2026-09-25T15:51:18.270+0000] {processor.py:161} INFO - Started process (PID=878) to work on /opt/airflow/dags/main.py
[2026-09-25T15:51:18.273+0000] {processor.py:830} INFO - Processing file /opt/airflow/dags/main.py for tasks to queue
[2026-09-25T15:51:18.276+0000] {logging_mixin.py:188} INFO - [2026-09-25T15:51:18.276+0000] {dagbag.py:545} INFO - Filling up the DagBag from /opt/airflow/dags/main.py
[2026-09-25T15:51:18.534+0000] {processor.py:840} INFO - DAG(s) 'update_db' retrieved from /opt/airflow/dags/main.py
[2026-09-25T15:51:18.567+0000] {logging_mixin.py:188} INFO - [2026-09-25T15:51:18.566+0000] {dag.py:3096} INFO - Sync 1 DAGs
[2026-09-25T15:51:18.585+0000] {logging_mixin.py:188} INFO - [2026-09-25T15:51:18.585+0000] {dag.py:3954} INFO - Setting next_dagrun for update_db to 2026-09-25 12:00:00+00:00, run_after=2026-09-26 12:00:00+00:00
[2026-09-25T15:51:18.606+0000] {processor.py:183} INFO - Processing /opt/airflow/dags/main.py took 0.341 seconds
[2026-09-25T15:51:48.933+0000] {processor.py:161} INFO - Started process (PID=885) to work on /opt/airflow/dags/main.py
[2026-09-25T15:51:48.935+0000] {processor.py:830} INFO - Processing file /opt/airflow/dags/main.py for tasks to queue
[2026-09-25T15:51:48.938+0000] {logging_mixin.py:188} INFO - [2026-09-25T15:51:48.938+0000] {dagbag.py:545} INFO - Filling up the DagBag from /opt/airflow/dags/main.py
[2026-09-25T15:51:49.215+0000] {processor.py:840} INFO - DAG(s) 'update_db' retrieved from /opt/airflow/dags/main.py
[2026-09-25T15:51:49.241+0000] {logging_mixin.py:188} INFO - [2026-09-25T15:51:49.241+0000] {dag.py:3096} INFO - Sync 1 DAGs
[2026-09-25T15:51:49.261+0000] {logging_mixin.py:188} INFO - [2026-09-25T15:51:49.261+0000] {dag.py:3954} INFO - Setting next_dagrun for update_db to 2026-09-25 12:00:00+00:00, run_after=2026-09-26 12:00:00+00:00
[2026-09-25T15:51:49.287+0000] {processor.py:183} INFO - Processing /opt/airflow/dags/main.py took 0.360 seconds
[2026-09-25T15:52:19.705+0000] {processor.py:161} INFO - Started process (PID=892) to work on /opt/airflow/dags/main.py
[2026-09-25T15:52:19.709+0000] {processor.py:830} INFO - Processing file /opt/airflow/dags/main.py for tasks to queue
[2026-09-25T15:52:19.712+0000] {logging_mixin.py:188} INFO - [2026-09-25T15:52:19.712+0000] {dagbag.py:545} INFO - Filling up the DagBag from /opt/airflow/dags/main.py
[2026-09-25T15:52:19.980+0000] {processor.py:840} INFO - DAG(s) 'update_db' retrieved from /opt/airflow/dags/main.py
[2026-09-25T15:52:20.016+0000] {logging_mixin.py:188} INFO - [2026-09-25T15:52:20.015+0000] {dag.py:3096} INFO - Sync 1 DAGs
[2026-09-25T15:52:20.039+0000] {logging_mixin.py:188} INFO - [2026-09-25T15:52:20.039+0000] {dag.py:3954} INFO - Setting next_dagrun for update_db to 2026-09-25 12:00:00+00:00, run_after=2026-09-26 12:00:00+00:00
[2026-09-25T15:52:20.062+0000] {processor.py:183} INFO - Processing /opt/airflow/dags/main.py took 0.363 seconds
[2026-09-25T15:52:50.461+0000] {processor.py:161} INFO - Started process (PID=899) to work on /opt/airflow/dags/main.py
[2026-09-25T15:52:50.464+0000] {processor.py:830} INFO - Processing file /opt/airflow/dags/main.py for tasks to queue
[2026-09-25T15:52:50.468+0000] {logging_mixin.py:188} INFO - [2026-09-25T15:52:50.467+0000] {dagbag.py:545} INFO - Filling up the DagBag from /opt/airflow/dags/main.py
[2026-09-25T15:52:50.733+0000] {processor.py:840} INFO - DAG(s) 'update_db' retrieved from /opt/airflow/dags/main.py
[2026-09-25T15:52:50.757+0000] {logging_mixin.py:188} INFO - [2026-09-25T15:52:50.757+0000] {dag.py:3096} INFO - Sync 1 DAGs
[2026-09-25T15:52:50.777+0000] {logging_mixin.py:188} INFO - [2026-09-25T15:52:50.776+0000] {dag.py:3954} INFO - Setting next_dagrun for update_db to 2026-09-25 12:00:00+00:00, run_after=2026-09-26 12:00:00+00:00
[2026-09-25T15:52:50.798+0000] {processor.py:183} INFO - Processing /opt/airflow/dags/main.py took 0.343 seconds
[2026-09-25T15:53:21.246+0000] {processor.py:161} INFO - Started process (PID=906) to work on /opt/airflow/dags/main.py
[2026-09-25T15:53:21.249+0000] {processor.py:830} INFO - Processing file /opt/airflow/dags/main.py for tasks to queue
[2026-09-25T15:53:21.254+0000] {logging_mixin.py:188} INFO - [2026-09-25T15:53:21.253+0000] {dagbag.py:545} INFO - Filling up the DagBag from /opt/airflow/dags/main.py
[2026-09-25T15:53:21.553+0000] {processor.py:840} INFO - DAG(s) 'update_db' retrieved from /opt/airflow/dags/main.py
[2026-09-25T15:53:21.578+0000] {logging_mixin.py:188} INFO - [2026-09-25T15:53:21.578+0000] {dag.py:3096} INFO - Sync 1 DAGs
[2026-09-25T15:53:21.598+0000] {logging_mixin.py:188} INFO - [2026-09-25T15:53:21.598+0000] {dag.py:3954} INFO - Setting next_dagrun for update_db to 2026-09-25 12:00:00+00:00, run_after=2026-09-26 12:00:00+00:00
[2026-09-25T15:53:21.620+0000] {processor.py:183} INFO - Processing /opt/airflow/dags/main.py took 0.380 seconds
[2026-09-25T15:53:51.987+0000] {processor.py:161} INFO - Started process (PID=914) to work on /opt/airflow/dags/main.py
[2026-09-25T15:53:51.990+0000] {processor.py:830} INFO - Processing file /opt/airflow/dags/main.py for tasks to queue
[2026-09-25T15:53:51.993+0000] {logging_mixin.py:188} INFO - [2026-09-25T15:53:51.993+0000] {dagbag.py:545} INFO - Filling up the DagBag from /opt/airflow/dags/main.py
[2026-09-25T15:53:52.282+0000] {processor.py:840} INFO - DAG(s) 'update_db' retrieved from /opt/airflow/dags/main.py
[2026-09-25T15:53:52.307+0000] {logging_mixin.py:188} INFO - [2026-09-25T15:53:52.307+0000] {dag.py:3096} INFO - Sync 1 DAGs
[2026-09-25T15:53:52.325+0000] {logging_mixin.py:188} INFO - [2026-09-25T15:53:52.325+0000] {dag.py:3954} INFO - Setting next_dagrun for update_db to 2026-09-25 12:00:00+00:00, run_after=2026-09-26 12:00:00+00:00
[2026-09-25T15:53:52.346+0000] {processor.py:183} INFO - Processing /opt/airflow/dags/main.py took 0.367 seconds
[2026-09-25T15:54:22.729+0000] {processor.py:161} INFO - Started process (PID=921) to work on /opt/airflow/dags/main.py
[2026-09-25T15:54:22.731+0000] {processor.py:830} INFO - Processing file /opt/airflow/dags/main.py for tasks to queue
[2026-09-25T15:54:22.734+0000] {logging_mixin.py:188} INFO - [2026-09-25T15:54:22.734+0000] {dagbag.py:545} INFO - Filling up the DagBag from /opt/airflow/dags/main.py
[2026-09-25T15:54:23.017+0000] {processor.py:840} INFO - DAG(s) 'update_db' retrieved from /opt/airflow/dags/main.py
[2026-09-25T15:54:23.040+0000] {logging_mixin.py:188} INFO - [2026-09-25T15:54:23.040+0000] {dag.py:3096} INFO - Sync 1 DAGs
[2026-09-25T15:54:23.057+0000] {logging_mixin.py:188} INFO - [2026-09-25T15:54:23.057+0000] {dag.py:3954} INFO - Setting next_dagrun for update_db to 2026-09-25 12:00:00+00:00, run_after=2026-09-26 12:00:00+00:00
[2026-09-25T15:54:23.076+0000] {processor.py:183} INFO - Processing /opt/airflow/dags/main.py took 0.354 seconds
[2026-09-25T15:54:53.424+0000] {processor.py:161} INFO - Started process (PID=928) to work on /opt/airflow/dags/main.py
[2026-09-25T15:54:53.427+0000] {processor.py:830} INFO - Processing file /opt/airflow/dags/main.py for tasks to queue
[2026-09-25T15:54:53.430+0000] {logging_mixin.py:188} INFO - [2026-09-25T15:54:53.430+0000] {dagbag.py:545} INFO - Filling up the DagBag from /opt/airflow/dags/main.py
[2026-09-25T15:54:53.700+0000] {processor.py:840} INFO - DAG(s) 'update_db' retrieved from /opt/airflow/dags/main.py
[2026-09-25T15:54:53.725+0000] {logging_mixin.py:188} INFO - [2026-09-25T15:54:53.725+0000] {dag.py:3096} INFO - Sync 1 DAGs
[2026-09-25T15:54:53.744+0000] {logging_mixin.py:188} INFO - [2026-09-25T15:54:53.744+0000] {dag.py:3954} INFO - Setting next_dagrun for update_db to 2026-09-25 12:00:00+00:00, run_after=2026-09-26 12:00:00+00:00
[2026-09-25T15:54:53.767+0000] {processor.py:183} INFO - Processing /opt/airflow/dags/main.py took 0.350 seconds
[2026-09-25T15:55:24.121+0000] {processor.py:161} INFO - Started process (PID=935) to work on /opt/airflow/dags/main.py
[2026-09-25T15:55:24.124+0000] {processor.py:830} INFO - Processing file /opt/airflow/dags/main.py for tasks to queue
[2026-09-25T15:55:24.127+0000] {logging_mixin.py:188} INFO - [2026-09-25T15:55:24.127+0000] {dagbag.py:545} INFO - Filling up the DagBag from /opt/airflow/dags/main.py
[2026-09-25T15:55:24.433+0000] {processor.py:840} INFO - DAG(s) 'update_db' retrieved from /opt/airflow/dags/main.py
[2026-09-25T15:55:24.454+0000] {logging_mixin.py:188} INFO - [2026-09-25T15:55:24.454+0000] {dag.py:3096} INFO - Sync 1 DAGs
[2026-09-25T15:55:24.473+0000] {logging_mixin.py:188} INFO - [2026-09-25T15:55:24.473+0000] {dag.py:3954} INFO - Setting next_dagrun for update_db to 2026-09-25 12:00:00+00:00, run_after=2026-09-26 12:00:00+00:00
[2026-09-25T15:55:24.493+0000] {processor.py:183} INFO - Processing /opt/airflow/dags/main.py took 0.377 seconds
[2026-09-25T15:55:54.875+0000] {processor.py:161} INFO - Started process (PID=942) to work on /opt/airflow/dags/main.py
[2026-09-25T15:55:54.878+0000] {processor.py:830} INFO - Processing file /opt/airflow/dags/main.py for tasks to queue
[2026-09-25T15:55:54.882+0000] {logging_mixin.py:188} INFO - [2026-09-25T15:55:54.881+0000] {dagbag.py:545} INFO - Filling up the DagBag from /opt/airflow/dags/main.py
[2026-09-25T15:55:55.155+0000] {processor.py:840} INFO - DAG(s) 'update_db' retrieved from /opt/airflow/dags/main.py
[2026-09-25T15:55:55.178+0000] {logging_mixin.py:188} INFO - [2026-09-25T15:55:55.177+0000] {dag.py:3096} INFO - Sync 1 DAGs
[2026-09-25T15:55:55.195+0000] {logging_mixin.py:188} INFO - [2026-09-25T15:55:55.195+0000] {dag.py:3954} INFO - Setting next_dagrun for update_db to 2026-09-25 12:00:00+00:00, run_after=2026-09-26 12:00:00+00:00
[2026-09-25T15:55:55.214+0000] {processor.py:183} INFO - Processing /opt/airflow/dags/main.py took 0.344 seconds
[2026-09-25T15:56:25.612+0000] {processor.py:161} INFO - Started process (PID=949) to work on /opt/airflow/dags/main.py
[2026-09-25T15:56:25.615+0000] {processor.py:830} INFO - Processing file /opt/airflow/dags/main.py for tasks to queue
[2026-09-25T15:56:25.619+0000] {logging_mixin.py:188} INFO - [2026-09-25T15:56:25.618+0000] {dagbag.py:545} INFO - Filling up the DagBag from /opt/airflow/dags/main.py
[2026-09-25T15:56:25.861+0000] {processor.py:840} INFO - DAG(s) 'update_db' retrieved from /opt/airflow/dags/main.py
[2026-09-25T15:56:25.914+0000] {logging_mixin.py:188} INFO - [2026-09-25T15:56:25.914+0000] {dag.py:3096} INFO - Sync 1 DAGs
[2026-09-25T15:56:25.940+0000] {logging_mixin.py:188} INFO - [2026-09-25T15:56:25.940+0000] {dag.py:3954} INFO - Setting next_dagrun for update_db to 2026-09-25 12:00:00+00:00, run_after=2026-09-26 12:00:00+00:00
[2026-09-25T15:56:25.960+0000] {processor.py:183} INFO - Processing /opt/airflow/dags/main.py took 0.354 seconds
[2026-09-25T15:56:56.315+0000] {processor.py:161} INFO - Started process (PID=956) to work on /opt/airflow/dags/main.py
[2026-09-25T15:56:56.317+0000] {processor.py:830} INFO - Processing file /opt/airflow/dags/main.py for tasks to queue
[2026-09-25T15:56:56.321+0000] {logging_mixin.py:188} INFO - [2026-09-25T15:56:56.320+0000] {dagbag.py:545} INFO - Filling up the DagBag from /opt/airflow/dags/main.py
[2026-09-25T15:56:56.585+0000] {processor.py:840} INFO - DAG(s) 'update_db' retrieved from /opt/airflow/dags/main.py
[2026-09-25T15:56:56.611+0000] {logging_mixin.py:188} INFO - [2026-09-25T15:56:56.611+0000] {dag.py:3096} INFO - Sync 1 DAGs
[2026-09-25T15:56:56.630+0000] {logging_mixin.py:188} INFO - [2026-09-25T15:56:56.630+0000] {dag.py:3954} INFO - Setting next_dagrun for update_db to 2026-09-25 12:00:00+00:00, run_after=2026-09-26 12:00:00+00:00
[2026-09-25T15:56:56.649+0000] {processor.py:183} INFO - Processing /opt/airflow/dags/main.py took 0.342 seconds
[2026-09-25T15:57:27.032+0000] {processor.py:161} INFO - Started process (PID=963) to work on /opt/airflow/dags/main.py
[2026-09-25T15:57:27.034+0000] {processor.py:830} INFO - Processing file /opt/airflow/dags/main.py for tasks to queue
[2026-09-25T15:57:27.037+0000] {logging_mixin.py:188} INFO - [2026-09-25T15:57:27.037+0000] {dagbag.py:545} INFO - Filling up the DagBag from /opt/airflow/dags/main.py
[2026-09-25T15:57:27.340+0000] {processor.py:840} INFO - DAG(s) 'update_db' retrieved from /opt/airflow/dags/main.py
[2026-09-25T15:57:27.363+0000] {logging_mixin.py:188} INFO - [2026-09-25T15:57:27.363+0000] {dag.py:3096} INFO - Sync 1 DAGs
[2026-09-25T15:57:27.383+0000] {logging_mixin.py:188} INFO - [2026-09-25T15:57:27.382+0000] {dag.py:3954} INFO - Setting next_dagrun for update_db to 2026-09-25 12:00:00+00:00, run_after=2026-09-26 12:00:00+00:00
[2026-09-25T15:57:27.403+0000] {processor.py:183} INFO - Processing /opt/airflow/dags/main.py took 0.376 seconds
[2026-09-25T15:57:57.781+0000] {processor.py:161} INFO - Started process (PID=970) to work on /opt/airflow/dags/main.py
[2026-09-25T15:57:57.783+0000] {processor.py:830} INFO - Processing file /opt/airflow/dags/main.py for tasks to queue
[2026-09-25T15:57:57.786+0000] {logging_mixin.py:188} INFO - [2026-09-25T15:57:57.785+0000] {dagbag.py:545} INFO - Filling up the DagBag from /opt/airflow/dags/main.py
[2026-09-25T15:57:58.048+0000] {processor.py:840} INFO - DAG(s) 'update_db' retrieved from /opt/airflow/dags/main.py
[2026-09-25T15:57:58.073+0000] {logging_mixin.py:188} INFO - [2026-09-25T15:57:58.073+0000] {dag.py:3096} INFO - Sync 1 DAGs
[2026-09-25T15:57:58.092+0000] {logging_mixin.py:188} INFO - [2026-09-25T15:57:58.092+0000] {dag.py:3954} INFO - Setting next_dagrun for update_db to 2026-09-25 12:00:00+00:00, run_after=2026-09-26 12:00:00+00:00
[2026-09-25T15:57:58.116+0000] {processor.py:183} INFO - Processing /opt/airflow/dags/main.py took 0.340 seconds
[2026-09-25T15:58:28.607+0000] {processor.py:161} INFO - Started process (PID=977) to work on /opt/airflow/dags/main.py
[2026-09-25T15:58:28.610+0000] {processor.py:830} INFO - Processing file /opt/airflow/dags/main.py for tasks to queue
[2026-09-25T15:58:28.613+0000] {logging_mixin.py:188} INFO - [2026-09-25T15:58:28.612+0000] {dagbag.py:545} INFO - Filling up the DagBag from /opt/airflow/dags/main.py
[2026-09-25T15:58:28.923+0000] {processor.py:840} INFO - DAG(s) 'update_db' retrieved from /opt/airflow/dags/main.py
[2026-09-25T15:58:28.949+0000] {logging_mixin.py:188} INFO - [2026-09-25T15:58:28.949+0000] {dag.py:3096} INFO - Sync 1 DAGs
[2026-09-25T15:58:28.969+0000] {logging_mixin.py:188} INFO - [2026-09-25T15:58:28.969+0000] {dag.py:3954} INFO - Setting next_dagrun for update_db to 2026-09-25 12:00:00+00:00, run_after=2026-09-26 12:00:00+00:00
[2026-09-25T15:58:28.990+0000] {processor.py:183} INFO - Processing /opt/airflow/dags/main.py took 0.388 seconds
[2026-09-25T15:58:59.355+0000] {processor.py:161} INFO - Started process (PID=984) to work on /opt/airflow/dags/main.py
[2026-09-25T15:58:59.358+0000] {processor.py:830} INFO - Processing file /opt/airflow/dags/main.py for tasks to queue
[2026-09-25T15:58:59.362+0000] {logging_mixin.py:188} INFO - [2026-09-25T15:58:59.362+0000] {dagbag.py:545} INFO - Filling up the DagBag from /opt/airflow/dags/main.py
[2026-09-25T15:58:59.615+0000] {processor.py:840} INFO - DAG(s) 'update_db' retrieved from /opt/airflow/dags/main.py
[2026-09-25T15:58:59.644+0000] {logging_mixin.py:188} INFO - [2026-09-25T15:58:59.644+0000] {dag.py:3096} INFO - Sync 1 DAGs
[2026-09-25T15:58:59.665+0000] {logging_mixin.py:188} INFO - [2026-09-25T15:58:59.664+0000] {dag.py:3954} INFO - Setting next_dagrun for update_db to 2026-09-25 12:00:00+00:00, run_after=2026-09-26 12:00:00+00:00
[2026-09-25T15:58:59.685+0000] {processor.py:183} INFO - Processing /opt/airflow/dags/main.py took 0.338 seconds
[2026-09-25T15:59:30.063+0000] {processor.py:161} INFO - Started process (PID=991) to work on /opt/airflow/dags/main.py
[2026-09-25T15:59:30.066+0000] {processor.py:830} INFO - Processing file /opt/airflow/dags/main.py for tasks to queue
[2026-09-25T15:59:30.069+0000] {logging_mixin.py:188} INFO - [2026-09-25T15:59:30.068+0000] {dagbag.py:545} INFO - Filling up the DagBag from /opt/airflow/dags/main.py
[2026-09-25T15:59:30.328+0000] {processor.py:840} INFO - DAG(s) 'update_db' retrieved from /opt/airflow/dags/main.py
[2026-09-25T15:59:30.357+0000] {logging_mixin.py:188} INFO - [2026-09-25T15:59:30.357+0000] {dag.py:3096} INFO - Sync 1 DAGs
[2026-09-25T15:59:30.375+0000] {logging_mixin.py:188} INFO - [2026-09-25T15:59:30.375+0000] {dag.py:3954} INFO - Setting next_dagrun for update_db to 2026-09-25 12:00:00+00:00, run_after=2026-09-26 12:00:00+00:00
[2026-09-25T15:59:30.405+0000] {processor.py:183} INFO - Processing /opt/airflow/dags/main.py took 0.350 seconds
[2026-09-25T16:00:00.876+0000] {processor.py:161} INFO - Started process (PID=998) to work on /opt/airflow/dags/main.py
[2026-09-25T16:00:00.881+0000] {processor.py:830} INFO - Processing file /opt/airflow/dags/main.py for tasks to queue
[2026-09-25T16:00:00.890+0000] {logging_mixin.py:188} INFO - [2026-09-25T16:00:00.888+0000] {dagbag.py:545} INFO - Filling up the DagBag from /opt/airflow/dags/main.py
[2026-09-25T16:00:01.205+0000] {processor.py:840} INFO - DAG(s) 'update_db' retrieved from /opt/airflow/dags/main.py
[2026-09-25T16:00:01.395+0000] {logging_mixin.py:188} INFO - [2026-09-25T16:00:01.395+0000] {dag.py:3096} INFO - Sync 1 DAGs
[2026-09-25T16:00:01.943+0000] {logging_mixin.py:188} INFO - [2026-09-25T16:00:01.941+0000] {dag.py:3954} INFO - Setting next_dagrun for update_db to 2026-09-25 12:00:00+00:00, run_after=2026-09-26 12:00:00+00:00
[2026-09-25T16:00:02.047+0000] {processor.py:183} INFO - Processing /opt/airflow/dags/main.py took 1.188 seconds
[2026-09-25T16:00:32.221+0000] {processor.py:161} INFO - Started process (PID=1005) to work on /opt/airflow/dags/main.py
[2026-09-25T16:00:32.224+0000] {processor.py:830} INFO - Processing file /opt/airflow/dags/main.py for tasks to queue
[2026-09-25T16:00:32.227+0000] {logging_mixin.py:188} INFO - [2026-09-25T16:00:32.227+0000] {dagbag.py:545} INFO - Filling up the DagBag from /opt/airflow/dags/main.py
[2026-09-25T16:00:32.490+0000] {processor.py:840} INFO - DAG(s) 'update_db' retrieved from /opt/airflow/dags/main.py
[2026-09-25T16:00:32.516+0000] {logging_mixin.py:188} INFO - [2026-09-25T16:00:32.516+0000] {dag.py:3096} INFO - Sync 1 DAGs
[2026-09-25T16:00:32.535+0000] {logging_mixin.py:188} INFO - [2026-09-25T16:00:32.535+0000] {dag.py:3954} INFO - Setting next_dagrun for update_db to 2026-09-25 12:00:00+00:00, run_after=2026-09-26 12:00:00+00:00
[2026-09-25T16:00:32.555+0000] {processor.py:183} INFO - Processing /opt/airflow/dags/main.py took 0.340 seconds
[2026-09-25T16:01:02.834+0000] {processor.py:161} INFO - Started process (PID=1012) to work on /opt/airflow/dags/main.py
[2026-09-25T16:01:02.838+0000] {processor.py:830} INFO - Processing file /opt/airflow/dags/main.py for tasks to queue
[2026-09-25T16:01:02.842+0000] {logging_mixin.py:188} INFO - [2026-09-25T16:01:02.842+0000] {dagbag.py:545} INFO - Filling up the DagBag from /opt/airflow/dags/main.py
[2026-09-25T16:01:03.076+0000] {processor.py:840} INFO - DAG(s) 'update_db' retrieved from /opt/airflow/dags/main.py
[2026-09-25T16:01:03.146+0000] {logging_mixin.py:188} INFO - [2026-09-25T16:01:03.146+0000] {dag.py:3096} INFO - Sync 1 DAGs
[2026-09-25T16:01:03.188+0000] {logging_mixin.py:188} INFO - [2026-09-25T16:01:03.187+0000] {dag.py:3954} INFO - Setting next_dagrun for update_db to 2026-09-25 12:00:00+00:00, run_after=2026-09-26 12:00:00+00:00
[2026-09-25T16:01:03.230+0000] {processor.py:183} INFO - Processing /opt/airflow/dags/main.py took 0.407 seconds
